Data from Parasolid IGES Translator 23.1.110, Copyright(c) 2006 Siemens S      1
PLM Software. All Rights Reserved.                                      S      2
1H,,1H;,6HNoname,29H5fab09137a99340f64e5563f.iges,27HBy Siemens PLM IncoG      1
rporated,27HXPlus GENERIC/IGES 23.1.110,32,38, 6,308,15,6HNoname,1.000, G      2
6,1HM,1,1.000,15H20201110.214140,1.0e-08,0.00,6HNoname,6HNoname,11,0,15HG      3
20201110.214140;                                                        G      4
     124       1       0       1       0       0       0       000010001D      1
     124       1       0       1       0       0       0               0D      2
     110       2       0       1       0       0       0       000010001D      3
     110       1       0       1       0       0       0               0D      4
     122       3       0       1       0       0       0       000010001D      5
     122       1       0       1       0       0       0               0D      6
     126       4       0       1       0       0       0       000010501D      7
     126       1       0       2       0       0       0               0D      8
     126       6       0       1       0       0       0       000010501D      9
     126       1       0       2       0       0       0               0D     10
     126       8       0       1       0       0       0       000010501D     11
     126       1       0       2       0       0       0               0D     12
     126      10       0       1       0       0       0       000010501D     13
     126       1       0       2       0       0       0               0D     14
     102      12       0       1       0       0       0       000010501D     15
     102       1       0       1       0       0       0               0D     16
     110      13       0       1       0       0       0       000010001D     17
     110       1       0       1       0       0       0               0D     18
     110      14       0       1       0       0       0       000010001D     19
     110       1       0       1       0       0       0               0D     20
     110      15       0       1       0       0       0       000010001D     21
     110       1       0       1       0       0       0               0D     22
     110      16       0       1       0       0       0       000010001D     23
     110       1       0       1       0       0       0               0D     24
     102      17       0       1       0       0       0       000010001D     25
     102       1       0       1       0       0       0               0D     26
     142      18       0       1       0       0       0       000010001D     27
     142       1       0       1       0       0       0               0D     28
     144      19       0       1       0       0       0       000010001D     29
     144       1       0       1       0       0       0               0D     30
     110      20       0       1       0       0       0       000010001D     31
     110       1       0       1       0       0       0               0D     32
     122      21       0       1       0       0       0       000010001D     33
     122       1       0       1       0       0       0               0D     34
     126      22       0       1       0       0       0       000010501D     35
     126       1       0       2       0       0       0               0D     36
     126      24       0       1       0       0       0       000010501D     37
     126       1       0       2       0       0       0               0D     38
     126      26       0       1       0       0       0       000010501D     39
     126       1       0       2       0       0       0               0D     40
     126      28       0       1       0       0       0       000010501D     41
     126       1       0       2       0       0       0               0D     42
     102      30       0       1       0       0       0       000010501D     43
     102       1       0       1       0       0       0               0D     44
     110      31       0       1       0       0       0       000010001D     45
     110       1       0       1       0       0       0               0D     46
     110      32       0       1       0       0       0       000010001D     47
     110       1       0       1       0       0       0               0D     48
     110      33       0       1       0       0       0       000010001D     49
     110       1       0       1       0       0       0               0D     50
     110      34       0       1       0       0       0       000010001D     51
     110       1       0       1       0       0       0               0D     52
     102      35       0       1       0       0       0       000010001D     53
     102       1       0       1       0       0       0               0D     54
     142      36       0       1       0       0       0       000010001D     55
     142       1       0       1       0       0       0               0D     56
     144      37       0       1       0       0       0       000010001D     57
     144       1       0       1       0       0       0               0D     58
     110      38       0       1       0       0       0       000010001D     59
     110       1       0       1       0       0       0               0D     60
     122      39       0       1       0       0       0       000010001D     61
     122       1       0       1       0       0       0               0D     62
     126      40       0       1       0       0       0       000010501D     63
     126       1       0       2       0       0       0               0D     64
     126      42       0       1       0       0       0       000010501D     65
     126       1       0       2       0       0       0               0D     66
     126      44       0       1       0       0       0       000010501D     67
     126       1       0       2       0       0       0               0D     68
     126      46       0       1       0       0       0       000010501D     69
     126       1       0       2       0       0       0               0D     70
     102      48       0       1       0       0       0       000010501D     71
     102       1       0       1       0       0       0               0D     72
     110      49       0       1       0       0       0       000010001D     73
     110       1       0       1       0       0       0               0D     74
     110      50       0       1       0       0       0       000010001D     75
     110       1       0       1       0       0       0               0D     76
     110      51       0       1       0       0       0       000010001D     77
     110       1       0       1       0       0       0               0D     78
     110      52       0       1       0       0       0       000010001D     79
     110       1       0       1       0       0       0               0D     80
     102      53       0       1       0       0       0       000010001D     81
     102       1       0       1       0       0       0               0D     82
     142      54       0       1       0       0       0       000010001D     83
     142       1       0       1       0       0       0               0D     84
     144      55       0       1       0       0       0       000010001D     85
     144       1       0       1       0       0       0               0D     86
     110      56       0       1       0       0       0       000010001D     87
     110       1       0       1       0       0       0               0D     88
     122      57       0       1       0       0       0       000010001D     89
     122       1       0       1       0       0       0               0D     90
     126      58       0       1       0       0       0       000010501D     91
     126       1       0       2       0       0       0               0D     92
     126      60       0       1       0       0       0       000010501D     93
     126       1       0       2       0       0       0               0D     94
     126      62       0       1       0       0       0       000010501D     95
     126       1       0       2       0       0       0               0D     96
     126      64       0       1       0       0       0       000010501D     97
     126       1       0       2       0       0       0               0D     98
     102      66       0       1       0       0       0       000010501D     99
     102       1       0       1       0       0       0               0D    100
     110      67       0       1       0       0       0       000010001D    101
     110       1       0       1       0       0       0               0D    102
     110      68       0       1       0       0       0       000010001D    103
     110       1       0       1       0       0       0               0D    104
     110      69       0       1       0       0       0       000010001D    105
     110       1       0       1       0       0       0               0D    106
     110      70       0       1       0       0       0       000010001D    107
     110       1       0       1       0       0       0               0D    108
     102      71       0       1       0       0       0       000010001D    109
     102       1       0       1       0       0       0               0D    110
     142      72       0       1       0       0       0       000010001D    111
     142       1       0       1       0       0       0               0D    112
     144      73       0       1       0       0       0       000010001D    113
     144       1       0       1       0       0       0               0D    114
     110      74       0       1       0       0       0       000010001D    115
     110       1       0       1       0       0       0               0D    116
     122      75       0       1       0       0       0       000010001D    117
     122       1       0       1       0       0       0               0D    118
     126      76       0       1       0       0       0       000010501D    119
     126       1       0       2       0       0       0               0D    120
     126      78       0       1       0       0       0       000010501D    121
     126       1       0       2       0       0       0               0D    122
     126      80       0       1       0       0       0       000010501D    123
     126       1       0       2       0       0       0               0D    124
     126      82       0       1       0       0       0       000010501D    125
     126       1       0       2       0       0       0               0D    126
     102      84       0       1       0       0       0       000010501D    127
     102       1       0       1       0       0       0               0D    128
     110      85       0       1       0       0       0       000010001D    129
     110       1       0       1       0       0       0               0D    130
     110      86       0       1       0       0       0       000010001D    131
     110       1       0       1       0       0       0               0D    132
     110      87       0       1       0       0       0       000010001D    133
     110       1       0       1       0       0       0               0D    134
     110      88       0       1       0       0       0       000010001D    135
     110       1       0       1       0       0       0               0D    136
     102      89       0       1       0       0       0       000010001D    137
     102       1       0       1       0       0       0               0D    138
     142      90       0       1       0       0       0       000010001D    139
     142       1       0       1       0       0       0               0D    140
     144      91       0       1       0       0       0       000010001D    141
     144       1       0       1       0       0       0               0D    142
     110      92       0       1       0       0       0       000010001D    143
     110       1       0       1       0       0       0               0D    144
     122      93       0       1       0       0       0       000010001D    145
     122       1       0       1       0       0       0               0D    146
     126      94       0       1       0       0       0       000010501D    147
     126       1       0       2       0       0       0               0D    148
     126      96       0       1       0       0       0       000010501D    149
     126       1       0       2       0       0       0               0D    150
     126      98       0       1       0       0       0       000010501D    151
     126       1       0       2       0       0       0               0D    152
     126     100       0       1       0       0       0       000010501D    153
     126       1       0       2       0       0       0               0D    154
     102     102       0       1       0       0       0       000010501D    155
     102       1       0       1       0       0       0               0D    156
     110     103       0       1       0       0       0       000010001D    157
     110       1       0       1       0       0       0               0D    158
     110     104       0       1       0       0       0       000010001D    159
     110       1       0       1       0       0       0               0D    160
     110     105       0       1       0       0       0       000010001D    161
     110       1       0       1       0       0       0               0D    162
     110     106       0       1       0       0       0       000010001D    163
     110       1       0       1       0       0       0               0D    164
     102     107       0       1       0       0       0       000010001D    165
     102       1       0       1       0       0       0               0D    166
     142     108       0       1       0       0       0       000010001D    167
     142       1       0       1       0       0       0               0D    168
     144     109       0       1       0       0       0       000010001D    169
     144       1       0       1       0       0       0               0D    170
     110     110       0       1       0       0       0       000010001D    171
     110       1       0       1       0       0       0               0D    172
     122     111       0       1       0       0       0       000010001D    173
     122       1       0       1       0       0       0               0D    174
     126     112       0       1       0       0       0       000010501D    175
     126       1       0       2       0       0       0               0D    176
     126     114       0       1       0       0       0       000010501D    177
     126       1       0       2       0       0       0               0D    178
     126     116       0       1       0       0       0       000010501D    179
     126       1       0       2       0       0       0               0D    180
     126     118       0       1       0       0       0       000010501D    181
     126       1       0       2       0       0       0               0D    182
     102     120       0       1       0       0       0       000010501D    183
     102       1       0       1       0       0       0               0D    184
     110     121       0       1       0       0       0       000010001D    185
     110       1       0       1       0       0       0               0D    186
     110     122       0       1       0       0       0       000010001D    187
     110       1       0       1       0       0       0               0D    188
     110     123       0       1       0       0       0       000010001D    189
     110       1       0       1       0       0       0               0D    190
     110     124       0       1       0       0       0       000010001D    191
     110       1       0       1       0       0       0               0D    192
     102     125       0       1       0       0       0       000010001D    193
     102       1       0       1       0       0       0               0D    194
     142     126       0       1       0       0       0       000010001D    195
     142       1       0       1       0       0       0               0D    196
     144     127       0       1       0       0       0       000010001D    197
     144       1       0       1       0       0       0               0D    198
     110     128       0       1       0       0       0       000010001D    199
     110       1       0       1       0       0       0               0D    200
     122     129       0       1       0       0       0       000010001D    201
     122       1       0       1       0       0       0               0D    202
     126     130       0       1       0       0       0       000010501D    203
     126       1       0       3       0       0       0               0D    204
     126     133       0       1       0       0       0       000010501D    205
     126       1       0       2       0       0       0               0D    206
     126     135       0       1       0       0       0       000010501D    207
     126       1       0       2       0       0       0               0D    208
     126     137       0       1       0       0       0       000010501D    209
     126       1       0       2       0       0       0               0D    210
     102     139       0       1       0       0       0       000010501D    211
     102       1       0       1       0       0       0               0D    212
     110     140       0       1       0       0       0       000010001D    213
     110       1       0       1       0       0       0               0D    214
     110     141       0       1       0       0       0       000010001D    215
     110       1       0       1       0       0       0               0D    216
     110     142       0       1       0       0       0       000010001D    217
     110       1       0       1       0       0       0               0D    218
     110     143       0       1       0       0       0       000010001D    219
     110       1       0       1       0       0       0               0D    220
     102     144       0       1       0       0       0       000010001D    221
     102       1       0       1       0       0       0               0D    222
     142     145       0       1       0       0       0       000010001D    223
     142       1       0       1       0       0       0               0D    224
     144     146       0       1       0       0       0       000010001D    225
     144       1       0       1       0       0       0               0D    226
     110     147       0       1       0       0       0       000010001D    227
     110       1       0       1       0       0       0               0D    228
     122     148       0       1       0       0       0       000010001D    229
     122       1       0       1       0       0       0               0D    230
     126     149       0       1       0       0       0       000010501D    231
     126       1       0       2       0       0       0               0D    232
     126     151       0       1       0       0       0       000010501D    233
     126       1       0       2       0       0       0               0D    234
     126     153       0       1       0       0       0       000010501D    235
     126       1       0       3       0       0       0               0D    236
     126     156       0       1       0       0       0       000010501D    237
     126       1       0       3       0       0       0               0D    238
     126     159       0       1       0       0       0       000010501D    239
     126       1       0       3       0       0       0               0D    240
     126     162       0       1       0       0       0       000010501D    241
     126       1       0       2       0       0       0               0D    242
     126     164       0       1       0       0       0       000010501D    243
     126       1       0       2       0       0       0               0D    244
     126     166       0       1       0       0       0       000010501D    245
     126       1       0       2       0       0       0               0D    246
     102     168       0       1       0       0       0       000010501D    247
     102       1       0       1       0       0       0               0D    248
     110     169       0       1       0       0       0       000010001D    249
     110       1       0       1       0       0       0               0D    250
     110     170       0       1       0       0       0       000010001D    251
     110       1       0       1       0       0       0               0D    252
     110     171       0       1       0       0       0       000010001D    253
     110       1       0       1       0       0       0               0D    254
     110     172       0       1       0       0       0       000010001D    255
     110       1       0       1       0       0       0               0D    256
     110     173       0       1       0       0       0       000010001D    257
     110       1       0       1       0       0       0               0D    258
     110     174       0       1       0       0       0       000010001D    259
     110       1       0       1       0       0       0               0D    260
     110     175       0       1       0       0       0       000010001D    261
     110       1       0       1       0       0       0               0D    262
     110     176       0       1       0       0       0       000010001D    263
     110       1       0       1       0       0       0               0D    264
     102     177       0       1       0       0       0       000010001D    265
     102       1       0       1       0       0       0               0D    266
     142     178       0       1       0       0       0       000010001D    267
     142       1       0       1       0       0       0               0D    268
     144     179       0       1       0       0       0       000010001D    269
     144       1       0       1       0       0       0               0D    270
     110     180       0       1       0       0       0       000010001D    271
     110       1       0       1       0       0       0               0D    272
     122     181       0       1       0       0       0       000010001D    273
     122       1       0       1       0       0       0               0D    274
     126     182       0       1       0       0       0       000010501D    275
     126       1       0       2       0       0       0               0D    276
     126     184       0       1       0       0       0       000010501D    277
     126       1       0       2       0       0       0               0D    278
     126     186       0       1       0       0       0       000010501D    279
     126       1       0       2       0       0       0               0D    280
     126     188       0       1       0       0       0       000010501D    281
     126       1       0       2       0       0       0               0D    282
     126     190       0       1       0       0       0       000010501D    283
     126       1       0       3       0       0       0               0D    284
     126     193       0       1       0       0       0       000010501D    285
     126       1       0       3       0       0       0               0D    286
     126     196       0       1       0       0       0       000010501D    287
     126       1       0       3       0       0       0               0D    288
     126     199       0       1       0       0       0       000010501D    289
     126       1       0       2       0       0       0               0D    290
     102     201       0       1       0       0       0       000010501D    291
     102       1       0       1       0       0       0               0D    292
     110     202       0       1       0       0       0       000010001D    293
     110       1       0       1       0       0       0               0D    294
     110     203       0       1       0       0       0       000010001D    295
     110       1       0       1       0       0       0               0D    296
     110     204       0       1       0       0       0       000010001D    297
     110       1       0       1       0       0       0               0D    298
     110     205       0       1       0       0       0       000010001D    299
     110       1       0       1       0       0       0               0D    300
     110     206       0       1       0       0       0       000010001D    301
     110       1       0       1       0       0       0               0D    302
     110     207       0       1       0       0       0       000010001D    303
     110       1       0       1       0       0       0               0D    304
     110     208       0       1       0       0       0       000010001D    305
     110       1       0       1       0       0       0               0D    306
     110     209       0       1       0       0       0       000010001D    307
     110       1       0       1       0       0       0               0D    308
     102     210       0       1       0       0       0       000010001D    309
     102       1       0       1       0       0       0               0D    310
     142     211       0       1       0       0       0       000010001D    311
     142       1       0       1       0       0       0               0D    312
     144     212       0       1       0       0       0       000010001D    313
     144       1       0       1       0       0       0               0D    314
     308     213       0       1       0       0       0       000010001D    315
     308       1       0       1       0       0       0               0D    316
     408     214       0       1       0       0       1       000010001D    317
     408       1       0       1       0       0       0               0D    318
     124     215       0       1       0       0       0       000010001D    319
     124       1       0       1       0       0       0               0D    320
     110     216       0       1       0       0       0       000010001D    321
     110       1       0       1       0       0       0               0D    322
     122     217       0       1       0       0       0       000010001D    323
     122       1       0       1       0       0       0               0D    324
     126     218       0       1       0       0       0       000010501D    325
     126       1       0       2       0       0       0               0D    326
     126     220       0       1       0       0       0       000010501D    327
     126       1       0       2       0       0       0               0D    328
     126     222       0       1       0       0       0       000010501D    329
     126       1       0       2       0       0       0               0D    330
     126     224       0       1       0       0       0       000010501D    331
     126       1       0       2       0       0       0               0D    332
     102     226       0       1       0       0       0       000010501D    333
     102       1       0       1       0       0       0               0D    334
     110     227       0       1       0       0       0       000010001D    335
     110       1       0       1       0       0       0               0D    336
     110     228       0       1       0       0       0       000010001D    337
     110       1       0       1       0       0       0               0D    338
     110     229       0       1       0       0       0       000010001D    339
     110       1       0       1       0       0       0               0D    340
     110     230       0       1       0       0       0       000010001D    341
     110       1       0       1       0       0       0               0D    342
     102     231       0       1       0       0       0       000010001D    343
     102       1       0       1       0       0       0               0D    344
     142     232       0       1       0       0       0       000010001D    345
     142       1       0       1       0       0       0               0D    346
     144     233       0       1       0       0       0       000010001D    347
     144       1       0       1       0       0       0               0D    348
     110     234       0       1       0       0       0       000010001D    349
     110       1       0       1       0       0       0               0D    350
     122     235       0       1       0       0       0       000010001D    351
     122       1       0       1       0       0       0               0D    352
     126     236       0       1       0       0       0       000010501D    353
     126       1       0       2       0       0       0               0D    354
     126     238       0       1       0       0       0       000010501D    355
     126       1       0       2       0       0       0               0D    356
     126     240       0       1       0       0       0       000010501D    357
     126       1       0       2       0       0       0               0D    358
     126     242       0       1       0       0       0       000010501D    359
     126       1       0       2       0       0       0               0D    360
     102     244       0       1       0       0       0       000010501D    361
     102       1       0       1       0       0       0               0D    362
     110     245       0       1       0       0       0       000010001D    363
     110       1       0       1       0       0       0               0D    364
     110     246       0       1       0       0       0       000010001D    365
     110       1       0       1       0       0       0               0D    366
     110     247       0       1       0       0       0       000010001D    367
     110       1       0       1       0       0       0               0D    368
     110     248       0       1       0       0       0       000010001D    369
     110       1       0       1       0       0       0               0D    370
     102     249       0       1       0       0       0       000010001D    371
     102       1       0       1       0       0       0               0D    372
     142     250       0       1       0       0       0       000010001D    373
     142       1       0       1       0       0       0               0D    374
     144     251       0       1       0       0       0       000010001D    375
     144       1       0       1       0       0       0               0D    376
     110     252       0       1       0       0       0       000010001D    377
     110       1       0       1       0       0       0               0D    378
     122     253       0       1       0       0       0       000010001D    379
     122       1       0       1       0       0       0               0D    380
     126     254       0       1       0       0       0       000010501D    381
     126       1       0       2       0       0       0               0D    382
     126     256       0       1       0       0       0       000010501D    383
     126       1       0       2       0       0       0               0D    384
     126     258       0       1       0       0       0       000010501D    385
     126       1       0       2       0       0       0               0D    386
     126     260       0       1       0       0       0       000010501D    387
     126       1       0       2       0       0       0               0D    388
     102     262       0       1       0       0       0       000010501D    389
     102       1       0       1       0       0       0               0D    390
     110     263       0       1       0       0       0       000010001D    391
     110       1       0       1       0       0       0               0D    392
     110     264       0       1       0       0       0       000010001D    393
     110       1       0       1       0       0       0               0D    394
     110     265       0       1       0       0       0       000010001D    395
     110       1       0       1       0       0       0               0D    396
     110     266       0       1       0       0       0       000010001D    397
     110       1       0       1       0       0       0               0D    398
     102     267       0       1       0       0       0       000010001D    399
     102       1       0       1       0       0       0               0D    400
     142     268       0       1       0       0       0       000010001D    401
     142       1       0       1       0       0       0               0D    402
     144     269       0       1       0       0       0       000010001D    403
     144       1       0       1       0       0       0               0D    404
     110     270       0       1       0       0       0       000010001D    405
     110       1       0       1       0       0       0               0D    406
     122     271       0       1       0       0       0       000010001D    407
     122       1       0       1       0       0       0               0D    408
     126     272       0       1       0       0       0       000010501D    409
     126       1       0       2       0       0       0               0D    410
     126     274       0       1       0       0       0       000010501D    411
     126       1       0       2       0       0       0               0D    412
     126     276       0       1       0       0       0       000010501D    413
     126       1       0       2       0       0       0               0D    414
     126     278       0       1       0       0       0       000010501D    415
     126       1       0       2       0       0       0               0D    416
     102     280       0       1       0       0       0       000010501D    417
     102       1       0       1       0       0       0               0D    418
     110     281       0       1       0       0       0       000010001D    419
     110       1       0       1       0       0       0               0D    420
     110     282       0       1       0       0       0       000010001D    421
     110       1       0       1       0       0       0               0D    422
     110     283       0       1       0       0       0       000010001D    423
     110       1       0       1       0       0       0               0D    424
     110     284       0       1       0       0       0       000010001D    425
     110       1       0       1       0       0       0               0D    426
     102     285       0       1       0       0       0       000010001D    427
     102       1       0       1       0       0       0               0D    428
     142     286       0       1       0       0       0       000010001D    429
     142       1       0       1       0       0       0               0D    430
     144     287       0       1       0       0       0       000010001D    431
     144       1       0       1       0       0       0               0D    432
     110     288       0       1       0       0       0       000010001D    433
     110       1       0       1       0       0       0               0D    434
     122     289       0       1       0       0       0       000010001D    435
     122       1       0       1       0       0       0               0D    436
     126     290       0       1       0       0       0       000010501D    437
     126       1       0       2       0       0       0               0D    438
     126     292       0       1       0       0       0       000010501D    439
     126       1       0       2       0       0       0               0D    440
     126     294       0       1       0       0       0       000010501D    441
     126       1       0       2       0       0       0               0D    442
     126     296       0       1       0       0       0       000010501D    443
     126       1       0       2       0       0       0               0D    444
     102     298       0       1       0       0       0       000010501D    445
     102       1       0       1       0       0       0               0D    446
     110     299       0       1       0       0       0       000010001D    447
     110       1       0       1       0       0       0               0D    448
     110     300       0       1       0       0       0       000010001D    449
     110       1       0       1       0       0       0               0D    450
     110     301       0       1       0       0       0       000010001D    451
     110       1       0       1       0       0       0               0D    452
     110     302       0       1       0       0       0       000010001D    453
     110       1       0       1       0       0       0               0D    454
     102     303       0       1       0       0       0       000010001D    455
     102       1       0       1       0       0       0               0D    456
     142     304       0       1       0       0       0       000010001D    457
     142       1       0       1       0       0       0               0D    458
     144     305       0       1       0       0       0       000010001D    459
     144       1       0       1       0       0       0               0D    460
     110     306       0       1       0       0       0       000010001D    461
     110       1       0       1       0       0       0               0D    462
     122     307       0       1       0       0       0       000010001D    463
     122       1       0       1       0       0       0               0D    464
     126     308       0       1       0       0       0       000010501D    465
     126       1       0       2       0       0       0               0D    466
     126     310       0       1       0       0       0       000010501D    467
     126       1       0       2       0       0       0               0D    468
     126     312       0       1       0       0       0       000010501D    469
     126       1       0       2       0       0       0               0D    470
     126     314       0       1       0       0       0       000010501D    471
     126       1       0       2       0       0       0               0D    472
     102     316       0       1       0       0       0       000010501D    473
     102       1       0       1       0       0       0               0D    474
     110     317       0       1       0       0       0       000010001D    475
     110       1       0       1       0       0       0               0D    476
     110     318       0       1       0       0       0       000010001D    477
     110       1       0       1       0       0       0               0D    478
     110     319       0       1       0       0       0       000010001D    479
     110       1       0       1       0       0       0               0D    480
     110     320       0       1       0       0       0       000010001D    481
     110       1       0       1       0       0       0               0D    482
     102     321       0       1       0       0       0       000010001D    483
     102       1       0       1       0       0       0               0D    484
     142     322       0       1       0       0       0       000010001D    485
     142       1       0       1       0       0       0               0D    486
     144     323       0       1       0       0       0       000010001D    487
     144       1       0       1       0       0       0               0D    488
     308     324       0       1       0       0       0       000010001D    489
     308       1       0       1       0       0       0               0D    490
     408     325       0       1       0       0     319       000010001D    491
     408       1       0       1       0       0       0               0D    492
     124     326       0       1       0       0       0       000010001D    493
     124       1       0       1       0       0       0               0D    494
     110     327       0       1       0       0       0       000010001D    495
     110       1       0       1       0       0       0               0D    496
     122     328       0       1       0       0       0       000010001D    497
     122       1       0       1       0       0       0               0D    498
     126     329       0       1       0       0       0       000010501D    499
     126       1       0       2       0       0       0               0D    500
     126     331       0       1       0       0       0       000010501D    501
     126       1       0       2       0       0       0               0D    502
     126     333       0       1       0       0       0       000010501D    503
     126       1       0       2       0       0       0               0D    504
     126     335       0       1       0       0       0       000010501D    505
     126       1       0       2       0       0       0               0D    506
     102     337       0       1       0       0       0       000010501D    507
     102       1       0       1       0       0       0               0D    508
     110     338       0       1       0       0       0       000010001D    509
     110       1       0       1       0       0       0               0D    510
     110     339       0       1       0       0       0       000010001D    511
     110       1       0       1       0       0       0               0D    512
     110     340       0       1       0       0       0       000010001D    513
     110       1       0       1       0       0       0               0D    514
     110     341       0       1       0       0       0       000010001D    515
     110       1       0       1       0       0       0               0D    516
     102     342       0       1       0       0       0       000010001D    517
     102       1       0       1       0       0       0               0D    518
     142     343       0       1       0       0       0       000010001D    519
     142       1       0       1       0       0       0               0D    520
     144     344       0       1       0       0       0       000010001D    521
     144       1       0       1       0       0       0               0D    522
     110     345       0       1       0       0       0       000010001D    523
     110       1       0       1       0       0       0               0D    524
     110     346       0       1       0       0       0       000010001D    525
     110       1       0       1       0       0       0               0D    526
     120     347       0       1       0       0       0       000010001D    527
     120       1       0       1       0       0       0               0D    528
     126     348       0       1       0       0       0       000010501D    529
     126       1       0       4       0       0       0               0D    530
     126     352       0       1       0       0       0       000010501D    531
     126       1       0       2       0       0       0               0D    532
     126     354       0       1       0       0       0       000010501D    533
     126       1       0       4       0       0       0               0D    534
     126     358       0       1       0       0       0       000010501D    535
     126       1       0       2       0       0       0               0D    536
     102     360       0       1       0       0       0       000010501D    537
     102       1       0       1       0       0       0               0D    538
     124     361       0       1       0       0       0       000010001D    539
     124       1       0       1       0       0       0               0D    540
     100     362       0       1       0       0     539       000010001D    541
     100       1       0       1       0       0       0               0D    542
     110     363       0       1       0       0       0       000010001D    543
     110       1       0       1       0       0       0               0D    544
     124     364       0       1       0       0       0       000010001D    545
     124       1       0       1       0       0       0               0D    546
     100     365       0       1       0       0     545       000010001D    547
     100       1       0       1       0       0       0               0D    548
     110     366       0       1       0       0       0       000010001D    549
     110       1       0       1       0       0       0               0D    550
     102     367       0       1       0       0       0       000010001D    551
     102       1       0       1       0       0       0               0D    552
     142     368       0       1       0       0       0       000010001D    553
     142       1       0       1       0       0       0               0D    554
     144     369       0       1       0       0       0       000010001D    555
     144       1       0       1       0       0       0               0D    556
     110     370       0       1       0       0       0       000010001D    557
     110       1       0       1       0       0       0               0D    558
     122     371       0       1       0       0       0       000010001D    559
     122       1       0       1       0       0       0               0D    560
     126     372       0       1       0       0       0       000010501D    561
     126       1       0       2       0       0       0               0D    562
     126     374       0       1       0       0       0       000010501D    563
     126       1       0       2       0       0       0               0D    564
     126     376       0       1       0       0       0       000010501D    565
     126       1       0       2       0       0       0               0D    566
     126     378       0       1       0       0       0       000010501D    567
     126       1       0       2       0       0       0               0D    568
     102     380       0       1       0       0       0       000010501D    569
     102       1       0       1       0       0       0               0D    570
     110     381       0       1       0       0       0       000010001D    571
     110       1       0       1       0       0       0               0D    572
     110     382       0       1       0       0       0       000010001D    573
     110       1       0       1       0       0       0               0D    574
     110     383       0       1       0       0       0       000010001D    575
     110       1       0       1       0       0       0               0D    576
     110     384       0       1       0       0       0       000010001D    577
     110       1       0       1       0       0       0               0D    578
     102     385       0       1       0       0       0       000010001D    579
     102       1       0       1       0       0       0               0D    580
     142     386       0       1       0       0       0       000010001D    581
     142       1       0       1       0       0       0               0D    582
     144     387       0       1       0       0       0       000010001D    583
     144       1       0       1       0       0       0               0D    584
     110     388       0       1       0       0       0       000010001D    585
     110       1       0       1       0       0       0               0D    586
     122     389       0       1       0       0       0       000010001D    587
     122       1       0       1       0       0       0               0D    588
     126     390       0       1       0       0       0       000010501D    589
     126       1       0       2       0       0       0               0D    590
     126     392       0       1       0       0       0       000010501D    591
     126       1       0       2       0       0       0               0D    592
     126     394       0       1       0       0       0       000010501D    593
     126       1       0       2       0       0       0               0D    594
     126     396       0       1       0       0       0       000010501D    595
     126       1       0       2       0       0       0               0D    596
     102     398       0       1       0       0       0       000010501D    597
     102       1       0       1       0       0       0               0D    598
     110     399       0       1       0       0       0       000010001D    599
     110       1       0       1       0       0       0               0D    600
     110     400       0       1       0       0       0       000010001D    601
     110       1       0       1       0       0       0               0D    602
     110     401       0       1       0       0       0       000010001D    603
     110       1       0       1       0       0       0               0D    604
     110     402       0       1       0       0       0       000010001D    605
     110       1       0       1       0       0       0               0D    606
     102     403       0       1       0       0       0       000010001D    607
     102       1       0       1       0       0       0               0D    608
     142     404       0       1       0       0       0       000010001D    609
     142       1       0       1       0       0       0               0D    610
     144     405       0       1       0       0       0       000010001D    611
     144       1       0       1       0       0       0               0D    612
     110     406       0       1       0       0       0       000010001D    613
     110       1       0       1       0       0       0               0D    614
     122     407       0       1       0       0       0       000010001D    615
     122       1       0       1       0       0       0               0D    616
     126     408       0       1       0       0       0       000010501D    617
     126       1       0       2       0       0       0               0D    618
     126     410       0       1       0       0       0       000010501D    619
     126       1       0       2       0       0       0               0D    620
     126     412       0       1       0       0       0       000010501D    621
     126       1       0       2       0       0       0               0D    622
     126     414       0       1       0       0       0       000010501D    623
     126       1       0       2       0       0       0               0D    624
     102     416       0       1       0       0       0       000010501D    625
     102       1       0       1       0       0       0               0D    626
     110     417       0       1       0       0       0       000010001D    627
     110       1       0       1       0       0       0               0D    628
     110     418       0       1       0       0       0       000010001D    629
     110       1       0       1       0       0       0               0D    630
     110     419       0       1       0       0       0       000010001D    631
     110       1       0       1       0       0       0               0D    632
     110     420       0       1       0       0       0       000010001D    633
     110       1       0       1       0       0       0               0D    634
     102     421       0       1       0       0       0       000010001D    635
     102       1       0       1       0       0       0               0D    636
     142     422       0       1       0       0       0       000010001D    637
     142       1       0       1       0       0       0               0D    638
     144     423       0       1       0       0       0       000010001D    639
     144       1       0       1       0       0       0               0D    640
     110     424       0       1       0       0       0       000010001D    641
     110       1       0       1       0       0       0               0D    642
     122     425       0       1       0       0       0       000010001D    643
     122       1       0       1       0       0       0               0D    644
     126     426       0       1       0       0       0       000010501D    645
     126       1       0       3       0       0       0               0D    646
     126     429       0       1       0       0       0       000010501D    647
     126       1       0       3       0       0       0               0D    648
     126     432       0       1       0       0       0       000010501D    649
     126       1       0       3       0       0       0               0D    650
     126     435       0       1       0       0       0       000010501D    651
     126       1       0       3       0       0       0               0D    652
     126     438       0       1       0       0       0       000010501D    653
     126       1       0       8       0       0       0               0D    654
     126     446       0       1       0       0       0       000010501D    655
     126       1       0       3       0       0       0               0D    656
     126     449       0       1       0       0       0       000010501D    657
     126       1       0       7       0       0       0               0D    658
     126     456       0       1       0       0       0       000010501D    659
     126       1       0       3       0       0       0               0D    660
     126     459       0       1       0       0       0       000010501D    661
     126       1       0       3       0       0       0               0D    662
     126     462       0       1       0       0       0       000010501D    663
     126       1       0       3       0       0       0               0D    664
     126     465       0       1       0       0       0       000010501D    665
     126       1       0       3       0       0       0               0D    666
     126     468       0       1       0       0       0       000010501D    667
     126       1       0       2       0       0       0               0D    668
     126     470       0       1       0       0       0       000010501D    669
     126       1       0       2       0       0       0               0D    670
     126     472       0       1       0       0       0       000010501D    671
     126       1       0       2       0       0       0               0D    672
     102     474       0       1       0       0       0       000010501D    673
     102       1       0       1       0       0       0               0D    674
     110     475       0       1       0       0       0       000010001D    675
     110       1       0       1       0       0       0               0D    676
     110     476       0       1       0       0       0       000010001D    677
     110       1       0       1       0       0       0               0D    678
     110     477       0       1       0       0       0       000010001D    679
     110       1       0       1       0       0       0               0D    680
     110     478       0       1       0       0       0       000010001D    681
     110       1       0       1       0       0       0               0D    682
     124     479       0       1       0       0       0       000010001D    683
     124       1       0       1       0       0       0               0D    684
     100     480       0       1       0       0     683       000010001D    685
     100       1       0       1       0       0       0               0D    686
     110     481       0       1       0       0       0       000010001D    687
     110       1       0       1       0       0       0               0D    688
     124     482       0       1       0       0       0       000010001D    689
     124       1       0       1       0       0       0               0D    690
     100     483       0       1       0       0     689       000010001D    691
     100       1       0       1       0       0       0               0D    692
     110     484       0       1       0       0       0       000010001D    693
     110       1       0       1       0       0       0               0D    694
     110     485       0       1       0       0       0       000010001D    695
     110       1       0       1       0       0       0               0D    696
     110     486       0       1       0       0       0       000010001D    697
     110       1       0       1       0       0       0               0D    698
     110     487       0       1       0       0       0       000010001D    699
     110       1       0       1       0       0       0               0D    700
     110     488       0       1       0       0       0       000010001D    701
     110       1       0       1       0       0       0               0D    702
     110     489       0       1       0       0       0       000010001D    703
     110       1       0       1       0       0       0               0D    704
     110     490       0       1       0       0       0       000010001D    705
     110       1       0       1       0       0       0               0D    706
     102     491       0       1       0       0       0       000010001D    707
     102       1       0       1       0       0       0               0D    708
     142     492       0       1       0       0       0       000010001D    709
     142       1       0       1       0       0       0               0D    710
     144     493       0       1       0       0       0       000010001D    711
     144       1       0       1       0       0       0               0D    712
     110     494       0       1       0       0       0       000010001D    713
     110       1       0       1       0       0       0               0D    714
     122     495       0       1       0       0       0       000010001D    715
     122       1       0       1       0       0       0               0D    716
     126     496       0       1       0       0       0       000010501D    717
     126       1       0       3       0       0       0               0D    718
     126     499       0       1       0       0       0       000010501D    719
     126       1       0       2       0       0       0               0D    720
     126     501       0       1       0       0       0       000010501D    721
     126       1       0       2       0       0       0               0D    722
     126     503       0       1       0       0       0       000010501D    723
     126       1       0       2       0       0       0               0D    724
     126     505       0       1       0       0       0       000010501D    725
     126       1       0       3       0       0       0               0D    726
     126     508       0       1       0       0       0       000010501D    727
     126       1       0       3       0       0       0               0D    728
     126     511       0       1       0       0       0       000010501D    729
     126       1       0       3       0       0       0               0D    730
     126     514       0       1       0       0       0       000010501D    731
     126       1       0       3       0       0       0               0D    732
     126     517       0       1       0       0       0       000010501D    733
     126       1       0       7       0       0       0               0D    734
     126     524       0       1       0       0       0       000010501D    735
     126       1       0       3       0       0       0               0D    736
     126     527       0       1       0       0       0       000010501D    737
     126       1       0       7       0       0       0               0D    738
     126     534       0       1       0       0       0       000010501D    739
     126       1       0       3       0       0       0               0D    740
     126     537       0       1       0       0       0       000010501D    741
     126       1       0       3       0       0       0               0D    742
     126     540       0       1       0       0       0       000010501D    743
     126       1       0       3       0       0       0               0D    744
     102     543       0       1       0       0       0       000010501D    745
     102       1       0       1       0       0       0               0D    746
     110     544       0       1       0       0       0       000010001D    747
     110       1       0       1       0       0       0               0D    748
     110     545       0       1       0       0       0       000010001D    749
     110       1       0       1       0       0       0               0D    750
     110     546       0       1       0       0       0       000010001D    751
     110       1       0       1       0       0       0               0D    752
     110     547       0       1       0       0       0       000010001D    753
     110       1       0       1       0       0       0               0D    754
     110     548       0       1       0       0       0       000010001D    755
     110       1       0       1       0       0       0               0D    756
     110     549       0       1       0       0       0       000010001D    757
     110       1       0       1       0       0       0               0D    758
     110     550       0       1       0       0       0       000010001D    759
     110       1       0       1       0       0       0               0D    760
     110     551       0       1       0       0       0       000010001D    761
     110       1       0       1       0       0       0               0D    762
     124     552       0       1       0       0       0       000010001D    763
     124       1       0       1       0       0       0               0D    764
     100     553       0       1       0       0     763       000010001D    765
     100       1       0       1       0       0       0               0D    766
     110     554       0       1       0       0       0       000010001D    767
     110       1       0       1       0       0       0               0D    768
     124     555       0       1       0       0       0       000010001D    769
     124       1       0       1       0       0       0               0D    770
     100     556       0       1       0       0     769       000010001D    771
     100       1       0       1       0       0       0               0D    772
     110     557       0       1       0       0       0       000010001D    773
     110       1       0       1       0       0       0               0D    774
     110     558       0       1       0       0       0       000010001D    775
     110       1       0       1       0       0       0               0D    776
     110     559       0       1       0       0       0       000010001D    777
     110       1       0       1       0       0       0               0D    778
     102     560       0       1       0       0       0       000010001D    779
     102       1       0       1       0       0       0               0D    780
     142     561       0       1       0       0       0       000010001D    781
     142       1       0       1       0       0       0               0D    782
     144     562       0       1       0       0       0       000010001D    783
     144       1       0       1       0       0       0               0D    784
     110     563       0       1       0       0       0       000010001D    785
     110       1       0       1       0       0       0               0D    786
     122     564       0       1       0       0       0       000010001D    787
     122       1       0       1       0       0       0               0D    788
     126     565       0       1       0       0       0       000010501D    789
     126       1       0       2       0       0       0               0D    790
     126     567       0       1       0       0       0       000010501D    791
     126       1       0       2       0       0       0               0D    792
     126     569       0       1       0       0       0       000010501D    793
     126       1       0       2       0       0       0               0D    794
     126     571       0       1       0       0       0       000010501D    795
     126       1       0       2       0       0       0               0D    796
     102     573       0       1       0       0       0       000010501D    797
     102       1       0       1       0       0       0               0D    798
     110     574       0       1       0       0       0       000010001D    799
     110       1       0       1       0       0       0               0D    800
     110     575       0       1       0       0       0       000010001D    801
     110       1       0       1       0       0       0               0D    802
     110     576       0       1       0       0       0       000010001D    803
     110       1       0       1       0       0       0               0D    804
     110     577       0       1       0       0       0       000010001D    805
     110       1       0       1       0       0       0               0D    806
     102     578       0       1       0       0       0       000010001D    807
     102       1       0       1       0       0       0               0D    808
     142     579       0       1       0       0       0       000010001D    809
     142       1       0       1       0       0       0               0D    810
     144     580       0       1       0       0       0       000010001D    811
     144       1       0       1       0       0       0               0D    812
     110     581       0       1       0       0       0       000010001D    813
     110       1       0       1       0       0       0               0D    814
     110     582       0       1       0       0       0       000010001D    815
     110       1       0       1       0       0       0               0D    816
     120     583       0       1       0       0       0       000010001D    817
     120       1       0       1       0       0       0               0D    818
     126     584       0       1       0       0       0       000010501D    819
     126       1       0       4       0       0       0               0D    820
     126     588       0       1       0       0       0       000010501D    821
     126       1       0       2       0       0       0               0D    822
     126     590       0       1       0       0       0       000010501D    823
     126       1       0       4       0       0       0               0D    824
     126     594       0       1       0       0       0       000010501D    825
     126       1       0       2       0       0       0               0D    826
     102     596       0       1       0       0       0       000010501D    827
     102       1       0       1       0       0       0               0D    828
     124     597       0       1       0       0       0       000010001D    829
     124       1       0       1       0       0       0               0D    830
     100     598       0       1       0       0     829       000010001D    831
     100       1       0       1       0       0       0               0D    832
     110     599       0       1       0       0       0       000010001D    833
     110       1       0       1       0       0       0               0D    834
     124     600       0       1       0       0       0       000010001D    835
     124       1       0       1       0       0       0               0D    836
     100     601       0       1       0       0     835       000010001D    837
     100       1       0       1       0       0       0               0D    838
     110     602       0       1       0       0       0       000010001D    839
     110       1       0       1       0       0       0               0D    840
     102     603       0       1       0       0       0       000010001D    841
     102       1       0       1       0       0       0               0D    842
     142     604       0       1       0       0       0       000010001D    843
     142       1       0       1       0       0       0               0D    844
     144     605       0       1       0       0       0       000010001D    845
     144       1       0       1       0       0       0               0D    846
     110     606       0       1       0       0       0       000010001D    847
     110       1       0       1       0       0       0               0D    848
     122     607       0       1       0       0       0       000010001D    849
     122       1       0       1       0       0       0               0D    850
     126     608       0       1       0       0       0       000010501D    851
     126       1       0       2       0       0       0               0D    852
     126     610       0       1       0       0       0       000010501D    853
     126       1       0       2       0       0       0               0D    854
     126     612       0       1       0       0       0       000010501D    855
     126       1       0       2       0       0       0               0D    856
     126     614       0       1       0       0       0       000010501D    857
     126       1       0       2       0       0       0               0D    858
     102     616       0       1       0       0       0       000010501D    859
     102       1       0       1       0       0       0               0D    860
     110     617       0       1       0       0       0       000010001D    861
     110       1       0       1       0       0       0               0D    862
     110     618       0       1       0       0       0       000010001D    863
     110       1       0       1       0       0       0               0D    864
     110     619       0       1       0       0       0       000010001D    865
     110       1       0       1       0       0       0               0D    866
     110     620       0       1       0       0       0       000010001D    867
     110       1       0       1       0       0       0               0D    868
     102     621       0       1       0       0       0       000010001D    869
     102       1       0       1       0       0       0               0D    870
     142     622       0       1       0       0       0       000010001D    871
     142       1       0       1       0       0       0               0D    872
     144     623       0       1       0       0       0       000010001D    873
     144       1       0       1       0       0       0               0D    874
     110     624       0       1       0       0       0       000010001D    875
     110       1       0       1       0       0       0               0D    876
     122     625       0       1       0       0       0       000010001D    877
     122       1       0       1       0       0       0               0D    878
     126     626       0       1       0       0       0       000010501D    879
     126       1       0       2       0       0       0               0D    880
     126     628       0       1       0       0       0       000010501D    881
     126       1       0       2       0       0       0               0D    882
     126     630       0       1       0       0       0       000010501D    883
     126       1       0       2       0       0       0               0D    884
     126     632       0       1       0       0       0       000010501D    885
     126       1       0       2       0       0       0               0D    886
     102     634       0       1       0       0       0       000010501D    887
     102       1       0       1       0       0       0               0D    888
     110     635       0       1       0       0       0       000010001D    889
     110       1       0       1       0       0       0               0D    890
     110     636       0       1       0       0       0       000010001D    891
     110       1       0       1       0       0       0               0D    892
     110     637       0       1       0       0       0       000010001D    893
     110       1       0       1       0       0       0               0D    894
     110     638       0       1       0       0       0       000010001D    895
     110       1       0       1       0       0       0               0D    896
     102     639       0       1       0       0       0       000010001D    897
     102       1       0       1       0       0       0               0D    898
     142     640       0       1       0       0       0       000010001D    899
     142       1       0       1       0       0       0               0D    900
     144     641       0       1       0       0       0       000010001D    901
     144       1       0       1       0       0       0               0D    902
     110     642       0       1       0       0       0       000010001D    903
     110       1       0       1       0       0       0               0D    904
     122     643       0       1       0       0       0       000010001D    905
     122       1       0       1       0       0       0               0D    906
     126     644       0       1       0       0       0       000010501D    907
     126       1       0       3       0       0       0               0D    908
     126     647       0       1       0       0       0       000010501D    909
     126       1       0       2       0       0       0               0D    910
     126     649       0       1       0       0       0       000010501D    911
     126       1       0       2       0       0       0               0D    912
     126     651       0       1       0       0       0       000010501D    913
     126       1       0       2       0       0       0               0D    914
     102     653       0       1       0       0       0       000010501D    915
     102       1       0       1       0       0       0               0D    916
     110     654       0       1       0       0       0       000010001D    917
     110       1       0       1       0       0       0               0D    918
     110     655       0       1       0       0       0       000010001D    919
     110       1       0       1       0       0       0               0D    920
     110     656       0       1       0       0       0       000010001D    921
     110       1       0       1       0       0       0               0D    922
     110     657       0       1       0       0       0       000010001D    923
     110       1       0       1       0       0       0               0D    924
     102     658       0       1       0       0       0       000010001D    925
     102       1       0       1       0       0       0               0D    926
     142     659       0       1       0       0       0       000010001D    927
     142       1       0       1       0       0       0               0D    928
     144     660       0       1       0       0       0       000010001D    929
     144       1       0       1       0       0       0               0D    930
     110     661       0       1       0       0       0       000010001D    931
     110       1       0       1       0       0       0               0D    932
     122     662       0       1       0       0       0       000010001D    933
     122       1       0       1       0       0       0               0D    934
     126     663       0       1       0       0       0       000010501D    935
     126       1       0       2       0       0       0               0D    936
     126     665       0       1       0       0       0       000010501D    937
     126       1       0       2       0       0       0               0D    938
     126     667       0       1       0       0       0       000010501D    939
     126       1       0       2       0       0       0               0D    940
     126     669       0       1       0       0       0       000010501D    941
     126       1       0       2       0       0       0               0D    942
     102     671       0       1       0       0       0       000010501D    943
     102       1       0       1       0       0       0               0D    944
     110     672       0       1       0       0       0       000010001D    945
     110       1       0       1       0       0       0               0D    946
     110     673       0       1       0       0       0       000010001D    947
     110       1       0       1       0       0       0               0D    948
     110     674       0       1       0       0       0       000010001D    949
     110       1       0       1       0       0       0               0D    950
     110     675       0       1       0       0       0       000010001D    951
     110       1       0       1       0       0       0               0D    952
     102     676       0       1       0       0       0       000010001D    953
     102       1       0       1       0       0       0               0D    954
     142     677       0       1       0       0       0       000010001D    955
     142       1       0       1       0       0       0               0D    956
     144     678       0       1       0       0       0       000010001D    957
     144       1       0       1       0       0       0               0D    958
     110     679       0       1       0       0       0       000010001D    959
     110       1       0       1       0       0       0               0D    960
     122     680       0       1       0       0       0       000010001D    961
     122       1       0       1       0       0       0               0D    962
     126     681       0       1       0       0       0       000010501D    963
     126       1       0       2       0       0       0               0D    964
     126     683       0       1       0       0       0       000010501D    965
     126       1       0       2       0       0       0               0D    966
     126     685       0       1       0       0       0       000010501D    967
     126       1       0       2       0       0       0               0D    968
     126     687       0       1       0       0       0       000010501D    969
     126       1       0       2       0       0       0               0D    970
     102     689       0       1       0       0       0       000010501D    971
     102       1       0       1       0       0       0               0D    972
     110     690       0       1       0       0       0       000010001D    973
     110       1       0       1       0       0       0               0D    974
     110     691       0       1       0       0       0       000010001D    975
     110       1       0       1       0       0       0               0D    976
     110     692       0       1       0       0       0       000010001D    977
     110       1       0       1       0       0       0               0D    978
     110     693       0       1       0       0       0       000010001D    979
     110       1       0       1       0       0       0               0D    980
     102     694       0       1       0       0       0       000010001D    981
     102       1       0       1       0       0       0               0D    982
     142     695       0       1       0       0       0       000010001D    983
     142       1       0       1       0       0       0               0D    984
     144     696       0       1       0       0       0       000010001D    985
     144       1       0       1       0       0       0               0D    986
     110     697       0       1       0       0       0       000010001D    987
     110       1       0       1       0       0       0               0D    988
     122     698       0       1       0       0       0       000010001D    989
     122       1       0       1       0       0       0               0D    990
     126     699       0       1       0       0       0       000010501D    991
     126       1       0       2       0       0       0               0D    992
     126     701       0       1       0       0       0       000010501D    993
     126       1       0       2       0       0       0               0D    994
     126     703       0       1       0       0       0       000010501D    995
     126       1       0       2       0       0       0               0D    996
     126     705       0       1       0       0       0       000010501D    997
     126       1       0       2       0       0       0               0D    998
     102     707       0       1       0       0       0       000010501D    999
     102       1       0       1       0       0       0               0D   1000
     110     708       0       1       0       0       0       000010001D   1001
     110       1       0       1       0       0       0               0D   1002
     110     709       0       1       0       0       0       000010001D   1003
     110       1       0       1       0       0       0               0D   1004
     110     710       0       1       0       0       0       000010001D   1005
     110       1       0       1       0       0       0               0D   1006
     110     711       0       1       0       0       0       000010001D   1007
     110       1       0       1       0       0       0               0D   1008
     102     712       0       1       0       0       0       000010001D   1009
     102       1       0       1       0       0       0               0D   1010
     142     713       0       1       0       0       0       000010001D   1011
     142       1       0       1       0       0       0               0D   1012
     144     714       0       1       0       0       0       000010001D   1013
     144       1       0       1       0       0       0               0D   1014
     110     715       0       1       0       0       0       000010001D   1015
     110       1       0       1       0       0       0               0D   1016
     122     716       0       1       0       0       0       000010001D   1017
     122       1       0       1       0       0       0               0D   1018
     126     717       0       1       0       0       0       000010501D   1019
     126       1       0       2       0       0       0               0D   1020
     126     719       0       1       0       0       0       000010501D   1021
     126       1       0       2       0       0       0               0D   1022
     126     721       0       1       0       0       0       000010501D   1023
     126       1       0       2       0       0       0               0D   1024
     126     723       0       1       0       0       0       000010501D   1025
     126       1       0       2       0       0       0               0D   1026
     102     725       0       1       0       0       0       000010501D   1027
     102       1       0       1       0       0       0               0D   1028
     110     726       0       1       0       0       0       000010001D   1029
     110       1       0       1       0       0       0               0D   1030
     110     727       0       1       0       0       0       000010001D   1031
     110       1       0       1       0       0       0               0D   1032
     110     728       0       1       0       0       0       000010001D   1033
     110       1       0       1       0       0       0               0D   1034
     110     729       0       1       0       0       0       000010001D   1035
     110       1       0       1       0       0       0               0D   1036
     102     730       0       1       0       0       0       000010001D   1037
     102       1       0       1       0       0       0               0D   1038
     142     731       0       1       0       0       0       000010001D   1039
     142       1       0       1       0       0       0               0D   1040
     144     732       0       1       0       0       0       000010001D   1041
     144       1       0       1       0       0       0               0D   1042
     308     733       0       1       0       0       0       000010001D   1043
     308       1       0       2       0       0       0               0D   1044
     408     735       0       1       0       0     493       000010001D   1045
     408       1       0       1       0       0       0               0D   1046
     124     736       0       1       0       0       0       000010001D   1047
     124       1       0       1       0       0       0               0D   1048
     110     737       0       1       0       0       0       000010001D   1049
     110       1       0       1       0       0       0               0D   1050
     122     738       0       1       0       0       0       000010001D   1051
     122       1       0       1       0       0       0               0D   1052
     126     739       0       1       0       0       0       000010501D   1053
     126       1       0       2       0       0       0               0D   1054
     126     741       0       1       0       0       0       000010501D   1055
     126       1       0       2       0       0       0               0D   1056
     126     743       0       1       0       0       0       000010501D   1057
     126       1       0       2       0       0       0               0D   1058
     126     745       0       1       0       0       0       000010501D   1059
     126       1       0       2       0       0       0               0D   1060
     102     747       0       1       0       0       0       000010501D   1061
     102       1       0       1       0       0       0               0D   1062
     110     748       0       1       0       0       0       000010001D   1063
     110       1       0       1       0       0       0               0D   1064
     110     749       0       1       0       0       0       000010001D   1065
     110       1       0       1       0       0       0               0D   1066
     110     750       0       1       0       0       0       000010001D   1067
     110       1       0       1       0       0       0               0D   1068
     110     751       0       1       0       0       0       000010001D   1069
     110       1       0       1       0       0       0               0D   1070
     102     752       0       1       0       0       0       000010001D   1071
     102       1       0       1       0       0       0               0D   1072
     142     753       0       1       0       0       0       000010001D   1073
     142       1       0       1       0       0       0               0D   1074
     144     754       0       1       0       0       0       000010001D   1075
     144       1       0       1       0       0       0               0D   1076
     110     755       0       1       0       0       0       000010001D   1077
     110       1       0       1       0       0       0               0D   1078
     122     756       0       1       0       0       0       000010001D   1079
     122       1       0       1       0       0       0               0D   1080
     126     757       0       1       0       0       0       000010501D   1081
     126       1       0       2       0       0       0               0D   1082
     126     759       0       1       0       0       0       000010501D   1083
     126       1       0       2       0       0       0               0D   1084
     126     761       0       1       0       0       0       000010501D   1085
     126       1       0       2       0       0       0               0D   1086
     126     763       0       1       0       0       0       000010501D   1087
     126       1       0       2       0       0       0               0D   1088
     102     765       0       1       0       0       0       000010501D   1089
     102       1       0       1       0       0       0               0D   1090
     110     766       0       1       0       0       0       000010001D   1091
     110       1       0       1       0       0       0               0D   1092
     110     767       0       1       0       0       0       000010001D   1093
     110       1       0       1       0       0       0               0D   1094
     110     768       0       1       0       0       0       000010001D   1095
     110       1       0       1       0       0       0               0D   1096
     110     769       0       1       0       0       0       000010001D   1097
     110       1       0       1       0       0       0               0D   1098
     102     770       0       1       0       0       0       000010001D   1099
     102       1       0       1       0       0       0               0D   1100
     142     771       0       1       0       0       0       000010001D   1101
     142       1       0       1       0       0       0               0D   1102
     144     772       0       1       0       0       0       000010001D   1103
     144       1       0       1       0       0       0               0D   1104
     110     773       0       1       0       0       0       000010001D   1105
     110       1       0       1       0       0       0               0D   1106
     122     774       0       1       0       0       0       000010001D   1107
     122       1       0       1       0       0       0               0D   1108
     126     775       0       1       0       0       0       000010501D   1109
     126       1       0       2       0       0       0               0D   1110
     126     777       0       1       0       0       0       000010501D   1111
     126       1       0       2       0       0       0               0D   1112
     126     779       0       1       0       0       0       000010501D   1113
     126       1       0       2       0       0       0               0D   1114
     126     781       0       1       0       0       0       000010501D   1115
     126       1       0       2       0       0       0               0D   1116
     102     783       0       1       0       0       0       000010501D   1117
     102       1       0       1       0       0       0               0D   1118
     110     784       0       1       0       0       0       000010001D   1119
     110       1       0       1       0       0       0               0D   1120
     110     785       0       1       0       0       0       000010001D   1121
     110       1       0       1       0       0       0               0D   1122
     110     786       0       1       0       0       0       000010001D   1123
     110       1       0       1       0       0       0               0D   1124
     110     787       0       1       0       0       0       000010001D   1125
     110       1       0       1       0       0       0               0D   1126
     102     788       0       1       0       0       0       000010001D   1127
     102       1       0       1       0       0       0               0D   1128
     142     789       0       1       0       0       0       000010001D   1129
     142       1       0       1       0       0       0               0D   1130
     144     790       0       1       0       0       0       000010001D   1131
     144       1       0       1       0       0       0               0D   1132
     110     791       0       1       0       0       0       000010001D   1133
     110       1       0       1       0       0       0               0D   1134
     122     792       0       1       0       0       0       000010001D   1135
     122       1       0       1       0       0       0               0D   1136
     126     793       0       1       0       0       0       000010501D   1137
     126       1       0       2       0       0       0               0D   1138
     126     795       0       1       0       0       0       000010501D   1139
     126       1       0       2       0       0       0               0D   1140
     126     797       0       1       0       0       0       000010501D   1141
     126       1       0       2       0       0       0               0D   1142
     126     799       0       1       0       0       0       000010501D   1143
     126       1       0       3       0       0       0               0D   1144
     126     802       0       1       0       0       0       000010501D   1145
     126       1       0       3       0       0       0               0D   1146
     126     805       0       1       0       0       0       000010501D   1147
     126       1       0       2       0       0       0               0D   1148
     102     807       0       1       0       0       0       000010501D   1149
     102       1       0       1       0       0       0               0D   1150
     110     808       0       1       0       0       0       000010001D   1151
     110       1       0       1       0       0       0               0D   1152
     110     809       0       1       0       0       0       000010001D   1153
     110       1       0       1       0       0       0               0D   1154
     110     810       0       1       0       0       0       000010001D   1155
     110       1       0       1       0       0       0               0D   1156
     110     811       0       1       0       0       0       000010001D   1157
     110       1       0       1       0       0       0               0D   1158
     110     812       0       1       0       0       0       000010001D   1159
     110       1       0       1       0       0       0               0D   1160
     110     813       0       1       0       0       0       000010001D   1161
     110       1       0       1       0       0       0               0D   1162
     102     814       0       1       0       0       0       000010001D   1163
     102       1       0       1       0       0       0               0D   1164
     142     815       0       1       0       0       0       000010001D   1165
     142       1       0       1       0       0       0               0D   1166
     144     816       0       1       0       0       0       000010001D   1167
     144       1       0       1       0       0       0               0D   1168
     110     817       0       1       0       0       0       000010001D   1169
     110       1       0       1       0       0       0               0D   1170
     122     818       0       1       0       0       0       000010001D   1171
     122       1       0       1       0       0       0               0D   1172
     126     819       0       1       0       0       0       000010501D   1173
     126       1       0       2       0       0       0               0D   1174
     126     821       0       1       0       0       0       000010501D   1175
     126       1       0       2       0       0       0               0D   1176
     126     823       0       1       0       0       0       000010501D   1177
     126       1       0       2       0       0       0               0D   1178
     126     825       0       1       0       0       0       000010501D   1179
     126       1       0       2       0       0       0               0D   1180
     102     827       0       1       0       0       0       000010501D   1181
     102       1       0       1       0       0       0               0D   1182
     110     828       0       1       0       0       0       000010001D   1183
     110       1       0       1       0       0       0               0D   1184
     110     829       0       1       0       0       0       000010001D   1185
     110       1       0       1       0       0       0               0D   1186
     110     830       0       1       0       0       0       000010001D   1187
     110       1       0       1       0       0       0               0D   1188
     110     831       0       1       0       0       0       000010001D   1189
     110       1       0       1       0       0       0               0D   1190
     102     832       0       1       0       0       0       000010001D   1191
     102       1       0       1       0       0       0               0D   1192
     142     833       0       1       0       0       0       000010001D   1193
     142       1       0       1       0       0       0               0D   1194
     144     834       0       1       0       0       0       000010001D   1195
     144       1       0       1       0       0       0               0D   1196
     110     835       0       1       0       0       0       000010001D   1197
     110       1       0       1       0       0       0               0D   1198
     122     836       0       1       0       0       0       000010001D   1199
     122       1       0       1       0       0       0               0D   1200
     126     837       0       1       0       0       0       000010501D   1201
     126       1       0       2       0       0       0               0D   1202
     126     839       0       1       0       0       0       000010501D   1203
     126       1       0       3       0       0       0               0D   1204
     126     842       0       1       0       0       0       000010501D   1205
     126       1       0       3       0       0       0               0D   1206
     126     845       0       1       0       0       0       000010501D   1207
     126       1       0       2       0       0       0               0D   1208
     126     847       0       1       0       0       0       000010501D   1209
     126       1       0       2       0       0       0               0D   1210
     126     849       0       1       0       0       0       000010501D   1211
     126       1       0       2       0       0       0               0D   1212
     102     851       0       1       0       0       0       000010501D   1213
     102       1       0       1       0       0       0               0D   1214
     110     852       0       1       0       0       0       000010001D   1215
     110       1       0       1       0       0       0               0D   1216
     110     853       0       1       0       0       0       000010001D   1217
     110       1       0       1       0       0       0               0D   1218
     110     854       0       1       0       0       0       000010001D   1219
     110       1       0       1       0       0       0               0D   1220
     110     855       0       1       0       0       0       000010001D   1221
     110       1       0       1       0       0       0               0D   1222
     110     856       0       1       0       0       0       000010001D   1223
     110       1       0       1       0       0       0               0D   1224
     110     857       0       1       0       0       0       000010001D   1225
     110       1       0       1       0       0       0               0D   1226
     102     858       0       1       0       0       0       000010001D   1227
     102       1       0       1       0       0       0               0D   1228
     142     859       0       1       0       0       0       000010001D   1229
     142       1       0       1       0       0       0               0D   1230
     144     860       0       1       0       0       0       000010001D   1231
     144       1       0       1       0       0       0               0D   1232
     110     861       0       1       0       0       0       000010001D   1233
     110       1       0       1       0       0       0               0D   1234
     122     862       0       1       0       0       0       000010001D   1235
     122       1       0       1       0       0       0               0D   1236
     126     863       0       1       0       0       0       000010501D   1237
     126       1       0       2       0       0       0               0D   1238
     126     865       0       1       0       0       0       000010501D   1239
     126       1       0       2       0       0       0               0D   1240
     126     867       0       1       0       0       0       000010501D   1241
     126       1       0       2       0       0       0               0D   1242
     126     869       0       1       0       0       0       000010501D   1243
     126       1       0       2       0       0       0               0D   1244
     102     871       0       1       0       0       0       000010501D   1245
     102       1       0       1       0       0       0               0D   1246
     110     872       0       1       0       0       0       000010001D   1247
     110       1       0       1       0       0       0               0D   1248
     110     873       0       1       0       0       0       000010001D   1249
     110       1       0       1       0       0       0               0D   1250
     110     874       0       1       0       0       0       000010001D   1251
     110       1       0       1       0       0       0               0D   1252
     110     875       0       1       0       0       0       000010001D   1253
     110       1       0       1       0       0       0               0D   1254
     102     876       0       1       0       0       0       000010001D   1255
     102       1       0       1       0       0       0               0D   1256
     142     877       0       1       0       0       0       000010001D   1257
     142       1       0       1       0       0       0               0D   1258
     144     878       0       1       0       0       0       000010001D   1259
     144       1       0       1       0       0       0               0D   1260
     110     879       0       1       0       0       0       000010001D   1261
     110       1       0       1       0       0       0               0D   1262
     122     880       0       1       0       0       0       000010001D   1263
     122       1       0       1       0       0       0               0D   1264
     126     881       0       1       0       0       0       000010501D   1265
     126       1       0       2       0       0       0               0D   1266
     126     883       0       1       0       0       0       000010501D   1267
     126       1       0       2       0       0       0               0D   1268
     126     885       0       1       0       0       0       000010501D   1269
     126       1       0       2       0       0       0               0D   1270
     126     887       0       1       0       0       0       000010501D   1271
     126       1       0       2       0       0       0               0D   1272
     102     889       0       1       0       0       0       000010501D   1273
     102       1       0       1       0       0       0               0D   1274
     110     890       0       1       0       0       0       000010001D   1275
     110       1       0       1       0       0       0               0D   1276
     110     891       0       1       0       0       0       000010001D   1277
     110       1       0       1       0       0       0               0D   1278
     110     892       0       1       0       0       0       000010001D   1279
     110       1       0       1       0       0       0               0D   1280
     110     893       0       1       0       0       0       000010001D   1281
     110       1       0       1       0       0       0               0D   1282
     102     894       0       1       0       0       0       000010001D   1283
     102       1       0       1       0       0       0               0D   1284
     142     895       0       1       0       0       0       000010001D   1285
     142       1       0       1       0       0       0               0D   1286
     144     896       0       1       0       0       0       000010001D   1287
     144       1       0       1       0       0       0               0D   1288
     308     897       0       1       0       0       0       000010001D   1289
     308       1       0       1       0       0       0               0D   1290
     408     898       0       1       0       0    1047       000010001D   1291
     408       1       0       1       0       0       0               0D   1292
     124     899       0       1       0       0       0       000010001D   1293
     124       1       0       1       0       0       0               0D   1294
     110     900       0       1       0       0       0       000010001D   1295
     110       1       0       2       0       0       0               0D   1296
     122     902       0       1       0       0       0       000010001D   1297
     122       1       0       1       0       0       0               0D   1298
     126     903       0       1       0       0       0       000010501D   1299
     126       1       0       3       0       0       0               0D   1300
     126     906       0       1       0       0       0       000010501D   1301
     126       1       0       2       0       0       0               0D   1302
     126     908       0       1       0       0       0       000010501D   1303
     126       1       0       4       0       0       0               0D   1304
     126     912       0       1       0       0       0       000010501D   1305
     126       1       0       2       0       0       0               0D   1306
     126     914       0       1       0       0       0       000010501D   1307
     126       1       0       2       0       0       0               0D   1308
     126     916       0       1       0       0       0       000010501D   1309
     126       1       0       2       0       0       0               0D   1310
     102     918       0       1       0       0       0       000010501D   1311
     102       1       0       1       0       0       0               0D   1312
     110     919       0       1       0       0       0       000010001D   1313
     110       1       0       2       0       0       0               0D   1314
     110     921       0       1       0       0       0       000010001D   1315
     110       1       0       2       0       0       0               0D   1316
     110     923       0       1       0       0       0       000010001D   1317
     110       1       0       2       0       0       0               0D   1318
     110     925       0       1       0       0       0       000010001D   1319
     110       1       0       2       0       0       0               0D   1320
     102     927       0       1       0       0       0       000010001D   1321
     102       1       0       1       0       0       0               0D   1322
     142     928       0       1       0       0       0       000010001D   1323
     142       1       0       1       0       0       0               0D   1324
     144     929       0       1       0       0       0       000010001D   1325
     144       1       0       1       0       0       0               0D   1326
     110     930       0       1       0       0       0       000010001D   1327
     110       1       0       2       0       0       0               0D   1328
     122     932       0       1       0       0       0       000010001D   1329
     122       1       0       1       0       0       0               0D   1330
     126     933       0       1       0       0       0       000010501D   1331
     126       1       0       4       0       0       0               0D   1332
     126     937       0       1       0       0       0       000010501D   1333
     126       1       0       4       0       0       0               0D   1334
     126     941       0       1       0       0       0       000010501D   1335
     126       1       0       4       0       0       0               0D   1336
     126     945       0       1       0       0       0       000010501D   1337
     126       1       0       3       0       0       0               0D   1338
     126     948       0       1       0       0       0       000010501D   1339
     126       1       0       4       0       0       0               0D   1340
     126     952       0       1       0       0       0       000010501D   1341
     126       1       0       3       0       0       0               0D   1342
     126     955       0       1       0       0       0       000010501D   1343
     126       1       0       4       0       0       0               0D   1344
     126     959       0       1       0       0       0       000010501D   1345
     126       1       0       3       0       0       0               0D   1346
     126     962       0       1       0       0       0       000010501D   1347
     126       1       0       6       0       0       0               0D   1348
     126     968       0       1       0       0       0       000010501D   1349
     126       1       0       4       0       0       0               0D   1350
     126     972       0       1       0       0       0       000010501D   1351
     126       1       0       4       0       0       0               0D   1352
     126     976       0       1       0       0       0       000010501D   1353
     126       1       0       4       0       0       0               0D   1354
     126     980       0       1       0       0       0       000010501D   1355
     126       1       0       3       0       0       0               0D   1356
     126     983       0       1       0       0       0       000010501D   1357
     126       1       0       4       0       0       0               0D   1358
     126     987       0       1       0       0       0       000010501D   1359
     126       1       0       3       0       0       0               0D   1360
     102     990       0       1       0       0       0       000010501D   1361
     102       1       0       2       0       0       0               0D   1362
     110     992       0       1       0       0       0       000010001D   1363
     110       1       0       2       0       0       0               0D   1364
     110     994       0       1       0       0       0       000010001D   1365
     110       1       0       2       0       0       0               0D   1366
     110     996       0       1       0       0       0       000010001D   1367
     110       1       0       2       0       0       0               0D   1368
     110     998       0       1       0       0       0       000010001D   1369
     110       1       0       2       0       0       0               0D   1370
     110    1000       0       1       0       0       0       000010001D   1371
     110       1       0       2       0       0       0               0D   1372
     124    1002       0       1       0       0       0       000010001D   1373
     124       1       0       2       0       0       0               0D   1374
     100    1004       0       1       0       0    1373       000010001D   1375
     100       1       0       2       0       0       0               0D   1376
     110    1006       0       1       0       0       0       000010001D   1377
     110       1       0       2       0       0       0               0D   1378
     110    1008       0       1       0       0       0       000010001D   1379
     110       1       0       2       0       0       0               0D   1380
     110    1010       0       1       0       0       0       000010001D   1381
     110       1       0       2       0       0       0               0D   1382
     110    1012       0       1       0       0       0       000010001D   1383
     110       1       0       2       0       0       0               0D   1384
     102    1014       0       1       0       0       0       000010001D   1385
     102       1       0       1       0       0       0               0D   1386
     142    1015       0       1       0       0       0       000010001D   1387
     142       1       0       1       0       0       0               0D   1388
     126    1016       0       1       0       0       0       000010501D   1389
     126       1       0       4       0       0       0               0D   1390
     126    1020       0       1       0       0       0       000010501D   1391
     126       1       0       4       0       0       0               0D   1392
     126    1024       0       1       0       0       0       000010501D   1393
     126       1       0       4       0       0       0               0D   1394
     126    1028       0       1       0       0       0       000010501D   1395
     126       1       0       3       0       0       0               0D   1396
     126    1031       0       1       0       0       0       000010501D   1397
     126       1       0       4       0       0       0               0D   1398
     126    1035       0       1       0       0       0       000010501D   1399
     126       1       0       3       0       0       0               0D   1400
     126    1038       0       1       0       0       0       000010501D   1401
     126       1       0       4       0       0       0               0D   1402
     126    1042       0       1       0       0       0       000010501D   1403
     126       1       0       3       0       0       0               0D   1404
     126    1045       0       1       0       0       0       000010501D   1405
     126       1       0       4       0       0       0               0D   1406
     126    1049       0       1       0       0       0       000010501D   1407
     126       1       0       3       0       0       0               0D   1408
     126    1052       0       1       0       0       0       000010501D   1409
     126       1       0       4       0       0       0               0D   1410
     126    1056       0       1       0       0       0       000010501D   1411
     126       1       0       3       0       0       0               0D   1412
     102    1059       0       1       0       0       0       000010501D   1413
     102       1       0       2       0       0       0               0D   1414
     110    1061       0       1       0       0       0       000010001D   1415
     110       1       0       2       0       0       0               0D   1416
     110    1063       0       1       0       0       0       000010001D   1417
     110       1       0       2       0       0       0               0D   1418
     110    1065       0       1       0       0       0       000010001D   1419
     110       1       0       2       0       0       0               0D   1420
     110    1067       0       1       0       0       0       000010001D   1421
     110       1       0       2       0       0       0               0D   1422
     110    1069       0       1       0       0       0       000010001D   1423
     110       1       0       2       0       0       0               0D   1424
     110    1071       0       1       0       0       0       000010001D   1425
     110       1       0       2       0       0       0               0D   1426
     110    1073       0       1       0       0       0       000010001D   1427
     110       1       0       2       0       0       0               0D   1428
     102    1075       0       1       0       0       0       000010001D   1429
     102       1       0       1       0       0       0               0D   1430
     142    1076       0       1       0       0       0       000010001D   1431
     142       1       0       1       0       0       0               0D   1432
     126    1077       0       1       0       0       0       000010501D   1433
     126       1       0       4       0       0       0               0D   1434
     126    1081       0       1       0       0       0       000010501D   1435
     126       1       0       4       0       0       0               0D   1436
     126    1085       0       1       0       0       0       000010501D   1437
     126       1       0       3       0       0       0               0D   1438
     126    1088       0       1       0       0       0       000010501D   1439
     126       1       0       4       0       0       0               0D   1440
     126    1092       0       1       0       0       0       000010501D   1441
     126       1       0       3       0       0       0               0D   1442
     126    1095       0       1       0       0       0       000010501D   1443
     126       1       0       4       0       0       0               0D   1444
     126    1099       0       1       0       0       0       000010501D   1445
     126       1       0       3       0       0       0               0D   1446
     126    1102       0       1       0       0       0       000010501D   1447
     126       1       0       4       0       0       0               0D   1448
     126    1106       0       1       0       0       0       000010501D   1449
     126       1       0       3       0       0       0               0D   1450
     126    1109       0       1       0       0       0       000010501D   1451
     126       1       0       4       0       0       0               0D   1452
     126    1113       0       1       0       0       0       000010501D   1453
     126       1       0       3       0       0       0               0D   1454
     126    1116       0       1       0       0       0       000010501D   1455
     126       1       0       4       0       0       0               0D   1456
     102    1120       0       1       0       0       0       000010501D   1457
     102       1       0       2       0       0       0               0D   1458
     110    1122       0       1       0       0       0       000010001D   1459
     110       1       0       2       0       0       0               0D   1460
     110    1124       0       1       0       0       0       000010001D   1461
     110       1       0       2       0       0       0               0D   1462
     110    1126       0       1       0       0       0       000010001D   1463
     110       1       0       2       0       0       0               0D   1464
     110    1128       0       1       0       0       0       000010001D   1465
     110       1       0       2       0       0       0               0D   1466
     110    1130       0       1       0       0       0       000010001D   1467
     110       1       0       2       0       0       0               0D   1468
     110    1132       0       1       0       0       0       000010001D   1469
     110       1       0       2       0       0       0               0D   1470
     110    1134       0       1       0       0       0       000010001D   1471
     110       1       0       2       0       0       0               0D   1472
     102    1136       0       1       0       0       0       000010001D   1473
     102       1       0       1       0       0       0               0D   1474
     142    1137       0       1       0       0       0       000010001D   1475
     142       1       0       1       0       0       0               0D   1476
     144    1138       0       1       0       0       0       000010001D   1477
     144       1       0       1       0       0       0               0D   1478
     110    1139       0       1       0       0       0       000010001D   1479
     110       1       0       2       0       0       0               0D   1480
     122    1141       0       1       0       0       0       000010001D   1481
     122       1       0       1       0       0       0               0D   1482
     126    1142       0       1       0       0       0       000010501D   1483
     126       1       0       3       0       0       0               0D   1484
     126    1145       0       1       0       0       0       000010501D   1485
     126       1       0       2       0       0       0               0D   1486
     126    1147       0       1       0       0       0       000010501D   1487
     126       1       0       3       0       0       0               0D   1488
     126    1150       0       1       0       0       0       000010501D   1489
     126       1       0       2       0       0       0               0D   1490
     126    1152       0       1       0       0       0       000010501D   1491
     126       1       0       2       0       0       0               0D   1492
     126    1154       0       1       0       0       0       000010501D   1493
     126       1       0       2       0       0       0               0D   1494
     102    1156       0       1       0       0       0       000010501D   1495
     102       1       0       1       0       0       0               0D   1496
     110    1157       0       1       0       0       0       000010001D   1497
     110       1       0       2       0       0       0               0D   1498
     110    1159       0       1       0       0       0       000010001D   1499
     110       1       0       2       0       0       0               0D   1500
     110    1161       0       1       0       0       0       000010001D   1501
     110       1       0       2       0       0       0               0D   1502
     126    1163       0       1       0       0       0       000010001D   1503
     126       1       0       3       0       0       0               0D   1504
     102    1166       0       1       0       0       0       000010001D   1505
     102       1       0       1       0       0       0               0D   1506
     142    1167       0       1       0       0       0       000010001D   1507
     142       1       0       1       0       0       0               0D   1508
     144    1168       0       1       0       0       0       000010001D   1509
     144       1       0       1       0       0       0               0D   1510
     110    1169       0       1       0       0       0       000010001D   1511
     110       1       0       2       0       0       0               0D   1512
     122    1171       0       1       0       0       0       000010001D   1513
     122       1       0       1       0       0       0               0D   1514
     126    1172       0       1       0       0       0       000010501D   1515
     126       1       0       3       0       0       0               0D   1516
     126    1175       0       1       0       0       0       000010501D   1517
     126       1       0       2       0       0       0               0D   1518
     126    1177       0       1       0       0       0       000010501D   1519
     126       1       0       3       0       0       0               0D   1520
     126    1180       0       1       0       0       0       000010501D   1521
     126       1       0       2       0       0       0               0D   1522
     102    1182       0       1       0       0       0       000010501D   1523
     102       1       0       1       0       0       0               0D   1524
     110    1183       0       1       0       0       0       000010001D   1525
     110       1       0       2       0       0       0               0D   1526
     110    1185       0       1       0       0       0       000010001D   1527
     110       1       0       2       0       0       0               0D   1528
     110    1187       0       1       0       0       0       000010001D   1529
     110       1       0       2       0       0       0               0D   1530
     110    1189       0       1       0       0       0       000010001D   1531
     110       1       0       2       0       0       0               0D   1532
     102    1191       0       1       0       0       0       000010001D   1533
     102       1       0       1       0       0       0               0D   1534
     142    1192       0       1       0       0       0       000010001D   1535
     142       1       0       1       0       0       0               0D   1536
     144    1193       0       1       0       0       0       000010001D   1537
     144       1       0       1       0       0       0               0D   1538
     110    1194       0       1       0       0       0       000010001D   1539
     110       1       0       2       0       0       0               0D   1540
     122    1196       0       1       0       0       0       000010001D   1541
     122       1       0       1       0       0       0               0D   1542
     126    1197       0       1       0       0       0       000010501D   1543
     126       1       0       4       0       0       0               0D   1544
     126    1201       0       1       0       0       0       000010501D   1545
     126       1       0       2       0       0       0               0D   1546
     126    1203       0       1       0       0       0       000010501D   1547
     126       1       0       2       0       0       0               0D   1548
     126    1205       0       1       0       0       0       000010501D   1549
     126       1       0       2       0       0       0               0D   1550
     126    1207       0       1       0       0       0       000010501D   1551
     126       1       0       3       0       0       0               0D   1552
     126    1210       0       1       0       0       0       000010501D   1553
     126       1       0       2       0       0       0               0D   1554
     102    1212       0       1       0       0       0       000010501D   1555
     102       1       0       1       0       0       0               0D   1556
     110    1213       0       1       0       0       0       000010001D   1557
     110       1       0       2       0       0       0               0D   1558
     126    1215       0       1       0       0       0       000010001D   1559
     126       1       0       3       0       0       0               0D   1560
     110    1218       0       1       0       0       0       000010001D   1561
     110       1       0       2       0       0       0               0D   1562
     110    1220       0       1       0       0       0       000010001D   1563
     110       1       0       2       0       0       0               0D   1564
     102    1222       0       1       0       0       0       000010001D   1565
     102       1       0       1       0       0       0               0D   1566
     142    1223       0       1       0       0       0       000010001D   1567
     142       1       0       1       0       0       0               0D   1568
     144    1224       0       1       0       0       0       000010001D   1569
     144       1       0       1       0       0       0               0D   1570
     110    1225       0       1       0       0       0       000010001D   1571
     110       1       0       2       0       0       0               0D   1572
     122    1227       0       1       0       0       0       000010001D   1573
     122       1       0       1       0       0       0               0D   1574
     126    1228       0       1       0       0       0       000010501D   1575
     126       1       0       4       0       0       0               0D   1576
     126    1232       0       1       0       0       0       000010501D   1577
     126       1       0       2       0       0       0               0D   1578
     126    1234       0       1       0       0       0       000010501D   1579
     126       1       0       2       0       0       0               0D   1580
     126    1236       0       1       0       0       0       000010501D   1581
     126       1       0       2       0       0       0               0D   1582
     126    1238       0       1       0       0       0       000010501D   1583
     126       1       0       3       0       0       0               0D   1584
     126    1241       0       1       0       0       0       000010501D   1585
     126       1       0       2       0       0       0               0D   1586
     102    1243       0       1       0       0       0       000010501D   1587
     102       1       0       1       0       0       0               0D   1588
     110    1244       0       1       0       0       0       000010001D   1589
     110       1       0       2       0       0       0               0D   1590
     110    1246       0       1       0       0       0       000010001D   1591
     110       1       0       2       0       0       0               0D   1592
     110    1248       0       1       0       0       0       000010001D   1593
     110       1       0       2       0       0       0               0D   1594
     126    1250       0       1       0       0       0       000010001D   1595
     126       1       0       3       0       0       0               0D   1596
     102    1253       0       1       0       0       0       000010001D   1597
     102       1       0       1       0       0       0               0D   1598
     142    1254       0       1       0       0       0       000010001D   1599
     142       1       0       1       0       0       0               0D   1600
     144    1255       0       1       0       0       0       000010001D   1601
     144       1       0       1       0       0       0               0D   1602
     110    1256       0       1       0       0       0       000010001D   1603
     110       1       0       2       0       0       0               0D   1604
     122    1258       0       1       0       0       0       000010001D   1605
     122       1       0       1       0       0       0               0D   1606
     126    1259       0       1       0       0       0       000010501D   1607
     126       1       0       3       0       0       0               0D   1608
     126    1262       0       1       0       0       0       000010501D   1609
     126       1       0       2       0       0       0               0D   1610
     126    1264       0       1       0       0       0       000010501D   1611
     126       1       0       3       0       0       0               0D   1612
     126    1267       0       1       0       0       0       000010501D   1613
     126       1       0       2       0       0       0               0D   1614
     102    1269       0       1       0       0       0       000010501D   1615
     102       1       0       1       0       0       0               0D   1616
     110    1270       0       1       0       0       0       000010001D   1617
     110       1       0       2       0       0       0               0D   1618
     110    1272       0       1       0       0       0       000010001D   1619
     110       1       0       2       0       0       0               0D   1620
     110    1274       0       1       0       0       0       000010001D   1621
     110       1       0       2       0       0       0               0D   1622
     110    1276       0       1       0       0       0       000010001D   1623
     110       1       0       2       0       0       0               0D   1624
     102    1278       0       1       0       0       0       000010001D   1625
     102       1       0       1       0       0       0               0D   1626
     142    1279       0       1       0       0       0       000010001D   1627
     142       1       0       1       0       0       0               0D   1628
     144    1280       0       1       0       0       0       000010001D   1629
     144       1       0       1       0       0       0               0D   1630
     110    1281       0       1       0       0       0       000010001D   1631
     110       1       0       2       0       0       0               0D   1632
     122    1283       0       1       0       0       0       000010001D   1633
     122       1       0       1       0       0       0               0D   1634
     126    1284       0       1       0       0       0       000010501D   1635
     126       1       0       4       0       0       0               0D   1636
     126    1288       0       1       0       0       0       000010501D   1637
     126       1       0       2       0       0       0               0D   1638
     126    1290       0       1       0       0       0       000010501D   1639
     126       1       0       2       0       0       0               0D   1640
     126    1292       0       1       0       0       0       000010501D   1641
     126       1       0       4       0       0       0               0D   1642
     126    1296       0       1       0       0       0       000010501D   1643
     126       1       0       2       0       0       0               0D   1644
     126    1298       0       1       0       0       0       000010501D   1645
     126       1       0       2       0       0       0               0D   1646
     126    1300       0       1       0       0       0       000010501D   1647
     126       1       0       2       0       0       0               0D   1648
     102    1302       0       1       0       0       0       000010501D   1649
     102       1       0       1       0       0       0               0D   1650
     110    1303       0       1       0       0       0       000010001D   1651
     110       1       0       2       0       0       0               0D   1652
     126    1305       0       1       0       0       0       000010001D   1653
     126       1       0       3       0       0       0               0D   1654
     110    1308       0       1       0       0       0       000010001D   1655
     110       1       0       2       0       0       0               0D   1656
     110    1310       0       1       0       0       0       000010001D   1657
     110       1       0       2       0       0       0               0D   1658
     102    1312       0       1       0       0       0       000010001D   1659
     102       1       0       1       0       0       0               0D   1660
     142    1313       0       1       0       0       0       000010001D   1661
     142       1       0       1       0       0       0               0D   1662
     144    1314       0       1       0       0       0       000010001D   1663
     144       1       0       1       0       0       0               0D   1664
     110    1315       0       1       0       0       0       000010001D   1665
     110       1       0       2       0       0       0               0D   1666
     122    1317       0       1       0       0       0       000010001D   1667
     122       1       0       1       0       0       0               0D   1668
     126    1318       0       1       0       0       0       000010501D   1669
     126       1       0       3       0       0       0               0D   1670
     126    1321       0       1       0       0       0       000010501D   1671
     126       1       0       2       0       0       0               0D   1672
     126    1323       0       1       0       0       0       000010501D   1673
     126       1       0       4       0       0       0               0D   1674
     126    1327       0       1       0       0       0       000010501D   1675
     126       1       0       2       0       0       0               0D   1676
     126    1329       0       1       0       0       0       000010501D   1677
     126       1       0       2       0       0       0               0D   1678
     126    1331       0       1       0       0       0       000010501D   1679
     126       1       0       2       0       0       0               0D   1680
     102    1333       0       1       0       0       0       000010501D   1681
     102       1       0       1       0       0       0               0D   1682
     110    1334       0       1       0       0       0       000010001D   1683
     110       1       0       2       0       0       0               0D   1684
     110    1336       0       1       0       0       0       000010001D   1685
     110       1       0       2       0       0       0               0D   1686
     110    1338       0       1       0       0       0       000010001D   1687
     110       1       0       2       0       0       0               0D   1688
     126    1340       0       1       0       0       0       000010001D   1689
     126       1       0       3       0       0       0               0D   1690
     102    1343       0       1       0       0       0       000010001D   1691
     102       1       0       1       0       0       0               0D   1692
     142    1344       0       1       0       0       0       000010001D   1693
     142       1       0       1       0       0       0               0D   1694
     144    1345       0       1       0       0       0       000010001D   1695
     144       1       0       1       0       0       0               0D   1696
     110    1346       0       1       0       0       0       000010001D   1697
     110       1       0       2       0       0       0               0D   1698
     122    1348       0       1       0       0       0       000010001D   1699
     122       1       0       1       0       0       0               0D   1700
     126    1349       0       1       0       0       0       000010501D   1701
     126       1       0       4       0       0       0               0D   1702
     126    1353       0       1       0       0       0       000010501D   1703
     126       1       0       4       0       0       0               0D   1704
     126    1357       0       1       0       0       0       000010501D   1705
     126       1       0       4       0       0       0               0D   1706
     126    1361       0       1       0       0       0       000010501D   1707
     126       1       0       3       0       0       0               0D   1708
     126    1364       0       1       0       0       0       000010501D   1709
     126       1       0       3       0       0       0               0D   1710
     126    1367       0       1       0       0       0       000010501D   1711
     126       1       0       4       0       0       0               0D   1712
     126    1371       0       1       0       0       0       000010501D   1713
     126       1       0       4       0       0       0               0D   1714
     126    1375       0       1       0       0       0       000010501D   1715
     126       1       0       4       0       0       0               0D   1716
     102    1379       0       1       0       0       0       000010501D   1717
     102       1       0       1       0       0       0               0D   1718
     110    1380       0       1       0       0       0       000010001D   1719
     110       1       0       2       0       0       0               0D   1720
     110    1382       0       1       0       0       0       000010001D   1721
     110       1       0       2       0       0       0               0D   1722
     110    1384       0       1       0       0       0       000010001D   1723
     110       1       0       2       0       0       0               0D   1724
     110    1386       0       1       0       0       0       000010001D   1725
     110       1       0       2       0       0       0               0D   1726
     110    1388       0       1       0       0       0       000010001D   1727
     110       1       0       2       0       0       0               0D   1728
     110    1390       0       1       0       0       0       000010001D   1729
     110       1       0       2       0       0       0               0D   1730
     110    1392       0       1       0       0       0       000010001D   1731
     110       1       0       2       0       0       0               0D   1732
     110    1394       0       1       0       0       0       000010001D   1733
     110       1       0       2       0       0       0               0D   1734
     102    1396       0       1       0       0       0       000010001D   1735
     102       1       0       1       0       0       0               0D   1736
     142    1397       0       1       0       0       0       000010001D   1737
     142       1       0       1       0       0       0               0D   1738
     144    1398       0       1       0       0       0       000010001D   1739
     144       1       0       1       0       0       0               0D   1740
     110    1399       0       1       0       0       0       000010001D   1741
     110       1       0       2       0       0       0               0D   1742
     122    1401       0       1       0       0       0       000010001D   1743
     122       1       0       1       0       0       0               0D   1744
     126    1402       0       1       0       0       0       000010501D   1745
     126       1       0       3       0       0       0               0D   1746
     126    1405       0       1       0       0       0       000010501D   1747
     126       1       0       2       0       0       0               0D   1748
     126    1407       0       1       0       0       0       000010501D   1749
     126       1       0       3       0       0       0               0D   1750
     126    1410       0       1       0       0       0       000010501D   1751
     126       1       0       2       0       0       0               0D   1752
     102    1412       0       1       0       0       0       000010501D   1753
     102       1       0       1       0       0       0               0D   1754
     110    1413       0       1       0       0       0       000010001D   1755
     110       1       0       2       0       0       0               0D   1756
     110    1415       0       1       0       0       0       000010001D   1757
     110       1       0       2       0       0       0               0D   1758
     110    1417       0       1       0       0       0       000010001D   1759
     110       1       0       2       0       0       0               0D   1760
     110    1419       0       1       0       0       0       000010001D   1761
     110       1       0       2       0       0       0               0D   1762
     102    1421       0       1       0       0       0       000010001D   1763
     102       1       0       1       0       0       0               0D   1764
     142    1422       0       1       0       0       0       000010001D   1765
     142       1       0       1       0       0       0               0D   1766
     144    1423       0       1       0       0       0       000010001D   1767
     144       1       0       1       0       0       0               0D   1768
     110    1424       0       1       0       0       0       000010001D   1769
     110       1       0       2       0       0       0               0D   1770
     122    1426       0       1       0       0       0       000010001D   1771
     122       1       0       1       0       0       0               0D   1772
     126    1427       0       1       0       0       0       000010501D   1773
     126       1       0       3       0       0       0               0D   1774
     126    1430       0       1       0       0       0       000010501D   1775
     126       1       0       2       0       0       0               0D   1776
     126    1432       0       1       0       0       0       000010501D   1777
     126       1       0       3       0       0       0               0D   1778
     126    1435       0       1       0       0       0       000010501D   1779
     126       1       0       2       0       0       0               0D   1780
     102    1437       0       1       0       0       0       000010501D   1781
     102       1       0       1       0       0       0               0D   1782
     110    1438       0       1       0       0       0       000010001D   1783
     110       1       0       2       0       0       0               0D   1784
     110    1440       0       1       0       0       0       000010001D   1785
     110       1       0       2       0       0       0               0D   1786
     110    1442       0       1       0       0       0       000010001D   1787
     110       1       0       2       0       0       0               0D   1788
     110    1444       0       1       0       0       0       000010001D   1789
     110       1       0       2       0       0       0               0D   1790
     102    1446       0       1       0       0       0       000010001D   1791
     102       1       0       1       0       0       0               0D   1792
     142    1447       0       1       0       0       0       000010001D   1793
     142       1       0       1       0       0       0               0D   1794
     144    1448       0       1       0       0       0       000010001D   1795
     144       1       0       1       0       0       0               0D   1796
     110    1449       0       1       0       0       0       000010001D   1797
     110       1       0       2       0       0       0               0D   1798
     122    1451       0       1       0       0       0       000010001D   1799
     122       1       0       1       0       0       0               0D   1800
     126    1452       0       1       0       0       0       000010501D   1801
     126       1       0       3       0       0       0               0D   1802
     126    1455       0       1       0       0       0       000010501D   1803
     126       1       0       2       0       0       0               0D   1804
     126    1457       0       1       0       0       0       000010501D   1805
     126       1       0       3       0       0       0               0D   1806
     126    1460       0       1       0       0       0       000010501D   1807
     126       1       0       2       0       0       0               0D   1808
     102    1462       0       1       0       0       0       000010501D   1809
     102       1       0       1       0       0       0               0D   1810
     110    1463       0       1       0       0       0       000010001D   1811
     110       1       0       2       0       0       0               0D   1812
     110    1465       0       1       0       0       0       000010001D   1813
     110       1       0       2       0       0       0               0D   1814
     110    1467       0       1       0       0       0       000010001D   1815
     110       1       0       2       0       0       0               0D   1816
     110    1469       0       1       0       0       0       000010001D   1817
     110       1       0       2       0       0       0               0D   1818
     102    1471       0       1       0       0       0       000010001D   1819
     102       1       0       1       0       0       0               0D   1820
     142    1472       0       1       0       0       0       000010001D   1821
     142       1       0       1       0       0       0               0D   1822
     144    1473       0       1       0       0       0       000010001D   1823
     144       1       0       1       0       0       0               0D   1824
     110    1474       0       1       0       0       0       000010001D   1825
     110       1       0       2       0       0       0               0D   1826
     122    1476       0       1       0       0       0       000010001D   1827
     122       1       0       1       0       0       0               0D   1828
     126    1477       0       1       0       0       0       000010501D   1829
     126       1       0       3       0       0       0               0D   1830
     126    1480       0       1       0       0       0       000010501D   1831
     126       1       0       2       0       0       0               0D   1832
     126    1482       0       1       0       0       0       000010501D   1833
     126       1       0       3       0       0       0               0D   1834
     126    1485       0       1       0       0       0       000010501D   1835
     126       1       0       2       0       0       0               0D   1836
     102    1487       0       1       0       0       0       000010501D   1837
     102       1       0       1       0       0       0               0D   1838
     110    1488       0       1       0       0       0       000010001D   1839
     110       1       0       2       0       0       0               0D   1840
     110    1490       0       1       0       0       0       000010001D   1841
     110       1       0       2       0       0       0               0D   1842
     110    1492       0       1       0       0       0       000010001D   1843
     110       1       0       2       0       0       0               0D   1844
     110    1494       0       1       0       0       0       000010001D   1845
     110       1       0       2       0       0       0               0D   1846
     102    1496       0       1       0       0       0       000010001D   1847
     102       1       0       1       0       0       0               0D   1848
     142    1497       0       1       0       0       0       000010001D   1849
     142       1       0       1       0       0       0               0D   1850
     144    1498       0       1       0       0       0       000010001D   1851
     144       1       0       1       0       0       0               0D   1852
     110    1499       0       1       0       0       0       000010001D   1853
     110       1       0       2       0       0       0               0D   1854
     122    1501       0       1       0       0       0       000010001D   1855
     122       1       0       1       0       0       0               0D   1856
     126    1502       0       1       0       0       0       000010501D   1857
     126       1       0       3       0       0       0               0D   1858
     126    1505       0       1       0       0       0       000010501D   1859
     126       1       0       2       0       0       0               0D   1860
     126    1507       0       1       0       0       0       000010501D   1861
     126       1       0       3       0       0       0               0D   1862
     126    1510       0       1       0       0       0       000010501D   1863
     126       1       0       2       0       0       0               0D   1864
     102    1512       0       1       0       0       0       000010501D   1865
     102       1       0       1       0       0       0               0D   1866
     110    1513       0       1       0       0       0       000010001D   1867
     110       1       0       2       0       0       0               0D   1868
     110    1515       0       1       0       0       0       000010001D   1869
     110       1       0       2       0       0       0               0D   1870
     110    1517       0       1       0       0       0       000010001D   1871
     110       1       0       2       0       0       0               0D   1872
     110    1519       0       1       0       0       0       000010001D   1873
     110       1       0       2       0       0       0               0D   1874
     102    1521       0       1       0       0       0       000010001D   1875
     102       1       0       1       0       0       0               0D   1876
     142    1522       0       1       0       0       0       000010001D   1877
     142       1       0       1       0       0       0               0D   1878
     144    1523       0       1       0       0       0       000010001D   1879
     144       1       0       1       0       0       0               0D   1880
     110    1524       0       1       0       0       0       000010001D   1881
     110       1       0       2       0       0       0               0D   1882
     122    1526       0       1       0       0       0       000010001D   1883
     122       1       0       1       0       0       0               0D   1884
     126    1527       0       1       0       0       0       000010501D   1885
     126       1       0       3       0       0       0               0D   1886
     126    1530       0       1       0       0       0       000010501D   1887
     126       1       0       2       0       0       0               0D   1888
     126    1532       0       1       0       0       0       000010501D   1889
     126       1       0       3       0       0       0               0D   1890
     126    1535       0       1       0       0       0       000010501D   1891
     126       1       0       2       0       0       0               0D   1892
     102    1537       0       1       0       0       0       000010501D   1893
     102       1       0       1       0       0       0               0D   1894
     110    1538       0       1       0       0       0       000010001D   1895
     110       1       0       2       0       0       0               0D   1896
     110    1540       0       1       0       0       0       000010001D   1897
     110       1       0       2       0       0       0               0D   1898
     110    1542       0       1       0       0       0       000010001D   1899
     110       1       0       2       0       0       0               0D   1900
     110    1544       0       1       0       0       0       000010001D   1901
     110       1       0       2       0       0       0               0D   1902
     102    1546       0       1       0       0       0       000010001D   1903
     102       1       0       1       0       0       0               0D   1904
     142    1547       0       1       0       0       0       000010001D   1905
     142       1       0       1       0       0       0               0D   1906
     144    1548       0       1       0       0       0       000010001D   1907
     144       1       0       1       0       0       0               0D   1908
     110    1549       0       1       0       0       0       000010001D   1909
     110       1       0       2       0       0       0               0D   1910
     122    1551       0       1       0       0       0       000010001D   1911
     122       1       0       1       0       0       0               0D   1912
     126    1552       0       1       0       0       0       000010501D   1913
     126       1       0       3       0       0       0               0D   1914
     126    1555       0       1       0       0       0       000010501D   1915
     126       1       0       2       0       0       0               0D   1916
     126    1557       0       1       0       0       0       000010501D   1917
     126       1       0       3       0       0       0               0D   1918
     126    1560       0       1       0       0       0       000010501D   1919
     126       1       0       2       0       0       0               0D   1920
     102    1562       0       1       0       0       0       000010501D   1921
     102       1       0       1       0       0       0               0D   1922
     110    1563       0       1       0       0       0       000010001D   1923
     110       1       0       2       0       0       0               0D   1924
     110    1565       0       1       0       0       0       000010001D   1925
     110       1       0       2       0       0       0               0D   1926
     110    1567       0       1       0       0       0       000010001D   1927
     110       1       0       2       0       0       0               0D   1928
     110    1569       0       1       0       0       0       000010001D   1929
     110       1       0       2       0       0       0               0D   1930
     102    1571       0       1       0       0       0       000010001D   1931
     102       1       0       1       0       0       0               0D   1932
     142    1572       0       1       0       0       0       000010001D   1933
     142       1       0       1       0       0       0               0D   1934
     144    1573       0       1       0       0       0       000010001D   1935
     144       1       0       1       0       0       0               0D   1936
     110    1574       0       1       0       0       0       000010001D   1937
     110       1       0       2       0       0       0               0D   1938
     122    1576       0       1       0       0       0       000010001D   1939
     122       1       0       1       0       0       0               0D   1940
     126    1577       0       1       0       0       0       000010501D   1941
     126       1       0       3       0       0       0               0D   1942
     126    1580       0       1       0       0       0       000010501D   1943
     126       1       0       2       0       0       0               0D   1944
     126    1582       0       1       0       0       0       000010501D   1945
     126       1       0       3       0       0       0               0D   1946
     126    1585       0       1       0       0       0       000010501D   1947
     126       1       0       2       0       0       0               0D   1948
     102    1587       0       1       0       0       0       000010501D   1949
     102       1       0       1       0       0       0               0D   1950
     110    1588       0       1       0       0       0       000010001D   1951
     110       1       0       2       0       0       0               0D   1952
     110    1590       0       1       0       0       0       000010001D   1953
     110       1       0       2       0       0       0               0D   1954
     110    1592       0       1       0       0       0       000010001D   1955
     110       1       0       2       0       0       0               0D   1956
     110    1594       0       1       0       0       0       000010001D   1957
     110       1       0       2       0       0       0               0D   1958
     102    1596       0       1       0       0       0       000010001D   1959
     102       1       0       1       0       0       0               0D   1960
     142    1597       0       1       0       0       0       000010001D   1961
     142       1       0       1       0       0       0               0D   1962
     144    1598       0       1       0       0       0       000010001D   1963
     144       1       0       1       0       0       0               0D   1964
     110    1599       0       1       0       0       0       000010001D   1965
     110       1       0       1       0       0       0               0D   1966
     122    1600       0       1       0       0       0       000010001D   1967
     122       1       0       1       0       0       0               0D   1968
     126    1601       0       1       0       0       0       000010501D   1969
     126       1       0       2       0       0       0               0D   1970
     126    1603       0       1       0       0       0       000010501D   1971
     126       1       0       2       0       0       0               0D   1972
     126    1605       0       1       0       0       0       000010501D   1973
     126       1       0       2       0       0       0               0D   1974
     126    1607       0       1       0       0       0       000010501D   1975
     126       1       0       2       0       0       0               0D   1976
     102    1609       0       1       0       0       0       000010501D   1977
     102       1       0       1       0       0       0               0D   1978
     110    1610       0       1       0       0       0       000010001D   1979
     110       1       0       1       0       0       0               0D   1980
     110    1611       0       1       0       0       0       000010001D   1981
     110       1       0       1       0       0       0               0D   1982
     110    1612       0       1       0       0       0       000010001D   1983
     110       1       0       1       0       0       0               0D   1984
     110    1613       0       1       0       0       0       000010001D   1985
     110       1       0       1       0       0       0               0D   1986
     102    1614       0       1       0       0       0       000010001D   1987
     102       1       0       1       0       0       0               0D   1988
     142    1615       0       1       0       0       0       000010001D   1989
     142       1       0       1       0       0       0               0D   1990
     144    1616       0       1       0       0       0       000010001D   1991
     144       1       0       1       0       0       0               0D   1992
     110    1617       0       1       0       0       0       000010001D   1993
     110       1       0       1       0       0       0               0D   1994
     122    1618       0       1       0       0       0       000010001D   1995
     122       1       0       1       0       0       0               0D   1996
     126    1619       0       1       0       0       0       000010501D   1997
     126       1       0       2       0       0       0               0D   1998
     126    1621       0       1       0       0       0       000010501D   1999
     126       1       0       2       0       0       0               0D   2000
     126    1623       0       1       0       0       0       000010501D   2001
     126       1       0       2       0       0       0               0D   2002
     126    1625       0       1       0       0       0       000010501D   2003
     126       1       0       2       0       0       0               0D   2004
     102    1627       0       1       0       0       0       000010501D   2005
     102       1       0       1       0       0       0               0D   2006
     110    1628       0       1       0       0       0       000010001D   2007
     110       1       0       1       0       0       0               0D   2008
     110    1629       0       1       0       0       0       000010001D   2009
     110       1       0       1       0       0       0               0D   2010
     110    1630       0       1       0       0       0       000010001D   2011
     110       1       0       1       0       0       0               0D   2012
     110    1631       0       1       0       0       0       000010001D   2013
     110       1       0       1       0       0       0               0D   2014
     102    1632       0       1       0       0       0       000010001D   2015
     102       1       0       1       0       0       0               0D   2016
     142    1633       0       1       0       0       0       000010001D   2017
     142       1       0       1       0       0       0               0D   2018
     144    1634       0       1       0       0       0       000010001D   2019
     144       1       0       1       0       0       0               0D   2020
     110    1635       0       1       0       0       0       000010001D   2021
     110       1       0       1       0       0       0               0D   2022
     122    1636       0       1       0       0       0       000010001D   2023
     122       1       0       1       0       0       0               0D   2024
     126    1637       0       1       0       0       0       000010501D   2025
     126       1       0       2       0       0       0               0D   2026
     126    1639       0       1       0       0       0       000010501D   2027
     126       1       0       2       0       0       0               0D   2028
     126    1641       0       1       0       0       0       000010501D   2029
     126       1       0       2       0       0       0               0D   2030
     126    1643       0       1       0       0       0       000010501D   2031
     126       1       0       2       0       0       0               0D   2032
     102    1645       0       1       0       0       0       000010501D   2033
     102       1       0       1       0       0       0               0D   2034
     110    1646       0       1       0       0       0       000010001D   2035
     110       1       0       1       0       0       0               0D   2036
     110    1647       0       1       0       0       0       000010001D   2037
     110       1       0       1       0       0       0               0D   2038
     110    1648       0       1       0       0       0       000010001D   2039
     110       1       0       1       0       0       0               0D   2040
     110    1649       0       1       0       0       0       000010001D   2041
     110       1       0       1       0       0       0               0D   2042
     102    1650       0       1       0       0       0       000010001D   2043
     102       1       0       1       0       0       0               0D   2044
     142    1651       0       1       0       0       0       000010001D   2045
     142       1       0       1       0       0       0               0D   2046
     144    1652       0       1       0       0       0       000010001D   2047
     144       1       0       1       0       0       0               0D   2048
     110    1653       0       1       0       0       0       000010001D   2049
     110       1       0       1       0       0       0               0D   2050
     122    1654       0       1       0       0       0       000010001D   2051
     122       1       0       1       0       0       0               0D   2052
     126    1655       0       1       0       0       0       000010501D   2053
     126       1       0       2       0       0       0               0D   2054
     126    1657       0       1       0       0       0       000010501D   2055
     126       1       0       3       0       0       0               0D   2056
     126    1660       0       1       0       0       0       000010501D   2057
     126       1       0       3       0       0       0               0D   2058
     126    1663       0       1       0       0       0       000010501D   2059
     126       1       0       3       0       0       0               0D   2060
     126    1666       0       1       0       0       0       000010501D   2061
     126       1       0       3       0       0       0               0D   2062
     126    1669       0       1       0       0       0       000010501D   2063
     126       1       0       3       0       0       0               0D   2064
     126    1672       0       1       0       0       0       000010501D   2065
     126       1       0       2       0       0       0               0D   2066
     126    1674       0       1       0       0       0       000010501D   2067
     126       1       0       2       0       0       0               0D   2068
     102    1676       0       1       0       0       0       000010501D   2069
     102       1       0       1       0       0       0               0D   2070
     110    1677       0       1       0       0       0       000010001D   2071
     110       1       0       1       0       0       0               0D   2072
     110    1678       0       1       0       0       0       000010001D   2073
     110       1       0       1       0       0       0               0D   2074
     110    1679       0       1       0       0       0       000010001D   2075
     110       1       0       1       0       0       0               0D   2076
     110    1680       0       1       0       0       0       000010001D   2077
     110       1       0       1       0       0       0               0D   2078
     110    1681       0       1       0       0       0       000010001D   2079
     110       1       0       1       0       0       0               0D   2080
     110    1682       0       1       0       0       0       000010001D   2081
     110       1       0       1       0       0       0               0D   2082
     110    1683       0       1       0       0       0       000010001D   2083
     110       1       0       1       0       0       0               0D   2084
     110    1684       0       1       0       0       0       000010001D   2085
     110       1       0       1       0       0       0               0D   2086
     102    1685       0       1       0       0       0       000010001D   2087
     102       1       0       1       0       0       0               0D   2088
     142    1686       0       1       0       0       0       000010001D   2089
     142       1       0       1       0       0       0               0D   2090
     144    1687       0       1       0       0       0       000010001D   2091
     144       1       0       1       0       0       0               0D   2092
     110    1688       0       1       0       0       0       000010001D   2093
     110       1       0       1       0       0       0               0D   2094
     122    1689       0       1       0       0       0       000010001D   2095
     122       1       0       1       0       0       0               0D   2096
     126    1690       0       1       0       0       0       000010501D   2097
     126       1       0       2       0       0       0               0D   2098
     126    1692       0       1       0       0       0       000010501D   2099
     126       1       0       2       0       0       0               0D   2100
     126    1694       0       1       0       0       0       000010501D   2101
     126       1       0       2       0       0       0               0D   2102
     126    1696       0       1       0       0       0       000010501D   2103
     126       1       0       2       0       0       0               0D   2104
     102    1698       0       1       0       0       0       000010501D   2105
     102       1       0       1       0       0       0               0D   2106
     110    1699       0       1       0       0       0       000010001D   2107
     110       1       0       1       0       0       0               0D   2108
     110    1700       0       1       0       0       0       000010001D   2109
     110       1       0       1       0       0       0               0D   2110
     110    1701       0       1       0       0       0       000010001D   2111
     110       1       0       1       0       0       0               0D   2112
     110    1702       0       1       0       0       0       000010001D   2113
     110       1       0       1       0       0       0               0D   2114
     102    1703       0       1       0       0       0       000010001D   2115
     102       1       0       1       0       0       0               0D   2116
     142    1704       0       1       0       0       0       000010001D   2117
     142       1       0       1       0       0       0               0D   2118
     144    1705       0       1       0       0       0       000010001D   2119
     144       1       0       1       0       0       0               0D   2120
     110    1706       0       1       0       0       0       000010001D   2121
     110       1       0       1       0       0       0               0D   2122
     122    1707       0       1       0       0       0       000010001D   2123
     122       1       0       1       0       0       0               0D   2124
     126    1708       0       1       0       0       0       000010501D   2125
     126       1       0       2       0       0       0               0D   2126
     126    1710       0       1       0       0       0       000010501D   2127
     126       1       0       2       0       0       0               0D   2128
     126    1712       0       1       0       0       0       000010501D   2129
     126       1       0       2       0       0       0               0D   2130
     126    1714       0       1       0       0       0       000010501D   2131
     126       1       0       2       0       0       0               0D   2132
     102    1716       0       1       0       0       0       000010501D   2133
     102       1       0       1       0       0       0               0D   2134
     110    1717       0       1       0       0       0       000010001D   2135
     110       1       0       1       0       0       0               0D   2136
     110    1718       0       1       0       0       0       000010001D   2137
     110       1       0       1       0       0       0               0D   2138
     110    1719       0       1       0       0       0       000010001D   2139
     110       1       0       1       0       0       0               0D   2140
     110    1720       0       1       0       0       0       000010001D   2141
     110       1       0       1       0       0       0               0D   2142
     102    1721       0       1       0       0       0       000010001D   2143
     102       1       0       1       0       0       0               0D   2144
     142    1722       0       1       0       0       0       000010001D   2145
     142       1       0       1       0       0       0               0D   2146
     144    1723       0       1       0       0       0       000010001D   2147
     144       1       0       1       0       0       0               0D   2148
     110    1724       0       1       0       0       0       000010001D   2149
     110       1       0       1       0       0       0               0D   2150
     122    1725       0       1       0       0       0       000010001D   2151
     122       1       0       1       0       0       0               0D   2152
     126    1726       0       1       0       0       0       000010501D   2153
     126       1       0       2       0       0       0               0D   2154
     126    1728       0       1       0       0       0       000010501D   2155
     126       1       0       2       0       0       0               0D   2156
     126    1730       0       1       0       0       0       000010501D   2157
     126       1       0       2       0       0       0               0D   2158
     126    1732       0       1       0       0       0       000010501D   2159
     126       1       0       2       0       0       0               0D   2160
     102    1734       0       1       0       0       0       000010501D   2161
     102       1       0       1       0       0       0               0D   2162
     110    1735       0       1       0       0       0       000010001D   2163
     110       1       0       1       0       0       0               0D   2164
     110    1736       0       1       0       0       0       000010001D   2165
     110       1       0       1       0       0       0               0D   2166
     110    1737       0       1       0       0       0       000010001D   2167
     110       1       0       1       0       0       0               0D   2168
     110    1738       0       1       0       0       0       000010001D   2169
     110       1       0       1       0       0       0               0D   2170
     102    1739       0       1       0       0       0       000010001D   2171
     102       1       0       1       0       0       0               0D   2172
     142    1740       0       1       0       0       0       000010001D   2173
     142       1       0       1       0       0       0               0D   2174
     144    1741       0       1       0       0       0       000010001D   2175
     144       1       0       1       0       0       0               0D   2176
     110    1742       0       1       0       0       0       000010001D   2177
     110       1       0       1       0       0       0               0D   2178
     122    1743       0       1       0       0       0       000010001D   2179
     122       1       0       1       0       0       0               0D   2180
     126    1744       0       1       0       0       0       000010501D   2181
     126       1       0       2       0       0       0               0D   2182
     126    1746       0       1       0       0       0       000010501D   2183
     126       1       0       2       0       0       0               0D   2184
     126    1748       0       1       0       0       0       000010501D   2185
     126       1       0       2       0       0       0               0D   2186
     126    1750       0       1       0       0       0       000010501D   2187
     126       1       0       2       0       0       0               0D   2188
     102    1752       0       1       0       0       0       000010501D   2189
     102       1       0       1       0       0       0               0D   2190
     110    1753       0       1       0       0       0       000010001D   2191
     110       1       0       1       0       0       0               0D   2192
     110    1754       0       1       0       0       0       000010001D   2193
     110       1       0       1       0       0       0               0D   2194
     110    1755       0       1       0       0       0       000010001D   2195
     110       1       0       1       0       0       0               0D   2196
     110    1756       0       1       0       0       0       000010001D   2197
     110       1       0       1       0       0       0               0D   2198
     102    1757       0       1       0       0       0       000010001D   2199
     102       1       0       1       0       0       0               0D   2200
     142    1758       0       1       0       0       0       000010001D   2201
     142       1       0       1       0       0       0               0D   2202
     144    1759       0       1       0       0       0       000010001D   2203
     144       1       0       1       0       0       0               0D   2204
     110    1760       0       1       0       0       0       000010001D   2205
     110       1       0       1       0       0       0               0D   2206
     122    1761       0       1       0       0       0       000010001D   2207
     122       1       0       1       0       0       0               0D   2208
     126    1762       0       1       0       0       0       000010501D   2209
     126       1       0       2       0       0       0               0D   2210
     126    1764       0       1       0       0       0       000010501D   2211
     126       1       0       2       0       0       0               0D   2212
     126    1766       0       1       0       0       0       000010501D   2213
     126       1       0       2       0       0       0               0D   2214
     126    1768       0       1       0       0       0       000010501D   2215
     126       1       0       2       0       0       0               0D   2216
     102    1770       0       1       0       0       0       000010501D   2217
     102       1       0       1       0       0       0               0D   2218
     110    1771       0       1       0       0       0       000010001D   2219
     110       1       0       1       0       0       0               0D   2220
     110    1772       0       1       0       0       0       000010001D   2221
     110       1       0       1       0       0       0               0D   2222
     110    1773       0       1       0       0       0       000010001D   2223
     110       1       0       1       0       0       0               0D   2224
     110    1774       0       1       0       0       0       000010001D   2225
     110       1       0       1       0       0       0               0D   2226
     102    1775       0       1       0       0       0       000010001D   2227
     102       1       0       1       0       0       0               0D   2228
     142    1776       0       1       0       0       0       000010001D   2229
     142       1       0       1       0       0       0               0D   2230
     144    1777       0       1       0       0       0       000010001D   2231
     144       1       0       1       0       0       0               0D   2232
     110    1778       0       1       0       0       0       000010001D   2233
     110       1       0       1       0       0       0               0D   2234
     122    1779       0       1       0       0       0       000010001D   2235
     122       1       0       1       0       0       0               0D   2236
     126    1780       0       1       0       0       0       000010501D   2237
     126       1       0       2       0       0       0               0D   2238
     126    1782       0       1       0       0       0       000010501D   2239
     126       1       0       2       0       0       0               0D   2240
     126    1784       0       1       0       0       0       000010501D   2241
     126       1       0       2       0       0       0               0D   2242
     126    1786       0       1       0       0       0       000010501D   2243
     126       1       0       2       0       0       0               0D   2244
     102    1788       0       1       0       0       0       000010501D   2245
     102       1       0       1       0       0       0               0D   2246
     110    1789       0       1       0       0       0       000010001D   2247
     110       1       0       1       0       0       0               0D   2248
     110    1790       0       1       0       0       0       000010001D   2249
     110       1       0       1       0       0       0               0D   2250
     110    1791       0       1       0       0       0       000010001D   2251
     110       1       0       1       0       0       0               0D   2252
     110    1792       0       1       0       0       0       000010001D   2253
     110       1       0       1       0       0       0               0D   2254
     102    1793       0       1       0       0       0       000010001D   2255
     102       1       0       1       0       0       0               0D   2256
     142    1794       0       1       0       0       0       000010001D   2257
     142       1       0       1       0       0       0               0D   2258
     144    1795       0       1       0       0       0       000010001D   2259
     144       1       0       1       0       0       0               0D   2260
     110    1796       0       1       0       0       0       000010001D   2261
     110       1       0       1       0       0       0               0D   2262
     122    1797       0       1       0       0       0       000010001D   2263
     122       1       0       1       0       0       0               0D   2264
     126    1798       0       1       0       0       0       000010501D   2265
     126       1       0       2       0       0       0               0D   2266
     126    1800       0       1       0       0       0       000010501D   2267
     126       1       0       2       0       0       0               0D   2268
     126    1802       0       1       0       0       0       000010501D   2269
     126       1       0       3       0       0       0               0D   2270
     126    1805       0       1       0       0       0       000010501D   2271
     126       1       0       3       0       0       0               0D   2272
     126    1808       0       1       0       0       0       000010501D   2273
     126       1       0       3       0       0       0               0D   2274
     126    1811       0       1       0       0       0       000010501D   2275
     126       1       0       3       0       0       0               0D   2276
     126    1814       0       1       0       0       0       000010501D   2277
     126       1       0       8       0       0       0               0D   2278
     126    1822       0       1       0       0       0       000010501D   2279
     126       1       0       3       0       0       0               0D   2280
     126    1825       0       1       0       0       0       000010501D   2281
     126       1       0       7       0       0       0               0D   2282
     126    1832       0       1       0       0       0       000010501D   2283
     126       1       0       3       0       0       0               0D   2284
     126    1835       0       1       0       0       0       000010501D   2285
     126       1       0       3       0       0       0               0D   2286
     126    1838       0       1       0       0       0       000010501D   2287
     126       1       0       3       0       0       0               0D   2288
     126    1841       0       1       0       0       0       000010501D   2289
     126       1       0       3       0       0       0               0D   2290
     126    1844       0       1       0       0       0       000010501D   2291
     126       1       0       2       0       0       0               0D   2292
     102    1846       0       1       0       0       0       000010501D   2293
     102       1       0       2       0       0       0               0D   2294
     110    1848       0       1       0       0       0       000010001D   2295
     110       1       0       1       0       0       0               0D   2296
     110    1849       0       1       0       0       0       000010001D   2297
     110       1       0       1       0       0       0               0D   2298
     110    1850       0       1       0       0       0       000010001D   2299
     110       1       0       1       0       0       0               0D   2300
     110    1851       0       1       0       0       0       000010001D   2301
     110       1       0       1       0       0       0               0D   2302
     110    1852       0       1       0       0       0       000010001D   2303
     110       1       0       1       0       0       0               0D   2304
     110    1853       0       1       0       0       0       000010001D   2305
     110       1       0       1       0       0       0               0D   2306
     124    1854       0       1       0       0       0       000010001D   2307
     124       1       0       1       0       0       0               0D   2308
     100    1855       0       1       0       0    2307       000010001D   2309
     100       1       0       1       0       0       0               0D   2310
     110    1856       0       1       0       0       0       000010001D   2311
     110       1       0       1       0       0       0               0D   2312
     124    1857       0       1       0       0       0       000010001D   2313
     124       1       0       1       0       0       0               0D   2314
     100    1858       0       1       0       0    2313       000010001D   2315
     100       1       0       1       0       0       0               0D   2316
     110    1859       0       1       0       0       0       000010001D   2317
     110       1       0       1       0       0       0               0D   2318
     110    1860       0       1       0       0       0       000010001D   2319
     110       1       0       1       0       0       0               0D   2320
     110    1861       0       1       0       0       0       000010001D   2321
     110       1       0       1       0       0       0               0D   2322
     110    1862       0       1       0       0       0       000010001D   2323
     110       1       0       1       0       0       0               0D   2324
     110    1863       0       1       0       0       0       000010001D   2325
     110       1       0       1       0       0       0               0D   2326
     102    1864       0       1       0       0       0       000010001D   2327
     102       1       0       2       0       0       0               0D   2328
     142    1866       0       1       0       0       0       000010001D   2329
     142       1       0       1       0       0       0               0D   2330
     144    1867       0       1       0       0       0       000010001D   2331
     144       1       0       1       0       0       0               0D   2332
     110    1868       0       1       0       0       0       000010001D   2333
     110       1       0       1       0       0       0               0D   2334
     122    1869       0       1       0       0       0       000010001D   2335
     122       1       0       1       0       0       0               0D   2336
     126    1870       0       1       0       0       0       000010501D   2337
     126       1       0       2       0       0       0               0D   2338
     126    1872       0       1       0       0       0       000010501D   2339
     126       1       0       2       0       0       0               0D   2340
     126    1874       0       1       0       0       0       000010501D   2341
     126       1       0       2       0       0       0               0D   2342
     126    1876       0       1       0       0       0       000010501D   2343
     126       1       0       2       0       0       0               0D   2344
     102    1878       0       1       0       0       0       000010501D   2345
     102       1       0       1       0       0       0               0D   2346
     110    1879       0       1       0       0       0       000010001D   2347
     110       1       0       1       0       0       0               0D   2348
     110    1880       0       1       0       0       0       000010001D   2349
     110       1       0       1       0       0       0               0D   2350
     110    1881       0       1       0       0       0       000010001D   2351
     110       1       0       1       0       0       0               0D   2352
     110    1882       0       1       0       0       0       000010001D   2353
     110       1       0       1       0       0       0               0D   2354
     102    1883       0       1       0       0       0       000010001D   2355
     102       1       0       1       0       0       0               0D   2356
     142    1884       0       1       0       0       0       000010001D   2357
     142       1       0       1       0       0       0               0D   2358
     144    1885       0       1       0       0       0       000010001D   2359
     144       1       0       1       0       0       0               0D   2360
     110    1886       0       1       0       0       0       000010001D   2361
     110       1       0       1       0       0       0               0D   2362
     122    1887       0       1       0       0       0       000010001D   2363
     122       1       0       1       0       0       0               0D   2364
     126    1888       0       1       0       0       0       000010501D   2365
     126       1       0       2       0       0       0               0D   2366
     126    1890       0       1       0       0       0       000010501D   2367
     126       1       0       2       0       0       0               0D   2368
     126    1892       0       1       0       0       0       000010501D   2369
     126       1       0       2       0       0       0               0D   2370
     126    1894       0       1       0       0       0       000010501D   2371
     126       1       0       2       0       0       0               0D   2372
     102    1896       0       1       0       0       0       000010501D   2373
     102       1       0       1       0       0       0               0D   2374
     110    1897       0       1       0       0       0       000010001D   2375
     110       1       0       1       0       0       0               0D   2376
     110    1898       0       1       0       0       0       000010001D   2377
     110       1       0       1       0       0       0               0D   2378
     110    1899       0       1       0       0       0       000010001D   2379
     110       1       0       1       0       0       0               0D   2380
     110    1900       0       1       0       0       0       000010001D   2381
     110       1       0       1       0       0       0               0D   2382
     102    1901       0       1       0       0       0       000010001D   2383
     102       1       0       1       0       0       0               0D   2384
     142    1902       0       1       0       0       0       000010001D   2385
     142       1       0       1       0       0       0               0D   2386
     144    1903       0       1       0       0       0       000010001D   2387
     144       1       0       1       0       0       0               0D   2388
     110    1904       0       1       0       0       0       000010001D   2389
     110       1       0       1       0       0       0               0D   2390
     122    1905       0       1       0       0       0       000010001D   2391
     122       1       0       1       0       0       0               0D   2392
     126    1906       0       1       0       0       0       000010501D   2393
     126       1       0       2       0       0       0               0D   2394
     126    1908       0       1       0       0       0       000010501D   2395
     126       1       0       2       0       0       0               0D   2396
     126    1910       0       1       0       0       0       000010501D   2397
     126       1       0       2       0       0       0               0D   2398
     126    1912       0       1       0       0       0       000010501D   2399
     126       1       0       2       0       0       0               0D   2400
     102    1914       0       1       0       0       0       000010501D   2401
     102       1       0       1       0       0       0               0D   2402
     110    1915       0       1       0       0       0       000010001D   2403
     110       1       0       1       0       0       0               0D   2404
     110    1916       0       1       0       0       0       000010001D   2405
     110       1       0       1       0       0       0               0D   2406
     110    1917       0       1       0       0       0       000010001D   2407
     110       1       0       1       0       0       0               0D   2408
     110    1918       0       1       0       0       0       000010001D   2409
     110       1       0       1       0       0       0               0D   2410
     102    1919       0       1       0       0       0       000010001D   2411
     102       1       0       1       0       0       0               0D   2412
     142    1920       0       1       0       0       0       000010001D   2413
     142       1       0       1       0       0       0               0D   2414
     144    1921       0       1       0       0       0       000010001D   2415
     144       1       0       1       0       0       0               0D   2416
     110    1922       0       1       0       0       0       000010001D   2417
     110       1       0       1       0       0       0               0D   2418
     122    1923       0       1       0       0       0       000010001D   2419
     122       1       0       1       0       0       0               0D   2420
     126    1924       0       1       0       0       0       000010501D   2421
     126       1       0       2       0       0       0               0D   2422
     126    1926       0       1       0       0       0       000010501D   2423
     126       1       0       2       0       0       0               0D   2424
     126    1928       0       1       0       0       0       000010501D   2425
     126       1       0       2       0       0       0               0D   2426
     126    1930       0       1       0       0       0       000010501D   2427
     126       1       0       2       0       0       0               0D   2428
     102    1932       0       1       0       0       0       000010501D   2429
     102       1       0       1       0       0       0               0D   2430
     110    1933       0       1       0       0       0       000010001D   2431
     110       1       0       1       0       0       0               0D   2432
     110    1934       0       1       0       0       0       000010001D   2433
     110       1       0       1       0       0       0               0D   2434
     110    1935       0       1       0       0       0       000010001D   2435
     110       1       0       1       0       0       0               0D   2436
     110    1936       0       1       0       0       0       000010001D   2437
     110       1       0       1       0       0       0               0D   2438
     102    1937       0       1       0       0       0       000010001D   2439
     102       1       0       1       0       0       0               0D   2440
     142    1938       0       1       0       0       0       000010001D   2441
     142       1       0       1       0       0       0               0D   2442
     144    1939       0       1       0       0       0       000010001D   2443
     144       1       0       1       0       0       0               0D   2444
     110    1940       0       1       0       0       0       000010001D   2445
     110       1       0       1       0       0       0               0D   2446
     110    1941       0       1       0       0       0       000010001D   2447
     110       1       0       1       0       0       0               0D   2448
     120    1942       0       1       0       0       0       000010001D   2449
     120       1       0       1       0       0       0               0D   2450
     126    1943       0       1       0       0       0       000010501D   2451
     126       1       0       4       0       0       0               0D   2452
     126    1947       0       1       0       0       0       000010501D   2453
     126       1       0       2       0       0       0               0D   2454
     126    1949       0       1       0       0       0       000010501D   2455
     126       1       0       4       0       0       0               0D   2456
     126    1953       0       1       0       0       0       000010501D   2457
     126       1       0       2       0       0       0               0D   2458
     102    1955       0       1       0       0       0       000010501D   2459
     102       1       0       1       0       0       0               0D   2460
     124    1956       0       1       0       0       0       000010001D   2461
     124       1       0       1       0       0       0               0D   2462
     100    1957       0       1       0       0    2461       000010001D   2463
     100       1       0       1       0       0       0               0D   2464
     110    1958       0       1       0       0       0       000010001D   2465
     110       1       0       1       0       0       0               0D   2466
     124    1959       0       1       0       0       0       000010001D   2467
     124       1       0       1       0       0       0               0D   2468
     100    1960       0       1       0       0    2467       000010001D   2469
     100       1       0       1       0       0       0               0D   2470
     110    1961       0       1       0       0       0       000010001D   2471
     110       1       0       1       0       0       0               0D   2472
     102    1962       0       1       0       0       0       000010001D   2473
     102       1       0       1       0       0       0               0D   2474
     142    1963       0       1       0       0       0       000010001D   2475
     142       1       0       1       0       0       0               0D   2476
     144    1964       0       1       0       0       0       000010001D   2477
     144       1       0       1       0       0       0               0D   2478
     110    1965       0       1       0       0       0       000010001D   2479
     110       1       0       1       0       0       0               0D   2480
     122    1966       0       1       0       0       0       000010001D   2481
     122       1       0       1       0       0       0               0D   2482
     126    1967       0       1       0       0       0       000010501D   2483
     126       1       0       2       0       0       0               0D   2484
     126    1969       0       1       0       0       0       000010501D   2485
     126       1       0       2       0       0       0               0D   2486
     126    1971       0       1       0       0       0       000010501D   2487
     126       1       0       2       0       0       0               0D   2488
     126    1973       0       1       0       0       0       000010501D   2489
     126       1       0       2       0       0       0               0D   2490
     102    1975       0       1       0       0       0       000010501D   2491
     102       1       0       1       0       0       0               0D   2492
     110    1976       0       1       0       0       0       000010001D   2493
     110       1       0       1       0       0       0               0D   2494
     110    1977       0       1       0       0       0       000010001D   2495
     110       1       0       1       0       0       0               0D   2496
     110    1978       0       1       0       0       0       000010001D   2497
     110       1       0       1       0       0       0               0D   2498
     110    1979       0       1       0       0       0       000010001D   2499
     110       1       0       1       0       0       0               0D   2500
     102    1980       0       1       0       0       0       000010001D   2501
     102       1       0       1       0       0       0               0D   2502
     142    1981       0       1       0       0       0       000010001D   2503
     142       1       0       1       0       0       0               0D   2504
     144    1982       0       1       0       0       0       000010001D   2505
     144       1       0       1       0       0       0               0D   2506
     110    1983       0       1       0       0       0       000010001D   2507
     110       1       0       1       0       0       0               0D   2508
     110    1984       0       1       0       0       0       000010001D   2509
     110       1       0       1       0       0       0               0D   2510
     120    1985       0       1       0       0       0       000010001D   2511
     120       1       0       1       0       0       0               0D   2512
     126    1986       0       1       0       0       0       000010501D   2513
     126       1       0       4       0       0       0               0D   2514
     126    1990       0       1       0       0       0       000010501D   2515
     126       1       0       2       0       0       0               0D   2516
     126    1992       0       1       0       0       0       000010501D   2517
     126       1       0       4       0       0       0               0D   2518
     126    1996       0       1       0       0       0       000010501D   2519
     126       1       0       2       0       0       0               0D   2520
     102    1998       0       1       0       0       0       000010501D   2521
     102       1       0       1       0       0       0               0D   2522
     124    1999       0       1       0       0       0       000010001D   2523
     124       1       0       1       0       0       0               0D   2524
     100    2000       0       1       0       0    2523       000010001D   2525
     100       1       0       1       0       0       0               0D   2526
     110    2001       0       1       0       0       0       000010001D   2527
     110       1       0       1       0       0       0               0D   2528
     124    2002       0       1       0       0       0       000010001D   2529
     124       1       0       1       0       0       0               0D   2530
     100    2003       0       1       0       0    2529       000010001D   2531
     100       1       0       1       0       0       0               0D   2532
     110    2004       0       1       0       0       0       000010001D   2533
     110       1       0       1       0       0       0               0D   2534
     102    2005       0       1       0       0       0       000010001D   2535
     102       1       0       1       0       0       0               0D   2536
     142    2006       0       1       0       0       0       000010001D   2537
     142       1       0       1       0       0       0               0D   2538
     144    2007       0       1       0       0       0       000010001D   2539
     144       1       0       1       0       0       0               0D   2540
     110    2008       0       1       0       0       0       000010001D   2541
     110       1       0       1       0       0       0               0D   2542
     122    2009       0       1       0       0       0       000010001D   2543
     122       1       0       1       0       0       0               0D   2544
     126    2010       0       1       0       0       0       000010501D   2545
     126       1       0       2       0       0       0               0D   2546
     126    2012       0       1       0       0       0       000010501D   2547
     126       1       0       2       0       0       0               0D   2548
     126    2014       0       1       0       0       0       000010501D   2549
     126       1       0       2       0       0       0               0D   2550
     126    2016       0       1       0       0       0       000010501D   2551
     126       1       0       2       0       0       0               0D   2552
     102    2018       0       1       0       0       0       000010501D   2553
     102       1       0       1       0       0       0               0D   2554
     110    2019       0       1       0       0       0       000010001D   2555
     110       1       0       1       0       0       0               0D   2556
     110    2020       0       1       0       0       0       000010001D   2557
     110       1       0       1       0       0       0               0D   2558
     110    2021       0       1       0       0       0       000010001D   2559
     110       1       0       1       0       0       0               0D   2560
     110    2022       0       1       0       0       0       000010001D   2561
     110       1       0       1       0       0       0               0D   2562
     102    2023       0       1       0       0       0       000010001D   2563
     102       1       0       1       0       0       0               0D   2564
     142    2024       0       1       0       0       0       000010001D   2565
     142       1       0       1       0       0       0               0D   2566
     144    2025       0       1       0       0       0       000010001D   2567
     144       1       0       1       0       0       0               0D   2568
     110    2026       0       1       0       0       0       000010001D   2569
     110       1       0       1       0       0       0               0D   2570
     122    2027       0       1       0       0       0       000010001D   2571
     122       1       0       1       0       0       0               0D   2572
     126    2028       0       1       0       0       0       000010501D   2573
     126       1       0       2       0       0       0               0D   2574
     126    2030       0       1       0       0       0       000010501D   2575
     126       1       0       2       0       0       0               0D   2576
     126    2032       0       1       0       0       0       000010501D   2577
     126       1       0       2       0       0       0               0D   2578
     126    2034       0       1       0       0       0       000010501D   2579
     126       1       0       2       0       0       0               0D   2580
     102    2036       0       1       0       0       0       000010501D   2581
     102       1       0       1       0       0       0               0D   2582
     110    2037       0       1       0       0       0       000010001D   2583
     110       1       0       1       0       0       0               0D   2584
     110    2038       0       1       0       0       0       000010001D   2585
     110       1       0       1       0       0       0               0D   2586
     110    2039       0       1       0       0       0       000010001D   2587
     110       1       0       1       0       0       0               0D   2588
     110    2040       0       1       0       0       0       000010001D   2589
     110       1       0       1       0       0       0               0D   2590
     102    2041       0       1       0       0       0       000010001D   2591
     102       1       0       1       0       0       0               0D   2592
     142    2042       0       1       0       0       0       000010001D   2593
     142       1       0       1       0       0       0               0D   2594
     144    2043       0       1       0       0       0       000010001D   2595
     144       1       0       1       0       0       0               0D   2596
     110    2044       0       1       0       0       0       000010001D   2597
     110       1       0       1       0       0       0               0D   2598
     122    2045       0       1       0       0       0       000010001D   2599
     122       1       0       1       0       0       0               0D   2600
     126    2046       0       1       0       0       0       000010501D   2601
     126       1       0       2       0       0       0               0D   2602
     126    2048       0       1       0       0       0       000010501D   2603
     126       1       0       2       0       0       0               0D   2604
     126    2050       0       1       0       0       0       000010501D   2605
     126       1       0       2       0       0       0               0D   2606
     126    2052       0       1       0       0       0       000010501D   2607
     126       1       0       2       0       0       0               0D   2608
     102    2054       0       1       0       0       0       000010501D   2609
     102       1       0       1       0       0       0               0D   2610
     110    2055       0       1       0       0       0       000010001D   2611
     110       1       0       1       0       0       0               0D   2612
     110    2056       0       1       0       0       0       000010001D   2613
     110       1       0       1       0       0       0               0D   2614
     110    2057       0       1       0       0       0       000010001D   2615
     110       1       0       1       0       0       0               0D   2616
     110    2058       0       1       0       0       0       000010001D   2617
     110       1       0       1       0       0       0               0D   2618
     102    2059       0       1       0       0       0       000010001D   2619
     102       1       0       1       0       0       0               0D   2620
     142    2060       0       1       0       0       0       000010001D   2621
     142       1       0       1       0       0       0               0D   2622
     144    2061       0       1       0       0       0       000010001D   2623
     144       1       0       1       0       0       0               0D   2624
     110    2062       0       1       0       0       0       000010001D   2625
     110       1       0       1       0       0       0               0D   2626
     122    2063       0       1       0       0       0       000010001D   2627
     122       1       0       1       0       0       0               0D   2628
     126    2064       0       1       0       0       0       000010501D   2629
     126       1       0       2       0       0       0               0D   2630
     126    2066       0       1       0       0       0       000010501D   2631
     126       1       0       2       0       0       0               0D   2632
     126    2068       0       1       0       0       0       000010501D   2633
     126       1       0       2       0       0       0               0D   2634
     126    2070       0       1       0       0       0       000010501D   2635
     126       1       0       2       0       0       0               0D   2636
     102    2072       0       1       0       0       0       000010501D   2637
     102       1       0       1       0       0       0               0D   2638
     110    2073       0       1       0       0       0       000010001D   2639
     110       1       0       1       0       0       0               0D   2640
     110    2074       0       1       0       0       0       000010001D   2641
     110       1       0       1       0       0       0               0D   2642
     110    2075       0       1       0       0       0       000010001D   2643
     110       1       0       1       0       0       0               0D   2644
     110    2076       0       1       0       0       0       000010001D   2645
     110       1       0       1       0       0       0               0D   2646
     102    2077       0       1       0       0       0       000010001D   2647
     102       1       0       1       0       0       0               0D   2648
     142    2078       0       1       0       0       0       000010001D   2649
     142       1       0       1       0       0       0               0D   2650
     144    2079       0       1       0       0       0       000010001D   2651
     144       1       0       1       0       0       0               0D   2652
     110    2080       0       1       0       0       0       000010001D   2653
     110       1       0       1       0       0       0               0D   2654
     122    2081       0       1       0       0       0       000010001D   2655
     122       1       0       1       0       0       0               0D   2656
     126    2082       0       1       0       0       0       000010501D   2657
     126       1       0       2       0       0       0               0D   2658
     126    2084       0       1       0       0       0       000010501D   2659
     126       1       0       2       0       0       0               0D   2660
     126    2086       0       1       0       0       0       000010501D   2661
     126       1       0       2       0       0       0               0D   2662
     126    2088       0       1       0       0       0       000010501D   2663
     126       1       0       2       0       0       0               0D   2664
     102    2090       0       1       0       0       0       000010501D   2665
     102       1       0       1       0       0       0               0D   2666
     110    2091       0       1       0       0       0       000010001D   2667
     110       1       0       1       0       0       0               0D   2668
     110    2092       0       1       0       0       0       000010001D   2669
     110       1       0       1       0       0       0               0D   2670
     110    2093       0       1       0       0       0       000010001D   2671
     110       1       0       1       0       0       0               0D   2672
     110    2094       0       1       0       0       0       000010001D   2673
     110       1       0       1       0       0       0               0D   2674
     102    2095       0       1       0       0       0       000010001D   2675
     102       1       0       1       0       0       0               0D   2676
     142    2096       0       1       0       0       0       000010001D   2677
     142       1       0       1       0       0       0               0D   2678
     144    2097       0       1       0       0       0       000010001D   2679
     144       1       0       1       0       0       0               0D   2680
     110    2098       0       1       0       0       0       000010001D   2681
     110       1       0       1       0       0       0               0D   2682
     122    2099       0       1       0       0       0       000010001D   2683
     122       1       0       1       0       0       0               0D   2684
     126    2100       0       1       0       0       0       000010501D   2685
     126       1       0       2       0       0       0               0D   2686
     126    2102       0       1       0       0       0       000010501D   2687
     126       1       0       2       0       0       0               0D   2688
     126    2104       0       1       0       0       0       000010501D   2689
     126       1       0       2       0       0       0               0D   2690
     126    2106       0       1       0       0       0       000010501D   2691
     126       1       0       2       0       0       0               0D   2692
     102    2108       0       1       0       0       0       000010501D   2693
     102       1       0       1       0       0       0               0D   2694
     110    2109       0       1       0       0       0       000010001D   2695
     110       1       0       1       0       0       0               0D   2696
     110    2110       0       1       0       0       0       000010001D   2697
     110       1       0       1       0       0       0               0D   2698
     110    2111       0       1       0       0       0       000010001D   2699
     110       1       0       1       0       0       0               0D   2700
     110    2112       0       1       0       0       0       000010001D   2701
     110       1       0       1       0       0       0               0D   2702
     102    2113       0       1       0       0       0       000010001D   2703
     102       1       0       1       0       0       0               0D   2704
     142    2114       0       1       0       0       0       000010001D   2705
     142       1       0       1       0       0       0               0D   2706
     144    2115       0       1       0       0       0       000010001D   2707
     144       1       0       1       0       0       0               0D   2708
     110    2116       0       1       0       0       0       000010001D   2709
     110       1       0       1       0       0       0               0D   2710
     122    2117       0       1       0       0       0       000010001D   2711
     122       1       0       1       0       0       0               0D   2712
     126    2118       0       1       0       0       0       000010501D   2713
     126       1       0       2       0       0       0               0D   2714
     126    2120       0       1       0       0       0       000010501D   2715
     126       1       0       2       0       0       0               0D   2716
     126    2122       0       1       0       0       0       000010501D   2717
     126       1       0       2       0       0       0               0D   2718
     126    2124       0       1       0       0       0       000010501D   2719
     126       1       0       2       0       0       0               0D   2720
     102    2126       0       1       0       0       0       000010501D   2721
     102       1       0       1       0       0       0               0D   2722
     110    2127       0       1       0       0       0       000010001D   2723
     110       1       0       1       0       0       0               0D   2724
     110    2128       0       1       0       0       0       000010001D   2725
     110       1       0       1       0       0       0               0D   2726
     110    2129       0       1       0       0       0       000010001D   2727
     110       1       0       1       0       0       0               0D   2728
     110    2130       0       1       0       0       0       000010001D   2729
     110       1       0       1       0       0       0               0D   2730
     102    2131       0       1       0       0       0       000010001D   2731
     102       1       0       1       0       0       0               0D   2732
     142    2132       0       1       0       0       0       000010001D   2733
     142       1       0       1       0       0       0               0D   2734
     144    2133       0       1       0       0       0       000010001D   2735
     144       1       0       1       0       0       0               0D   2736
     110    2134       0       1       0       0       0       000010001D   2737
     110       1       0       1       0       0       0               0D   2738
     122    2135       0       1       0       0       0       000010001D   2739
     122       1       0       1       0       0       0               0D   2740
     126    2136       0       1       0       0       0       000010501D   2741
     126       1       0       2       0       0       0               0D   2742
     126    2138       0       1       0       0       0       000010501D   2743
     126       1       0       2       0       0       0               0D   2744
     126    2140       0       1       0       0       0       000010501D   2745
     126       1       0       2       0       0       0               0D   2746
     126    2142       0       1       0       0       0       000010501D   2747
     126       1       0       3       0       0       0               0D   2748
     126    2145       0       1       0       0       0       000010501D   2749
     126       1       0       3       0       0       0               0D   2750
     126    2148       0       1       0       0       0       000010501D   2751
     126       1       0       3       0       0       0               0D   2752
     126    2151       0       1       0       0       0       000010501D   2753
     126       1       0       7       0       0       0               0D   2754
     126    2158       0       1       0       0       0       000010501D   2755
     126       1       0       3       0       0       0               0D   2756
     126    2161       0       1       0       0       0       000010501D   2757
     126       1       0       7       0       0       0               0D   2758
     126    2168       0       1       0       0       0       000010501D   2759
     126       1       0       3       0       0       0               0D   2760
     126    2171       0       1       0       0       0       000010501D   2761
     126       1       0       3       0       0       0               0D   2762
     126    2174       0       1       0       0       0       000010501D   2763
     126       1       0       3       0       0       0               0D   2764
     126    2177       0       1       0       0       0       000010501D   2765
     126       1       0       2       0       0       0               0D   2766
     126    2179       0       1       0       0       0       000010501D   2767
     126       1       0       2       0       0       0               0D   2768
     126    2181       0       1       0       0       0       000010501D   2769
     126       1       0       2       0       0       0               0D   2770
     126    2183       0       1       0       0       0       000010501D   2771
     126       1       0       3       0       0       0               0D   2772
     126    2186       0       1       0       0       0       000010501D   2773
     126       1       0       3       0       0       0               0D   2774
     126    2189       0       1       0       0       0       000010501D   2775
     126       1       0       3       0       0       0               0D   2776
     102    2192       0       1       0       0       0       000010501D   2777
     102       1       0       2       0       0       0               0D   2778
     110    2194       0       1       0       0       0       000010001D   2779
     110       1       0       1       0       0       0               0D   2780
     110    2195       0       1       0       0       0       000010001D   2781
     110       1       0       1       0       0       0               0D   2782
     110    2196       0       1       0       0       0       000010001D   2783
     110       1       0       1       0       0       0               0D   2784
     110    2197       0       1       0       0       0       000010001D   2785
     110       1       0       1       0       0       0               0D   2786
     110    2198       0       1       0       0       0       000010001D   2787
     110       1       0       1       0       0       0               0D   2788
     110    2199       0       1       0       0       0       000010001D   2789
     110       1       0       1       0       0       0               0D   2790
     124    2200       0       1       0       0       0       000010001D   2791
     124       1       0       1       0       0       0               0D   2792
     100    2201       0       1       0       0    2791       000010001D   2793
     100       1       0       1       0       0       0               0D   2794
     110    2202       0       1       0       0       0       000010001D   2795
     110       1       0       1       0       0       0               0D   2796
     124    2203       0       1       0       0       0       000010001D   2797
     124       1       0       1       0       0       0               0D   2798
     100    2204       0       1       0       0    2797       000010001D   2799
     100       1       0       1       0       0       0               0D   2800
     110    2205       0       1       0       0       0       000010001D   2801
     110       1       0       1       0       0       0               0D   2802
     110    2206       0       1       0       0       0       000010001D   2803
     110       1       0       1       0       0       0               0D   2804
     110    2207       0       1       0       0       0       000010001D   2805
     110       1       0       1       0       0       0               0D   2806
     110    2208       0       1       0       0       0       000010001D   2807
     110       1       0       1       0       0       0               0D   2808
     110    2209       0       1       0       0       0       000010001D   2809
     110       1       0       1       0       0       0               0D   2810
     110    2210       0       1       0       0       0       000010001D   2811
     110       1       0       1       0       0       0               0D   2812
     110    2211       0       1       0       0       0       000010001D   2813
     110       1       0       1       0       0       0               0D   2814
     110    2212       0       1       0       0       0       000010001D   2815
     110       1       0       1       0       0       0               0D   2816
     110    2213       0       1       0       0       0       000010001D   2817
     110       1       0       1       0       0       0               0D   2818
     102    2214       0       1       0       0       0       000010001D   2819
     102       1       0       2       0       0       0               0D   2820
     142    2216       0       1       0       0       0       000010001D   2821
     142       1       0       1       0       0       0               0D   2822
     144    2217       0       1       0       0       0       000010001D   2823
     144       1       0       1       0       0       0               0D   2824
     110    2218       0       1       0       0       0       000010001D   2825
     110       1       0       2       0       0       0               0D   2826
     122    2220       0       1       0       0       0       000010001D   2827
     122       1       0       1       0       0       0               0D   2828
     126    2221       0       1       0       0       0       000010501D   2829
     126       1       0       4       0       0       0               0D   2830
     126    2225       0       1       0       0       0       000010501D   2831
     126       1       0       4       0       0       0               0D   2832
     126    2229       0       1       0       0       0       000010501D   2833
     126       1       0       2       0       0       0               0D   2834
     126    2231       0       1       0       0       0       000010501D   2835
     126       1       0       4       0       0       0               0D   2836
     126    2235       0       1       0       0       0       000010501D   2837
     126       1       0       3       0       0       0               0D   2838
     126    2238       0       1       0       0       0       000010501D   2839
     126       1       0       4       0       0       0               0D   2840
     126    2242       0       1       0       0       0       000010501D   2841
     126       1       0       2       0       0       0               0D   2842
     126    2244       0       1       0       0       0       000010501D   2843
     126       1       0       4       0       0       0               0D   2844
     126    2248       0       1       0       0       0       000010501D   2845
     126       1       0       3       0       0       0               0D   2846
     126    2251       0       1       0       0       0       000010501D   2847
     126       1       0       4       0       0       0               0D   2848
     126    2255       0       1       0       0       0       000010501D   2849
     126       1       0       2       0       0       0               0D   2850
     126    2257       0       1       0       0       0       000010501D   2851
     126       1       0       4       0       0       0               0D   2852
     102    2261       0       1       0       0       0       000010501D   2853
     102       1       0       2       0       0       0               0D   2854
     110    2263       0       1       0       0       0       000010001D   2855
     110       1       0       2       0       0       0               0D   2856
     110    2265       0       1       0       0       0       000010001D   2857
     110       1       0       2       0       0       0               0D   2858
     110    2267       0       1       0       0       0       000010001D   2859
     110       1       0       2       0       0       0               0D   2860
     110    2269       0       1       0       0       0       000010001D   2861
     110       1       0       2       0       0       0               0D   2862
     110    2271       0       1       0       0       0       000010001D   2863
     110       1       0       2       0       0       0               0D   2864
     110    2273       0       1       0       0       0       000010001D   2865
     110       1       0       2       0       0       0               0D   2866
     110    2275       0       1       0       0       0       000010001D   2867
     110       1       0       2       0       0       0               0D   2868
     102    2277       0       1       0       0       0       000010001D   2869
     102       1       0       1       0       0       0               0D   2870
     142    2278       0       1       0       0       0       000010001D   2871
     142       1       0       1       0       0       0               0D   2872
     144    2279       0       1       0       0       0       000010001D   2873
     144       1       0       1       0       0       0               0D   2874
     110    2280       0       1       0       0       0       000010001D   2875
     110       1       0       2       0       0       0               0D   2876
     122    2282       0       1       0       0       0       000010001D   2877
     122       1       0       1       0       0       0               0D   2878
     126    2283       0       1       0       0       0       000010501D   2879
     126       1       0       4       0       0       0               0D   2880
     126    2287       0       1       0       0       0       000010501D   2881
     126       1       0       2       0       0       0               0D   2882
     126    2289       0       1       0       0       0       000010501D   2883
     126       1       0       4       0       0       0               0D   2884
     126    2293       0       1       0       0       0       000010501D   2885
     126       1       0       3       0       0       0               0D   2886
     126    2296       0       1       0       0       0       000010501D   2887
     126       1       0       4       0       0       0               0D   2888
     126    2300       0       1       0       0       0       000010501D   2889
     126       1       0       2       0       0       0               0D   2890
     126    2302       0       1       0       0       0       000010501D   2891
     126       1       0       4       0       0       0               0D   2892
     126    2306       0       1       0       0       0       000010501D   2893
     126       1       0       3       0       0       0               0D   2894
     126    2309       0       1       0       0       0       000010501D   2895
     126       1       0       4       0       0       0               0D   2896
     126    2313       0       1       0       0       0       000010501D   2897
     126       1       0       2       0       0       0               0D   2898
     126    2315       0       1       0       0       0       000010501D   2899
     126       1       0       4       0       0       0               0D   2900
     126    2319       0       1       0       0       0       000010501D   2901
     126       1       0       3       0       0       0               0D   2902
     126    2322       0       1       0       0       0       000010501D   2903
     126       1       0       4       0       0       0               0D   2904
     126    2326       0       1       0       0       0       000010501D   2905
     126       1       0       2       0       0       0               0D   2906
     126    2328       0       1       0       0       0       000010501D   2907
     126       1       0       4       0       0       0               0D   2908
     126    2332       0       1       0       0       0       000010501D   2909
     126       1       0       3       0       0       0               0D   2910
     102    2335       0       1       0       0       0       000010501D   2911
     102       1       0       2       0       0       0               0D   2912
     110    2337       0       1       0       0       0       000010001D   2913
     110       1       0       2       0       0       0               0D   2914
     110    2339       0       1       0       0       0       000010001D   2915
     110       1       0       2       0       0       0               0D   2916
     110    2341       0       1       0       0       0       000010001D   2917
     110       1       0       2       0       0       0               0D   2918
     110    2343       0       1       0       0       0       000010001D   2919
     110       1       0       2       0       0       0               0D   2920
     110    2345       0       1       0       0       0       000010001D   2921
     110       1       0       2       0       0       0               0D   2922
     110    2347       0       1       0       0       0       000010001D   2923
     110       1       0       2       0       0       0               0D   2924
     110    2349       0       1       0       0       0       000010001D   2925
     110       1       0       2       0       0       0               0D   2926
     110    2351       0       1       0       0       0       000010001D   2927
     110       1       0       2       0       0       0               0D   2928
     102    2353       0       1       0       0       0       000010001D   2929
     102       1       0       1       0       0       0               0D   2930
     142    2354       0       1       0       0       0       000010001D   2931
     142       1       0       1       0       0       0               0D   2932
     144    2355       0       1       0       0       0       000010001D   2933
     144       1       0       1       0       0       0               0D   2934
     110    2356       0       1       0       0       0       000010001D   2935
     110       1       0       1       0       0       0               0D   2936
     122    2357       0       1       0       0       0       000010001D   2937
     122       1       0       1       0       0       0               0D   2938
     126    2358       0       1       0       0       0       000010501D   2939
     126       1       0       3       0       0       0               0D   2940
     126    2361       0       1       0       0       0       000010501D   2941
     126       1       0       2       0       0       0               0D   2942
     126    2363       0       1       0       0       0       000010501D   2943
     126       1       0       3       0       0       0               0D   2944
     126    2366       0       1       0       0       0       000010501D   2945
     126       1       0       3       0       0       0               0D   2946
     126    2369       0       1       0       0       0       000010501D   2947
     126       1       0       3       0       0       0               0D   2948
     126    2372       0       1       0       0       0       000010501D   2949
     126       1       0       3       0       0       0               0D   2950
     126    2375       0       1       0       0       0       000010501D   2951
     126       1       0       3       0       0       0               0D   2952
     126    2378       0       1       0       0       0       000010501D   2953
     126       1       0       2       0       0       0               0D   2954
     126    2380       0       1       0       0       0       000010501D   2955
     126       1       0       3       0       0       0               0D   2956
     126    2383       0       1       0       0       0       000010501D   2957
     126       1       0       3       0       0       0               0D   2958
     126    2386       0       1       0       0       0       000010501D   2959
     126       1       0       3       0       0       0               0D   2960
     126    2389       0       1       0       0       0       000010501D   2961
     126       1       0       3       0       0       0               0D   2962
     102    2392       0       1       0       0       0       000010501D   2963
     102       1       0       2       0       0       0               0D   2964
     110    2394       0       1       0       0       0       000010001D   2965
     110       1       0       1       0       0       0               0D   2966
     110    2395       0       1       0       0       0       000010001D   2967
     110       1       0       1       0       0       0               0D   2968
     110    2396       0       1       0       0       0       000010001D   2969
     110       1       0       1       0       0       0               0D   2970
     110    2397       0       1       0       0       0       000010001D   2971
     110       1       0       1       0       0       0               0D   2972
     110    2398       0       1       0       0       0       000010001D   2973
     110       1       0       1       0       0       0               0D   2974
     110    2399       0       1       0       0       0       000010001D   2975
     110       1       0       1       0       0       0               0D   2976
     110    2400       0       1       0       0       0       000010001D   2977
     110       1       0       1       0       0       0               0D   2978
     110    2401       0       1       0       0       0       000010001D   2979
     110       1       0       1       0       0       0               0D   2980
     110    2402       0       1       0       0       0       000010001D   2981
     110       1       0       1       0       0       0               0D   2982
     110    2403       0       1       0       0       0       000010001D   2983
     110       1       0       1       0       0       0               0D   2984
     110    2404       0       1       0       0       0       000010001D   2985
     110       1       0       1       0       0       0               0D   2986
     110    2405       0       1       0       0       0       000010001D   2987
     110       1       0       1       0       0       0               0D   2988
     102    2406       0       1       0       0       0       000010001D   2989
     102       1       0       2       0       0       0               0D   2990
     142    2408       0       1       0       0       0       000010001D   2991
     142       1       0       1       0       0       0               0D   2992
     126    2409       0       1       0       0       0       000010501D   2993
     126       1       0       4       0       0       0               0D   2994
     126    2413       0       1       0       0       0       000010501D   2995
     126       1       0       4       0       0       0               0D   2996
     126    2417       0       1       0       0       0       000010501D   2997
     126       1       0       3       0       0       0               0D   2998
     126    2420       0       1       0       0       0       000010501D   2999
     126       1       0       4       0       0       0               0D   3000
     126    2424       0       1       0       0       0       000010501D   3001
     126       1       0       4       0       0       0               0D   3002
     126    2428       0       1       0       0       0       000010501D   3003
     126       1       0       4       0       0       0               0D   3004
     126    2432       0       1       0       0       0       000010501D   3005
     126       1       0       4       0       0       0               0D   3006
     126    2436       0       1       0       0       0       000010501D   3007
     126       1       0       5       0       0       0               0D   3008
     126    2441       0       1       0       0       0       000010501D   3009
     126       1       0       3       0       0       0               0D   3010
     126    2444       0       1       0       0       0       000010501D   3011
     126       1       0       4       0       0       0               0D   3012
     126    2448       0       1       0       0       0       000010501D   3013
     126       1       0       3       0       0       0               0D   3014
     126    2451       0       1       0       0       0       000010501D   3015
     126       1       0       4       0       0       0               0D   3016
     126    2455       0       1       0       0       0       000010501D   3017
     126       1       0       3       0       0       0               0D   3018
     126    2458       0       1       0       0       0       000010501D   3019
     126       1       0       4       0       0       0               0D   3020
     126    2462       0       1       0       0       0       000010501D   3021
     126       1       0       3       0       0       0               0D   3022
     126    2465       0       1       0       0       0       000010501D   3023
     126       1       0       4       0       0       0               0D   3024
     126    2469       0       1       0       0       0       000010501D   3025
     126       1       0       3       0       0       0               0D   3026
     126    2472       0       1       0       0       0       000010501D   3027
     126       1       0       4       0       0       0               0D   3028
     126    2476       0       1       0       0       0       000010501D   3029
     126       1       0       3       0       0       0               0D   3030
     102    2479       0       1       0       0       0       000010501D   3031
     102       1       0       2       0       0       0               0D   3032
     110    2481       0       1       0       0       0       000010001D   3033
     110       1       0       2       0       0       0               0D   3034
     110    2483       0       1       0       0       0       000010001D   3035
     110       1       0       2       0       0       0               0D   3036
     110    2485       0       1       0       0       0       000010001D   3037
     110       1       0       2       0       0       0               0D   3038
     110    2487       0       1       0       0       0       000010001D   3039
     110       1       0       2       0       0       0               0D   3040
     110    2489       0       1       0       0       0       000010001D   3041
     110       1       0       2       0       0       0               0D   3042
     110    2491       0       1       0       0       0       000010001D   3043
     110       1       0       2       0       0       0               0D   3044
     110    2493       0       1       0       0       0       000010001D   3045
     110       1       0       2       0       0       0               0D   3046
     110    2495       0       1       0       0       0       000010001D   3047
     110       1       0       2       0       0       0               0D   3048
     110    2497       0       1       0       0       0       000010001D   3049
     110       1       0       2       0       0       0               0D   3050
     110    2499       0       1       0       0       0       000010001D   3051
     110       1       0       2       0       0       0               0D   3052
     110    2501       0       1       0       0       0       000010001D   3053
     110       1       0       2       0       0       0               0D   3054
     110    2503       0       1       0       0       0       000010001D   3055
     110       1       0       2       0       0       0               0D   3056
     102    2505       0       1       0       0       0       000010001D   3057
     102       1       0       2       0       0       0               0D   3058
     142    2507       0       1       0       0       0       000010001D   3059
     142       1       0       1       0       0       0               0D   3060
     126    2508       0       1       0       0       0       000010501D   3061
     126       1       0       4       0       0       0               0D   3062
     126    2512       0       1       0       0       0       000010501D   3063
     126       1       0       4       0       0       0               0D   3064
     126    2516       0       1       0       0       0       000010501D   3065
     126       1       0       4       0       0       0               0D   3066
     126    2520       0       1       0       0       0       000010501D   3067
     126       1       0       4       0       0       0               0D   3068
     126    2524       0       1       0       0       0       000010501D   3069
     126       1       0       4       0       0       0               0D   3070
     126    2528       0       1       0       0       0       000010501D   3071
     126       1       0       4       0       0       0               0D   3072
     126    2532       0       1       0       0       0       000010501D   3073
     126       1       0       4       0       0       0               0D   3074
     126    2536       0       1       0       0       0       000010501D   3075
     126       1       0       4       0       0       0               0D   3076
     102    2540       0       1       0       0       0       000010501D   3077
     102       1       0       1       0       0       0               0D   3078
     110    2541       0       1       0       0       0       000010001D   3079
     110       1       0       2       0       0       0               0D   3080
     110    2543       0       1       0       0       0       000010001D   3081
     110       1       0       2       0       0       0               0D   3082
     110    2545       0       1       0       0       0       000010001D   3083
     110       1       0       2       0       0       0               0D   3084
     110    2547       0       1       0       0       0       000010001D   3085
     110       1       0       2       0       0       0               0D   3086
     110    2549       0       1       0       0       0       000010001D   3087
     110       1       0       2       0       0       0               0D   3088
     110    2551       0       1       0       0       0       000010001D   3089
     110       1       0       2       0       0       0               0D   3090
     110    2553       0       1       0       0       0       000010001D   3091
     110       1       0       2       0       0       0               0D   3092
     110    2555       0       1       0       0       0       000010001D   3093
     110       1       0       2       0       0       0               0D   3094
     102    2557       0       1       0       0       0       000010001D   3095
     102       1       0       1       0       0       0               0D   3096
     142    2558       0       1       0       0       0       000010001D   3097
     142       1       0       1       0       0       0               0D   3098
     126    2559       0       1       0       0       0       000010501D   3099
     126       1       0       4       0       0       0               0D   3100
     126    2563       0       1       0       0       0       000010501D   3101
     126       1       0       5       0       0       0               0D   3102
     126    2568       0       1       0       0       0       000010501D   3103
     126       1       0       3       0       0       0               0D   3104
     126    2571       0       1       0       0       0       000010501D   3105
     126       1       0       4       0       0       0               0D   3106
     126    2575       0       1       0       0       0       000010501D   3107
     126       1       0       3       0       0       0               0D   3108
     126    2578       0       1       0       0       0       000010501D   3109
     126       1       0       4       0       0       0               0D   3110
     126    2582       0       1       0       0       0       000010501D   3111
     126       1       0       3       0       0       0               0D   3112
     126    2585       0       1       0       0       0       000010501D   3113
     126       1       0       4       0       0       0               0D   3114
     126    2589       0       1       0       0       0       000010501D   3115
     126       1       0       4       0       0       0               0D   3116
     126    2593       0       1       0       0       0       000010501D   3117
     126       1       0       4       0       0       0               0D   3118
     126    2597       0       1       0       0       0       000010501D   3119
     126       1       0       3       0       0       0               0D   3120
     126    2600       0       1       0       0       0       000010501D   3121
     126       1       0       4       0       0       0               0D   3122
     126    2604       0       1       0       0       0       000010501D   3123
     126       1       0       3       0       0       0               0D   3124
     126    2607       0       1       0       0       0       000010501D   3125
     126       1       0       4       0       0       0               0D   3126
     126    2611       0       1       0       0       0       000010501D   3127
     126       1       0       4       0       0       0               0D   3128
     102    2615       0       1       0       0       0       000010501D   3129
     102       1       0       2       0       0       0               0D   3130
     110    2617       0       1       0       0       0       000010001D   3131
     110       1       0       2       0       0       0               0D   3132
     124    2619       0       1       0       0       0       000010001D   3133
     124       1       0       2       0       0       0               0D   3134
     100    2621       0       1       0       0    3133       000010001D   3135
     100       1       0       2       0       0       0               0D   3136
     110    2623       0       1       0       0       0       000010001D   3137
     110       1       0       2       0       0       0               0D   3138
     110    2625       0       1       0       0       0       000010001D   3139
     110       1       0       2       0       0       0               0D   3140
     110    2627       0       1       0       0       0       000010001D   3141
     110       1       0       2       0       0       0               0D   3142
     110    2629       0       1       0       0       0       000010001D   3143
     110       1       0       2       0       0       0               0D   3144
     110    2631       0       1       0       0       0       000010001D   3145
     110       1       0       2       0       0       0               0D   3146
     110    2633       0       1       0       0       0       000010001D   3147
     110       1       0       2       0       0       0               0D   3148
     110    2635       0       1       0       0       0       000010001D   3149
     110       1       0       2       0       0       0               0D   3150
     110    2637       0       1       0       0       0       000010001D   3151
     110       1       0       2       0       0       0               0D   3152
     102    2639       0       1       0       0       0       000010001D   3153
     102       1       0       1       0       0       0               0D   3154
     142    2640       0       1       0       0       0       000010001D   3155
     142       1       0       1       0       0       0               0D   3156
     144    2641       0       1       0       0       0       000010001D   3157
     144       1       0       1       0       0       0               0D   3158
     110    2642       0       1       0       0       0       000010001D   3159
     110       1       0       2       0       0       0               0D   3160
     122    2644       0       1       0       0       0       000010001D   3161
     122       1       0       1       0       0       0               0D   3162
     126    2645       0       1       0       0       0       000010501D   3163
     126       1       0       4       0       0       0               0D   3164
     126    2649       0       1       0       0       0       000010501D   3165
     126       1       0       4       0       0       0               0D   3166
     126    2653       0       1       0       0       0       000010501D   3167
     126       1       0       4       0       0       0               0D   3168
     126    2657       0       1       0       0       0       000010501D   3169
     126       1       0       2       0       0       0               0D   3170
     126    2659       0       1       0       0       0       000010501D   3171
     126       1       0       4       0       0       0               0D   3172
     126    2663       0       1       0       0       0       000010501D   3173
     126       1       0       3       0       0       0               0D   3174
     126    2666       0       1       0       0       0       000010501D   3175
     126       1       0       4       0       0       0               0D   3176
     126    2670       0       1       0       0       0       000010501D   3177
     126       1       0       2       0       0       0               0D   3178
     126    2672       0       1       0       0       0       000010501D   3179
     126       1       0       4       0       0       0               0D   3180
     126    2676       0       1       0       0       0       000010501D   3181
     126       1       0       3       0       0       0               0D   3182
     126    2679       0       1       0       0       0       000010501D   3183
     126       1       0       4       0       0       0               0D   3184
     126    2683       0       1       0       0       0       000010501D   3185
     126       1       0       2       0       0       0               0D   3186
     102    2685       0       1       0       0       0       000010501D   3187
     102       1       0       2       0       0       0               0D   3188
     110    2687       0       1       0       0       0       000010001D   3189
     110       1       0       2       0       0       0               0D   3190
     110    2689       0       1       0       0       0       000010001D   3191
     110       1       0       2       0       0       0               0D   3192
     110    2691       0       1       0       0       0       000010001D   3193
     110       1       0       2       0       0       0               0D   3194
     110    2693       0       1       0       0       0       000010001D   3195
     110       1       0       2       0       0       0               0D   3196
     110    2695       0       1       0       0       0       000010001D   3197
     110       1       0       2       0       0       0               0D   3198
     110    2697       0       1       0       0       0       000010001D   3199
     110       1       0       2       0       0       0               0D   3200
     110    2699       0       1       0       0       0       000010001D   3201
     110       1       0       2       0       0       0               0D   3202
     102    2701       0       1       0       0       0       000010001D   3203
     102       1       0       1       0       0       0               0D   3204
     142    2702       0       1       0       0       0       000010001D   3205
     142       1       0       1       0       0       0               0D   3206
     144    2703       0       1       0       0       0       000010001D   3207
     144       1       0       1       0       0       0               0D   3208
     110    2704       0       1       0       0       0       000010001D   3209
     110       1       0       2       0       0       0               0D   3210
     122    2706       0       1       0       0       0       000010001D   3211
     122       1       0       1       0       0       0               0D   3212
     126    2707       0       1       0       0       0       000010501D   3213
     126       1       0       4       0       0       0               0D   3214
     126    2711       0       1       0       0       0       000010501D   3215
     126       1       0       2       0       0       0               0D   3216
     126    2713       0       1       0       0       0       000010501D   3217
     126       1       0       2       0       0       0               0D   3218
     126    2715       0       1       0       0       0       000010501D   3219
     126       1       0       2       0       0       0               0D   3220
     126    2717       0       1       0       0       0       000010501D   3221
     126       1       0       4       0       0       0               0D   3222
     126    2721       0       1       0       0       0       000010501D   3223
     126       1       0       2       0       0       0               0D   3224
     102    2723       0       1       0       0       0       000010501D   3225
     102       1       0       1       0       0       0               0D   3226
     110    2724       0       1       0       0       0       000010001D   3227
     110       1       0       2       0       0       0               0D   3228
     110    2726       0       1       0       0       0       000010001D   3229
     110       1       0       2       0       0       0               0D   3230
     110    2728       0       1       0       0       0       000010001D   3231
     110       1       0       2       0       0       0               0D   3232
     126    2730       0       1       0       0       0       000010001D   3233
     126       1       0       2       0       0       0               0D   3234
     102    2732       0       1       0       0       0       000010001D   3235
     102       1       0       1       0       0       0               0D   3236
     142    2733       0       1       0       0       0       000010001D   3237
     142       1       0       1       0       0       0               0D   3238
     144    2734       0       1       0       0       0       000010001D   3239
     144       1       0       1       0       0       0               0D   3240
     110    2735       0       1       0       0       0       000010001D   3241
     110       1       0       2       0       0       0               0D   3242
     122    2737       0       1       0       0       0       000010001D   3243
     122       1       0       1       0       0       0               0D   3244
     126    2738       0       1       0       0       0       000010501D   3245
     126       1       0       4       0       0       0               0D   3246
     126    2742       0       1       0       0       0       000010501D   3247
     126       1       0       2       0       0       0               0D   3248
     126    2744       0       1       0       0       0       000010501D   3249
     126       1       0       2       0       0       0               0D   3250
     126    2746       0       1       0       0       0       000010501D   3251
     126       1       0       2       0       0       0               0D   3252
     126    2748       0       1       0       0       0       000010501D   3253
     126       1       0       4       0       0       0               0D   3254
     126    2752       0       1       0       0       0       000010501D   3255
     126       1       0       2       0       0       0               0D   3256
     126    2754       0       1       0       0       0       000010501D   3257
     126       1       0       2       0       0       0               0D   3258
     126    2756       0       1       0       0       0       000010501D   3259
     126       1       0       2       0       0       0               0D   3260
     102    2758       0       1       0       0       0       000010501D   3261
     102       1       0       1       0       0       0               0D   3262
     110    2759       0       1       0       0       0       000010001D   3263
     110       1       0       2       0       0       0               0D   3264
     110    2761       0       1       0       0       0       000010001D   3265
     110       1       0       2       0       0       0               0D   3266
     110    2763       0       1       0       0       0       000010001D   3267
     110       1       0       2       0       0       0               0D   3268
     110    2765       0       1       0       0       0       000010001D   3269
     110       1       0       2       0       0       0               0D   3270
     102    2767       0       1       0       0       0       000010001D   3271
     102       1       0       1       0       0       0               0D   3272
     142    2768       0       1       0       0       0       000010001D   3273
     142       1       0       1       0       0       0               0D   3274
     144    2769       0       1       0       0       0       000010001D   3275
     144       1       0       1       0       0       0               0D   3276
     110    2770       0       1       0       0       0       000010001D   3277
     110       1       0       2       0       0       0               0D   3278
     122    2772       0       1       0       0       0       000010001D   3279
     122       1       0       1       0       0       0               0D   3280
     126    2773       0       1       0       0       0       000010501D   3281
     126       1       0       4       0       0       0               0D   3282
     126    2777       0       1       0       0       0       000010501D   3283
     126       1       0       2       0       0       0               0D   3284
     126    2779       0       1       0       0       0       000010501D   3285
     126       1       0       2       0       0       0               0D   3286
     126    2781       0       1       0       0       0       000010501D   3287
     126       1       0       2       0       0       0               0D   3288
     126    2783       0       1       0       0       0       000010501D   3289
     126       1       0       4       0       0       0               0D   3290
     126    2787       0       1       0       0       0       000010501D   3291
     126       1       0       2       0       0       0               0D   3292
     126    2789       0       1       0       0       0       000010501D   3293
     126       1       0       2       0       0       0               0D   3294
     126    2791       0       1       0       0       0       000010501D   3295
     126       1       0       2       0       0       0               0D   3296
     102    2793       0       1       0       0       0       000010501D   3297
     102       1       0       1       0       0       0               0D   3298
     110    2794       0       1       0       0       0       000010001D   3299
     110       1       0       2       0       0       0               0D   3300
     110    2796       0       1       0       0       0       000010001D   3301
     110       1       0       2       0       0       0               0D   3302
     110    2798       0       1       0       0       0       000010001D   3303
     110       1       0       2       0       0       0               0D   3304
     110    2800       0       1       0       0       0       000010001D   3305
     110       1       0       2       0       0       0               0D   3306
     102    2802       0       1       0       0       0       000010001D   3307
     102       1       0       1       0       0       0               0D   3308
     142    2803       0       1       0       0       0       000010001D   3309
     142       1       0       1       0       0       0               0D   3310
     144    2804       0       1       0       0       0       000010001D   3311
     144       1       0       1       0       0       0               0D   3312
     110    2805       0       1       0       0       0       000010001D   3313
     110       1       0       2       0       0       0               0D   3314
     122    2807       0       1       0       0       0       000010001D   3315
     122       1       0       1       0       0       0               0D   3316
     126    2808       0       1       0       0       0       000010501D   3317
     126       1       0       3       0       0       0               0D   3318
     126    2811       0       1       0       0       0       000010501D   3319
     126       1       0       2       0       0       0               0D   3320
     126    2813       0       1       0       0       0       000010501D   3321
     126       1       0       4       0       0       0               0D   3322
     126    2817       0       1       0       0       0       000010501D   3323
     126       1       0       2       0       0       0               0D   3324
     126    2819       0       1       0       0       0       000010501D   3325
     126       1       0       2       0       0       0               0D   3326
     126    2821       0       1       0       0       0       000010501D   3327
     126       1       0       2       0       0       0               0D   3328
     102    2823       0       1       0       0       0       000010501D   3329
     102       1       0       1       0       0       0               0D   3330
     110    2824       0       1       0       0       0       000010001D   3331
     110       1       0       2       0       0       0               0D   3332
     110    2826       0       1       0       0       0       000010001D   3333
     110       1       0       2       0       0       0               0D   3334
     110    2828       0       1       0       0       0       000010001D   3335
     110       1       0       2       0       0       0               0D   3336
     126    2830       0       1       0       0       0       000010001D   3337
     126       1       0       3       0       0       0               0D   3338
     102    2833       0       1       0       0       0       000010001D   3339
     102       1       0       1       0       0       0               0D   3340
     142    2834       0       1       0       0       0       000010001D   3341
     142       1       0       1       0       0       0               0D   3342
     144    2835       0       1       0       0       0       000010001D   3343
     144       1       0       1       0       0       0               0D   3344
     110    2836       0       1       0       0       0       000010001D   3345
     110       1       0       2       0       0       0               0D   3346
     122    2838       0       1       0       0       0       000010001D   3347
     122       1       0       1       0       0       0               0D   3348
     126    2839       0       1       0       0       0       000010501D   3349
     126       1       0       3       0       0       0               0D   3350
     126    2842       0       1       0       0       0       000010501D   3351
     126       1       0       2       0       0       0               0D   3352
     126    2844       0       1       0       0       0       000010501D   3353
     126       1       0       3       0       0       0               0D   3354
     126    2847       0       1       0       0       0       000010501D   3355
     126       1       0       2       0       0       0               0D   3356
     102    2849       0       1       0       0       0       000010501D   3357
     102       1       0       1       0       0       0               0D   3358
     110    2850       0       1       0       0       0       000010001D   3359
     110       1       0       2       0       0       0               0D   3360
     110    2852       0       1       0       0       0       000010001D   3361
     110       1       0       2       0       0       0               0D   3362
     110    2854       0       1       0       0       0       000010001D   3363
     110       1       0       2       0       0       0               0D   3364
     110    2856       0       1       0       0       0       000010001D   3365
     110       1       0       2       0       0       0               0D   3366
     102    2858       0       1       0       0       0       000010001D   3367
     102       1       0       1       0       0       0               0D   3368
     142    2859       0       1       0       0       0       000010001D   3369
     142       1       0       1       0       0       0               0D   3370
     144    2860       0       1       0       0       0       000010001D   3371
     144       1       0       1       0       0       0               0D   3372
     110    2861       0       1       0       0       0       000010001D   3373
     110       1       0       2       0       0       0               0D   3374
     122    2863       0       1       0       0       0       000010001D   3375
     122       1       0       1       0       0       0               0D   3376
     126    2864       0       1       0       0       0       000010501D   3377
     126       1       0       4       0       0       0               0D   3378
     126    2868       0       1       0       0       0       000010501D   3379
     126       1       0       2       0       0       0               0D   3380
     126    2870       0       1       0       0       0       000010501D   3381
     126       1       0       2       0       0       0               0D   3382
     126    2872       0       1       0       0       0       000010501D   3383
     126       1       0       2       0       0       0               0D   3384
     126    2874       0       1       0       0       0       000010501D   3385
     126       1       0       3       0       0       0               0D   3386
     126    2877       0       1       0       0       0       000010501D   3387
     126       1       0       2       0       0       0               0D   3388
     102    2879       0       1       0       0       0       000010501D   3389
     102       1       0       1       0       0       0               0D   3390
     110    2880       0       1       0       0       0       000010001D   3391
     110       1       0       2       0       0       0               0D   3392
     126    2882       0       1       0       0       0       000010001D   3393
     126       1       0       3       0       0       0               0D   3394
     110    2885       0       1       0       0       0       000010001D   3395
     110       1       0       2       0       0       0               0D   3396
     110    2887       0       1       0       0       0       000010001D   3397
     110       1       0       2       0       0       0               0D   3398
     102    2889       0       1       0       0       0       000010001D   3399
     102       1       0       1       0       0       0               0D   3400
     142    2890       0       1       0       0       0       000010001D   3401
     142       1       0       1       0       0       0               0D   3402
     144    2891       0       1       0       0       0       000010001D   3403
     144       1       0       1       0       0       0               0D   3404
     110    2892       0       1       0       0       0       000010001D   3405
     110       1       0       2       0       0       0               0D   3406
     122    2894       0       1       0       0       0       000010001D   3407
     122       1       0       1       0       0       0               0D   3408
     126    2895       0       1       0       0       0       000010501D   3409
     126       1       0       4       0       0       0               0D   3410
     126    2899       0       1       0       0       0       000010501D   3411
     126       1       0       2       0       0       0               0D   3412
     126    2901       0       1       0       0       0       000010501D   3413
     126       1       0       2       0       0       0               0D   3414
     126    2903       0       1       0       0       0       000010501D   3415
     126       1       0       2       0       0       0               0D   3416
     126    2905       0       1       0       0       0       000010501D   3417
     126       1       0       3       0       0       0               0D   3418
     126    2908       0       1       0       0       0       000010501D   3419
     126       1       0       2       0       0       0               0D   3420
     102    2910       0       1       0       0       0       000010501D   3421
     102       1       0       1       0       0       0               0D   3422
     110    2911       0       1       0       0       0       000010001D   3423
     110       1       0       2       0       0       0               0D   3424
     110    2913       0       1       0       0       0       000010001D   3425
     110       1       0       2       0       0       0               0D   3426
     110    2915       0       1       0       0       0       000010001D   3427
     110       1       0       2       0       0       0               0D   3428
     126    2917       0       1       0       0       0       000010001D   3429
     126       1       0       2       0       0       0               0D   3430
     102    2919       0       1       0       0       0       000010001D   3431
     102       1       0       1       0       0       0               0D   3432
     142    2920       0       1       0       0       0       000010001D   3433
     142       1       0       1       0       0       0               0D   3434
     144    2921       0       1       0       0       0       000010001D   3435
     144       1       0       1       0       0       0               0D   3436
     110    2922       0       1       0       0       0       000010001D   3437
     110       1       0       2       0       0       0               0D   3438
     122    2924       0       1       0       0       0       000010001D   3439
     122       1       0       1       0       0       0               0D   3440
     126    2925       0       1       0       0       0       000010501D   3441
     126       1       0       4       0       0       0               0D   3442
     126    2929       0       1       0       0       0       000010501D   3443
     126       1       0       2       0       0       0               0D   3444
     126    2931       0       1       0       0       0       000010501D   3445
     126       1       0       2       0       0       0               0D   3446
     126    2933       0       1       0       0       0       000010501D   3447
     126       1       0       2       0       0       0               0D   3448
     126    2935       0       1       0       0       0       000010501D   3449
     126       1       0       4       0       0       0               0D   3450
     126    2939       0       1       0       0       0       000010501D   3451
     126       1       0       2       0       0       0               0D   3452
     126    2941       0       1       0       0       0       000010501D   3453
     126       1       0       2       0       0       0               0D   3454
     126    2943       0       1       0       0       0       000010501D   3455
     126       1       0       2       0       0       0               0D   3456
     102    2945       0       1       0       0       0       000010501D   3457
     102       1       0       1       0       0       0               0D   3458
     110    2946       0       1       0       0       0       000010001D   3459
     110       1       0       2       0       0       0               0D   3460
     110    2948       0       1       0       0       0       000010001D   3461
     110       1       0       2       0       0       0               0D   3462
     110    2950       0       1       0       0       0       000010001D   3463
     110       1       0       2       0       0       0               0D   3464
     110    2952       0       1       0       0       0       000010001D   3465
     110       1       0       2       0       0       0               0D   3466
     102    2954       0       1       0       0       0       000010001D   3467
     102       1       0       1       0       0       0               0D   3468
     142    2955       0       1       0       0       0       000010001D   3469
     142       1       0       1       0       0       0               0D   3470
     144    2956       0       1       0       0       0       000010001D   3471
     144       1       0       1       0       0       0               0D   3472
     110    2957       0       1       0       0       0       000010001D   3473
     110       1       0       2       0       0       0               0D   3474
     122    2959       0       1       0       0       0       000010001D   3475
     122       1       0       1       0       0       0               0D   3476
     126    2960       0       1       0       0       0       000010501D   3477
     126       1       0       4       0       0       0               0D   3478
     126    2964       0       1       0       0       0       000010501D   3479
     126       1       0       2       0       0       0               0D   3480
     126    2966       0       1       0       0       0       000010501D   3481
     126       1       0       2       0       0       0               0D   3482
     126    2968       0       1       0       0       0       000010501D   3483
     126       1       0       2       0       0       0               0D   3484
     126    2970       0       1       0       0       0       000010501D   3485
     126       1       0       4       0       0       0               0D   3486
     126    2974       0       1       0       0       0       000010501D   3487
     126       1       0       2       0       0       0               0D   3488
     126    2976       0       1       0       0       0       000010501D   3489
     126       1       0       2       0       0       0               0D   3490
     126    2978       0       1       0       0       0       000010501D   3491
     126       1       0       2       0       0       0               0D   3492
     102    2980       0       1       0       0       0       000010501D   3493
     102       1       0       1       0       0       0               0D   3494
     110    2981       0       1       0       0       0       000010001D   3495
     110       1       0       2       0       0       0               0D   3496
     110    2983       0       1       0       0       0       000010001D   3497
     110       1       0       2       0       0       0               0D   3498
     110    2985       0       1       0       0       0       000010001D   3499
     110       1       0       2       0       0       0               0D   3500
     110    2987       0       1       0       0       0       000010001D   3501
     110       1       0       2       0       0       0               0D   3502
     102    2989       0       1       0       0       0       000010001D   3503
     102       1       0       1       0       0       0               0D   3504
     142    2990       0       1       0       0       0       000010001D   3505
     142       1       0       1       0       0       0               0D   3506
     144    2991       0       1       0       0       0       000010001D   3507
     144       1       0       1       0       0       0               0D   3508
     110    2992       0       1       0       0       0       000010001D   3509
     110       1       0       2       0       0       0               0D   3510
     122    2994       0       1       0       0       0       000010001D   3511
     122       1       0       1       0       0       0               0D   3512
     126    2995       0       1       0       0       0       000010501D   3513
     126       1       0       4       0       0       0               0D   3514
     126    2999       0       1       0       0       0       000010501D   3515
     126       1       0       2       0       0       0               0D   3516
     126    3001       0       1       0       0       0       000010501D   3517
     126       1       0       2       0       0       0               0D   3518
     126    3003       0       1       0       0       0       000010501D   3519
     126       1       0       2       0       0       0               0D   3520
     126    3005       0       1       0       0       0       000010501D   3521
     126       1       0       4       0       0       0               0D   3522
     126    3009       0       1       0       0       0       000010501D   3523
     126       1       0       2       0       0       0               0D   3524
     126    3011       0       1       0       0       0       000010501D   3525
     126       1       0       2       0       0       0               0D   3526
     126    3013       0       1       0       0       0       000010501D   3527
     126       1       0       2       0       0       0               0D   3528
     102    3015       0       1       0       0       0       000010501D   3529
     102       1       0       1       0       0       0               0D   3530
     110    3016       0       1       0       0       0       000010001D   3531
     110       1       0       2       0       0       0               0D   3532
     126    3018       0       1       0       0       0       000010001D   3533
     126       1       0       5       0       0       0               0D   3534
     110    3023       0       1       0       0       0       000010001D   3535
     110       1       0       2       0       0       0               0D   3536
     110    3025       0       1       0       0       0       000010001D   3537
     110       1       0       2       0       0       0               0D   3538
     102    3027       0       1       0       0       0       000010001D   3539
     102       1       0       1       0       0       0               0D   3540
     142    3028       0       1       0       0       0       000010001D   3541
     142       1       0       1       0       0       0               0D   3542
     144    3029       0       1       0       0       0       000010001D   3543
     144       1       0       1       0       0       0               0D   3544
     110    3030       0       1       0       0       0       000010001D   3545
     110       1       0       2       0       0       0               0D   3546
     110    3032       0       1       0       0       0       000010001D   3547
     110       1       0       2       0       0       0               0D   3548
     120    3034       0       1       0       0       0       000010001D   3549
     120       1       0       1       0       0       0               0D   3550
     126    3035       0       1       0       0       0       000010501D   3551
     126       1       0       4       0       0       0               0D   3552
     126    3039       0       1       0       0       0       000010501D   3553
     126       1       0       2       0       0       0               0D   3554
     126    3041       0       1       0       0       0       000010501D   3555
     126       1       0       4       0       0       0               0D   3556
     126    3045       0       1       0       0       0       000010501D   3557
     126       1       0       2       0       0       0               0D   3558
     126    3047       0       1       0       0       0       000010501D   3559
     126       1       0       2       0       0       0               0D   3560
     126    3049       0       1       0       0       0       000010501D   3561
     126       1       0       2       0       0       0               0D   3562
     102    3051       0       1       0       0       0       000010501D   3563
     102       1       0       1       0       0       0               0D   3564
     124    3052       0       1       0       0       0       000010001D   3565
     124       1       0       2       0       0       0               0D   3566
     100    3054       0       1       0       0    3565       000010001D   3567
     100       1       0       2       0       0       0               0D   3568
     110    3056       0       1       0       0       0       000010001D   3569
     110       1       0       2       0       0       0               0D   3570
     124    3058       0       1       0       0       0       000010001D   3571
     124       1       0       2       0       0       0               0D   3572
     100    3060       0       1       0       0    3571       000010001D   3573
     100       1       0       2       0       0       0               0D   3574
     126    3062       0       1       0       0       0       000010001D   3575
     126       1       0       5       0       0       0               0D   3576
     102    3067       0       1       0       0       0       000010001D   3577
     102       1       0       1       0       0       0               0D   3578
     142    3068       0       1       0       0       0       000010001D   3579
     142       1       0       1       0       0       0               0D   3580
     144    3069       0       1       0       0       0       000010001D   3581
     144       1       0       1       0       0       0               0D   3582
     110    3070       0       1       0       0       0       000010001D   3583
     110       1       0       2       0       0       0               0D   3584
     122    3072       0       1       0       0       0       000010001D   3585
     122       1       0       1       0       0       0               0D   3586
     126    3073       0       1       0       0       0       000010501D   3587
     126       1       0       3       0       0       0               0D   3588
     126    3076       0       1       0       0       0       000010501D   3589
     126       1       0       2       0       0       0               0D   3590
     126    3078       0       1       0       0       0       000010501D   3591
     126       1       0       3       0       0       0               0D   3592
     126    3081       0       1       0       0       0       000010501D   3593
     126       1       0       2       0       0       0               0D   3594
     102    3083       0       1       0       0       0       000010501D   3595
     102       1       0       1       0       0       0               0D   3596
     110    3084       0       1       0       0       0       000010001D   3597
     110       1       0       2       0       0       0               0D   3598
     110    3086       0       1       0       0       0       000010001D   3599
     110       1       0       2       0       0       0               0D   3600
     110    3088       0       1       0       0       0       000010001D   3601
     110       1       0       2       0       0       0               0D   3602
     110    3090       0       1       0       0       0       000010001D   3603
     110       1       0       2       0       0       0               0D   3604
     102    3092       0       1       0       0       0       000010001D   3605
     102       1       0       1       0       0       0               0D   3606
     142    3093       0       1       0       0       0       000010001D   3607
     142       1       0       1       0       0       0               0D   3608
     144    3094       0       1       0       0       0       000010001D   3609
     144       1       0       1       0       0       0               0D   3610
     110    3095       0       1       0       0       0       000010001D   3611
     110       1       0       2       0       0       0               0D   3612
     122    3097       0       1       0       0       0       000010001D   3613
     122       1       0       1       0       0       0               0D   3614
     126    3098       0       1       0       0       0       000010501D   3615
     126       1       0       4       0       0       0               0D   3616
     126    3102       0       1       0       0       0       000010501D   3617
     126       1       0       2       0       0       0               0D   3618
     126    3104       0       1       0       0       0       000010501D   3619
     126       1       0       2       0       0       0               0D   3620
     126    3106       0       1       0       0       0       000010501D   3621
     126       1       0       2       0       0       0               0D   3622
     126    3108       0       1       0       0       0       000010501D   3623
     126       1       0       3       0       0       0               0D   3624
     126    3111       0       1       0       0       0       000010501D   3625
     126       1       0       2       0       0       0               0D   3626
     102    3113       0       1       0       0       0       000010501D   3627
     102       1       0       1       0       0       0               0D   3628
     110    3114       0       1       0       0       0       000010001D   3629
     110       1       0       2       0       0       0               0D   3630
     110    3116       0       1       0       0       0       000010001D   3631
     110       1       0       2       0       0       0               0D   3632
     110    3118       0       1       0       0       0       000010001D   3633
     110       1       0       2       0       0       0               0D   3634
     110    3120       0       1       0       0       0       000010001D   3635
     110       1       0       2       0       0       0               0D   3636
     102    3122       0       1       0       0       0       000010001D   3637
     102       1       0       1       0       0       0               0D   3638
     142    3123       0       1       0       0       0       000010001D   3639
     142       1       0       1       0       0       0               0D   3640
     144    3124       0       1       0       0       0       000010001D   3641
     144       1       0       1       0       0       0               0D   3642
     110    3125       0       1       0       0       0       000010001D   3643
     110       1       0       2       0       0       0               0D   3644
     122    3127       0       1       0       0       0       000010001D   3645
     122       1       0       1       0       0       0               0D   3646
     126    3128       0       1       0       0       0       000010501D   3647
     126       1       0       3       0       0       0               0D   3648
     126    3131       0       1       0       0       0       000010501D   3649
     126       1       0       3       0       0       0               0D   3650
     126    3134       0       1       0       0       0       000010501D   3651
     126       1       0       2       0       0       0               0D   3652
     126    3136       0       1       0       0       0       000010501D   3653
     126       1       0       4       0       0       0               0D   3654
     126    3140       0       1       0       0       0       000010501D   3655
     126       1       0       2       0       0       0               0D   3656
     126    3142       0       1       0       0       0       000010501D   3657
     126       1       0       2       0       0       0               0D   3658
     126    3144       0       1       0       0       0       000010501D   3659
     126       1       0       2       0       0       0               0D   3660
     102    3146       0       1       0       0       0       000010501D   3661
     102       1       0       1       0       0       0               0D   3662
     110    3147       0       1       0       0       0       000010001D   3663
     110       1       0       2       0       0       0               0D   3664
     126    3149       0       1       0       0       0       000010001D   3665
     126       1       0       3       0       0       0               0D   3666
     110    3152       0       1       0       0       0       000010001D   3667
     110       1       0       2       0       0       0               0D   3668
     110    3154       0       1       0       0       0       000010001D   3669
     110       1       0       2       0       0       0               0D   3670
     102    3156       0       1       0       0       0       000010001D   3671
     102       1       0       1       0       0       0               0D   3672
     142    3157       0       1       0       0       0       000010001D   3673
     142       1       0       1       0       0       0               0D   3674
     144    3158       0       1       0       0       0       000010001D   3675
     144       1       0       1       0       0       0               0D   3676
     110    3159       0       1       0       0       0       000010001D   3677
     110       1       0       2       0       0       0               0D   3678
     122    3161       0       1       0       0       0       000010001D   3679
     122       1       0       1       0       0       0               0D   3680
     126    3162       0       1       0       0       0       000010501D   3681
     126       1       0       3       0       0       0               0D   3682
     126    3165       0       1       0       0       0       000010501D   3683
     126       1       0       2       0       0       0               0D   3684
     126    3167       0       1       0       0       0       000010501D   3685
     126       1       0       2       0       0       0               0D   3686
     126    3169       0       1       0       0       0       000010501D   3687
     126       1       0       4       0       0       0               0D   3688
     126    3173       0       1       0       0       0       000010501D   3689
     126       1       0       2       0       0       0               0D   3690
     126    3175       0       1       0       0       0       000010501D   3691
     126       1       0       2       0       0       0               0D   3692
     126    3177       0       1       0       0       0       000010501D   3693
     126       1       0       2       0       0       0               0D   3694
     102    3179       0       1       0       0       0       000010501D   3695
     102       1       0       1       0       0       0               0D   3696
     110    3180       0       1       0       0       0       000010001D   3697
     110       1       0       2       0       0       0               0D   3698
     126    3182       0       1       0       0       0       000010001D   3699
     126       1       0       3       0       0       0               0D   3700
     110    3185       0       1       0       0       0       000010001D   3701
     110       1       0       2       0       0       0               0D   3702
     110    3187       0       1       0       0       0       000010001D   3703
     110       1       0       2       0       0       0               0D   3704
     102    3189       0       1       0       0       0       000010001D   3705
     102       1       0       1       0       0       0               0D   3706
     142    3190       0       1       0       0       0       000010001D   3707
     142       1       0       1       0       0       0               0D   3708
     144    3191       0       1       0       0       0       000010001D   3709
     144       1       0       1       0       0       0               0D   3710
     110    3192       0       1       0       0       0       000010001D   3711
     110       1       0       2       0       0       0               0D   3712
     122    3194       0       1       0       0       0       000010001D   3713
     122       1       0       1       0       0       0               0D   3714
     126    3195       0       1       0       0       0       000010501D   3715
     126       1       0       3       0       0       0               0D   3716
     126    3198       0       1       0       0       0       000010501D   3717
     126       1       0       2       0       0       0               0D   3718
     126    3200       0       1       0       0       0       000010501D   3719
     126       1       0       3       0       0       0               0D   3720
     126    3203       0       1       0       0       0       000010501D   3721
     126       1       0       2       0       0       0               0D   3722
     102    3205       0       1       0       0       0       000010501D   3723
     102       1       0       1       0       0       0               0D   3724
     110    3206       0       1       0       0       0       000010001D   3725
     110       1       0       2       0       0       0               0D   3726
     110    3208       0       1       0       0       0       000010001D   3727
     110       1       0       2       0       0       0               0D   3728
     110    3210       0       1       0       0       0       000010001D   3729
     110       1       0       2       0       0       0               0D   3730
     110    3212       0       1       0       0       0       000010001D   3731
     110       1       0       2       0       0       0               0D   3732
     102    3214       0       1       0       0       0       000010001D   3733
     102       1       0       1       0       0       0               0D   3734
     142    3215       0       1       0       0       0       000010001D   3735
     142       1       0       1       0       0       0               0D   3736
     144    3216       0       1       0       0       0       000010001D   3737
     144       1       0       1       0       0       0               0D   3738
     110    3217       0       1       0       0       0       000010001D   3739
     110       1       0       2       0       0       0               0D   3740
     122    3219       0       1       0       0       0       000010001D   3741
     122       1       0       1       0       0       0               0D   3742
     126    3220       0       1       0       0       0       000010501D   3743
     126       1       0       4       0       0       0               0D   3744
     126    3224       0       1       0       0       0       000010501D   3745
     126       1       0       2       0       0       0               0D   3746
     126    3226       0       1       0       0       0       000010501D   3747
     126       1       0       2       0       0       0               0D   3748
     126    3228       0       1       0       0       0       000010501D   3749
     126       1       0       2       0       0       0               0D   3750
     126    3230       0       1       0       0       0       000010501D   3751
     126       1       0       3       0       0       0               0D   3752
     126    3233       0       1       0       0       0       000010501D   3753
     126       1       0       2       0       0       0               0D   3754
     102    3235       0       1       0       0       0       000010501D   3755
     102       1       0       1       0       0       0               0D   3756
     110    3236       0       1       0       0       0       000010001D   3757
     110       1       0       2       0       0       0               0D   3758
     126    3238       0       1       0       0       0       000010001D   3759
     126       1       0       3       0       0       0               0D   3760
     110    3241       0       1       0       0       0       000010001D   3761
     110       1       0       2       0       0       0               0D   3762
     110    3243       0       1       0       0       0       000010001D   3763
     110       1       0       2       0       0       0               0D   3764
     102    3245       0       1       0       0       0       000010001D   3765
     102       1       0       1       0       0       0               0D   3766
     142    3246       0       1       0       0       0       000010001D   3767
     142       1       0       1       0       0       0               0D   3768
     144    3247       0       1       0       0       0       000010001D   3769
     144       1       0       1       0       0       0               0D   3770
     110    3248       0       1       0       0       0       000010001D   3771
     110       1       0       2       0       0       0               0D   3772
     122    3250       0       1       0       0       0       000010001D   3773
     122       1       0       1       0       0       0               0D   3774
     126    3251       0       1       0       0       0       000010501D   3775
     126       1       0       4       0       0       0               0D   3776
     126    3255       0       1       0       0       0       000010501D   3777
     126       1       0       4       0       0       0               0D   3778
     126    3259       0       1       0       0       0       000010501D   3779
     126       1       0       3       0       0       0               0D   3780
     126    3262       0       1       0       0       0       000010501D   3781
     126       1       0       4       0       0       0               0D   3782
     126    3266       0       1       0       0       0       000010501D   3783
     126       1       0       2       0       0       0               0D   3784
     126    3268       0       1       0       0       0       000010501D   3785
     126       1       0       4       0       0       0               0D   3786
     126    3272       0       1       0       0       0       000010501D   3787
     126       1       0       3       0       0       0               0D   3788
     126    3275       0       1       0       0       0       000010501D   3789
     126       1       0       4       0       0       0               0D   3790
     126    3279       0       1       0       0       0       000010501D   3791
     126       1       0       2       0       0       0               0D   3792
     126    3281       0       1       0       0       0       000010501D   3793
     126       1       0       4       0       0       0               0D   3794
     126    3285       0       1       0       0       0       000010501D   3795
     126       1       0       3       0       0       0               0D   3796
     126    3288       0       1       0       0       0       000010501D   3797
     126       1       0       4       0       0       0               0D   3798
     126    3292       0       1       0       0       0       000010501D   3799
     126       1       0       3       0       0       0               0D   3800
     126    3295       0       1       0       0       0       000010501D   3801
     126       1       0       5       0       0       0               0D   3802
     126    3300       0       1       0       0       0       000010501D   3803
     126       1       0       4       0       0       0               0D   3804
     126    3304       0       1       0       0       0       000010501D   3805
     126       1       0       4       0       0       0               0D   3806
     126    3308       0       1       0       0       0       000010501D   3807
     126       1       0       4       0       0       0               0D   3808
     126    3312       0       1       0       0       0       000010501D   3809
     126       1       0       4       0       0       0               0D   3810
     126    3316       0       1       0       0       0       000010501D   3811
     126       1       0       3       0       0       0               0D   3812
     102    3319       0       1       0       0       0       000010501D   3813
     102       1       0       2       0       0       0               0D   3814
     110    3321       0       1       0       0       0       000010001D   3815
     110       1       0       2       0       0       0               0D   3816
     110    3323       0       1       0       0       0       000010001D   3817
     110       1       0       2       0       0       0               0D   3818
     110    3325       0       1       0       0       0       000010001D   3819
     110       1       0       2       0       0       0               0D   3820
     110    3327       0       1       0       0       0       000010001D   3821
     110       1       0       2       0       0       0               0D   3822
     110    3329       0       1       0       0       0       000010001D   3823
     110       1       0       2       0       0       0               0D   3824
     110    3331       0       1       0       0       0       000010001D   3825
     110       1       0       2       0       0       0               0D   3826
     110    3333       0       1       0       0       0       000010001D   3827
     110       1       0       2       0       0       0               0D   3828
     110    3335       0       1       0       0       0       000010001D   3829
     110       1       0       2       0       0       0               0D   3830
     110    3337       0       1       0       0       0       000010001D   3831
     110       1       0       2       0       0       0               0D   3832
     110    3339       0       1       0       0       0       000010001D   3833
     110       1       0       2       0       0       0               0D   3834
     110    3341       0       1       0       0       0       000010001D   3835
     110       1       0       2       0       0       0               0D   3836
     110    3343       0       1       0       0       0       000010001D   3837
     110       1       0       2       0       0       0               0D   3838
     102    3345       0       1       0       0       0       000010001D   3839
     102       1       0       2       0       0       0               0D   3840
     142    3347       0       1       0       0       0       000010001D   3841
     142       1       0       1       0       0       0               0D   3842
     126    3348       0       1       0       0       0       000010501D   3843
     126       1       0       4       0       0       0               0D   3844
     126    3352       0       1       0       0       0       000010501D   3845
     126       1       0       3       0       0       0               0D   3846
     126    3355       0       1       0       0       0       000010501D   3847
     126       1       0       4       0       0       0               0D   3848
     126    3359       0       1       0       0       0       000010501D   3849
     126       1       0       3       0       0       0               0D   3850
     126    3362       0       1       0       0       0       000010501D   3851
     126       1       0       4       0       0       0               0D   3852
     126    3366       0       1       0       0       0       000010501D   3853
     126       1       0       3       0       0       0               0D   3854
     126    3369       0       1       0       0       0       000010501D   3855
     126       1       0       4       0       0       0               0D   3856
     126    3373       0       1       0       0       0       000010501D   3857
     126       1       0       3       0       0       0               0D   3858
     126    3376       0       1       0       0       0       000010501D   3859
     126       1       0       4       0       0       0               0D   3860
     126    3380       0       1       0       0       0       000010501D   3861
     126       1       0       3       0       0       0               0D   3862
     126    3383       0       1       0       0       0       000010501D   3863
     126       1       0       4       0       0       0               0D   3864
     126    3387       0       1       0       0       0       000010501D   3865
     126       1       0       3       0       0       0               0D   3866
     126    3390       0       1       0       0       0       000010501D   3867
     126       1       0       4       0       0       0               0D   3868
     126    3394       0       1       0       0       0       000010501D   3869
     126       1       0       3       0       0       0               0D   3870
     126    3397       0       1       0       0       0       000010501D   3871
     126       1       0       4       0       0       0               0D   3872
     126    3401       0       1       0       0       0       000010501D   3873
     126       1       0       3       0       0       0               0D   3874
     102    3404       0       1       0       0       0       000010501D   3875
     102       1       0       2       0       0       0               0D   3876
     110    3406       0       1       0       0       0       000010001D   3877
     110       1       0       2       0       0       0               0D   3878
     110    3408       0       1       0       0       0       000010001D   3879
     110       1       0       2       0       0       0               0D   3880
     110    3410       0       1       0       0       0       000010001D   3881
     110       1       0       2       0       0       0               0D   3882
     110    3412       0       1       0       0       0       000010001D   3883
     110       1       0       2       0       0       0               0D   3884
     110    3414       0       1       0       0       0       000010001D   3885
     110       1       0       2       0       0       0               0D   3886
     110    3416       0       1       0       0       0       000010001D   3887
     110       1       0       2       0       0       0               0D   3888
     110    3418       0       1       0       0       0       000010001D   3889
     110       1       0       2       0       0       0               0D   3890
     110    3420       0       1       0       0       0       000010001D   3891
     110       1       0       2       0       0       0               0D   3892
     102    3422       0       1       0       0       0       000010001D   3893
     102       1       0       1       0       0       0               0D   3894
     142    3423       0       1       0       0       0       000010001D   3895
     142       1       0       1       0       0       0               0D   3896
     144    3424       0       1       0       0       0       000010001D   3897
     144       1       0       1       0       0       0               0D   3898
     110    3425       0       1       0       0       0       000010001D   3899
     110       1       0       2       0       0       0               0D   3900
     122    3427       0       1       0       0       0       000010001D   3901
     122       1       0       1       0       0       0               0D   3902
     126    3428       0       1       0       0       0       000010501D   3903
     126       1       0       4       0       0       0               0D   3904
     126    3432       0       1       0       0       0       000010501D   3905
     126       1       0       2       0       0       0               0D   3906
     126    3434       0       1       0       0       0       000010501D   3907
     126       1       0       2       0       0       0               0D   3908
     126    3436       0       1       0       0       0       000010501D   3909
     126       1       0       2       0       0       0               0D   3910
     126    3438       0       1       0       0       0       000010501D   3911
     126       1       0       4       0       0       0               0D   3912
     126    3442       0       1       0       0       0       000010501D   3913
     126       1       0       2       0       0       0               0D   3914
     126    3444       0       1       0       0       0       000010501D   3915
     126       1       0       2       0       0       0               0D   3916
     126    3446       0       1       0       0       0       000010501D   3917
     126       1       0       2       0       0       0               0D   3918
     102    3448       0       1       0       0       0       000010501D   3919
     102       1       0       1       0       0       0               0D   3920
     110    3449       0       1       0       0       0       000010001D   3921
     110       1       0       2       0       0       0               0D   3922
     110    3451       0       1       0       0       0       000010001D   3923
     110       1       0       2       0       0       0               0D   3924
     110    3453       0       1       0       0       0       000010001D   3925
     110       1       0       2       0       0       0               0D   3926
     110    3455       0       1       0       0       0       000010001D   3927
     110       1       0       2       0       0       0               0D   3928
     102    3457       0       1       0       0       0       000010001D   3929
     102       1       0       1       0       0       0               0D   3930
     142    3458       0       1       0       0       0       000010001D   3931
     142       1       0       1       0       0       0               0D   3932
     144    3459       0       1       0       0       0       000010001D   3933
     144       1       0       1       0       0       0               0D   3934
     110    3460       0       1       0       0       0       000010001D   3935
     110       1       0       2       0       0       0               0D   3936
     122    3462       0       1       0       0       0       000010001D   3937
     122       1       0       1       0       0       0               0D   3938
     126    3463       0       1       0       0       0       000010501D   3939
     126       1       0       4       0       0       0               0D   3940
     126    3467       0       1       0       0       0       000010501D   3941
     126       1       0       2       0       0       0               0D   3942
     126    3469       0       1       0       0       0       000010501D   3943
     126       1       0       2       0       0       0               0D   3944
     126    3471       0       1       0       0       0       000010501D   3945
     126       1       0       2       0       0       0               0D   3946
     126    3473       0       1       0       0       0       000010501D   3947
     126       1       0       3       0       0       0               0D   3948
     126    3476       0       1       0       0       0       000010501D   3949
     126       1       0       2       0       0       0               0D   3950
     102    3478       0       1       0       0       0       000010501D   3951
     102       1       0       1       0       0       0               0D   3952
     110    3479       0       1       0       0       0       000010001D   3953
     110       1       0       2       0       0       0               0D   3954
     110    3481       0       1       0       0       0       000010001D   3955
     110       1       0       2       0       0       0               0D   3956
     110    3483       0       1       0       0       0       000010001D   3957
     110       1       0       2       0       0       0               0D   3958
     110    3485       0       1       0       0       0       000010001D   3959
     110       1       0       2       0       0       0               0D   3960
     102    3487       0       1       0       0       0       000010001D   3961
     102       1       0       1       0       0       0               0D   3962
     142    3488       0       1       0       0       0       000010001D   3963
     142       1       0       1       0       0       0               0D   3964
     144    3489       0       1       0       0       0       000010001D   3965
     144       1       0       1       0       0       0               0D   3966
     110    3490       0       1       0       0       0       000010001D   3967
     110       1       0       2       0       0       0               0D   3968
     122    3492       0       1       0       0       0       000010001D   3969
     122       1       0       1       0       0       0               0D   3970
     126    3493       0       1       0       0       0       000010501D   3971
     126       1       0       3       0       0       0               0D   3972
     126    3496       0       1       0       0       0       000010501D   3973
     126       1       0       2       0       0       0               0D   3974
     126    3498       0       1       0       0       0       000010501D   3975
     126       1       0       3       0       0       0               0D   3976
     126    3501       0       1       0       0       0       000010501D   3977
     126       1       0       2       0       0       0               0D   3978
     102    3503       0       1       0       0       0       000010501D   3979
     102       1       0       1       0       0       0               0D   3980
     110    3504       0       1       0       0       0       000010001D   3981
     110       1       0       2       0       0       0               0D   3982
     110    3506       0       1       0       0       0       000010001D   3983
     110       1       0       2       0       0       0               0D   3984
     110    3508       0       1       0       0       0       000010001D   3985
     110       1       0       2       0       0       0               0D   3986
     110    3510       0       1       0       0       0       000010001D   3987
     110       1       0       2       0       0       0               0D   3988
     102    3512       0       1       0       0       0       000010001D   3989
     102       1       0       1       0       0       0               0D   3990
     142    3513       0       1       0       0       0       000010001D   3991
     142       1       0       1       0       0       0               0D   3992
     144    3514       0       1       0       0       0       000010001D   3993
     144       1       0       1       0       0       0               0D   3994
     110    3515       0       1       0       0       0       000010001D   3995
     110       1       0       2       0       0       0               0D   3996
     122    3517       0       1       0       0       0       000010001D   3997
     122       1       0       1       0       0       0               0D   3998
     126    3518       0       1       0       0       0       000010501D   3999
     126       1       0       3       0       0       0               0D   4000
     126    3521       0       1       0       0       0       000010501D   4001
     126       1       0       2       0       0       0               0D   4002
     126    3523       0       1       0       0       0       000010501D   4003
     126       1       0       3       0       0       0               0D   4004
     126    3526       0       1       0       0       0       000010501D   4005
     126       1       0       2       0       0       0               0D   4006
     102    3528       0       1       0       0       0       000010501D   4007
     102       1       0       1       0       0       0               0D   4008
     110    3529       0       1       0       0       0       000010001D   4009
     110       1       0       2       0       0       0               0D   4010
     110    3531       0       1       0       0       0       000010001D   4011
     110       1       0       2       0       0       0               0D   4012
     110    3533       0       1       0       0       0       000010001D   4013
     110       1       0       2       0       0       0               0D   4014
     110    3535       0       1       0       0       0       000010001D   4015
     110       1       0       2       0       0       0               0D   4016
     102    3537       0       1       0       0       0       000010001D   4017
     102       1       0       1       0       0       0               0D   4018
     142    3538       0       1       0       0       0       000010001D   4019
     142       1       0       1       0       0       0               0D   4020
     144    3539       0       1       0       0       0       000010001D   4021
     144       1       0       1       0       0       0               0D   4022
     110    3540       0       1       0       0       0       000010001D   4023
     110       1       0       2       0       0       0               0D   4024
     122    3542       0       1       0       0       0       000010001D   4025
     122       1       0       1       0       0       0               0D   4026
     126    3543       0       1       0       0       0       000010501D   4027
     126       1       0       3       0       0       0               0D   4028
     126    3546       0       1       0       0       0       000010501D   4029
     126       1       0       2       0       0       0               0D   4030
     126    3548       0       1       0       0       0       000010501D   4031
     126       1       0       3       0       0       0               0D   4032
     126    3551       0       1       0       0       0       000010501D   4033
     126       1       0       2       0       0       0               0D   4034
     102    3553       0       1       0       0       0       000010501D   4035
     102       1       0       1       0       0       0               0D   4036
     110    3554       0       1       0       0       0       000010001D   4037
     110       1       0       2       0       0       0               0D   4038
     110    3556       0       1       0       0       0       000010001D   4039
     110       1       0       2       0       0       0               0D   4040
     110    3558       0       1       0       0       0       000010001D   4041
     110       1       0       2       0       0       0               0D   4042
     110    3560       0       1       0       0       0       000010001D   4043
     110       1       0       2       0       0       0               0D   4044
     102    3562       0       1       0       0       0       000010001D   4045
     102       1       0       1       0       0       0               0D   4046
     142    3563       0       1       0       0       0       000010001D   4047
     142       1       0       1       0       0       0               0D   4048
     144    3564       0       1       0       0       0       000010001D   4049
     144       1       0       1       0       0       0               0D   4050
     110    3565       0       1       0       0       0       000010001D   4051
     110       1       0       2       0       0       0               0D   4052
     122    3567       0       1       0       0       0       000010001D   4053
     122       1       0       1       0       0       0               0D   4054
     126    3568       0       1       0       0       0       000010501D   4055
     126       1       0       3       0       0       0               0D   4056
     126    3571       0       1       0       0       0       000010501D   4057
     126       1       0       3       0       0       0               0D   4058
     126    3574       0       1       0       0       0       000010501D   4059
     126       1       0       4       0       0       0               0D   4060
     126    3578       0       1       0       0       0       000010501D   4061
     126       1       0       2       0       0       0               0D   4062
     126    3580       0       1       0       0       0       000010501D   4063
     126       1       0       2       0       0       0               0D   4064
     102    3582       0       1       0       0       0       000010501D   4065
     102       1       0       1       0       0       0               0D   4066
     110    3583       0       1       0       0       0       000010001D   4067
     110       1       0       2       0       0       0               0D   4068
     110    3585       0       1       0       0       0       000010001D   4069
     110       1       0       2       0       0       0               0D   4070
     110    3587       0       1       0       0       0       000010001D   4071
     110       1       0       2       0       0       0               0D   4072
     126    3589       0       1       0       0       0       000010001D   4073
     126       1       0       3       0       0       0               0D   4074
     102    3592       0       1       0       0       0       000010001D   4075
     102       1       0       1       0       0       0               0D   4076
     142    3593       0       1       0       0       0       000010001D   4077
     142       1       0       1       0       0       0               0D   4078
     144    3594       0       1       0       0       0       000010001D   4079
     144       1       0       1       0       0       0               0D   4080
     110    3595       0       1       0       0       0       000010001D   4081
     110       1       0       2       0       0       0               0D   4082
     122    3597       0       1       0       0       0       000010001D   4083
     122       1       0       1       0       0       0               0D   4084
     126    3598       0       1       0       0       0       000010501D   4085
     126       1       0       3       0       0       0               0D   4086
     126    3601       0       1       0       0       0       000010501D   4087
     126       1       0       2       0       0       0               0D   4088
     126    3603       0       1       0       0       0       000010501D   4089
     126       1       0       2       0       0       0               0D   4090
     126    3605       0       1       0       0       0       000010501D   4091
     126       1       0       4       0       0       0               0D   4092
     126    3609       0       1       0       0       0       000010501D   4093
     126       1       0       2       0       0       0               0D   4094
     126    3611       0       1       0       0       0       000010501D   4095
     126       1       0       2       0       0       0               0D   4096
     126    3613       0       1       0       0       0       000010501D   4097
     126       1       0       2       0       0       0               0D   4098
     102    3615       0       1       0       0       0       000010501D   4099
     102       1       0       1       0       0       0               0D   4100
     110    3616       0       1       0       0       0       000010001D   4101
     110       1       0       2       0       0       0               0D   4102
     126    3618       0       1       0       0       0       000010001D   4103
     126       1       0       3       0       0       0               0D   4104
     110    3621       0       1       0       0       0       000010001D   4105
     110       1       0       2       0       0       0               0D   4106
     110    3623       0       1       0       0       0       000010001D   4107
     110       1       0       2       0       0       0               0D   4108
     102    3625       0       1       0       0       0       000010001D   4109
     102       1       0       1       0       0       0               0D   4110
     142    3626       0       1       0       0       0       000010001D   4111
     142       1       0       1       0       0       0               0D   4112
     144    3627       0       1       0       0       0       000010001D   4113
     144       1       0       1       0       0       0               0D   4114
     110    3628       0       1       0       0       0       000010001D   4115
     110       1       0       2       0       0       0               0D   4116
     122    3630       0       1       0       0       0       000010001D   4117
     122       1       0       1       0       0       0               0D   4118
     126    3631       0       1       0       0       0       000010501D   4119
     126       1       0       4       0       0       0               0D   4120
     126    3635       0       1       0       0       0       000010501D   4121
     126       1       0       2       0       0       0               0D   4122
     126    3637       0       1       0       0       0       000010501D   4123
     126       1       0       2       0       0       0               0D   4124
     126    3639       0       1       0       0       0       000010501D   4125
     126       1       0       2       0       0       0               0D   4126
     126    3641       0       1       0       0       0       000010501D   4127
     126       1       0       4       0       0       0               0D   4128
     126    3645       0       1       0       0       0       000010501D   4129
     126       1       0       2       0       0       0               0D   4130
     126    3647       0       1       0       0       0       000010501D   4131
     126       1       0       2       0       0       0               0D   4132
     126    3649       0       1       0       0       0       000010501D   4133
     126       1       0       2       0       0       0               0D   4134
     102    3651       0       1       0       0       0       000010501D   4135
     102       1       0       1       0       0       0               0D   4136
     110    3652       0       1       0       0       0       000010001D   4137
     110       1       0       2       0       0       0               0D   4138
     110    3654       0       1       0       0       0       000010001D   4139
     110       1       0       2       0       0       0               0D   4140
     110    3656       0       1       0       0       0       000010001D   4141
     110       1       0       2       0       0       0               0D   4142
     110    3658       0       1       0       0       0       000010001D   4143
     110       1       0       2       0       0       0               0D   4144
     102    3660       0       1       0       0       0       000010001D   4145
     102       1       0       1       0       0       0               0D   4146
     142    3661       0       1       0       0       0       000010001D   4147
     142       1       0       1       0       0       0               0D   4148
     144    3662       0       1       0       0       0       000010001D   4149
     144       1       0       1       0       0       0               0D   4150
     110    3663       0       1       0       0       0       000010001D   4151
     110       1       0       2       0       0       0               0D   4152
     122    3665       0       1       0       0       0       000010001D   4153
     122       1       0       1       0       0       0               0D   4154
     126    3666       0       1       0       0       0       000010501D   4155
     126       1       0       4       0       0       0               0D   4156
     126    3670       0       1       0       0       0       000010501D   4157
     126       1       0       2       0       0       0               0D   4158
     126    3672       0       1       0       0       0       000010501D   4159
     126       1       0       2       0       0       0               0D   4160
     126    3674       0       1       0       0       0       000010501D   4161
     126       1       0       2       0       0       0               0D   4162
     126    3676       0       1       0       0       0       000010501D   4163
     126       1       0       4       0       0       0               0D   4164
     126    3680       0       1       0       0       0       000010501D   4165
     126       1       0       2       0       0       0               0D   4166
     126    3682       0       1       0       0       0       000010501D   4167
     126       1       0       2       0       0       0               0D   4168
     126    3684       0       1       0       0       0       000010501D   4169
     126       1       0       2       0       0       0               0D   4170
     102    3686       0       1       0       0       0       000010501D   4171
     102       1       0       1       0       0       0               0D   4172
     110    3687       0       1       0       0       0       000010001D   4173
     110       1       0       2       0       0       0               0D   4174
     110    3689       0       1       0       0       0       000010001D   4175
     110       1       0       2       0       0       0               0D   4176
     110    3691       0       1       0       0       0       000010001D   4177
     110       1       0       2       0       0       0               0D   4178
     110    3693       0       1       0       0       0       000010001D   4179
     110       1       0       2       0       0       0               0D   4180
     102    3695       0       1       0       0       0       000010001D   4181
     102       1       0       1       0       0       0               0D   4182
     142    3696       0       1       0       0       0       000010001D   4183
     142       1       0       1       0       0       0               0D   4184
     144    3697       0       1       0       0       0       000010001D   4185
     144       1       0       1       0       0       0               0D   4186
     110    3698       0       1       0       0       0       000010001D   4187
     110       1       0       2       0       0       0               0D   4188
     122    3700       0       1       0       0       0       000010001D   4189
     122       1       0       1       0       0       0               0D   4190
     126    3701       0       1       0       0       0       000010501D   4191
     126       1       0       4       0       0       0               0D   4192
     126    3705       0       1       0       0       0       000010501D   4193
     126       1       0       2       0       0       0               0D   4194
     126    3707       0       1       0       0       0       000010501D   4195
     126       1       0       2       0       0       0               0D   4196
     126    3709       0       1       0       0       0       000010501D   4197
     126       1       0       2       0       0       0               0D   4198
     126    3711       0       1       0       0       0       000010501D   4199
     126       1       0       4       0       0       0               0D   4200
     126    3715       0       1       0       0       0       000010501D   4201
     126       1       0       2       0       0       0               0D   4202
     126    3717       0       1       0       0       0       000010501D   4203
     126       1       0       2       0       0       0               0D   4204
     126    3719       0       1       0       0       0       000010501D   4205
     126       1       0       2       0       0       0               0D   4206
     102    3721       0       1       0       0       0       000010501D   4207
     102       1       0       1       0       0       0               0D   4208
     110    3722       0       1       0       0       0       000010001D   4209
     110       1       0       2       0       0       0               0D   4210
     110    3724       0       1       0       0       0       000010001D   4211
     110       1       0       2       0       0       0               0D   4212
     110    3726       0       1       0       0       0       000010001D   4213
     110       1       0       2       0       0       0               0D   4214
     110    3728       0       1       0       0       0       000010001D   4215
     110       1       0       2       0       0       0               0D   4216
     102    3730       0       1       0       0       0       000010001D   4217
     102       1       0       1       0       0       0               0D   4218
     142    3731       0       1       0       0       0       000010001D   4219
     142       1       0       1       0       0       0               0D   4220
     144    3732       0       1       0       0       0       000010001D   4221
     144       1       0       1       0       0       0               0D   4222
     110    3733       0       1       0       0       0       000010001D   4223
     110       1       0       2       0       0       0               0D   4224
     122    3735       0       1       0       0       0       000010001D   4225
     122       1       0       1       0       0       0               0D   4226
     126    3736       0       1       0       0       0       000010501D   4227
     126       1       0       4       0       0       0               0D   4228
     126    3740       0       1       0       0       0       000010501D   4229
     126       1       0       2       0       0       0               0D   4230
     126    3742       0       1       0       0       0       000010501D   4231
     126       1       0       2       0       0       0               0D   4232
     126    3744       0       1       0       0       0       000010501D   4233
     126       1       0       2       0       0       0               0D   4234
     126    3746       0       1       0       0       0       000010501D   4235
     126       1       0       4       0       0       0               0D   4236
     126    3750       0       1       0       0       0       000010501D   4237
     126       1       0       2       0       0       0               0D   4238
     126    3752       0       1       0       0       0       000010501D   4239
     126       1       0       2       0       0       0               0D   4240
     126    3754       0       1       0       0       0       000010501D   4241
     126       1       0       2       0       0       0               0D   4242
     102    3756       0       1       0       0       0       000010501D   4243
     102       1       0       1       0       0       0               0D   4244
     110    3757       0       1       0       0       0       000010001D   4245
     110       1       0       2       0       0       0               0D   4246
     110    3759       0       1       0       0       0       000010001D   4247
     110       1       0       2       0       0       0               0D   4248
     110    3761       0       1       0       0       0       000010001D   4249
     110       1       0       2       0       0       0               0D   4250
     110    3763       0       1       0       0       0       000010001D   4251
     110       1       0       2       0       0       0               0D   4252
     102    3765       0       1       0       0       0       000010001D   4253
     102       1       0       1       0       0       0               0D   4254
     142    3766       0       1       0       0       0       000010001D   4255
     142       1       0       1       0       0       0               0D   4256
     144    3767       0       1       0       0       0       000010001D   4257
     144       1       0       1       0       0       0               0D   4258
     110    3768       0       1       0       0       0       000010001D   4259
     110       1       0       2       0       0       0               0D   4260
     122    3770       0       1       0       0       0       000010001D   4261
     122       1       0       1       0       0       0               0D   4262
     126    3771       0       1       0       0       0       000010501D   4263
     126       1       0       4       0       0       0               0D   4264
     126    3775       0       1       0       0       0       000010501D   4265
     126       1       0       2       0       0       0               0D   4266
     126    3777       0       1       0       0       0       000010501D   4267
     126       1       0       2       0       0       0               0D   4268
     126    3779       0       1       0       0       0       000010501D   4269
     126       1       0       2       0       0       0               0D   4270
     126    3781       0       1       0       0       0       000010501D   4271
     126       1       0       3       0       0       0               0D   4272
     126    3784       0       1       0       0       0       000010501D   4273
     126       1       0       2       0       0       0               0D   4274
     102    3786       0       1       0       0       0       000010501D   4275
     102       1       0       1       0       0       0               0D   4276
     110    3787       0       1       0       0       0       000010001D   4277
     110       1       0       2       0       0       0               0D   4278
     110    3789       0       1       0       0       0       000010001D   4279
     110       1       0       2       0       0       0               0D   4280
     110    3791       0       1       0       0       0       000010001D   4281
     110       1       0       2       0       0       0               0D   4282
     110    3793       0       1       0       0       0       000010001D   4283
     110       1       0       2       0       0       0               0D   4284
     102    3795       0       1       0       0       0       000010001D   4285
     102       1       0       1       0       0       0               0D   4286
     142    3796       0       1       0       0       0       000010001D   4287
     142       1       0       1       0       0       0               0D   4288
     144    3797       0       1       0       0       0       000010001D   4289
     144       1       0       1       0       0       0               0D   4290
     110    3798       0       1       0       0       0       000010001D   4291
     110       1       0       2       0       0       0               0D   4292
     122    3800       0       1       0       0       0       000010001D   4293
     122       1       0       1       0       0       0               0D   4294
     126    3801       0       1       0       0       0       000010501D   4295
     126       1       0       4       0       0       0               0D   4296
     126    3805       0       1       0       0       0       000010501D   4297
     126       1       0       2       0       0       0               0D   4298
     126    3807       0       1       0       0       0       000010501D   4299
     126       1       0       2       0       0       0               0D   4300
     126    3809       0       1       0       0       0       000010501D   4301
     126       1       0       2       0       0       0               0D   4302
     126    3811       0       1       0       0       0       000010501D   4303
     126       1       0       4       0       0       0               0D   4304
     126    3815       0       1       0       0       0       000010501D   4305
     126       1       0       2       0       0       0               0D   4306
     126    3817       0       1       0       0       0       000010501D   4307
     126       1       0       2       0       0       0               0D   4308
     126    3819       0       1       0       0       0       000010501D   4309
     126       1       0       2       0       0       0               0D   4310
     102    3821       0       1       0       0       0       000010501D   4311
     102       1       0       1       0       0       0               0D   4312
     110    3822       0       1       0       0       0       000010001D   4313
     110       1       0       2       0       0       0               0D   4314
     110    3824       0       1       0       0       0       000010001D   4315
     110       1       0       2       0       0       0               0D   4316
     110    3826       0       1       0       0       0       000010001D   4317
     110       1       0       2       0       0       0               0D   4318
     110    3828       0       1       0       0       0       000010001D   4319
     110       1       0       2       0       0       0               0D   4320
     102    3830       0       1       0       0       0       000010001D   4321
     102       1       0       1       0       0       0               0D   4322
     142    3831       0       1       0       0       0       000010001D   4323
     142       1       0       1       0       0       0               0D   4324
     144    3832       0       1       0       0       0       000010001D   4325
     144       1       0       1       0       0       0               0D   4326
     110    3833       0       1       0       0       0       000010001D   4327
     110       1       0       2       0       0       0               0D   4328
     122    3835       0       1       0       0       0       000010001D   4329
     122       1       0       1       0       0       0               0D   4330
     126    3836       0       1       0       0       0       000010501D   4331
     126       1       0       4       0       0       0               0D   4332
     126    3840       0       1       0       0       0       000010501D   4333
     126       1       0       2       0       0       0               0D   4334
     126    3842       0       1       0       0       0       000010501D   4335
     126       1       0       2       0       0       0               0D   4336
     126    3844       0       1       0       0       0       000010501D   4337
     126       1       0       2       0       0       0               0D   4338
     126    3846       0       1       0       0       0       000010501D   4339
     126       1       0       4       0       0       0               0D   4340
     126    3850       0       1       0       0       0       000010501D   4341
     126       1       0       2       0       0       0               0D   4342
     126    3852       0       1       0       0       0       000010501D   4343
     126       1       0       2       0       0       0               0D   4344
     126    3854       0       1       0       0       0       000010501D   4345
     126       1       0       2       0       0       0               0D   4346
     102    3856       0       1       0       0       0       000010501D   4347
     102       1       0       1       0       0       0               0D   4348
     110    3857       0       1       0       0       0       000010001D   4349
     110       1       0       2       0       0       0               0D   4350
     110    3859       0       1       0       0       0       000010001D   4351
     110       1       0       2       0       0       0               0D   4352
     110    3861       0       1       0       0       0       000010001D   4353
     110       1       0       2       0       0       0               0D   4354
     110    3863       0       1       0       0       0       000010001D   4355
     110       1       0       2       0       0       0               0D   4356
     102    3865       0       1       0       0       0       000010001D   4357
     102       1       0       1       0       0       0               0D   4358
     142    3866       0       1       0       0       0       000010001D   4359
     142       1       0       1       0       0       0               0D   4360
     144    3867       0       1       0       0       0       000010001D   4361
     144       1       0       1       0       0       0               0D   4362
     110    3868       0       1       0       0       0       000010001D   4363
     110       1       0       2       0       0       0               0D   4364
     122    3870       0       1       0       0       0       000010001D   4365
     122       1       0       1       0       0       0               0D   4366
     126    3871       0       1       0       0       0       000010501D   4367
     126       1       0       4       0       0       0               0D   4368
     126    3875       0       1       0       0       0       000010501D   4369
     126       1       0       2       0       0       0               0D   4370
     126    3877       0       1       0       0       0       000010501D   4371
     126       1       0       2       0       0       0               0D   4372
     126    3879       0       1       0       0       0       000010501D   4373
     126       1       0       2       0       0       0               0D   4374
     126    3881       0       1       0       0       0       000010501D   4375
     126       1       0       4       0       0       0               0D   4376
     126    3885       0       1       0       0       0       000010501D   4377
     126       1       0       2       0       0       0               0D   4378
     126    3887       0       1       0       0       0       000010501D   4379
     126       1       0       2       0       0       0               0D   4380
     126    3889       0       1       0       0       0       000010501D   4381
     126       1       0       2       0       0       0               0D   4382
     102    3891       0       1       0       0       0       000010501D   4383
     102       1       0       1       0       0       0               0D   4384
     110    3892       0       1       0       0       0       000010001D   4385
     110       1       0       2       0       0       0               0D   4386
     110    3894       0       1       0       0       0       000010001D   4387
     110       1       0       2       0       0       0               0D   4388
     110    3896       0       1       0       0       0       000010001D   4389
     110       1       0       2       0       0       0               0D   4390
     110    3898       0       1       0       0       0       000010001D   4391
     110       1       0       2       0       0       0               0D   4392
     102    3900       0       1       0       0       0       000010001D   4393
     102       1       0       1       0       0       0               0D   4394
     142    3901       0       1       0       0       0       000010001D   4395
     142       1       0       1       0       0       0               0D   4396
     144    3902       0       1       0       0       0       000010001D   4397
     144       1       0       1       0       0       0               0D   4398
     110    3903       0       1       0       0       0       000010001D   4399
     110       1       0       2       0       0       0               0D   4400
     122    3905       0       1       0       0       0       000010001D   4401
     122       1       0       1       0       0       0               0D   4402
     126    3906       0       1       0       0       0       000010501D   4403
     126       1       0       4       0       0       0               0D   4404
     126    3910       0       1       0       0       0       000010501D   4405
     126       1       0       2       0       0       0               0D   4406
     126    3912       0       1       0       0       0       000010501D   4407
     126       1       0       2       0       0       0               0D   4408
     126    3914       0       1       0       0       0       000010501D   4409
     126       1       0       2       0       0       0               0D   4410
     126    3916       0       1       0       0       0       000010501D   4411
     126       1       0       4       0       0       0               0D   4412
     126    3920       0       1       0       0       0       000010501D   4413
     126       1       0       2       0       0       0               0D   4414
     126    3922       0       1       0       0       0       000010501D   4415
     126       1       0       2       0       0       0               0D   4416
     126    3924       0       1       0       0       0       000010501D   4417
     126       1       0       2       0       0       0               0D   4418
     102    3926       0       1       0       0       0       000010501D   4419
     102       1       0       1       0       0       0               0D   4420
     110    3927       0       1       0       0       0       000010001D   4421
     110       1       0       2       0       0       0               0D   4422
     110    3929       0       1       0       0       0       000010001D   4423
     110       1       0       2       0       0       0               0D   4424
     110    3931       0       1       0       0       0       000010001D   4425
     110       1       0       2       0       0       0               0D   4426
     110    3933       0       1       0       0       0       000010001D   4427
     110       1       0       2       0       0       0               0D   4428
     102    3935       0       1       0       0       0       000010001D   4429
     102       1       0       1       0       0       0               0D   4430
     142    3936       0       1       0       0       0       000010001D   4431
     142       1       0       1       0       0       0               0D   4432
     144    3937       0       1       0       0       0       000010001D   4433
     144       1       0       1       0       0       0               0D   4434
     110    3938       0       1       0       0       0       000010001D   4435
     110       1       0       2       0       0       0               0D   4436
     122    3940       0       1       0       0       0       000010001D   4437
     122       1       0       1       0       0       0               0D   4438
     126    3941       0       1       0       0       0       000010501D   4439
     126       1       0       4       0       0       0               0D   4440
     126    3945       0       1       0       0       0       000010501D   4441
     126       1       0       2       0       0       0               0D   4442
     126    3947       0       1       0       0       0       000010501D   4443
     126       1       0       2       0       0       0               0D   4444
     126    3949       0       1       0       0       0       000010501D   4445
     126       1       0       2       0       0       0               0D   4446
     126    3951       0       1       0       0       0       000010501D   4447
     126       1       0       4       0       0       0               0D   4448
     126    3955       0       1       0       0       0       000010501D   4449
     126       1       0       2       0       0       0               0D   4450
     126    3957       0       1       0       0       0       000010501D   4451
     126       1       0       2       0       0       0               0D   4452
     126    3959       0       1       0       0       0       000010501D   4453
     126       1       0       2       0       0       0               0D   4454
     102    3961       0       1       0       0       0       000010501D   4455
     102       1       0       1       0       0       0               0D   4456
     110    3962       0       1       0       0       0       000010001D   4457
     110       1       0       2       0       0       0               0D   4458
     110    3964       0       1       0       0       0       000010001D   4459
     110       1       0       2       0       0       0               0D   4460
     110    3966       0       1       0       0       0       000010001D   4461
     110       1       0       2       0       0       0               0D   4462
     110    3968       0       1       0       0       0       000010001D   4463
     110       1       0       2       0       0       0               0D   4464
     102    3970       0       1       0       0       0       000010001D   4465
     102       1       0       1       0       0       0               0D   4466
     142    3971       0       1       0       0       0       000010001D   4467
     142       1       0       1       0       0       0               0D   4468
     144    3972       0       1       0       0       0       000010001D   4469
     144       1       0       1       0       0       0               0D   4470
     110    3973       0       1       0       0       0       000010001D   4471
     110       1       0       2       0       0       0               0D   4472
     122    3975       0       1       0       0       0       000010001D   4473
     122       1       0       1       0       0       0               0D   4474
     126    3976       0       1       0       0       0       000010501D   4475
     126       1       0       4       0       0       0               0D   4476
     126    3980       0       1       0       0       0       000010501D   4477
     126       1       0       2       0       0       0               0D   4478
     126    3982       0       1       0       0       0       000010501D   4479
     126       1       0       2       0       0       0               0D   4480
     126    3984       0       1       0       0       0       000010501D   4481
     126       1       0       2       0       0       0               0D   4482
     126    3986       0       1       0       0       0       000010501D   4483
     126       1       0       4       0       0       0               0D   4484
     126    3990       0       1       0       0       0       000010501D   4485
     126       1       0       2       0       0       0               0D   4486
     126    3992       0       1       0       0       0       000010501D   4487
     126       1       0       2       0       0       0               0D   4488
     126    3994       0       1       0       0       0       000010501D   4489
     126       1       0       2       0       0       0               0D   4490
     102    3996       0       1       0       0       0       000010501D   4491
     102       1       0       1       0       0       0               0D   4492
     110    3997       0       1       0       0       0       000010001D   4493
     110       1       0       2       0       0       0               0D   4494
     110    3999       0       1       0       0       0       000010001D   4495
     110       1       0       2       0       0       0               0D   4496
     110    4001       0       1       0       0       0       000010001D   4497
     110       1       0       2       0       0       0               0D   4498
     110    4003       0       1       0       0       0       000010001D   4499
     110       1       0       2       0       0       0               0D   4500
     102    4005       0       1       0       0       0       000010001D   4501
     102       1       0       1       0       0       0               0D   4502
     142    4006       0       1       0       0       0       000010001D   4503
     142       1       0       1       0       0       0               0D   4504
     144    4007       0       1       0       0       0       000010001D   4505
     144       1       0       1       0       0       0               0D   4506
     110    4008       0       1       0       0       0       000010001D   4507
     110       1       0       2       0       0       0               0D   4508
     122    4010       0       1       0       0       0       000010001D   4509
     122       1       0       1       0       0       0               0D   4510
     126    4011       0       1       0       0       0       000010501D   4511
     126       1       0       4       0       0       0               0D   4512
     126    4015       0       1       0       0       0       000010501D   4513
     126       1       0       2       0       0       0               0D   4514
     126    4017       0       1       0       0       0       000010501D   4515
     126       1       0       2       0       0       0               0D   4516
     126    4019       0       1       0       0       0       000010501D   4517
     126       1       0       2       0       0       0               0D   4518
     126    4021       0       1       0       0       0       000010501D   4519
     126       1       0       4       0       0       0               0D   4520
     126    4025       0       1       0       0       0       000010501D   4521
     126       1       0       2       0       0       0               0D   4522
     126    4027       0       1       0       0       0       000010501D   4523
     126       1       0       2       0       0       0               0D   4524
     126    4029       0       1       0       0       0       000010501D   4525
     126       1       0       2       0       0       0               0D   4526
     102    4031       0       1       0       0       0       000010501D   4527
     102       1       0       1       0       0       0               0D   4528
     110    4032       0       1       0       0       0       000010001D   4529
     110       1       0       2       0       0       0               0D   4530
     110    4034       0       1       0       0       0       000010001D   4531
     110       1       0       2       0       0       0               0D   4532
     110    4036       0       1       0       0       0       000010001D   4533
     110       1       0       2       0       0       0               0D   4534
     110    4038       0       1       0       0       0       000010001D   4535
     110       1       0       2       0       0       0               0D   4536
     102    4040       0       1       0       0       0       000010001D   4537
     102       1       0       1       0       0       0               0D   4538
     142    4041       0       1       0       0       0       000010001D   4539
     142       1       0       1       0       0       0               0D   4540
     144    4042       0       1       0       0       0       000010001D   4541
     144       1       0       1       0       0       0               0D   4542
     110    4043       0       1       0       0       0       000010001D   4543
     110       1       0       1       0       0       0               0D   4544
     122    4044       0       1       0       0       0       000010001D   4545
     122       1       0       1       0       0       0               0D   4546
     126    4045       0       1       0       0       0       000010501D   4547
     126       1       0       3       0       0       0               0D   4548
     126    4048       0       1       0       0       0       000010501D   4549
     126       1       0       2       0       0       0               0D   4550
     126    4050       0       1       0       0       0       000010501D   4551
     126       1       0       3       0       0       0               0D   4552
     126    4053       0       1       0       0       0       000010501D   4553
     126       1       0       3       0       0       0               0D   4554
     126    4056       0       1       0       0       0       000010501D   4555
     126       1       0       3       0       0       0               0D   4556
     126    4059       0       1       0       0       0       000010501D   4557
     126       1       0       3       0       0       0               0D   4558
     126    4062       0       1       0       0       0       000010501D   4559
     126       1       0       3       0       0       0               0D   4560
     126    4065       0       1       0       0       0       000010501D   4561
     126       1       0       2       0       0       0               0D   4562
     126    4067       0       1       0       0       0       000010501D   4563
     126       1       0       3       0       0       0               0D   4564
     126    4070       0       1       0       0       0       000010501D   4565
     126       1       0       3       0       0       0               0D   4566
     126    4073       0       1       0       0       0       000010501D   4567
     126       1       0       3       0       0       0               0D   4568
     126    4076       0       1       0       0       0       000010501D   4569
     126       1       0       3       0       0       0               0D   4570
     102    4079       0       1       0       0       0       000010501D   4571
     102       1       0       2       0       0       0               0D   4572
     110    4081       0       1       0       0       0       000010001D   4573
     110       1       0       1       0       0       0               0D   4574
     110    4082       0       1       0       0       0       000010001D   4575
     110       1       0       1       0       0       0               0D   4576
     110    4083       0       1       0       0       0       000010001D   4577
     110       1       0       1       0       0       0               0D   4578
     110    4084       0       1       0       0       0       000010001D   4579
     110       1       0       1       0       0       0               0D   4580
     110    4085       0       1       0       0       0       000010001D   4581
     110       1       0       1       0       0       0               0D   4582
     110    4086       0       1       0       0       0       000010001D   4583
     110       1       0       1       0       0       0               0D   4584
     110    4087       0       1       0       0       0       000010001D   4585
     110       1       0       1       0       0       0               0D   4586
     110    4088       0       1       0       0       0       000010001D   4587
     110       1       0       1       0       0       0               0D   4588
     110    4089       0       1       0       0       0       000010001D   4589
     110       1       0       1       0       0       0               0D   4590
     110    4090       0       1       0       0       0       000010001D   4591
     110       1       0       1       0       0       0               0D   4592
     110    4091       0       1       0       0       0       000010001D   4593
     110       1       0       1       0       0       0               0D   4594
     110    4092       0       1       0       0       0       000010001D   4595
     110       1       0       1       0       0       0               0D   4596
     102    4093       0       1       0       0       0       000010001D   4597
     102       1       0       2       0       0       0               0D   4598
     142    4095       0       1       0       0       0       000010001D   4599
     142       1       0       1       0       0       0               0D   4600
     144    4096       0       1       0       0       0       000010001D   4601
     144       1       0       1       0       0       0               0D   4602
     308    4097       0       1       0       0       0       000010001D   4603
     308       1       0       8       0       0       0               0D   4604
     408    4105       0       1       0       0    1293       000010001D   4605
     408       1       0       1       0       0       0               0D   4606
     124    4106       0       1       0       0       0       000010001D   4607
     124       1       0       1       0       0       0               0D   4608
     110    4107       0       1       0       0       0       000010001D   4609
     110       1       0       1       0       0       0               0D   4610
     122    4108       0       1       0       0       0       000010001D   4611
     122       1       0       1       0       0       0               0D   4612
     126    4109       0       1       0       0       0       000010501D   4613
     126       1       0       2       0       0       0               0D   4614
     126    4111       0       1       0       0       0       000010501D   4615
     126       1       0       2       0       0       0               0D   4616
     126    4113       0       1       0       0       0       000010501D   4617
     126       1       0       2       0       0       0               0D   4618
     126    4115       0       1       0       0       0       000010501D   4619
     126       1       0       2       0       0       0               0D   4620
     102    4117       0       1       0       0       0       000010501D   4621
     102       1       0       1       0       0       0               0D   4622
     110    4118       0       1       0       0       0       000010001D   4623
     110       1       0       1       0       0       0               0D   4624
     110    4119       0       1       0       0       0       000010001D   4625
     110       1       0       1       0       0       0               0D   4626
     110    4120       0       1       0       0       0       000010001D   4627
     110       1       0       1       0       0       0               0D   4628
     110    4121       0       1       0       0       0       000010001D   4629
     110       1       0       1       0       0       0               0D   4630
     102    4122       0       1       0       0       0       000010001D   4631
     102       1       0       1       0       0       0               0D   4632
     142    4123       0       1       0       0       0       000010001D   4633
     142       1       0       1       0       0       0               0D   4634
     144    4124       0       1       0       0       0       000010001D   4635
     144       1       0       1       0       0       0               0D   4636
     110    4125       0       1       0       0       0       000010001D   4637
     110       1       0       1       0       0       0               0D   4638
     122    4126       0       1       0       0       0       000010001D   4639
     122       1       0       1       0       0       0               0D   4640
     126    4127       0       1       0       0       0       000010501D   4641
     126       1       0       2       0       0       0               0D   4642
     126    4129       0       1       0       0       0       000010501D   4643
     126       1       0       2       0       0       0               0D   4644
     126    4131       0       1       0       0       0       000010501D   4645
     126       1       0       2       0       0       0               0D   4646
     126    4133       0       1       0       0       0       000010501D   4647
     126       1       0       2       0       0       0               0D   4648
     102    4135       0       1       0       0       0       000010501D   4649
     102       1       0       1       0       0       0               0D   4650
     110    4136       0       1       0       0       0       000010001D   4651
     110       1       0       1       0       0       0               0D   4652
     110    4137       0       1       0       0       0       000010001D   4653
     110       1       0       1       0       0       0               0D   4654
     110    4138       0       1       0       0       0       000010001D   4655
     110       1       0       1       0       0       0               0D   4656
     110    4139       0       1       0       0       0       000010001D   4657
     110       1       0       1       0       0       0               0D   4658
     102    4140       0       1       0       0       0       000010001D   4659
     102       1       0       1       0       0       0               0D   4660
     142    4141       0       1       0       0       0       000010001D   4661
     142       1       0       1       0       0       0               0D   4662
     144    4142       0       1       0       0       0       000010001D   4663
     144       1       0       1       0       0       0               0D   4664
     110    4143       0       1       0       0       0       000010001D   4665
     110       1       0       1       0       0       0               0D   4666
     122    4144       0       1       0       0       0       000010001D   4667
     122       1       0       1       0       0       0               0D   4668
     126    4145       0       1       0       0       0       000010501D   4669
     126       1       0       2       0       0       0               0D   4670
     126    4147       0       1       0       0       0       000010501D   4671
     126       1       0       2       0       0       0               0D   4672
     126    4149       0       1       0       0       0       000010501D   4673
     126       1       0       2       0       0       0               0D   4674
     126    4151       0       1       0       0       0       000010501D   4675
     126       1       0       2       0       0       0               0D   4676
     102    4153       0       1       0       0       0       000010501D   4677
     102       1       0       1       0       0       0               0D   4678
     110    4154       0       1       0       0       0       000010001D   4679
     110       1       0       1       0       0       0               0D   4680
     110    4155       0       1       0       0       0       000010001D   4681
     110       1       0       1       0       0       0               0D   4682
     110    4156       0       1       0       0       0       000010001D   4683
     110       1       0       1       0       0       0               0D   4684
     110    4157       0       1       0       0       0       000010001D   4685
     110       1       0       1       0       0       0               0D   4686
     102    4158       0       1       0       0       0       000010001D   4687
     102       1       0       1       0       0       0               0D   4688
     142    4159       0       1       0       0       0       000010001D   4689
     142       1       0       1       0       0       0               0D   4690
     144    4160       0       1       0       0       0       000010001D   4691
     144       1       0       1       0       0       0               0D   4692
     110    4161       0       1       0       0       0       000010001D   4693
     110       1       0       1       0       0       0               0D   4694
     122    4162       0       1       0       0       0       000010001D   4695
     122       1       0       1       0       0       0               0D   4696
     126    4163       0       1       0       0       0       000010501D   4697
     126       1       0       2       0       0       0               0D   4698
     126    4165       0       1       0       0       0       000010501D   4699
     126       1       0       2       0       0       0               0D   4700
     126    4167       0       1       0       0       0       000010501D   4701
     126       1       0       2       0       0       0               0D   4702
     126    4169       0       1       0       0       0       000010501D   4703
     126       1       0       2       0       0       0               0D   4704
     102    4171       0       1       0       0       0       000010501D   4705
     102       1       0       1       0       0       0               0D   4706
     110    4172       0       1       0       0       0       000010001D   4707
     110       1       0       1       0       0       0               0D   4708
     110    4173       0       1       0       0       0       000010001D   4709
     110       1       0       1       0       0       0               0D   4710
     110    4174       0       1       0       0       0       000010001D   4711
     110       1       0       1       0       0       0               0D   4712
     110    4175       0       1       0       0       0       000010001D   4713
     110       1       0       1       0       0       0               0D   4714
     102    4176       0       1       0       0       0       000010001D   4715
     102       1       0       1       0       0       0               0D   4716
     142    4177       0       1       0       0       0       000010001D   4717
     142       1       0       1       0       0       0               0D   4718
     144    4178       0       1       0       0       0       000010001D   4719
     144       1       0       1       0       0       0               0D   4720
     110    4179       0       1       0       0       0       000010001D   4721
     110       1       0       1       0       0       0               0D   4722
     122    4180       0       1       0       0       0       000010001D   4723
     122       1       0       1       0       0       0               0D   4724
     126    4181       0       1       0       0       0       000010501D   4725
     126       1       0       2       0       0       0               0D   4726
     126    4183       0       1       0       0       0       000010501D   4727
     126       1       0       2       0       0       0               0D   4728
     126    4185       0       1       0       0       0       000010501D   4729
     126       1       0       2       0       0       0               0D   4730
     126    4187       0       1       0       0       0       000010501D   4731
     126       1       0       2       0       0       0               0D   4732
     102    4189       0       1       0       0       0       000010501D   4733
     102       1       0       1       0       0       0               0D   4734
     110    4190       0       1       0       0       0       000010001D   4735
     110       1       0       1       0       0       0               0D   4736
     110    4191       0       1       0       0       0       000010001D   4737
     110       1       0       1       0       0       0               0D   4738
     110    4192       0       1       0       0       0       000010001D   4739
     110       1       0       1       0       0       0               0D   4740
     110    4193       0       1       0       0       0       000010001D   4741
     110       1       0       1       0       0       0               0D   4742
     102    4194       0       1       0       0       0       000010001D   4743
     102       1       0       1       0       0       0               0D   4744
     142    4195       0       1       0       0       0       000010001D   4745
     142       1       0       1       0       0       0               0D   4746
     144    4196       0       1       0       0       0       000010001D   4747
     144       1       0       1       0       0       0               0D   4748
     110    4197       0       1       0       0       0       000010001D   4749
     110       1       0       1       0       0       0               0D   4750
     122    4198       0       1       0       0       0       000010001D   4751
     122       1       0       1       0       0       0               0D   4752
     126    4199       0       1       0       0       0       000010501D   4753
     126       1       0       2       0       0       0               0D   4754
     126    4201       0       1       0       0       0       000010501D   4755
     126       1       0       2       0       0       0               0D   4756
     126    4203       0       1       0       0       0       000010501D   4757
     126       1       0       2       0       0       0               0D   4758
     126    4205       0       1       0       0       0       000010501D   4759
     126       1       0       2       0       0       0               0D   4760
     102    4207       0       1       0       0       0       000010501D   4761
     102       1       0       1       0       0       0               0D   4762
     110    4208       0       1       0       0       0       000010001D   4763
     110       1       0       1       0       0       0               0D   4764
     110    4209       0       1       0       0       0       000010001D   4765
     110       1       0       1       0       0       0               0D   4766
     110    4210       0       1       0       0       0       000010001D   4767
     110       1       0       1       0       0       0               0D   4768
     110    4211       0       1       0       0       0       000010001D   4769
     110       1       0       1       0       0       0               0D   4770
     102    4212       0       1       0       0       0       000010001D   4771
     102       1       0       1       0       0       0               0D   4772
     142    4213       0       1       0       0       0       000010001D   4773
     142       1       0       1       0       0       0               0D   4774
     144    4214       0       1       0       0       0       000010001D   4775
     144       1       0       1       0       0       0               0D   4776
     308    4215       0       1       0       0       0       000010001D   4777
     308       1       0       1       0       0       0               0D   4778
     408    4216       0       1       0       0    4607       000010001D   4779
     408       1       0       1       0       0       0               0D   4780
     124    4217       0       1       0       0       0       000010001D   4781
     124       1       0       1       0       0       0               0D   4782
     110    4218       0       1       0       0       0       000010001D   4783
     110       1       0       2       0       0       0               0D   4784
     122    4220       0       1       0       0       0       000010001D   4785
     122       1       0       1       0       0       0               0D   4786
     126    4221       0       1       0       0       0       000010501D   4787
     126       1       0       2       0       0       0               0D   4788
     126    4223       0       1       0       0       0       000010501D   4789
     126       1       0       3       0       0       0               0D   4790
     126    4226       0       1       0       0       0       000010501D   4791
     126       1       0       2       0       0       0               0D   4792
     126    4228       0       1       0       0       0       000010501D   4793
     126       1       0       3       0       0       0               0D   4794
     102    4231       0       1       0       0       0       000010501D   4795
     102       1       0       1       0       0       0               0D   4796
     110    4232       0       1       0       0       0       000010001D   4797
     110       1       0       2       0       0       0               0D   4798
     110    4234       0       1       0       0       0       000010001D   4799
     110       1       0       2       0       0       0               0D   4800
     110    4236       0       1       0       0       0       000010001D   4801
     110       1       0       2       0       0       0               0D   4802
     110    4238       0       1       0       0       0       000010001D   4803
     110       1       0       2       0       0       0               0D   4804
     102    4240       0       1       0       0       0       000010001D   4805
     102       1       0       1       0       0       0               0D   4806
     142    4241       0       1       0       0       0       000010001D   4807
     142       1       0       1       0       0       0               0D   4808
     144    4242       0       1       0       0       0       000010001D   4809
     144       1       0       1       0       0       0               0D   4810
     110    4243       0       1       0       0       0       000010001D   4811
     110       1       0       1       0       0       0               0D   4812
     110    4244       0       1       0       0       0       000010001D   4813
     110       1       0       1       0       0       0               0D   4814
     120    4245       0       1       0       0       0       000010001D   4815
     120       1       0       1       0       0       0               0D   4816
     126    4246       0       1       0       0       0       000010501D   4817
     126       1       0       4       0       0       0               0D   4818
     126    4250       0       1       0       0       0       000010501D   4819
     126       1       0       3       0       0       0               0D   4820
     126    4253       0       1       0       0       0       000010501D   4821
     126       1       0       4       0       0       0               0D   4822
     126    4257       0       1       0       0       0       000010501D   4823
     126       1       0       3       0       0       0               0D   4824
     102    4260       0       1       0       0       0       000010501D   4825
     102       1       0       1       0       0       0               0D   4826
     124    4261       0       1       0       0       0       000010001D   4827
     124       1       0       1       0       0       0               0D   4828
     100    4262       0       1       0       0    4827       000010001D   4829
     100       1       0       1       0       0       0               0D   4830
     110    4263       0       1       0       0       0       000010001D   4831
     110       1       0       2       0       0       0               0D   4832
     124    4265       0       1       0       0       0       000010001D   4833
     124       1       0       1       0       0       0               0D   4834
     100    4266       0       1       0       0    4833       000010001D   4835
     100       1       0       1       0       0       0               0D   4836
     110    4267       0       1       0       0       0       000010001D   4837
     110       1       0       1       0       0       0               0D   4838
     102    4268       0       1       0       0       0       000010001D   4839
     102       1       0       1       0       0       0               0D   4840
     142    4269       0       1       0       0       0       000010001D   4841
     142       1       0       1       0       0       0               0D   4842
     144    4270       0       1       0       0       0       000010001D   4843
     144       1       0       1       0       0       0               0D   4844
     110    4271       0       1       0       0       0       000010001D   4845
     110       1       0       2       0       0       0               0D   4846
     122    4273       0       1       0       0       0       000010001D   4847
     122       1       0       1       0       0       0               0D   4848
     126    4274       0       1       0       0       0       000010501D   4849
     126       1       0       4       0       0       0               0D   4850
     126    4278       0       1       0       0       0       000010501D   4851
     126       1       0       7       0       0       0               0D   4852
     126    4285       0       1       0       0       0       000010501D   4853
     126       1       0       3       0       0       0               0D   4854
     126    4288       0       1       0       0       0       000010501D   4855
     126       1       0       7       0       0       0               0D   4856
     126    4295       0       1       0       0       0       000010501D   4857
     126       1       0       4       0       0       0               0D   4858
     126    4299       0       1       0       0       0       000010501D   4859
     126       1       0       6       0       0       0               0D   4860
     126    4305       0       1       0       0       0       000010501D   4861
     126       1       0       3       0       0       0               0D   4862
     126    4308       0       1       0       0       0       000010501D   4863
     126       1       0       7       0       0       0               0D   4864
     102    4315       0       1       0       0       0       000010501D   4865
     102       1       0       1       0       0       0               0D   4866
     110    4316       0       1       0       0       0       000010001D   4867
     110       1       0       2       0       0       0               0D   4868
     124    4318       0       1       0       0       0       000010001D   4869
     124       1       0       1       0       0       0               0D   4870
     100    4319       0       1       0       0    4869       000010001D   4871
     100       1       0       1       0       0       0               0D   4872
     110    4320       0       1       0       0       0       000010001D   4873
     110       1       0       1       0       0       0               0D   4874
     124    4321       0       1       0       0       0       000010001D   4875
     124       1       0       1       0       0       0               0D   4876
     100    4322       0       1       0       0    4875       000010001D   4877
     100       1       0       1       0       0       0               0D   4878
     110    4323       0       1       0       0       0       000010001D   4879
     110       1       0       2       0       0       0               0D   4880
     124    4325       0       1       0       0       0       000010001D   4881
     124       1       0       1       0       0       0               0D   4882
     100    4326       0       1       0       0    4881       000010001D   4883
     100       1       0       1       0       0       0               0D   4884
     110    4327       0       1       0       0       0       000010001D   4885
     110       1       0       1       0       0       0               0D   4886
     124    4328       0       1       0       0       0       000010001D   4887
     124       1       0       1       0       0       0               0D   4888
     100    4329       0       1       0       0    4887       000010001D   4889
     100       1       0       1       0       0       0               0D   4890
     102    4330       0       1       0       0       0       000010001D   4891
     102       1       0       1       0       0       0               0D   4892
     142    4331       0       1       0       0       0       000010001D   4893
     142       1       0       1       0       0       0               0D   4894
     144    4332       0       1       0       0       0       000010001D   4895
     144       1       0       1       0       0       0               0D   4896
     110    4333       0       1       0       0       0       000010001D   4897
     110       1       0       1       0       0       0               0D   4898
     122    4334       0       1       0       0       0       000010001D   4899
     122       1       0       1       0       0       0               0D   4900
     126    4335       0       1       0       0       0       000010501D   4901
     126       1       0       2       0       0       0               0D   4902
     126    4337       0       1       0       0       0       000010501D   4903
     126       1       0       2       0       0       0               0D   4904
     126    4339       0       1       0       0       0       000010501D   4905
     126       1       0       2       0       0       0               0D   4906
     126    4341       0       1       0       0       0       000010501D   4907
     126       1       0       2       0       0       0               0D   4908
     102    4343       0       1       0       0       0       000010501D   4909
     102       1       0       1       0       0       0               0D   4910
     110    4344       0       1       0       0       0       000010001D   4911
     110       1       0       1       0       0       0               0D   4912
     110    4345       0       1       0       0       0       000010001D   4913
     110       1       0       1       0       0       0               0D   4914
     110    4346       0       1       0       0       0       000010001D   4915
     110       1       0       1       0       0       0               0D   4916
     110    4347       0       1       0       0       0       000010001D   4917
     110       1       0       1       0       0       0               0D   4918
     102    4348       0       1       0       0       0       000010001D   4919
     102       1       0       1       0       0       0               0D   4920
     142    4349       0       1       0       0       0       000010001D   4921
     142       1       0       1       0       0       0               0D   4922
     144    4350       0       1       0       0       0       000010001D   4923
     144       1       0       1       0       0       0               0D   4924
     110    4351       0       1       0       0       0       000010001D   4925
     110       1       0       1       0       0       0               0D   4926
     110    4352       0       1       0       0       0       000010001D   4927
     110       1       0       1       0       0       0               0D   4928
     120    4353       0       1       0       0       0       000010001D   4929
     120       1       0       1       0       0       0               0D   4930
     126    4354       0       1       0       0       0       000010501D   4931
     126       1       0       2       0       0       0               0D   4932
     126    4356       0       1       0       0       0       000010501D   4933
     126       1       0       2       0       0       0               0D   4934
     126    4358       0       1       0       0       0       000010501D   4935
     126       1       0       3       0       0       0               0D   4936
     126    4361       0       1       0       0       0       000010501D   4937
     126       1       0       3       0       0       0               0D   4938
     102    4364       0       1       0       0       0       000010501D   4939
     102       1       0       1       0       0       0               0D   4940
     110    4365       0       1       0       0       0       000010001D   4941
     110       1       0       1       0       0       0               0D   4942
     124    4366       0       1       0       0       0       000010001D   4943
     124       1       0       1       0       0       0               0D   4944
     100    4367       0       1       0       0    4943       000010001D   4945
     100       1       0       1       0       0       0               0D   4946
     110    4368       0       1       0       0       0       000010001D   4947
     110       1       0       2       0       0       0               0D   4948
     124    4370       0       1       0       0       0       000010001D   4949
     124       1       0       1       0       0       0               0D   4950
     100    4371       0       1       0       0    4949       000010001D   4951
     100       1       0       1       0       0       0               0D   4952
     102    4372       0       1       0       0       0       000010001D   4953
     102       1       0       1       0       0       0               0D   4954
     142    4373       0       1       0       0       0       000010001D   4955
     142       1       0       1       0       0       0               0D   4956
     144    4374       0       1       0       0       0       000010001D   4957
     144       1       0       1       0       0       0               0D   4958
     110    4375       0       1       0       0       0       000010001D   4959
     110       1       0       1       0       0       0               0D   4960
     110    4376       0       1       0       0       0       000010001D   4961
     110       1       0       1       0       0       0               0D   4962
     120    4377       0       1       0       0       0       000010001D   4963
     120       1       0       1       0       0       0               0D   4964
     126    4378       0       1       0       0       0       000010501D   4965
     126       1       0       3       0       0       0               0D   4966
     126    4381       0       1       0       0       0       000010501D   4967
     126       1       0       4       0       0       0               0D   4968
     126    4385       0       1       0       0       0       000010501D   4969
     126       1       0       3       0       0       0               0D   4970
     126    4388       0       1       0       0       0       000010501D   4971
     126       1       0       3       0       0       0               0D   4972
     102    4391       0       1       0       0       0       000010501D   4973
     102       1       0       1       0       0       0               0D   4974
     110    4392       0       1       0       0       0       000010001D   4975
     110       1       0       2       0       0       0               0D   4976
     124    4394       0       1       0       0       0       000010001D   4977
     124       1       0       1       0       0       0               0D   4978
     100    4395       0       1       0       0    4977       000010001D   4979
     100       1       0       1       0       0       0               0D   4980
     110    4396       0       1       0       0       0       000010001D   4981
     110       1       0       1       0       0       0               0D   4982
     124    4397       0       1       0       0       0       000010001D   4983
     124       1       0       1       0       0       0               0D   4984
     100    4398       0       1       0       0    4983       000010001D   4985
     100       1       0       1       0       0       0               0D   4986
     102    4399       0       1       0       0       0       000010001D   4987
     102       1       0       1       0       0       0               0D   4988
     142    4400       0       1       0       0       0       000010001D   4989
     142       1       0       1       0       0       0               0D   4990
     144    4401       0       1       0       0       0       000010001D   4991
     144       1       0       1       0       0       0               0D   4992
     110    4402       0       1       0       0       0       000010001D   4993
     110       1       0       2       0       0       0               0D   4994
     122    4404       0       1       0       0       0       000010001D   4995
     122       1       0       1       0       0       0               0D   4996
     126    4405       0       1       0       0       0       000010501D   4997
     126       1       0       6       0       0       0               0D   4998
     126    4411       0       1       0       0       0       000010501D   4999
     126       1       0       3       0       0       0               0D   5000
     126    4414       0       1       0       0       0       000010501D   5001
     126       1       0       7       0       0       0               0D   5002
     126    4421       0       1       0       0       0       000010501D   5003
     126       1       0       4       0       0       0               0D   5004
     126    4425       0       1       0       0       0       000010501D   5005
     126       1       0       7       0       0       0               0D   5006
     126    4432       0       1       0       0       0       000010501D   5007
     126       1       0       3       0       0       0               0D   5008
     126    4435       0       1       0       0       0       000010501D   5009
     126       1       0       7       0       0       0               0D   5010
     126    4442       0       1       0       0       0       000010501D   5011
     126       1       0       4       0       0       0               0D   5012
     102    4446       0       1       0       0       0       000010501D   5013
     102       1       0       1       0       0       0               0D   5014
     124    4447       0       1       0       0       0       000010001D   5015
     124       1       0       1       0       0       0               0D   5016
     100    4448       0       1       0       0    5015       000010001D   5017
     100       1       0       1       0       0       0               0D   5018
     110    4449       0       1       0       0       0       000010001D   5019
     110       1       0       1       0       0       0               0D   5020
     124    4450       0       1       0       0       0       000010001D   5021
     124       1       0       1       0       0       0               0D   5022
     100    4451       0       1       0       0    5021       000010001D   5023
     100       1       0       1       0       0       0               0D   5024
     110    4452       0       1       0       0       0       000010001D   5025
     110       1       0       2       0       0       0               0D   5026
     124    4454       0       1       0       0       0       000010001D   5027
     124       1       0       1       0       0       0               0D   5028
     100    4455       0       1       0       0    5027       000010001D   5029
     100       1       0       1       0       0       0               0D   5030
     110    4456       0       1       0       0       0       000010001D   5031
     110       1       0       1       0       0       0               0D   5032
     124    4457       0       1       0       0       0       000010001D   5033
     124       1       0       1       0       0       0               0D   5034
     100    4458       0       1       0       0    5033       000010001D   5035
     100       1       0       1       0       0       0               0D   5036
     110    4459       0       1       0       0       0       000010001D   5037
     110       1       0       2       0       0       0               0D   5038
     102    4461       0       1       0       0       0       000010001D   5039
     102       1       0       1       0       0       0               0D   5040
     142    4462       0       1       0       0       0       000010001D   5041
     142       1       0       1       0       0       0               0D   5042
     144    4463       0       1       0       0       0       000010001D   5043
     144       1       0       1       0       0       0               0D   5044
     110    4464       0       1       0       0       0       000010001D   5045
     110       1       0       1       0       0       0               0D   5046
     122    4465       0       1       0       0       0       000010001D   5047
     122       1       0       1       0       0       0               0D   5048
     126    4466       0       1       0       0       0       000010501D   5049
     126       1       0       3       0       0       0               0D   5050
     126    4469       0       1       0       0       0       000010501D   5051
     126       1       0       2       0       0       0               0D   5052
     126    4471       0       1       0       0       0       000010501D   5053
     126       1       0       3       0       0       0               0D   5054
     126    4474       0       1       0       0       0       000010501D   5055
     126       1       0       2       0       0       0               0D   5056
     102    4476       0       1       0       0       0       000010501D   5057
     102       1       0       1       0       0       0               0D   5058
     110    4477       0       1       0       0       0       000010001D   5059
     110       1       0       1       0       0       0               0D   5060
     110    4478       0       1       0       0       0       000010001D   5061
     110       1       0       1       0       0       0               0D   5062
     110    4479       0       1       0       0       0       000010001D   5063
     110       1       0       1       0       0       0               0D   5064
     110    4480       0       1       0       0       0       000010001D   5065
     110       1       0       1       0       0       0               0D   5066
     102    4481       0       1       0       0       0       000010001D   5067
     102       1       0       1       0       0       0               0D   5068
     142    4482       0       1       0       0       0       000010001D   5069
     142       1       0       1       0       0       0               0D   5070
     144    4483       0       1       0       0       0       000010001D   5071
     144       1       0       1       0       0       0               0D   5072
     110    4484       0       1       0       0       0       000010001D   5073
     110       1       0       1       0       0       0               0D   5074
     110    4485       0       1       0       0       0       000010001D   5075
     110       1       0       1       0       0       0               0D   5076
     120    4486       0       1       0       0       0       000010001D   5077
     120       1       0       1       0       0       0               0D   5078
     126    4487       0       1       0       0       0       000010501D   5079
     126       1       0       4       0       0       0               0D   5080
     126    4491       0       1       0       0       0       000010501D   5081
     126       1       0       3       0       0       0               0D   5082
     126    4494       0       1       0       0       0       000010501D   5083
     126       1       0       4       0       0       0               0D   5084
     126    4498       0       1       0       0       0       000010501D   5085
     126       1       0       3       0       0       0               0D   5086
     102    4501       0       1       0       0       0       000010501D   5087
     102       1       0       1       0       0       0               0D   5088
     124    4502       0       1       0       0       0       000010001D   5089
     124       1       0       1       0       0       0               0D   5090
     100    4503       0       1       0       0    5089       000010001D   5091
     100       1       0       1       0       0       0               0D   5092
     110    4504       0       1       0       0       0       000010001D   5093
     110       1       0       1       0       0       0               0D   5094
     124    4505       0       1       0       0       0       000010001D   5095
     124       1       0       1       0       0       0               0D   5096
     100    4506       0       1       0       0    5095       000010001D   5097
     100       1       0       1       0       0       0               0D   5098
     110    4507       0       1       0       0       0       000010001D   5099
     110       1       0       2       0       0       0               0D   5100
     102    4509       0       1       0       0       0       000010001D   5101
     102       1       0       1       0       0       0               0D   5102
     142    4510       0       1       0       0       0       000010001D   5103
     142       1       0       1       0       0       0               0D   5104
     144    4511       0       1       0       0       0       000010001D   5105
     144       1       0       1       0       0       0               0D   5106
     110    4512       0       1       0       0       0       000010001D   5107
     110       1       0       2       0       0       0               0D   5108
     122    4514       0       1       0       0       0       000010001D   5109
     122       1       0       1       0       0       0               0D   5110
     126    4515       0       1       0       0       0       000010501D   5111
     126       1       0       3       0       0       0               0D   5112
     126    4518       0       1       0       0       0       000010501D   5113
     126       1       0       2       0       0       0               0D   5114
     126    4520       0       1       0       0       0       000010501D   5115
     126       1       0       3       0       0       0               0D   5116
     126    4523       0       1       0       0       0       000010501D   5117
     126       1       0       2       0       0       0               0D   5118
     102    4525       0       1       0       0       0       000010501D   5119
     102       1       0       1       0       0       0               0D   5120
     110    4526       0       1       0       0       0       000010001D   5121
     110       1       0       2       0       0       0               0D   5122
     110    4528       0       1       0       0       0       000010001D   5123
     110       1       0       2       0       0       0               0D   5124
     110    4530       0       1       0       0       0       000010001D   5125
     110       1       0       2       0       0       0               0D   5126
     110    4532       0       1       0       0       0       000010001D   5127
     110       1       0       2       0       0       0               0D   5128
     102    4534       0       1       0       0       0       000010001D   5129
     102       1       0       1       0       0       0               0D   5130
     142    4535       0       1       0       0       0       000010001D   5131
     142       1       0       1       0       0       0               0D   5132
     144    4536       0       1       0       0       0       000010001D   5133
     144       1       0       1       0       0       0               0D   5134
     308    4537       0       1       0       0       0       000010001D   5135
     308       1       0       2       0       0       0               0D   5136
     408    4539       0       1       0       0    4781       000010001D   5137
     408       1       0       1       0       0       0               0D   5138
     124    4540       0       1       0       0       0       000010001D   5139
     124       1       0       1       0       0       0               0D   5140
     110    4541       0       1       0       0       0       000010001D   5141
     110       1       0       1       0       0       0               0D   5142
     122    4542       0       1       0       0       0       000010001D   5143
     122       1       0       1       0       0       0               0D   5144
     126    4543       0       1       0       0       0       000010501D   5145
     126       1       0       2       0       0       0               0D   5146
     126    4545       0       1       0       0       0       000010501D   5147
     126       1       0       2       0       0       0               0D   5148
     126    4547       0       1       0       0       0       000010501D   5149
     126       1       0       2       0       0       0               0D   5150
     126    4549       0       1       0       0       0       000010501D   5151
     126       1       0       2       0       0       0               0D   5152
     102    4551       0       1       0       0       0       000010501D   5153
     102       1       0       1       0       0       0               0D   5154
     110    4552       0       1       0       0       0       000010001D   5155
     110       1       0       1       0       0       0               0D   5156
     110    4553       0       1       0       0       0       000010001D   5157
     110       1       0       1       0       0       0               0D   5158
     110    4554       0       1       0       0       0       000010001D   5159
     110       1       0       1       0       0       0               0D   5160
     110    4555       0       1       0       0       0       000010001D   5161
     110       1       0       1       0       0       0               0D   5162
     102    4556       0       1       0       0       0       000010001D   5163
     102       1       0       1       0       0       0               0D   5164
     142    4557       0       1       0       0       0       000010001D   5165
     142       1       0       1       0       0       0               0D   5166
     144    4558       0       1       0       0       0       000010001D   5167
     144       1       0       1       0       0       0               0D   5168
     110    4559       0       1       0       0       0       000010001D   5169
     110       1       0       1       0       0       0               0D   5170
     122    4560       0       1       0       0       0       000010001D   5171
     122       1       0       1       0       0       0               0D   5172
     126    4561       0       1       0       0       0       000010501D   5173
     126       1       0       2       0       0       0               0D   5174
     126    4563       0       1       0       0       0       000010501D   5175
     126       1       0       2       0       0       0               0D   5176
     126    4565       0       1       0       0       0       000010501D   5177
     126       1       0       2       0       0       0               0D   5178
     126    4567       0       1       0       0       0       000010501D   5179
     126       1       0       2       0       0       0               0D   5180
     102    4569       0       1       0       0       0       000010501D   5181
     102       1       0       1       0       0       0               0D   5182
     110    4570       0       1       0       0       0       000010001D   5183
     110       1       0       1       0       0       0               0D   5184
     110    4571       0       1       0       0       0       000010001D   5185
     110       1       0       1       0       0       0               0D   5186
     110    4572       0       1       0       0       0       000010001D   5187
     110       1       0       1       0       0       0               0D   5188
     110    4573       0       1       0       0       0       000010001D   5189
     110       1       0       1       0       0       0               0D   5190
     102    4574       0       1       0       0       0       000010001D   5191
     102       1       0       1       0       0       0               0D   5192
     142    4575       0       1       0       0       0       000010001D   5193
     142       1       0       1       0       0       0               0D   5194
     144    4576       0       1       0       0       0       000010001D   5195
     144       1       0       1       0       0       0               0D   5196
     110    4577       0       1       0       0       0       000010001D   5197
     110       1       0       1       0       0       0               0D   5198
     122    4578       0       1       0       0       0       000010001D   5199
     122       1       0       1       0       0       0               0D   5200
     126    4579       0       1       0       0       0       000010501D   5201
     126       1       0       2       0       0       0               0D   5202
     126    4581       0       1       0       0       0       000010501D   5203
     126       1       0       2       0       0       0               0D   5204
     126    4583       0       1       0       0       0       000010501D   5205
     126       1       0       2       0       0       0               0D   5206
     126    4585       0       1       0       0       0       000010501D   5207
     126       1       0       2       0       0       0               0D   5208
     102    4587       0       1       0       0       0       000010501D   5209
     102       1       0       1       0       0       0               0D   5210
     110    4588       0       1       0       0       0       000010001D   5211
     110       1       0       1       0       0       0               0D   5212
     110    4589       0       1       0       0       0       000010001D   5213
     110       1       0       1       0       0       0               0D   5214
     110    4590       0       1       0       0       0       000010001D   5215
     110       1       0       1       0       0       0               0D   5216
     110    4591       0       1       0       0       0       000010001D   5217
     110       1       0       1       0       0       0               0D   5218
     102    4592       0       1       0       0       0       000010001D   5219
     102       1       0       1       0       0       0               0D   5220
     142    4593       0       1       0       0       0       000010001D   5221
     142       1       0       1       0       0       0               0D   5222
     144    4594       0       1       0       0       0       000010001D   5223
     144       1       0       1       0       0       0               0D   5224
     110    4595       0       1       0       0       0       000010001D   5225
     110       1       0       1       0       0       0               0D   5226
     122    4596       0       1       0       0       0       000010001D   5227
     122       1       0       1       0       0       0               0D   5228
     126    4597       0       1       0       0       0       000010501D   5229
     126       1       0       3       0       0       0               0D   5230
     126    4600       0       1       0       0       0       000010501D   5231
     126       1       0       3       0       0       0               0D   5232
     126    4603       0       1       0       0       0       000010501D   5233
     126       1       0       2       0       0       0               0D   5234
     126    4605       0       1       0       0       0       000010501D   5235
     126       1       0       2       0       0       0               0D   5236
     126    4607       0       1       0       0       0       000010501D   5237
     126       1       0       2       0       0       0               0D   5238
     126    4609       0       1       0       0       0       000010501D   5239
     126       1       0       2       0       0       0               0D   5240
     102    4611       0       1       0       0       0       000010501D   5241
     102       1       0       1       0       0       0               0D   5242
     110    4612       0       1       0       0       0       000010001D   5243
     110       1       0       1       0       0       0               0D   5244
     110    4613       0       1       0       0       0       000010001D   5245
     110       1       0       1       0       0       0               0D   5246
     110    4614       0       1       0       0       0       000010001D   5247
     110       1       0       1       0       0       0               0D   5248
     110    4615       0       1       0       0       0       000010001D   5249
     110       1       0       1       0       0       0               0D   5250
     110    4616       0       1       0       0       0       000010001D   5251
     110       1       0       1       0       0       0               0D   5252
     110    4617       0       1       0       0       0       000010001D   5253
     110       1       0       1       0       0       0               0D   5254
     102    4618       0       1       0       0       0       000010001D   5255
     102       1       0       1       0       0       0               0D   5256
     142    4619       0       1       0       0       0       000010001D   5257
     142       1       0       1       0       0       0               0D   5258
     144    4620       0       1       0       0       0       000010001D   5259
     144       1       0       1       0       0       0               0D   5260
     110    4621       0       1       0       0       0       000010001D   5261
     110       1       0       1       0       0       0               0D   5262
     122    4622       0       1       0       0       0       000010001D   5263
     122       1       0       1       0       0       0               0D   5264
     126    4623       0       1       0       0       0       000010501D   5265
     126       1       0       2       0       0       0               0D   5266
     126    4625       0       1       0       0       0       000010501D   5267
     126       1       0       2       0       0       0               0D   5268
     126    4627       0       1       0       0       0       000010501D   5269
     126       1       0       2       0       0       0               0D   5270
     126    4629       0       1       0       0       0       000010501D   5271
     126       1       0       2       0       0       0               0D   5272
     102    4631       0       1       0       0       0       000010501D   5273
     102       1       0       1       0       0       0               0D   5274
     110    4632       0       1       0       0       0       000010001D   5275
     110       1       0       1       0       0       0               0D   5276
     110    4633       0       1       0       0       0       000010001D   5277
     110       1       0       1       0       0       0               0D   5278
     110    4634       0       1       0       0       0       000010001D   5279
     110       1       0       1       0       0       0               0D   5280
     110    4635       0       1       0       0       0       000010001D   5281
     110       1       0       1       0       0       0               0D   5282
     102    4636       0       1       0       0       0       000010001D   5283
     102       1       0       1       0       0       0               0D   5284
     142    4637       0       1       0       0       0       000010001D   5285
     142       1       0       1       0       0       0               0D   5286
     144    4638       0       1       0       0       0       000010001D   5287
     144       1       0       1       0       0       0               0D   5288
     110    4639       0       1       0       0       0       000010001D   5289
     110       1       0       1       0       0       0               0D   5290
     122    4640       0       1       0       0       0       000010001D   5291
     122       1       0       1       0       0       0               0D   5292
     126    4641       0       1       0       0       0       000010501D   5293
     126       1       0       2       0       0       0               0D   5294
     126    4643       0       1       0       0       0       000010501D   5295
     126       1       0       2       0       0       0               0D   5296
     126    4645       0       1       0       0       0       000010501D   5297
     126       1       0       2       0       0       0               0D   5298
     126    4647       0       1       0       0       0       000010501D   5299
     126       1       0       2       0       0       0               0D   5300
     102    4649       0       1       0       0       0       000010501D   5301
     102       1       0       1       0       0       0               0D   5302
     110    4650       0       1       0       0       0       000010001D   5303
     110       1       0       1       0       0       0               0D   5304
     110    4651       0       1       0       0       0       000010001D   5305
     110       1       0       1       0       0       0               0D   5306
     110    4652       0       1       0       0       0       000010001D   5307
     110       1       0       1       0       0       0               0D   5308
     110    4653       0       1       0       0       0       000010001D   5309
     110       1       0       1       0       0       0               0D   5310
     102    4654       0       1       0       0       0       000010001D   5311
     102       1       0       1       0       0       0               0D   5312
     142    4655       0       1       0       0       0       000010001D   5313
     142       1       0       1       0       0       0               0D   5314
     144    4656       0       1       0       0       0       000010001D   5315
     144       1       0       1       0       0       0               0D   5316
     110    4657       0       1       0       0       0       000010001D   5317
     110       1       0       1       0       0       0               0D   5318
     122    4658       0       1       0       0       0       000010001D   5319
     122       1       0       1       0       0       0               0D   5320
     126    4659       0       1       0       0       0       000010501D   5321
     126       1       0       3       0       0       0               0D   5322
     126    4662       0       1       0       0       0       000010501D   5323
     126       1       0       2       0       0       0               0D   5324
     126    4664       0       1       0       0       0       000010501D   5325
     126       1       0       2       0       0       0               0D   5326
     126    4666       0       1       0       0       0       000010501D   5327
     126       1       0       2       0       0       0               0D   5328
     126    4668       0       1       0       0       0       000010501D   5329
     126       1       0       2       0       0       0               0D   5330
     126    4670       0       1       0       0       0       000010501D   5331
     126       1       0       3       0       0       0               0D   5332
     102    4673       0       1       0       0       0       000010501D   5333
     102       1       0       1       0       0       0               0D   5334
     110    4674       0       1       0       0       0       000010001D   5335
     110       1       0       1       0       0       0               0D   5336
     110    4675       0       1       0       0       0       000010001D   5337
     110       1       0       1       0       0       0               0D   5338
     110    4676       0       1       0       0       0       000010001D   5339
     110       1       0       1       0       0       0               0D   5340
     110    4677       0       1       0       0       0       000010001D   5341
     110       1       0       1       0       0       0               0D   5342
     110    4678       0       1       0       0       0       000010001D   5343
     110       1       0       1       0       0       0               0D   5344
     110    4679       0       1       0       0       0       000010001D   5345
     110       1       0       1       0       0       0               0D   5346
     102    4680       0       1       0       0       0       000010001D   5347
     102       1       0       1       0       0       0               0D   5348
     142    4681       0       1       0       0       0       000010001D   5349
     142       1       0       1       0       0       0               0D   5350
     144    4682       0       1       0       0       0       000010001D   5351
     144       1       0       1       0       0       0               0D   5352
     110    4683       0       1       0       0       0       000010001D   5353
     110       1       0       1       0       0       0               0D   5354
     122    4684       0       1       0       0       0       000010001D   5355
     122       1       0       1       0       0       0               0D   5356
     126    4685       0       1       0       0       0       000010501D   5357
     126       1       0       2       0       0       0               0D   5358
     126    4687       0       1       0       0       0       000010501D   5359
     126       1       0       2       0       0       0               0D   5360
     126    4689       0       1       0       0       0       000010501D   5361
     126       1       0       2       0       0       0               0D   5362
     126    4691       0       1       0       0       0       000010501D   5363
     126       1       0       2       0       0       0               0D   5364
     102    4693       0       1       0       0       0       000010501D   5365
     102       1       0       1       0       0       0               0D   5366
     110    4694       0       1       0       0       0       000010001D   5367
     110       1       0       1       0       0       0               0D   5368
     110    4695       0       1       0       0       0       000010001D   5369
     110       1       0       1       0       0       0               0D   5370
     110    4696       0       1       0       0       0       000010001D   5371
     110       1       0       1       0       0       0               0D   5372
     110    4697       0       1       0       0       0       000010001D   5373
     110       1       0       1       0       0       0               0D   5374
     102    4698       0       1       0       0       0       000010001D   5375
     102       1       0       1       0       0       0               0D   5376
     142    4699       0       1       0       0       0       000010001D   5377
     142       1       0       1       0       0       0               0D   5378
     144    4700       0       1       0       0       0       000010001D   5379
     144       1       0       1       0       0       0               0D   5380
     308    4701       0       1       0       0       0       000010001D   5381
     308       1       0       1       0       0       0               0D   5382
     408    4702       0       1       0       0    5139       000010001D   5383
     408       1       0       1       0       0       0               0D   5384
     308    4703       0       1       0       0       0       000010001D   5385
     308       1       0       1       0       0       0               0D   5386
     408    4704       0       1       0       0       0       000000001D   5387
     408       1       0       1       0       0       0               0D   5388
124,1.,0.,0.,-0.00002110504218,0.,1.,0.,0.,0.,0.,1.,0.;                1P      1
110,-0.0005,0.00025,0.,-0.0005,0.00025,0.00001;                        3P      2
122,3,-0.0003,0.00025,0.;                                              5P      3
126,1,1,1,0,1,0,0.0003,0.0003,0.0005,0.0005,1.,1.,0.,1.,0.,0.,         7P      4
0.,0.,0.0003,0.0005,0.,0.,1.;                                          7P      5
126,1,1,1,0,1,0,-0.00001,-0.00001,0.,0.,1.,1.,0.,0.,0.,1.,0.,0.,       9P      6
-0.00001,0.,0.,0.,1.;                                                  9P      7
126,1,1,1,0,1,0,-0.0005,-0.0005,-0.0003,-0.0003,1.,1.,1.,0.,0.,       11P      8
1.,1.,0.,-0.0005,-0.0003,0.,0.,1.;                                    11P      9
126,1,1,1,0,1,0,0.,0.,0.00001,0.00001,1.,1.,1.,1.,0.,0.,1.,0.,        13P     10
0.,0.00001,0.,0.,1.;                                                  13P     11
102,4,7,9,11,13;                                                      15P     12
110,-0.0003,0.00025,0.,-0.0005,0.00025,0.;                            17P     13
110,-0.0005,0.00025,0.,-0.0005,0.00025,0.00001;                       19P     14
110,-0.0005,0.00025,0.00001,-0.0003,0.00025,0.00001;                  21P     15
110,-0.0003,0.00025,0.00001,-0.0003,0.00025,0.;                       23P     16
102,4,17,19,21,23;                                                    25P     17
142,1,5,15,25,2;                                                      27P     18
144,5,1,0,27;                                                         29P     19
110,-0.0003,0.000175,0.,-0.0003,0.00025,0.;                           31P     20
122,31,-0.0003,0.000175,0.00001;                                      33P     21
126,1,1,1,0,1,0,-0.0000375,-0.0000375,0.0000375,0.0000375,1.,1.,      35P     22
0.,0.,0.,1.,0.,0.,-0.0000375,0.0000375,0.,0.,1.;                      35P     23
126,1,1,1,0,1,0,-0.00001,-0.00001,0.,0.,1.,1.,1.,0.,0.,1.,1.,0.,      37P     24
-0.00001,0.,0.,0.,1.;                                                 37P     25
126,1,1,1,0,1,0,-0.0000375,-0.0000375,0.0000375,0.0000375,1.,1.,      39P     26
1.,1.,0.,0.,1.,0.,-0.0000375,0.0000375,0.,0.,1.;                      39P     27
126,1,1,1,0,1,0,0.,0.,0.00001,0.00001,1.,1.,0.,1.,0.,0.,0.,0.,        41P     28
0.,0.00001,0.,0.,1.;                                                  41P     29
102,4,35,37,39,41;                                                    43P     30
110,-0.0003,0.000175,0.,-0.0003,0.00025,0.;                           45P     31
110,-0.0003,0.00025,0.,-0.0003,0.00025,0.00001;                       47P     32
110,-0.0003,0.00025,0.00001,-0.0003,0.000175,0.00001;                 49P     33
110,-0.0003,0.000175,0.00001,-0.0003,0.000175,0.;                     51P     34
102,4,45,47,49,51;                                                    53P     35
142,1,33,43,53,2;                                                     55P     36
144,33,1,0,55;                                                        57P     37
110,-0.0003,0.000175,0.,-0.0003,0.000175,0.00001;                     59P     38
122,59,-0.0001,0.000175,0.;                                           61P     39
126,1,1,1,0,1,0,-0.0001,-0.0001,0.0001,0.0001,1.,1.,0.,1.,0.,0.,      63P     40
-0.,0.,-0.0001,0.0001,0.,0.,1.;                                       63P     41
126,1,1,1,0,1,0,-0.00001,-0.00001,0.,0.,1.,1.,0.,-0.,0.,1.,-0.,       65P     42
0.,-0.00001,0.,0.,0.,1.;                                              65P     43
126,1,1,1,0,1,0,-0.0001,-0.0001,0.0001,0.0001,1.,1.,1.,-0.,0.,        67P     44
1.,1.,0.,-0.0001,0.0001,0.,0.,1.;                                     67P     45
126,1,1,1,0,1,0,0.,0.,0.00001,0.00001,1.,1.,1.,1.,0.,0.,1.,0.,        69P     46
0.,0.00001,0.,0.,1.;                                                  69P     47
102,4,63,65,67,69;                                                    71P     48
110,-0.0001,0.000175,0.,-0.0003,0.000175,0.;                          73P     49
110,-0.0003,0.000175,0.,-0.0003,0.000175,0.00001;                     75P     50
110,-0.0003,0.000175,0.00001,-0.0001,0.000175,0.00001;                77P     51
110,-0.0001,0.000175,0.00001,-0.0001,0.000175,0.;                     79P     52
102,4,73,75,77,79;                                                    81P     53
142,1,61,71,81,2;                                                     83P     54
144,61,1,0,83;                                                        85P     55
110,-0.0001,-0.000175,0.,-0.0001,0.000175,0.;                         87P     56
122,87,-0.0001,-0.000175,0.00001;                                     89P     57
126,1,1,1,0,1,0,-0.000175,-0.000175,0.000175,0.000175,1.,1.,-0.,      91P     58
0.,0.,1.,0.,0.,-0.000175,0.000175,0.,0.,1.;                           91P     59
126,1,1,1,0,1,0,-0.00001,-0.00001,0.,0.,1.,1.,1.,0.,0.,1.,1.,0.,      93P     60
-0.00001,0.,0.,0.,1.;                                                 93P     61
126,1,1,1,0,1,0,-0.000175,-0.000175,0.000175,0.000175,1.,1.,1.,       95P     62
1.,0.,-0.,1.,0.,-0.000175,0.000175,0.,0.,1.;                          95P     63
126,1,1,1,0,1,0,0.,0.,0.00001,0.00001,1.,1.,-0.,1.,0.,-0.,0.,0.,      97P     64
0.,0.00001,0.,0.,1.;                                                  97P     65
102,4,91,93,95,97;                                                    99P     66
110,-0.0001,-0.000175,0.,-0.0001,0.000175,0.;                        101P     67
110,-0.0001,0.000175,0.,-0.0001,0.000175,0.00001;                    103P     68
110,-0.0001,0.000175,0.00001,-0.0001,-0.000175,0.00001;              105P     69
110,-0.0001,-0.000175,0.00001,-0.0001,-0.000175,0.;                  107P     70
102,4,101,103,105,107;                                               109P     71
142,1,89,99,109,2;                                                   111P     72
144,89,1,0,111;                                                      113P     73
110,-0.0003,-0.000175,0.00001,-0.0003,-0.000175,0.;                  115P     74
122,115,-0.0001,-0.000175,0.00001;                                   117P     75
126,1,1,1,0,1,0,-0.0001,-0.0001,0.0001,0.0001,1.,1.,1.,-0.,0.,       119P     76
1.,1.,0.,-0.0001,0.0001,0.,0.,1.;                                    119P     77
126,1,1,1,0,1,0,-0.00001,-0.00001,0.,0.,1.,1.,1.,1.,0.,0.,1.,0.,     121P     78
-0.00001,0.,0.,0.,1.;                                                121P     79
126,1,1,1,0,1,0,-0.0001,-0.0001,0.0001,0.0001,1.,1.,0.,1.,0.,0.,     123P     80
-0.,0.,-0.0001,0.0001,0.,0.,1.;                                      123P     81
126,1,1,1,0,1,0,0.,0.,0.00001,0.00001,1.,1.,0.,-0.,0.,1.,-0.,0.,     125P     82
0.,0.00001,0.,0.,1.;                                                 125P     83
102,4,119,121,123,125;                                               127P     84
110,-0.0003,-0.000175,0.,-0.0001,-0.000175,0.;                       129P     85
110,-0.0001,-0.000175,0.,-0.0001,-0.000175,0.00001;                  131P     86
110,-0.0001,-0.000175,0.00001,-0.0003,-0.000175,0.00001;             133P     87
110,-0.0003,-0.000175,0.00001,-0.0003,-0.000175,0.;                  135P     88
102,4,129,131,133,135;                                               137P     89
142,1,117,127,137,2;                                                 139P     90
144,117,1,0,139;                                                     141P     91
110,-0.0003,-0.00025,0.,-0.0003,-0.000175,0.;                        143P     92
122,143,-0.0003,-0.00025,0.00001;                                    145P     93
126,1,1,1,0,1,0,-0.0000375,-0.0000375,0.0000375,0.0000375,1.,1.,     147P     94
0.,0.,0.,1.,0.,0.,-0.0000375,0.0000375,0.,0.,1.;                     147P     95
126,1,1,1,0,1,0,-0.00001,-0.00001,0.,0.,1.,1.,1.,0.,0.,1.,1.,0.,     149P     96
-0.00001,0.,0.,0.,1.;                                                149P     97
126,1,1,1,0,1,0,-0.0000375,-0.0000375,0.0000375,0.0000375,1.,1.,     151P     98
1.,1.,0.,0.,1.,0.,-0.0000375,0.0000375,0.,0.,1.;                     151P     99
126,1,1,1,0,1,0,0.,0.,0.00001,0.00001,1.,1.,0.,1.,0.,0.,0.,0.,       153P    100
0.,0.00001,0.,0.,1.;                                                 153P    101
102,4,147,149,151,153;                                               155P    102
110,-0.0003,-0.00025,0.,-0.0003,-0.000175,0.;                        157P    103
110,-0.0003,-0.000175,0.,-0.0003,-0.000175,0.00001;                  159P    104
110,-0.0003,-0.000175,0.00001,-0.0003,-0.00025,0.00001;              161P    105
110,-0.0003,-0.00025,0.00001,-0.0003,-0.00025,0.;                    163P    106
102,4,157,159,161,163;                                               165P    107
142,1,145,155,165,2;                                                 167P    108
144,145,1,0,167;                                                     169P    109
110,-0.0005,-0.00025,0.00001,-0.0005,-0.00025,0.;                    171P    110
122,171,-0.0003,-0.00025,0.00001;                                    173P    111
126,1,1,1,0,1,0,-0.0005,-0.0005,-0.0003,-0.0003,1.,1.,1.,0.,0.,      175P    112
1.,1.,0.,-0.0005,-0.0003,0.,0.,1.;                                   175P    113
126,1,1,1,0,1,0,-0.00001,-0.00001,0.,0.,1.,1.,1.,1.,0.,0.,1.,0.,     177P    114
-0.00001,0.,0.,0.,1.;                                                177P    115
126,1,1,1,0,1,0,0.0003,0.0003,0.0005,0.0005,1.,1.,0.,1.,0.,0.,       179P    116
0.,0.,0.0003,0.0005,0.,0.,1.;                                        179P    117
126,1,1,1,0,1,0,0.,0.,0.00001,0.00001,1.,1.,0.,0.,0.,1.,0.,0.,       181P    118
0.,0.00001,0.,0.,1.;                                                 181P    119
102,4,175,177,179,181;                                               183P    120
110,-0.0005,-0.00025,0.,-0.0003,-0.00025,0.;                         185P    121
110,-0.0003,-0.00025,0.,-0.0003,-0.00025,0.00001;                    187P    122
110,-0.0003,-0.00025,0.00001,-0.0005,-0.00025,0.00001;               189P    123
110,-0.0005,-0.00025,0.00001,-0.0005,-0.00025,0.;                    191P    124
102,4,185,187,189,191;                                               193P    125
142,1,173,183,193,2;                                                 195P    126
144,173,1,0,195;                                                     197P    127
110,-0.0005,0.00025,0.,-0.0005,-0.00025,0.;                          199P    128
122,199,-0.0005,0.00025,0.00001;                                     201P    129
126,1,1,1,0,1,0,-0.00025,-0.00025,0.00025,0.00025,1.,1.,-0.,         203P    130
-0.00000000000001,0.,1.,-0.00000000000001,0.,-0.00025,0.00025,       203P    131
0.,0.,1.;                                                            203P    132
126,1,1,1,0,1,0,-0.00001,-0.00001,0.,0.,1.,1.,1.,                    205P    133
-0.00000000000001,0.,1.,1.,0.,-0.00001,0.,0.,0.,1.;                  205P    134
126,1,1,1,0,1,0,-0.00025,-0.00025,0.00025,0.00025,1.,1.,1.,1.,       207P    135
0.,-0.,1.,0.,-0.00025,0.00025,0.,0.,1.;                              207P    136
126,1,1,1,0,1,0,0.,0.,0.00001,0.00001,1.,1.,-0.,1.,0.,-0.,           209P    137
-0.00000000000001,0.,0.,0.00001,0.,0.,1.;                            209P    138
102,4,203,205,207,209;                                               211P    139
110,-0.0005,0.00025,0.,-0.0005,-0.00025,0.;                          213P    140
110,-0.0005,-0.00025,0.,-0.0005,-0.00025,0.00001;                    215P    141
110,-0.0005,-0.00025,0.00001,-0.0005,0.00025,0.00001;                217P    142
110,-0.0005,0.00025,0.00001,-0.0005,0.00025,0.;                      219P    143
102,4,213,215,217,219;                                               221P    144
142,1,201,211,221,2;                                                 223P    145
144,201,1,0,223;                                                     225P    146
110,-0.0001,0.00025,0.,-0.0001,-0.00025,0.;                          227P    147
122,227,-0.0005,0.00025,0.;                                          229P    148
126,1,1,1,0,1,0,-0.0005,-0.0005,-0.0003,-0.0003,1.,1.,0.,1.,0.,      231P    149
0.,0.5,0.,-0.0005,-0.0003,0.,0.,1.;                                  231P    150
126,1,1,1,0,1,0,-0.0000375,-0.0000375,0.0000375,0.0000375,1.,1.,     233P    151
0.,0.5,0.,0.14999999999986,0.5,0.,-0.0000375,0.0000375,0.,0.,1.;     233P    152
126,1,1,1,0,1,0,-0.0001,-0.0001,0.0001,0.0001,1.,1.,                 235P    153
0.14999999999986,0.5,0.,0.14999999999986,0.,0.,-0.0001,0.0001,       235P    154
0.,0.,1.;                                                            235P    155
126,1,1,1,0,1,0,-0.000175,-0.000175,0.000175,0.000175,1.,1.,         237P    156
0.14999999999986,0.,0.,0.84999999999991,0.,0.,-0.000175,             237P    157
0.000175,0.,0.,1.;                                                   237P    158
126,1,1,1,0,1,0,-0.0001,-0.0001,0.0001,0.0001,1.,1.,                 239P    159
0.84999999999991,0.,0.,0.84999999999991,0.5,0.,-0.0001,0.0001,       239P    160
0.,0.,1.;                                                            239P    161
126,1,1,1,0,1,0,-0.0000375,-0.0000375,0.0000375,0.0000375,1.,1.,     241P    162
0.84999999999991,0.5,0.,1.,0.5,0.,-0.0000375,0.0000375,0.,0.,1.;     241P    163
126,1,1,1,0,1,0,0.0003,0.0003,0.0005,0.0005,1.,1.,1.,0.5,0.,1.,      243P    164
1.,0.,0.0003,0.0005,0.,0.,1.;                                        243P    165
126,1,1,1,0,1,0,-0.00025,-0.00025,0.00025,0.00025,1.,1.,1.,1.,       245P    166
0.,0.,1.,0.,-0.00025,0.00025,0.,0.,1.;                               245P    167
102,8,231,233,235,237,239,241,243,245;                               247P    168
110,-0.0005,0.00025,0.,-0.0003,0.00025,0.;                           249P    169
110,-0.0003,0.00025,0.,-0.0003,0.000175,0.;                          251P    170
110,-0.0003,0.000175,0.,-0.0001,0.000175,0.;                         253P    171
110,-0.0001,0.000175,0.,-0.0001,-0.000175,0.;                        255P    172
110,-0.0001,-0.000175,0.,-0.0003,-0.000175,0.;                       257P    173
110,-0.0003,-0.000175,0.,-0.0003,-0.00025,0.;                        259P    174
110,-0.0003,-0.00025,0.,-0.0005,-0.00025,0.;                         261P    175
110,-0.0005,-0.00025,0.,-0.0005,0.00025,0.;                          263P    176
102,8,249,251,253,255,257,259,261,263;                               265P    177
142,1,229,247,265,2;                                                 267P    178
144,229,1,0,267;                                                     269P    179
110,-0.0001,-0.00025,0.00001,-0.0001,0.00025,0.00001;                271P    180
122,271,-0.0005,-0.00025,0.00001;                                    273P    181
126,1,1,1,0,1,0,0.0003,0.0003,0.0005,0.0005,1.,1.,1.,0.5,0.,1.,      275P    182
1.,0.,0.0003,0.0005,0.,0.,1.;                                        275P    183
126,1,1,1,0,1,0,-0.00025,-0.00025,0.00025,0.00025,1.,1.,1.,1.,       277P    184
0.,0.,1.,0.,-0.00025,0.00025,0.,0.,1.;                               277P    185
126,1,1,1,0,1,0,-0.0005,-0.0005,-0.0003,-0.0003,1.,1.,0.,1.,0.,      279P    186
0.,0.5,0.,-0.0005,-0.0003,0.,0.,1.;                                  279P    187
126,1,1,1,0,1,0,-0.0000375,-0.0000375,0.0000375,0.0000375,1.,1.,     281P    188
0.,0.5,0.,0.15000000000009,0.5,0.,-0.0000375,0.0000375,0.,0.,1.;     281P    189
126,1,1,1,0,1,0,-0.0001,-0.0001,0.0001,0.0001,1.,1.,                 283P    190
0.15000000000009,0.5,0.,0.15000000000009,0.,0.,-0.0001,0.0001,       283P    191
0.,0.,1.;                                                            283P    192
126,1,1,1,0,1,0,-0.000175,-0.000175,0.000175,0.000175,1.,1.,         285P    193
0.15000000000009,0.,0.,0.85000000000014,0.,0.,-0.000175,             285P    194
0.000175,0.,0.,1.;                                                   285P    195
126,1,1,1,0,1,0,-0.0001,-0.0001,0.0001,0.0001,1.,1.,                 287P    196
0.85000000000014,0.,0.,0.85000000000014,0.5,0.,-0.0001,0.0001,       287P    197
0.,0.,1.;                                                            287P    198
126,1,1,1,0,1,0,-0.0000375,-0.0000375,0.0000375,0.0000375,1.,1.,     289P    199
0.85000000000014,0.5,0.,1.,0.5,0.,-0.0000375,0.0000375,0.,0.,1.;     289P    200
102,8,275,277,279,281,283,285,287,289;                               291P    201
110,-0.0003,0.00025,0.00001,-0.0005,0.00025,0.00001;                 293P    202
110,-0.0005,0.00025,0.00001,-0.0005,-0.00025,0.00001;                295P    203
110,-0.0005,-0.00025,0.00001,-0.0003,-0.00025,0.00001;               297P    204
110,-0.0003,-0.00025,0.00001,-0.0003,-0.000175,0.00001;              299P    205
110,-0.0003,-0.000175,0.00001,-0.0001,-0.000175,0.00001;             301P    206
110,-0.0001,-0.000175,0.00001,-0.0001,0.000175,0.00001;              303P    207
110,-0.0001,0.000175,0.00001,-0.0003,0.000175,0.00001;               305P    208
110,-0.0003,0.000175,0.00001,-0.0003,0.00025,0.00001;                307P    209
102,8,293,295,297,299,301,303,305,307;                               309P    210
142,1,273,291,309,2;                                                 311P    211
144,273,1,0,311;                                                     313P    212
308,0,7HDEFAULT,10,29,57,85,113,141,169,197,225,269,313;             315P    213
408,315,0.,0.,0.,1.;                                                 317P    214
124,1.,0.,0.,-0.00002110504218,0.,1.,0.,0.,0.,0.,1.,0.;              319P    215
110,0.00045,-0.00025,0.00018,0.00045,-0.00025,0.00017;               321P    216
122,321,0.00045,0.00025,0.00018;                                     323P    217
126,1,1,1,0,1,0,-0.00025,-0.00025,0.00025,0.00025,1.,1.,0.,1.,       325P    218
0.,0.,-0.,0.,-0.00025,0.00025,0.,0.,1.;                              325P    219
126,1,1,1,0,1,0,-0.00001,-0.00001,0.,0.,1.,1.,0.,-0.,0.,1.,-0.,      327P    220
0.,-0.00001,0.,0.,0.,1.;                                             327P    221
126,1,1,1,0,1,0,-0.00025,-0.00025,0.00025,0.00025,1.,1.,1.,-0.,      329P    222
0.,1.,1.,0.,-0.00025,0.00025,0.,0.,1.;                               329P    223
126,1,1,1,0,1,0,0.,0.,0.00001,0.00001,1.,1.,1.,1.,0.,0.,1.,0.,       331P    224
0.,0.00001,0.,0.,1.;                                                 331P    225
102,4,325,327,329,331;                                               333P    226
110,0.00045,0.00025,0.00018,0.00045,-0.00025,0.00018;                335P    227
110,0.00045,-0.00025,0.00018,0.00045,-0.00025,0.00017;               337P    228
110,0.00045,-0.00025,0.00017,0.00045,0.00025,0.00017;                339P    229
110,0.00045,0.00025,0.00017,0.00045,0.00025,0.00018;                 341P    230
102,4,335,337,339,341;                                               343P    231
142,1,323,333,343,2;                                                 345P    232
144,323,1,0,345;                                                     347P    233
110,0.00045,-0.00025,0.00017,0.00035,-0.00025,0.00017;               349P    234
122,349,0.00045,0.00025,0.00017;                                     351P    235
126,1,1,1,0,1,0,0.00035,0.00035,0.00045,0.00045,1.,1.,1.,1.,0.,      353P    236
0.,1.,0.,0.00035,0.00045,0.,0.,1.;                                   353P    237
126,1,1,1,0,1,0,-0.00025,-0.00025,0.00025,0.00025,1.,1.,0.,1.,       355P    238
0.,0.,0.,0.,-0.00025,0.00025,0.,0.,1.;                               355P    239
126,1,1,1,0,1,0,-0.00045,-0.00045,-0.00035,-0.00035,1.,1.,0.,0.,     357P    240
0.,1.,0.,0.,-0.00045,-0.00035,0.,0.,1.;                              357P    241
126,1,1,1,0,1,0,-0.00025,-0.00025,0.00025,0.00025,1.,1.,1.,0.,       359P    242
0.,1.,1.,0.,-0.00025,0.00025,0.,0.,1.;                               359P    243
102,4,353,355,357,359;                                               361P    244
110,0.00035,0.00025,0.00017,0.00045,0.00025,0.00017;                 363P    245
110,0.00045,0.00025,0.00017,0.00045,-0.00025,0.00017;                365P    246
110,0.00045,-0.00025,0.00017,0.00035,-0.00025,0.00017;               367P    247
110,0.00035,-0.00025,0.00017,0.00035,0.00025,0.00017;                369P    248
102,4,363,365,367,369;                                               371P    249
142,1,351,361,371,2;                                                 373P    250
144,351,1,0,373;                                                     375P    251
110,0.00045,-0.00025,0.00018,0.00035,-0.00025,0.00018;               377P    252
122,377,0.00045,-0.00025,0.00017;                                    379P    253
126,1,1,1,0,1,0,-0.00045,-0.00045,-0.00035,-0.00035,1.,1.,0.,0.,     381P    254
0.,1.,0.,0.,-0.00045,-0.00035,0.,0.,1.;                              381P    255
126,1,1,1,0,1,0,-0.00001,-0.00001,0.,0.,1.,1.,1.,0.,0.,1.,1.,0.,     383P    256
-0.00001,0.,0.,0.,1.;                                                383P    257
126,1,1,1,0,1,0,0.00035,0.00035,0.00045,0.00045,1.,1.,1.,1.,0.,      385P    258
0.,1.,0.,0.00035,0.00045,0.,0.,1.;                                   385P    259
126,1,1,1,0,1,0,0.,0.,0.00001,0.00001,1.,1.,0.,1.,0.,0.,0.,0.,       387P    260
0.,0.00001,0.,0.,1.;                                                 387P    261
102,4,381,383,385,387;                                               389P    262
110,0.00045,-0.00025,0.00018,0.00035,-0.00025,0.00018;               391P    263
110,0.00035,-0.00025,0.00018,0.00035,-0.00025,0.00017;               393P    264
110,0.00035,-0.00025,0.00017,0.00045,-0.00025,0.00017;               395P    265
110,0.00045,-0.00025,0.00017,0.00045,-0.00025,0.00018;               397P    266
102,4,391,393,395,397;                                               399P    267
142,1,379,389,399,2;                                                 401P    268
144,379,1,0,401;                                                     403P    269
110,0.00035,0.00025,0.00018,0.00045,0.00025,0.00018;                 405P    270
122,405,0.00035,0.00025,0.00017;                                     407P    271
126,1,1,1,0,1,0,0.00035,0.00035,0.00045,0.00045,1.,1.,-0.,0.,0.,     409P    272
1.,0.,0.,0.00035,0.00045,0.,0.,1.;                                   409P    273
126,1,1,1,0,1,0,-0.00001,-0.00001,0.,0.,1.,1.,1.,0.,0.,1.,1.,0.,     411P    274
-0.00001,0.,0.,0.,1.;                                                411P    275
126,1,1,1,0,1,0,-0.00045,-0.00045,-0.00035,-0.00035,1.,1.,1.,1.,     413P    276
0.,-0.,1.,0.,-0.00045,-0.00035,0.,0.,1.;                             413P    277
126,1,1,1,0,1,0,0.,0.,0.00001,0.00001,1.,1.,-0.,1.,0.,-0.,0.,0.,     415P    278
0.,0.00001,0.,0.,1.;                                                 415P    279
102,4,409,411,413,415;                                               417P    280
110,0.00035,0.00025,0.00018,0.00045,0.00025,0.00018;                 419P    281
110,0.00045,0.00025,0.00018,0.00045,0.00025,0.00017;                 421P    282
110,0.00045,0.00025,0.00017,0.00035,0.00025,0.00017;                 423P    283
110,0.00035,0.00025,0.00017,0.00035,0.00025,0.00018;                 425P    284
102,4,419,421,423,425;                                               427P    285
142,1,407,417,427,2;                                                 429P    286
144,407,1,0,429;                                                     431P    287
110,0.00035,-0.00025,0.00017,0.00035,-0.00025,0.00018;               433P    288
122,433,0.00035,0.00025,0.00017;                                     435P    289
126,1,1,1,0,1,0,-0.00025,-0.00025,0.00025,0.00025,1.,1.,1.,-0.,      437P    290
0.,1.,1.,0.,-0.00025,0.00025,0.,0.,1.;                               437P    291
126,1,1,1,0,1,0,-0.00001,-0.00001,0.,0.,1.,1.,1.,1.,0.,0.,1.,0.,     439P    292
-0.00001,0.,0.,0.,1.;                                                439P    293
126,1,1,1,0,1,0,-0.00025,-0.00025,0.00025,0.00025,1.,1.,0.,1.,       441P    294
0.,0.,-0.,0.,-0.00025,0.00025,0.,0.,1.;                              441P    295
126,1,1,1,0,1,0,0.,0.,0.00001,0.00001,1.,1.,0.,-0.,0.,1.,-0.,0.,     443P    296
0.,0.00001,0.,0.,1.;                                                 443P    297
102,4,437,439,441,443;                                               445P    298
110,0.00035,-0.00025,0.00018,0.00035,0.00025,0.00018;                447P    299
110,0.00035,0.00025,0.00018,0.00035,0.00025,0.00017;                 449P    300
110,0.00035,0.00025,0.00017,0.00035,-0.00025,0.00017;                451P    301
110,0.00035,-0.00025,0.00017,0.00035,-0.00025,0.00018;               453P    302
102,4,447,449,451,453;                                               455P    303
142,1,435,445,455,2;                                                 457P    304
144,435,1,0,457;                                                     459P    305
110,0.00035,-0.00025,0.00018,0.00045,-0.00025,0.00018;               461P    306
122,461,0.00035,0.00025,0.00018;                                     463P    307
126,1,1,1,0,1,0,-0.00045,-0.00045,-0.00035,-0.00035,1.,1.,1.,1.,     465P    308
0.,0.,1.,0.,-0.00045,-0.00035,0.,0.,1.;                              465P    309
126,1,1,1,0,1,0,-0.00025,-0.00025,0.00025,0.00025,1.,1.,0.,1.,       467P    310
0.,0.,0.,0.,-0.00025,0.00025,0.,0.,1.;                               467P    311
126,1,1,1,0,1,0,0.00035,0.00035,0.00045,0.00045,1.,1.,0.,0.,0.,      469P    312
1.,0.,0.,0.00035,0.00045,0.,0.,1.;                                   469P    313
126,1,1,1,0,1,0,-0.00025,-0.00025,0.00025,0.00025,1.,1.,1.,0.,       471P    314
0.,1.,1.,0.,-0.00025,0.00025,0.,0.,1.;                               471P    315
102,4,465,467,469,471;                                               473P    316
110,0.00045,0.00025,0.00018,0.00035,0.00025,0.00018;                 475P    317
110,0.00035,0.00025,0.00018,0.00035,-0.00025,0.00018;                477P    318
110,0.00035,-0.00025,0.00018,0.00045,-0.00025,0.00018;               479P    319
110,0.00045,-0.00025,0.00018,0.00045,0.00025,0.00018;                481P    320
102,4,475,477,479,481;                                               483P    321
142,1,463,473,483,2;                                                 485P    322
144,463,1,0,485;                                                     487P    323
308,0,7HDEFAULT,6,347,375,403,431,459,487;                           489P    324
408,489,0.,0.,0.,1.;                                                 491P    325
124,1.,0.,0.,-0.00002110504218,0.,1.,0.,0.,0.,0.,1.,0.;              493P    326
110,0.0001,-0.000075,0.00001,0.00022,-0.000075,0.00001;              495P    327
122,495,0.0001,-0.000075,0.;                                         497P    328
126,1,1,1,0,1,0,-0.00006,-0.00006,0.00006,0.00006,1.,1.,1.,1.,       499P    329
0.,0.,1.,0.,-0.00006,0.00006,0.,0.,1.;                               499P    330
126,1,1,1,0,1,0,-0.00001,-0.00001,0.,0.,1.,1.,0.,1.,0.,0.,0.,0.,     501P    331
-0.00001,0.,0.,0.,1.;                                                501P    332
126,1,1,1,0,1,0,-0.00006,-0.00006,0.00006,0.00006,1.,1.,0.,0.,       503P    333
0.,1.,0.,0.,-0.00006,0.00006,0.,0.,1.;                               503P    334
126,1,1,1,0,1,0,0.,0.,0.00001,0.00001,1.,1.,1.,0.,0.,1.,1.,0.,       505P    335
0.,0.00001,0.,0.,1.;                                                 505P    336
102,4,499,501,503,505;                                               507P    337
110,0.00022,-0.000075,0.,0.0001,-0.000075,0.;                        509P    338
110,0.0001,-0.000075,0.,0.0001,-0.000075,0.00001;                    511P    339
110,0.0001,-0.000075,0.00001,0.00022,-0.000075,0.00001;              513P    340
110,0.00022,-0.000075,0.00001,0.00022,-0.000075,0.;                  515P    341
102,4,509,511,513,515;                                               517P    342
142,1,497,507,517,2;                                                 519P    343
144,497,1,0,519;                                                     521P    344
110,0.00022,-0.000045,0.00001,0.00022,-0.000045,1.00001;             523P    345
110,0.00019,-0.000045,0.,0.00019,-0.000045,0.00001;                  525P    346
120,523,525,0.,6.28318530717959;                                     527P    347
126,1,1,1,0,1,0,3.14159265358979,3.14159265358979,                   529P    348
4.71238898038469,4.71238898038469,1.,1.,0.,3.14159265358979,0.,      529P    349
0.,1.5707963267949,0.,3.14159265358979,4.71238898038469,0.,0.,       529P    350
1.;                                                                  529P    351
126,1,1,1,0,1,0,-0.00001,-0.00001,0.,0.,1.,1.,0.,                    531P    352
1.5707963267949,0.,1.,1.5707963267949,0.,-0.00001,0.,0.,0.,1.;       531P    353
126,1,1,1,0,1,0,-4.71238898038469,-4.71238898038469,                 533P    354
-3.14159265358979,-3.14159265358979,1.,1.,1.,1.5707963267949,0.,     533P    355
1.,3.14159265358979,0.,-4.71238898038469,-3.14159265358979,0.,       533P    356
0.,1.;                                                               533P    357
126,1,1,1,0,1,0,0.,0.,0.00001,0.00001,1.,1.,1.,3.14159265358979,     535P    358
0.,0.,3.14159265358979,0.,0.,0.00001,0.,0.,1.;                       535P    359
102,4,529,531,533,535;                                               537P    360
124,-1.,0.,0.,0.00022,0.,1.,0.,-0.000045,0.,0.,-1.,0.;               539P    361
100,0.,0.,0.,-0.00003,0.,-0.,-0.00003;                               541P    362
110,0.00022,-0.000075,0.,0.00022,-0.000075,0.00001;                  543P    363
124,-1.,0.,0.,0.00022,0.,-1.,0.,-0.000045,0.,0.,1.,0.00001;          545P    364
100,0.,0.,0.,-0.,0.00003,-0.00003,-0.;                               547P    365
110,0.00025,-0.000045,0.00001,0.00025,-0.000045,0.;                  549P    366
102,4,541,543,547,549;                                               551P    367
142,1,527,537,551,2;                                                 553P    368
144,527,1,0,553;                                                     555P    369
110,0.0001,-0.000175,0.,0.0001,-0.000175,0.00001;                    557P    370
122,557,0.0001,-0.000075,0.;                                         559P    371
126,1,1,1,0,1,0,-0.00005,-0.00005,0.00005,0.00005,1.,1.,0.,1.,       561P    372
0.,0.,0.,0.,-0.00005,0.00005,0.,0.,1.;                               561P    373
126,1,1,1,0,1,0,-0.00001,-0.00001,0.,0.,1.,1.,0.,0.,0.,1.,0.,0.,     563P    374
-0.00001,0.,0.,0.,1.;                                                563P    375
126,1,1,1,0,1,0,-0.00005,-0.00005,0.00005,0.00005,1.,1.,1.,0.,       565P    376
0.,1.,1.,0.,-0.00005,0.00005,0.,0.,1.;                               565P    377
126,1,1,1,0,1,0,0.,0.,0.00001,0.00001,1.,1.,1.,1.,0.,0.,1.,0.,       567P    378
0.,0.00001,0.,0.,1.;                                                 567P    379
102,4,561,563,565,567;                                               569P    380
110,0.0001,-0.000075,0.,0.0001,-0.000175,0.;                         571P    381
110,0.0001,-0.000175,0.,0.0001,-0.000175,0.00001;                    573P    382
110,0.0001,-0.000175,0.00001,0.0001,-0.000075,0.00001;               575P    383
110,0.0001,-0.000075,0.00001,0.0001,-0.000075,0.;                    577P    384
102,4,571,573,575,577;                                               579P    385
142,1,559,569,579,2;                                                 581P    386
144,559,1,0,581;                                                     583P    387
110,0.0003,-0.000175,0.,0.0003,-0.00025,0.;                          585P    388
122,585,0.0003,-0.000175,0.00001;                                    587P    389
126,1,1,1,0,1,0,-0.0000375,-0.0000375,0.0000375,0.0000375,1.,1.,     589P    390
0.,0.,0.,1.,0.,0.,-0.0000375,0.0000375,0.,0.,1.;                     589P    391
126,1,1,1,0,1,0,-0.00001,-0.00001,0.,0.,1.,1.,1.,0.,0.,1.,1.,0.,     591P    392
-0.00001,0.,0.,0.,1.;                                                591P    393
126,1,1,1,0,1,0,-0.0000375,-0.0000375,0.0000375,0.0000375,1.,1.,     593P    394
1.,1.,0.,0.,1.,0.,-0.0000375,0.0000375,0.,0.,1.;                     593P    395
126,1,1,1,0,1,0,0.,0.,0.00001,0.00001,1.,1.,0.,1.,0.,0.,0.,0.,       595P    396
0.,0.00001,0.,0.,1.;                                                 595P    397
102,4,589,591,593,595;                                               597P    398
110,0.0003,-0.000175,0.,0.0003,-0.00025,0.;                          599P    399
110,0.0003,-0.00025,0.,0.0003,-0.00025,0.00001;                      601P    400
110,0.0003,-0.00025,0.00001,0.0003,-0.000175,0.00001;                603P    401
110,0.0003,-0.000175,0.00001,0.0003,-0.000175,0.;                    605P    402
102,4,599,601,603,605;                                               607P    403
142,1,587,597,607,2;                                                 609P    404
144,587,1,0,609;                                                     611P    405
110,0.0001,-0.000175,0.00001,0.0001,-0.000175,0.;                    613P    406
122,613,0.0003,-0.000175,0.00001;                                    615P    407
126,1,1,1,0,1,0,-0.0001,-0.0001,0.0001,0.0001,1.,1.,1.,-0.,0.,       617P    408
1.,1.,0.,-0.0001,0.0001,0.,0.,1.;                                    617P    409
126,1,1,1,0,1,0,-0.00001,-0.00001,0.,0.,1.,1.,1.,1.,0.,0.,1.,0.,     619P    410
-0.00001,0.,0.,0.,1.;                                                619P    411
126,1,1,1,0,1,0,-0.0001,-0.0001,0.0001,0.0001,1.,1.,0.,1.,0.,0.,     621P    412
-0.,0.,-0.0001,0.0001,0.,0.,1.;                                      621P    413
126,1,1,1,0,1,0,0.,0.,0.00001,0.00001,1.,1.,0.,-0.,0.,1.,-0.,0.,     623P    414
0.,0.00001,0.,0.,1.;                                                 623P    415
102,4,617,619,621,623;                                               625P    416
110,0.0001,-0.000175,0.,0.0003,-0.000175,0.;                         627P    417
110,0.0003,-0.000175,0.,0.0003,-0.000175,0.00001;                    629P    418
110,0.0003,-0.000175,0.00001,0.0001,-0.000175,0.00001;               631P    419
110,0.0001,-0.000175,0.00001,0.0001,-0.000175,0.;                    633P    420
102,4,627,629,631,633;                                               635P    421
142,1,615,625,635,2;                                                 637P    422
144,615,1,0,637;                                                     639P    423
110,0.0005,0.00025,0.,0.0005,-0.00025,0.;                            641P    424
122,641,0.0001,0.00025,0.;                                           643P    425
126,1,1,1,0,1,0,-0.0000375,-0.0000375,0.0000375,0.0000375,1.,1.,     645P    426
1.,0.50000000000057,0.,0.84999999999991,0.50000000000057,0.,         645P    427
-0.0000375,0.0000375,0.,0.,1.;                                       645P    428
126,1,1,1,0,1,0,-0.0001,-0.0001,0.0001,0.0001,1.,1.,                 647P    429
0.84999999999991,0.50000000000057,0.,0.84999999999991,1.,0.,         647P    430
-0.0001,0.0001,0.,0.,1.;                                             647P    431
126,1,1,1,0,1,0,-0.00005,-0.00005,0.00005,0.00005,1.,1.,             649P    432
0.84999999999991,1.,0.,0.64999999999986,1.,0.,-0.00005,0.00005,      649P    433
0.,0.,1.;                                                            649P    434
126,1,1,1,0,1,0,-0.00006,-0.00006,0.00006,0.00006,1.,1.,             651P    435
0.64999999999986,1.,0.,0.64999999999986,0.70000000000034,0.,         651P    436
-0.00006,0.00006,0.,0.,1.;                                           651P    437
126,4,2,1,0,1,0,-4.71238898038469,-4.71238898038469,                 653P    438
-4.71238898038469,-3.92699081698724,-3.92699081698724,               653P    439
-3.14159265358979,-3.14159265358979,-3.14159265358979,1.,1.,1.,      653P    440
1.,1.,0.64999999999992,0.70000000000034,0.,0.64999999999992,         653P    441
0.66893398282237,0.,0.63242640687111,0.64696699141136,0.,            653P    442
0.6148528137423,0.62500000000036,0.,0.58999999999992,                653P    443
0.62500000000036,0.,-4.71238898038469,-3.14159265358979,0.,0.,       653P    444
1.;                                                                  653P    445
126,1,1,1,0,1,0,-0.000045,-0.000045,0.000045,0.000045,1.,1.,         655P    446
0.58999999999992,0.62499999999986,0.,0.40999999999985,               655P    447
0.62499999999986,0.,-0.000045,0.000045,0.,0.,1.;                     655P    448
126,4,2,1,0,1,0,-3.14159265358979,-3.14159265358979,                 657P    449
-3.14159265358979,-2.35619449019234,-2.35619449019234,               657P    450
-1.5707963267949,-1.5707963267949,-1.5707963267949,1.,1.,1.,1.,      657P    451
1.,0.40999999999985,0.62500000000036,0.,0.38514718625747,            657P    452
0.62500000000036,0.,0.36757359312866,0.64696699141136,0.,            657P    453
0.34999999999985,0.66893398282237,0.,0.34999999999985,               657P    454
0.70000000000034,0.,-3.14159265358979,-1.5707963267949,0.,0.,1.;     657P    455
126,1,1,1,0,1,0,-0.00006,-0.00006,0.00006,0.00006,1.,1.,             659P    456
0.34999999999991,0.70000000000034,0.,0.34999999999991,1.,0.,         659P    457
-0.00006,0.00006,0.,0.,1.;                                           659P    458
126,1,1,1,0,1,0,-0.00005,-0.00005,0.00005,0.00005,1.,1.,             661P    459
0.34999999999991,1.,0.,0.14999999999986,1.,0.,-0.00005,0.00005,      661P    460
0.,0.,1.;                                                            661P    461
126,1,1,1,0,1,0,-0.0001,-0.0001,0.0001,0.0001,1.,1.,                 663P    462
0.14999999999986,1.,0.,0.14999999999986,0.50000000000057,0.,         663P    463
-0.0001,0.0001,0.,0.,1.;                                             663P    464
126,1,1,1,0,1,0,-0.0000375,-0.0000375,0.0000375,0.0000375,1.,1.,     665P    465
0.14999999999986,0.50000000000057,0.,0.,0.50000000000057,0.,         665P    466
-0.0000375,0.0000375,0.,0.,1.;                                       665P    467
126,1,1,1,0,1,0,0.0003,0.0003,0.0005,0.0005,1.,1.,0.,                667P    468
0.50000000000057,0.,0.,0.,0.,0.0003,0.0005,0.,0.,1.;                 667P    469
126,1,1,1,0,1,0,-0.00025,-0.00025,0.00025,0.00025,1.,1.,0.,0.,       669P    470
0.,1.,0.,0.,-0.00025,0.00025,0.,0.,1.;                               669P    471
126,1,1,1,0,1,0,-0.0005,-0.0005,-0.0003,-0.0003,1.,1.,1.,0.,0.,      671P    472
1.,0.50000000000057,0.,-0.0005,-0.0003,0.,0.,1.;                     671P    473
102,14,645,647,649,651,653,655,657,659,661,663,665,667,669,671;      673P    474
110,0.0003,-0.00025,0.,0.0003,-0.000175,0.;                          675P    475
110,0.0003,-0.000175,0.,0.0001,-0.000175,0.;                         677P    476
110,0.0001,-0.000175,0.,0.0001,-0.000075,0.;                         679P    477
110,0.0001,-0.000075,0.,0.00022,-0.000075,0.;                        681P    478
124,-1.,0.,0.,0.00022,0.,-1.,0.,-0.000045,0.,0.,1.,0.;               683P    479
100,0.,0.,0.,-0.,0.00003,-0.00003,-0.;                               685P    480
110,0.00025,-0.000045,0.,0.00025,0.000045,0.;                        687P    481
124,-1.,0.,0.,0.00022,0.,-1.,0.,0.000045,0.,0.,1.,0.;                689P    482
100,0.,0.,0.,-0.00003,-0.,0.,-0.00003;                               691P    483
110,0.00022,0.000075,0.,0.0001,0.000075,0.;                          693P    484
110,0.0001,0.000075,0.,0.0001,0.000175,0.;                           695P    485
110,0.0001,0.000175,0.,0.0003,0.000175,0.;                           697P    486
110,0.0003,0.000175,0.,0.0003,0.00025,0.;                            699P    487
110,0.0003,0.00025,0.,0.0005,0.00025,0.;                             701P    488
110,0.0005,0.00025,0.,0.0005,-0.00025,0.;                            703P    489
110,0.0005,-0.00025,0.,0.0003,-0.00025,0.;                           705P    490
102,14,675,677,679,681,685,687,691,693,695,697,699,701,703,705;      707P    491
142,1,643,673,707,2;                                                 709P    492
144,643,1,0,709;                                                     711P    493
110,0.0005,-0.00025,0.00001,0.0005,0.00025,0.00001;                  713P    494
122,713,0.0001,-0.00025,0.00001;                                     715P    495
126,1,1,1,0,1,0,-0.0000375,-0.0000375,0.0000375,0.0000375,1.,1.,     717P    496
0.15000000000009,0.50000000000057,0.,0.,0.50000000000057,0.,         717P    497
-0.0000375,0.0000375,0.,0.,1.;                                       717P    498
126,1,1,1,0,1,0,0.0003,0.0003,0.0005,0.0005,1.,1.,0.,                719P    499
0.50000000000057,0.,0.,0.,0.,0.0003,0.0005,0.,0.,1.;                 719P    500
126,1,1,1,0,1,0,-0.00025,-0.00025,0.00025,0.00025,1.,1.,0.,0.,       721P    501
0.,1.,0.,0.,-0.00025,0.00025,0.,0.,1.;                               721P    502
126,1,1,1,0,1,0,-0.0005,-0.0005,-0.0003,-0.0003,1.,1.,1.,0.,0.,      723P    503
1.,0.50000000000057,0.,-0.0005,-0.0003,0.,0.,1.;                     723P    504
126,1,1,1,0,1,0,-0.0000375,-0.0000375,0.0000375,0.0000375,1.,1.,     725P    505
1.,0.50000000000057,0.,0.85000000000014,0.50000000000057,0.,         725P    506
-0.0000375,0.0000375,0.,0.,1.;                                       725P    507
126,1,1,1,0,1,0,-0.0001,-0.0001,0.0001,0.0001,1.,1.,                 727P    508
0.85000000000014,0.50000000000057,0.,0.85000000000014,1.,0.,         727P    509
-0.0001,0.0001,0.,0.,1.;                                             727P    510
126,1,1,1,0,1,0,-0.00005,-0.00005,0.00005,0.00005,1.,1.,             729P    511
0.85000000000014,1.,0.,0.65000000000009,1.,0.,-0.00005,0.00005,      729P    512
0.,0.,1.;                                                            729P    513
126,1,1,1,0,1,0,-0.00006,-0.00006,0.00006,0.00006,1.,1.,             731P    514
0.65000000000009,1.,0.,0.65000000000009,0.70000000000034,0.,         731P    515
-0.00006,0.00006,0.,0.,1.;                                           731P    516
126,4,2,1,0,1,0,1.5707963267949,1.5707963267949,1.5707963267949,     733P    517
2.35619449019234,2.35619449019234,3.14159265358979,                  733P    518
3.14159265358979,3.14159265358979,1.,1.,1.,1.,1.,                    733P    519
0.65000000000015,0.70000000000034,0.,0.65000000000015,               733P    520
0.66893398282237,0.,0.63242640687134,0.64696699141136,0.,            733P    521
0.61485281374253,0.62500000000036,0.,0.59000000000015,               733P    522
0.62500000000036,0.,1.5707963267949,3.14159265358979,0.,0.,1.;       733P    523
126,1,1,1,0,1,0,-0.000045,-0.000045,0.000045,0.000045,1.,1.,         735P    524
0.59000000000015,0.62499999999986,0.,0.41000000000008,               735P    525
0.62499999999986,0.,-0.000045,0.000045,0.,0.,1.;                     735P    526
126,4,2,1,0,1,0,3.14159265358979,3.14159265358979,                   737P    527
3.14159265358979,3.92699081698724,3.92699081698724,                  737P    528
4.71238898038469,4.71238898038469,4.71238898038469,1.,1.,1.,1.,      737P    529
1.,0.41000000000008,0.62500000000036,0.,0.3851471862577,             737P    530
0.62500000000036,0.,0.36757359312889,0.64696699141136,0.,            737P    531
0.35000000000008,0.66893398282237,0.,0.35000000000008,               737P    532
0.70000000000034,0.,3.14159265358979,4.71238898038469,0.,0.,1.;      737P    533
126,1,1,1,0,1,0,-0.00006,-0.00006,0.00006,0.00006,1.,1.,             739P    534
0.35000000000014,0.70000000000034,0.,0.35000000000014,1.,0.,         739P    535
-0.00006,0.00006,0.,0.,1.;                                           739P    536
126,1,1,1,0,1,0,-0.00005,-0.00005,0.00005,0.00005,1.,1.,             741P    537
0.35000000000014,1.,0.,0.15000000000009,1.,0.,-0.00005,0.00005,      741P    538
0.,0.,1.;                                                            741P    539
126,1,1,1,0,1,0,-0.0001,-0.0001,0.0001,0.0001,1.,1.,                 743P    540
0.15000000000009,1.,0.,0.15000000000009,0.50000000000057,0.,         743P    541
-0.0001,0.0001,0.,0.,1.;                                             743P    542
102,14,717,719,721,723,725,727,729,731,733,735,737,739,741,743;      745P    543
110,0.0003,-0.000175,0.00001,0.0003,-0.00025,0.00001;                747P    544
110,0.0003,-0.00025,0.00001,0.0005,-0.00025,0.00001;                 749P    545
110,0.0005,-0.00025,0.00001,0.0005,0.00025,0.00001;                  751P    546
110,0.0005,0.00025,0.00001,0.0003,0.00025,0.00001;                   753P    547
110,0.0003,0.00025,0.00001,0.0003,0.000175,0.00001;                  755P    548
110,0.0003,0.000175,0.00001,0.0001,0.000175,0.00001;                 757P    549
110,0.0001,0.000175,0.00001,0.0001,0.000075,0.00001;                 759P    550
110,0.0001,0.000075,0.00001,0.00022,0.000075,0.00001;                761P    551
124,-1.,0.,0.,0.00022,0.,1.,0.,0.000045,0.,0.,-1.,0.00001;           763P    552
100,0.,0.,0.,0.,0.00003,-0.00003,0.;                                 765P    553
110,0.00025,0.000045,0.00001,0.00025,-0.000045,0.00001;              767P    554
124,-1.,0.,0.,0.00022,0.,1.,0.,-0.000045,0.,0.,-1.,0.00001;          769P    555
100,0.,0.,0.,-0.00003,0.,-0.,-0.00003;                               771P    556
110,0.00022,-0.000075,0.00001,0.0001,-0.000075,0.00001;              773P    557
110,0.0001,-0.000075,0.00001,0.0001,-0.000175,0.00001;               775P    558
110,0.0001,-0.000175,0.00001,0.0003,-0.000175,0.00001;               777P    559
102,14,747,749,751,753,755,757,759,761,765,767,771,773,775,777;      779P    560
142,1,715,745,779,2;                                                 781P    561
144,715,1,0,781;                                                     783P    562
110,0.00025,-0.000045,0.,0.00025,-0.000045,0.00001;                  785P    563
122,785,0.00025,0.000045,0.;                                         787P    564
126,1,1,1,0,1,0,-0.000045,-0.000045,0.000045,0.000045,1.,1.,0.,      789P    565
1.,0.,0.,0.,0.,-0.000045,0.000045,0.,0.,1.;                          789P    566
126,1,1,1,0,1,0,-0.00001,-0.00001,0.,0.,1.,1.,0.,0.,0.,1.,0.,0.,     791P    567
-0.00001,0.,0.,0.,1.;                                                791P    568
126,1,1,1,0,1,0,-0.000045,-0.000045,0.000045,0.000045,1.,1.,1.,      793P    569
0.,0.,1.,1.,0.,-0.000045,0.000045,0.,0.,1.;                          793P    570
126,1,1,1,0,1,0,0.,0.,0.00001,0.00001,1.,1.,1.,1.,0.,0.,1.,0.,       795P    571
0.,0.00001,0.,0.,1.;                                                 795P    572
102,4,789,791,793,795;                                               797P    573
110,0.00025,0.000045,0.,0.00025,-0.000045,0.;                        799P    574
110,0.00025,-0.000045,0.,0.00025,-0.000045,0.00001;                  801P    575
110,0.00025,-0.000045,0.00001,0.00025,0.000045,0.00001;              803P    576
110,0.00025,0.000045,0.00001,0.00025,0.000045,0.;                    805P    577
102,4,799,801,803,805;                                               807P    578
142,1,787,797,807,2;                                                 809P    579
144,787,1,0,809;                                                     811P    580
110,0.00022,0.000045,0.00001,0.00022,0.000045,1.00001;               813P    581
110,0.00019,0.000045,0.,0.00019,0.000045,0.00001;                    815P    582
120,813,815,0.,6.28318530717959;                                     817P    583
126,1,1,1,0,1,0,1.5707963267949,1.5707963267949,                     819P    584
3.14159265358979,3.14159265358979,1.,1.,0.,4.71238898038469,0.,      819P    585
0.,3.14159265358979,0.,1.5707963267949,3.14159265358979,0.,0.,       819P    586
1.;                                                                  819P    587
126,1,1,1,0,1,0,-0.00001,-0.00001,0.,0.,1.,1.,0.,                    821P    588
3.14159265358979,0.,1.,3.14159265358979,0.,-0.00001,0.,0.,0.,1.;     821P    589
126,1,1,1,0,1,0,-3.14159265358979,-3.14159265358979,                 823P    590
-1.5707963267949,-1.5707963267949,1.,1.,1.,3.14159265358979,0.,      823P    591
1.,4.71238898038469,0.,-3.14159265358979,-1.5707963267949,0.,0.,     823P    592
1.;                                                                  823P    593
126,1,1,1,0,1,0,0.,0.,0.00001,0.00001,1.,1.,1.,4.71238898038469,     825P    594
0.,0.,4.71238898038469,0.,0.,0.00001,0.,0.,1.;                       825P    595
102,4,819,821,823,825;                                               827P    596
124,-1.,0.,0.,0.00022,0.,1.,0.,0.000045,0.,0.,-1.,0.;                829P    597
100,0.,0.,0.,0.,0.00003,-0.00003,0.;                                 831P    598
110,0.00025,0.000045,0.,0.00025,0.000045,0.00001;                    833P    599
124,-1.,0.,0.,0.00022,0.,-1.,0.,0.000045,0.,0.,1.,0.00001;           835P    600
100,0.,0.,0.,-0.00003,-0.,0.,-0.00003;                               837P    601
110,0.00022,0.000075,0.00001,0.00022,0.000075,0.;                    839P    602
102,4,831,833,837,839;                                               841P    603
142,1,817,827,841,2;                                                 843P    604
144,817,1,0,843;                                                     845P    605
110,0.0001,0.000075,0.00001,0.0001,0.000075,0.;                      847P    606
122,847,0.00022,0.000075,0.00001;                                    849P    607
126,1,1,1,0,1,0,-0.00006,-0.00006,0.00006,0.00006,1.,1.,1.,0.,       851P    608
0.,1.,1.,0.,-0.00006,0.00006,0.,0.,1.;                               851P    609
126,1,1,1,0,1,0,-0.00001,-0.00001,0.,0.,1.,1.,1.,1.,0.,0.,1.,0.,     853P    610
-0.00001,0.,0.,0.,1.;                                                853P    611
126,1,1,1,0,1,0,-0.00006,-0.00006,0.00006,0.00006,1.,1.,0.,1.,       855P    612
0.,0.,0.,0.,-0.00006,0.00006,0.,0.,1.;                               855P    613
126,1,1,1,0,1,0,0.,0.,0.00001,0.00001,1.,1.,0.,0.,0.,1.,0.,0.,       857P    614
0.,0.00001,0.,0.,1.;                                                 857P    615
102,4,851,853,855,857;                                               859P    616
110,0.0001,0.000075,0.,0.00022,0.000075,0.;                          861P    617
110,0.00022,0.000075,0.,0.00022,0.000075,0.00001;                    863P    618
110,0.00022,0.000075,0.00001,0.0001,0.000075,0.00001;                865P    619
110,0.0001,0.000075,0.00001,0.0001,0.000075,0.;                      867P    620
102,4,861,863,865,867;                                               869P    621
142,1,849,859,869,2;                                                 871P    622
144,849,1,0,871;                                                     873P    623
110,0.0001,0.000075,0.,0.0001,0.000075,0.00001;                      875P    624
122,875,0.0001,0.000175,0.;                                          877P    625
126,1,1,1,0,1,0,-0.00005,-0.00005,0.00005,0.00005,1.,1.,0.,1.,       879P    626
0.,0.,0.,0.,-0.00005,0.00005,0.,0.,1.;                               879P    627
126,1,1,1,0,1,0,-0.00001,-0.00001,0.,0.,1.,1.,0.,0.,0.,1.,0.,0.,     881P    628
-0.00001,0.,0.,0.,1.;                                                881P    629
126,1,1,1,0,1,0,-0.00005,-0.00005,0.00005,0.00005,1.,1.,1.,0.,       883P    630
0.,1.,1.,0.,-0.00005,0.00005,0.,0.,1.;                               883P    631
126,1,1,1,0,1,0,0.,0.,0.00001,0.00001,1.,1.,1.,1.,0.,0.,1.,0.,       885P    632
0.,0.00001,0.,0.,1.;                                                 885P    633
102,4,879,881,883,885;                                               887P    634
110,0.0001,0.000175,0.,0.0001,0.000075,0.;                           889P    635
110,0.0001,0.000075,0.,0.0001,0.000075,0.00001;                      891P    636
110,0.0001,0.000075,0.00001,0.0001,0.000175,0.00001;                 893P    637
110,0.0001,0.000175,0.00001,0.0001,0.000175,0.;                      895P    638
102,4,889,891,893,895;                                               897P    639
142,1,877,887,897,2;                                                 899P    640
144,877,1,0,899;                                                     901P    641
110,0.0005,-0.00025,0.,0.0005,0.00025,0.;                            903P    642
122,903,0.0005,-0.00025,0.00001;                                     905P    643
126,1,1,1,0,1,0,-0.00025,-0.00025,0.00025,0.00025,1.,1.,-0.,         907P    644
-0.00000000000001,0.,1.,-0.00000000000001,0.,-0.00025,0.00025,       907P    645
0.,0.,1.;                                                            907P    646
126,1,1,1,0,1,0,-0.00001,-0.00001,0.,0.,1.,1.,1.,                    909P    647
-0.00000000000001,0.,1.,1.,0.,-0.00001,0.,0.,0.,1.;                  909P    648
126,1,1,1,0,1,0,-0.00025,-0.00025,0.00025,0.00025,1.,1.,1.,1.,       911P    649
0.,-0.,1.,0.,-0.00025,0.00025,0.,0.,1.;                              911P    650
126,1,1,1,0,1,0,0.,0.,0.00001,0.00001,1.,1.,-0.,1.,0.,-0.,           913P    651
-0.00000000000001,0.,0.,0.00001,0.,0.,1.;                            913P    652
102,4,907,909,911,913;                                               915P    653
110,0.0005,-0.00025,0.,0.0005,0.00025,0.;                            917P    654
110,0.0005,0.00025,0.,0.0005,0.00025,0.00001;                        919P    655
110,0.0005,0.00025,0.00001,0.0005,-0.00025,0.00001;                  921P    656
110,0.0005,-0.00025,0.00001,0.0005,-0.00025,0.;                      923P    657
102,4,917,919,921,923;                                               925P    658
142,1,905,915,925,2;                                                 927P    659
144,905,1,0,927;                                                     929P    660
110,0.0003,0.00025,0.,0.0003,0.00025,0.00001;                        931P    661
122,931,0.0005,0.00025,0.;                                           933P    662
126,1,1,1,0,1,0,-0.0005,-0.0005,-0.0003,-0.0003,1.,1.,0.,1.,0.,      935P    663
0.,-0.,0.,-0.0005,-0.0003,0.,0.,1.;                                  935P    664
126,1,1,1,0,1,0,-0.00001,-0.00001,0.,0.,1.,1.,0.,-0.,0.,1.,-0.,      937P    665
0.,-0.00001,0.,0.,0.,1.;                                             937P    666
126,1,1,1,0,1,0,0.0003,0.0003,0.0005,0.0005,1.,1.,1.,-0.,0.,1.,      939P    667
1.,0.,0.0003,0.0005,0.,0.,1.;                                        939P    668
126,1,1,1,0,1,0,0.,0.,0.00001,0.00001,1.,1.,1.,1.,0.,0.,1.,0.,       941P    669
0.,0.00001,0.,0.,1.;                                                 941P    670
102,4,935,937,939,941;                                               943P    671
110,0.0005,0.00025,0.,0.0003,0.00025,0.;                             945P    672
110,0.0003,0.00025,0.,0.0003,0.00025,0.00001;                        947P    673
110,0.0003,0.00025,0.00001,0.0005,0.00025,0.00001;                   949P    674
110,0.0005,0.00025,0.00001,0.0005,0.00025,0.;                        951P    675
102,4,945,947,949,951;                                               953P    676
142,1,933,943,953,2;                                                 955P    677
144,933,1,0,955;                                                     957P    678
110,0.0003,-0.00025,0.00001,0.0003,-0.00025,0.;                      959P    679
122,959,0.0005,-0.00025,0.00001;                                     961P    680
126,1,1,1,0,1,0,0.0003,0.0003,0.0005,0.0005,1.,1.,1.,0.,0.,1.,       963P    681
1.,0.,0.0003,0.0005,0.,0.,1.;                                        963P    682
126,1,1,1,0,1,0,-0.00001,-0.00001,0.,0.,1.,1.,1.,1.,0.,0.,1.,0.,     965P    683
-0.00001,0.,0.,0.,1.;                                                965P    684
126,1,1,1,0,1,0,-0.0005,-0.0005,-0.0003,-0.0003,1.,1.,0.,1.,0.,      967P    685
0.,0.,0.,-0.0005,-0.0003,0.,0.,1.;                                   967P    686
126,1,1,1,0,1,0,0.,0.,0.00001,0.00001,1.,1.,0.,0.,0.,1.,0.,0.,       969P    687
0.,0.00001,0.,0.,1.;                                                 969P    688
102,4,963,965,967,969;                                               971P    689
110,0.0003,-0.00025,0.,0.0005,-0.00025,0.;                           973P    690
110,0.0005,-0.00025,0.,0.0005,-0.00025,0.00001;                      975P    691
110,0.0005,-0.00025,0.00001,0.0003,-0.00025,0.00001;                 977P    692
110,0.0003,-0.00025,0.00001,0.0003,-0.00025,0.;                      979P    693
102,4,973,975,977,979;                                               981P    694
142,1,961,971,981,2;                                                 983P    695
144,961,1,0,983;                                                     985P    696
110,0.0003,0.00025,0.,0.0003,0.000175,0.;                            987P    697
122,987,0.0003,0.00025,0.00001;                                      989P    698
126,1,1,1,0,1,0,-0.0000375,-0.0000375,0.0000375,0.0000375,1.,1.,     991P    699
-0.,0.,0.,1.,0.,0.,-0.0000375,0.0000375,0.,0.,1.;                    991P    700
126,1,1,1,0,1,0,-0.00001,-0.00001,0.,0.,1.,1.,1.,0.,0.,1.,1.,0.,     993P    701
-0.00001,0.,0.,0.,1.;                                                993P    702
126,1,1,1,0,1,0,-0.0000375,-0.0000375,0.0000375,0.0000375,1.,1.,     995P    703
1.,1.,0.,-0.,1.,0.,-0.0000375,0.0000375,0.,0.,1.;                    995P    704
126,1,1,1,0,1,0,0.,0.,0.00001,0.00001,1.,1.,-0.,1.,0.,-0.,0.,0.,     997P    705
0.,0.00001,0.,0.,1.;                                                 997P    706
102,4,991,993,995,997;                                               999P    707
110,0.0003,0.00025,0.,0.0003,0.000175,0.;                           1001P    708
110,0.0003,0.000175,0.,0.0003,0.000175,0.00001;                     1003P    709
110,0.0003,0.000175,0.00001,0.0003,0.00025,0.00001;                 1005P    710
110,0.0003,0.00025,0.00001,0.0003,0.00025,0.;                       1007P    711
102,4,1001,1003,1005,1007;                                          1009P    712
142,1,989,999,1009,2;                                               1011P    713
144,989,1,0,1011;                                                   1013P    714
110,0.0001,0.000175,0.,0.0001,0.000175,0.00001;                     1015P    715
122,1015,0.0003,0.000175,0.;                                        1017P    716
126,1,1,1,0,1,0,-0.0001,-0.0001,0.0001,0.0001,1.,1.,0.,1.,0.,0.,    1019P    717
0.,0.,-0.0001,0.0001,0.,0.,1.;                                      1019P    718
126,1,1,1,0,1,0,-0.00001,-0.00001,0.,0.,1.,1.,0.,0.,0.,1.,0.,0.,    1021P    719
-0.00001,0.,0.,0.,1.;                                               1021P    720
126,1,1,1,0,1,0,-0.0001,-0.0001,0.0001,0.0001,1.,1.,1.,0.,0.,1.,    1023P    721
1.,0.,-0.0001,0.0001,0.,0.,1.;                                      1023P    722
126,1,1,1,0,1,0,0.,0.,0.00001,0.00001,1.,1.,1.,1.,0.,0.,1.,0.,      1025P    723
0.,0.00001,0.,0.,1.;                                                1025P    724
102,4,1019,1021,1023,1025;                                          1027P    725
110,0.0003,0.000175,0.,0.0001,0.000175,0.;                          1029P    726
110,0.0001,0.000175,0.,0.0001,0.000175,0.00001;                     1031P    727
110,0.0001,0.000175,0.00001,0.0003,0.000175,0.00001;                1033P    728
110,0.0003,0.000175,0.00001,0.0003,0.000175,0.;                     1035P    729
102,4,1029,1031,1033,1035;                                          1037P    730
142,1,1017,1027,1037,2;                                             1039P    731
144,1017,1,0,1039;                                                  1041P    732
308,0,7HDEFAULT,16,521,555,583,611,639,711,783,811,845,873,901,     1043P    733
929,957,985,1013,1041;                                              1043P    734
408,1043,0.,0.,0.,1.;                                               1045P    735
124,1.,0.,0.,-0.00002110504218,0.,1.,0.,0.,0.,0.,1.,0.;             1047P    736
110,-0.0005,-0.00025,0.00018,-0.00045,-0.00025,0.00018;             1049P    737
122,1049,-0.0005,0.00025,0.00018;                                   1051P    738
126,1,1,1,0,1,0,0.00045,0.00045,0.0005,0.0005,1.,1.,1.,1.,0.,0.,    1053P    739
1.,0.,0.00045,0.0005,0.,0.,1.;                                      1053P    740
126,1,1,1,0,1,0,0.000002,0.000002,0.000502,0.000502,1.,1.,0.,1.,    1055P    741
0.,0.,-0.,0.,0.000002,0.000502,0.,0.,1.;                            1055P    742
126,1,1,1,0,1,0,-0.0005,-0.0005,-0.00045,-0.00045,1.,1.,0.,-0.,     1057P    743
0.,1.,-0.,0.,-0.0005,-0.00045,0.,0.,1.;                             1057P    744
126,1,1,1,0,1,0,-0.000502,-0.000502,-0.000002,-0.000002,1.,1.,      1059P    745
1.,-0.,0.,1.,1.,0.,-0.000502,-0.000002,0.,0.,1.;                    1059P    746
102,4,1053,1055,1057,1059;                                          1061P    747
110,-0.00045,0.00025,0.00018,-0.0005,0.00025,0.00018;               1063P    748
110,-0.0005,0.00025,0.00018,-0.0005,-0.00025,0.00018;               1065P    749
110,-0.0005,-0.00025,0.00018,-0.00045,-0.00025,0.00018;             1067P    750
110,-0.00045,-0.00025,0.00018,-0.00045,0.00025,0.00018;             1069P    751
102,4,1063,1065,1067,1069;                                          1071P    752
142,1,1051,1061,1071,2;                                             1073P    753
144,1051,1,0,1073;                                                  1075P    754
110,-0.0005,-0.00025,0.00001,-0.0005,-0.00025,0.00018;              1077P    755
122,1077,-0.0005,0.00025,0.00001;                                   1079P    756
126,1,1,1,0,1,0,0.,0.,0.00017,0.00017,1.,1.,1.,1.,0.,0.,1.,0.,      1081P    757
0.,0.00017,0.,0.,1.;                                                1081P    758
126,1,1,1,0,1,0,0.000002,0.000002,0.000502,0.000502,1.,1.,0.,1.,    1083P    759
0.,0.,0.,0.,0.000002,0.000502,0.,0.,1.;                             1083P    760
126,1,1,1,0,1,0,-0.00017,-0.00017,0.,0.,1.,1.,0.,0.,0.,1.,0.,0.,    1085P    761
-0.00017,0.,0.,0.,1.;                                               1085P    762
126,1,1,1,0,1,0,-0.000502,-0.000502,-0.000002,-0.000002,1.,1.,      1087P    763
1.,0.,0.,1.,1.,0.,-0.000502,-0.000002,0.,0.,1.;                     1087P    764
102,4,1081,1083,1085,1087;                                          1089P    765
110,-0.0005,0.00025,0.00018,-0.0005,0.00025,0.00001;                1091P    766
110,-0.0005,0.00025,0.00001,-0.0005,-0.00025,0.00001;               1093P    767
110,-0.0005,-0.00025,0.00001,-0.0005,-0.00025,0.00018;              1095P    768
110,-0.0005,-0.00025,0.00018,-0.0005,0.00025,0.00018;               1097P    769
102,4,1091,1093,1095,1097;                                          1099P    770
142,1,1079,1089,1099,2;                                             1101P    771
144,1079,1,0,1101;                                                  1103P    772
110,-0.00045,-0.00025,0.00017,-0.00045,0.00025,0.00017;             1105P    773
122,1105,-0.00045,-0.00025,0.00018;                                 1107P    774
126,1,1,1,0,1,0,-0.000005,-0.000005,0.000005,0.000005,1.,1.,1.,     1109P    775
0.,0.,1.,1.,0.,-0.000005,0.000005,0.,0.,1.;                         1109P    776
126,1,1,1,0,1,0,0.000002,0.000002,0.000502,0.000502,1.,1.,1.,1.,    1111P    777
0.,0.,1.,0.,0.000002,0.000502,0.,0.,1.;                             1111P    778
126,1,1,1,0,1,0,-0.000005,-0.000005,0.000005,0.000005,1.,1.,0.,     1113P    779
1.,0.,0.,0.,0.,-0.000005,0.000005,0.,0.,1.;                         1113P    780
126,1,1,1,0,1,0,-0.000502,-0.000502,-0.000002,-0.000002,1.,1.,      1115P    781
0.,0.,0.,1.,0.,0.,-0.000502,-0.000002,0.,0.,1.;                     1115P    782
102,4,1109,1111,1113,1115;                                          1117P    783
110,-0.00045,0.00025,0.00017,-0.00045,0.00025,0.00018;              1119P    784
110,-0.00045,0.00025,0.00018,-0.00045,-0.00025,0.00018;             1121P    785
110,-0.00045,-0.00025,0.00018,-0.00045,-0.00025,0.00017;            1123P    786
110,-0.00045,-0.00025,0.00017,-0.00045,0.00025,0.00017;             1125P    787
102,4,1119,1121,1123,1125;                                          1127P    788
142,1,1107,1117,1127,2;                                             1129P    789
144,1107,1,0,1129;                                                  1131P    790
110,-0.0005,0.00025,0.00001,-0.0005,0.00025,0.00018;                1133P    791
122,1133,-0.00045,0.00025,0.00001;                                  1135P    792
126,1,1,1,0,1,0,-0.00017,-0.00017,0.,0.,1.,1.,0.,0.,0.,1.,0.,0.,    1137P    793
-0.00017,0.,0.,0.,1.;                                               1137P    794
126,1,1,1,0,1,0,-0.0005,-0.0005,-0.00045,-0.00045,1.,1.,1.,0.,      1139P    795
0.,1.,1.,0.,-0.0005,-0.00045,0.,0.,1.;                              1139P    796
126,1,1,1,0,1,0,-0.000005,-0.000005,0.000005,0.000005,1.,1.,1.,     1141P    797
1.,0.,0.94117647058824,1.,0.,-0.000005,0.000005,0.,0.,1.;           1141P    798
126,1,1,1,0,1,0,-0.00002,-0.00002,0.00002,0.00002,1.,1.,            1143P    799
0.94117647058824,1.,0.,0.94117647058824,0.20000000000109,0.,        1143P    800
-0.00002,0.00002,0.,0.,1.;                                          1143P    801
126,1,1,1,0,1,0,-0.00008,-0.00008,0.00008,0.00008,1.,1.,            1145P    802
0.94117647058824,0.20000000000109,0.,0.,0.20000000000109,0.,        1145P    803
-0.00008,0.00008,0.,0.,1.;                                          1145P    804
126,1,1,1,0,1,0,-0.000005,-0.000005,0.000005,0.000005,1.,1.,0.,     1147P    805
0.20000000000109,0.,0.,0.,0.,-0.000005,0.000005,0.,0.,1.;           1147P    806
102,6,1137,1139,1141,1143,1145,1147;                                1149P    807
110,-0.0005,0.00025,0.00001,-0.0005,0.00025,0.00018;                1151P    808
110,-0.0005,0.00025,0.00018,-0.00045,0.00025,0.00018;               1153P    809
110,-0.00045,0.00025,0.00018,-0.00045,0.00025,0.00017;              1155P    810
110,-0.00045,0.00025,0.00017,-0.00049,0.00025,0.00017;              1157P    811
110,-0.00049,0.00025,0.00017,-0.00049,0.00025,0.00001;              1159P    812
110,-0.00049,0.00025,0.00001,-0.0005,0.00025,0.00001;               1161P    813
102,6,1151,1153,1155,1157,1159,1161;                                1163P    814
142,1,1135,1149,1163,2;                                             1165P    815
144,1135,1,0,1165;                                                  1167P    816
110,-0.00049,-0.00025,0.00001,-0.0005,-0.00025,0.00001;             1169P    817
122,1169,-0.00049,0.00025,0.00001;                                  1171P    818
126,1,1,1,0,1,0,-0.000502,-0.000502,-0.000002,-0.000002,1.,1.,      1173P    819
1.,-0.,0.,1.,1.,0.,-0.000502,-0.000002,0.,0.,1.;                    1173P    820
126,1,1,1,0,1,0,-0.000005,-0.000005,0.000005,0.000005,1.,1.,1.,     1175P    821
1.,0.,0.,1.,0.,-0.000005,0.000005,0.,0.,1.;                         1175P    822
126,1,1,1,0,1,0,0.000002,0.000002,0.000502,0.000502,1.,1.,0.,1.,    1177P    823
0.,0.,-0.,0.,0.000002,0.000502,0.,0.,1.;                            1177P    824
126,1,1,1,0,1,0,-0.000005,-0.000005,0.000005,0.000005,1.,1.,0.,     1179P    825
-0.,0.,1.,-0.,0.,-0.000005,0.000005,0.,0.,1.;                       1179P    826
102,4,1173,1175,1177,1179;                                          1181P    827
110,-0.0005,-0.00025,0.00001,-0.0005,0.00025,0.00001;               1183P    828
110,-0.0005,0.00025,0.00001,-0.00049,0.00025,0.00001;               1185P    829
110,-0.00049,0.00025,0.00001,-0.00049,-0.00025,0.00001;             1187P    830
110,-0.00049,-0.00025,0.00001,-0.0005,-0.00025,0.00001;             1189P    831
102,4,1183,1185,1187,1189;                                          1191P    832
142,1,1171,1181,1191,2;                                             1193P    833
144,1171,1,0,1193;                                                  1195P    834
110,-0.0005,-0.00025,0.00018,-0.0005,-0.00025,0.00001;              1197P    835
122,1197,-0.00045,-0.00025,0.00018;                                 1199P    836
126,1,1,1,0,1,0,-0.000005,-0.000005,0.000005,0.000005,1.,1.,1.,     1201P    837
0.,0.,1.,0.20000000000109,0.,-0.000005,0.000005,0.,0.,1.;           1201P    838
126,1,1,1,0,1,0,-0.00008,-0.00008,0.00008,0.00008,1.,1.,1.,         1203P    839
0.20000000000109,0.,0.05882352941176,0.20000000000109,0.,           1203P    840
-0.00008,0.00008,0.,0.,1.;                                          1203P    841
126,1,1,1,0,1,0,-0.00002,-0.00002,0.00002,0.00002,1.,1.,            1205P    842
0.05882352941176,0.20000000000109,0.,0.05882352941176,1.,0.,        1205P    843
-0.00002,0.00002,0.,0.,1.;                                          1205P    844
126,1,1,1,0,1,0,-0.000005,-0.000005,0.000005,0.000005,1.,1.,        1207P    845
0.05882352941176,1.,0.,0.,1.,0.,-0.000005,0.000005,0.,0.,1.;        1207P    846
126,1,1,1,0,1,0,0.00045,0.00045,0.0005,0.0005,1.,1.,0.,1.,0.,0.,    1209P    847
0.,0.,0.00045,0.0005,0.,0.,1.;                                      1209P    848
126,1,1,1,0,1,0,0.,0.,0.00017,0.00017,1.,1.,0.,0.,0.,1.,0.,0.,      1211P    849
0.,0.00017,0.,0.,1.;                                                1211P    850
102,6,1201,1203,1205,1207,1209,1211;                                1213P    851
110,-0.0005,-0.00025,0.00001,-0.00049,-0.00025,0.00001;             1215P    852
110,-0.00049,-0.00025,0.00001,-0.00049,-0.00025,0.00017;            1217P    853
110,-0.00049,-0.00025,0.00017,-0.00045,-0.00025,0.00017;            1219P    854
110,-0.00045,-0.00025,0.00017,-0.00045,-0.00025,0.00018;            1221P    855
110,-0.00045,-0.00025,0.00018,-0.0005,-0.00025,0.00018;             1223P    856
110,-0.0005,-0.00025,0.00018,-0.0005,-0.00025,0.00001;              1225P    857
102,6,1215,1217,1219,1221,1223,1225;                                1227P    858
142,1,1199,1213,1227,2;                                             1229P    859
144,1199,1,0,1229;                                                  1231P    860
110,-0.00049,-0.00025,0.00017,-0.00049,-0.00025,0.00001;            1233P    861
122,1233,-0.00049,0.00025,0.00017;                                  1235P    862
126,1,1,1,0,1,0,-0.000502,-0.000502,-0.000002,-0.000002,1.,1.,      1237P    863
1.,0.,0.,1.,1.,0.,-0.000502,-0.000002,0.,0.,1.;                     1237P    864
126,1,1,1,0,1,0,-0.00008,-0.00008,0.00008,0.00008,1.,1.,1.,1.,      1239P    865
0.,0.,1.,0.,-0.00008,0.00008,0.,0.,1.;                              1239P    866
126,1,1,1,0,1,0,0.000002,0.000002,0.000502,0.000502,1.,1.,0.,1.,    1241P    867
0.,0.,0.,0.,0.000002,0.000502,0.,0.,1.;                             1241P    868
126,1,1,1,0,1,0,-0.00008,-0.00008,0.00008,0.00008,1.,1.,0.,0.,      1243P    869
0.,1.,0.,0.,-0.00008,0.00008,0.,0.,1.;                              1243P    870
102,4,1237,1239,1241,1243;                                          1245P    871
110,-0.00049,-0.00025,0.00001,-0.00049,0.00025,0.00001;             1247P    872
110,-0.00049,0.00025,0.00001,-0.00049,0.00025,0.00017;              1249P    873
110,-0.00049,0.00025,0.00017,-0.00049,-0.00025,0.00017;             1251P    874
110,-0.00049,-0.00025,0.00017,-0.00049,-0.00025,0.00001;            1253P    875
102,4,1247,1249,1251,1253;                                          1255P    876
142,1,1235,1245,1255,2;                                             1257P    877
144,1235,1,0,1257;                                                  1259P    878
110,-0.00045,0.00025,0.00017,-0.00045,-0.00025,0.00017;             1261P    879
122,1261,-0.00049,0.00025,0.00017;                                  1263P    880
126,1,1,1,0,1,0,-0.00002,-0.00002,0.00002,0.00002,1.,1.,0.,1.,      1265P    881
0.,0.,-0.,0.,-0.00002,0.00002,0.,0.,1.;                             1265P    882
126,1,1,1,0,1,0,0.000002,0.000002,0.000502,0.000502,1.,1.,0.,       1267P    883
-0.,0.,1.,-0.,0.,0.000002,0.000502,0.,0.,1.;                        1267P    884
126,1,1,1,0,1,0,-0.00002,-0.00002,0.00002,0.00002,1.,1.,1.,-0.,     1269P    885
0.,1.,1.,0.,-0.00002,0.00002,0.,0.,1.;                              1269P    886
126,1,1,1,0,1,0,-0.000502,-0.000502,-0.000002,-0.000002,1.,1.,      1271P    887
1.,1.,0.,0.,1.,0.,-0.000502,-0.000002,0.,0.,1.;                     1271P    888
102,4,1265,1267,1269,1271;                                          1273P    889
110,-0.00049,0.00025,0.00017,-0.00045,0.00025,0.00017;              1275P    890
110,-0.00045,0.00025,0.00017,-0.00045,-0.00025,0.00017;             1277P    891
110,-0.00045,-0.00025,0.00017,-0.00049,-0.00025,0.00017;            1279P    892
110,-0.00049,-0.00025,0.00017,-0.00049,0.00025,0.00017;             1281P    893
102,4,1275,1277,1279,1281;                                          1283P    894
142,1,1263,1273,1283,2;                                             1285P    895
144,1263,1,0,1285;                                                  1287P    896
308,0,7HDEFAULT,8,1075,1103,1131,1167,1195,1231,1259,1287;          1289P    897
408,1289,0.,0.,0.,1.;                                               1291P    898
124,1.,0.,0.,-0.00002110504218,0.,1.,0.,0.,0.,0.,1.,0.;             1293P    899
110,0.00042419903563,-0.00025,0.0001292430279,0.00042627601037,     1295P    900
-0.00025,0.00013783040647;                                          1295P    901
122,1295,0.00042419903563,-0.00015,0.0001292430279;                 1297P    902
126,1,1,1,0,1,0,-0.00000390836766,-0.00000390836766,                1299P    903
0.00000473098362,0.00000473098362,1.,1.,0.02214266453247,0.,0.,     1299P    904
1.,0.,0.,-0.00000390836766,0.00000473098362,0.,0.,1.;               1299P    905
126,1,1,1,0,1,0,-0.0001,-0.0001,0.,0.,1.,1.,1.,0.,0.,1.,1.,0.,      1301P    906
-0.0001,0.,0.,0.,1.;                                                1301P    907
126,1,1,1,0,1,0,-0.00000473098362,-0.00000473098362,                1303P    908
0.00000390836766,0.00000390836766,1.,1.,1.,1.,0.,                   1303P    909
0.02214266453247,1.,0.,-0.00000473098362,0.00000390836766,0.,0.,    1303P    910
1.;                                                                 1303P    911
126,1,1,1,0,1,0,0.,0.,1.,1.,1.,1.,0.02214266453247,1.,0.,-0.,1.,    1305P    912
0.,0.,1.,0.,0.,1.;                                                  1305P    913
126,1,1,1,0,1,0,0.,0.,0.0001,0.0001,1.,1.,-0.,1.,0.,-0.,0.,0.,      1307P    914
0.,0.0001,0.,0.,1.;                                                 1307P    915
126,1,1,1,0,1,0,0.,0.,1.,1.,1.,1.,-0.,0.,0.,0.02214266453247,0.,    1309P    916
0.,0.,1.,0.,0.,1.;                                                  1309P    917
102,6,1299,1301,1303,1305,1307,1309;                                1311P    918
110,0.00042424502538,-0.00025,0.00012943317535,0.00042627601037,    1313P    919
-0.00025,0.00013783040647;                                          1313P    920
110,0.00042627601037,-0.00025,0.00013783040647,0.00042627601037,    1315P    921
-0.00015,0.00013783040647;                                          1315P    922
110,0.00042627601037,-0.00015,0.00013783040647,0.00042424502538,    1317P    923
-0.00015,0.00012943317535;                                          1317P    924
110,0.00042419903563,-0.00015,0.0001292430279,0.00042419903563,     1319P    925
-0.00025,0.0001292430279;                                           1319P    926
102,4,1313,1315,1317,1319;                                          1321P    927
142,1,1297,1311,1321,2;                                             1323P    928
144,1297,1,0,1323;                                                  1325P    929
110,0.0004505718316,-0.00015,0.00015022873334,0.0004505718316,      1327P    930
-0.00015,0.00012452110887;                                          1327P    931
122,1327,0.00046818910215,-0.00015,0.00015022873334;                1329P    932
126,1,1,1,0,1,0,-0.0000035352777,-0.0000035352777,                  1331P    933
0.00000350206163,0.00000350206163,1.,1.,0.0171280658706,            1331P    934
0.39945684588824,0.,0.0171280658706,0.,0.,-0.0000035352777,         1331P    935
0.00000350206163,0.,0.,1.;                                          1331P    936
126,1,1,1,0,1,0,-0.00001239420573,-0.00001239420573,                1333P    937
0.00001239420573,0.00001239420573,1.,1.,0.0171280658706,0.,0.,      1333P    938
0.98137163026849,0.,0.,-0.00001239420573,0.00001239420573,0.,0.,    1333P    939
1.;                                                                 1333P    940
126,1,1,1,0,1,0,-0.00000432400174,-0.00000432400174,                1335P    941
0.00000437249361,0.00000437249361,1.,1.,0.98137163026849,0.,0.,     1335P    942
0.98137163026849,0.49363465934345,0.,-0.00000432400174,             1335P    943
0.00000437249361,0.,0.,1.;                                          1335P    944
126,1,1,1,0,1,0,0.,0.,1.,1.,1.,1.,0.98137163026849,                 1337P    945
0.49363465934345,0.,0.99407114624506,0.49638717868621,0.,0.,1.,     1337P    946
0.,0.,1.;                                                           1337P    947
126,1,1,1,0,1,0,-0.00000345247266,-0.00000345247266,                1339P    948
0.00000310142762,0.00000310142762,1.,1.,0.99407114624506,           1339P    949
0.49638717868621,0.,0.92147325039196,0.85300042719355,0.,           1339P    950
-0.00000345247266,0.00000310142762,0.,0.,1.;                        1339P    951
126,1,1,1,0,1,0,0.,0.,1.,1.,1.,1.,0.92147325039196,                 1341P    952
0.85300042719355,0.,0.91481713399674,0.86785934613036,0.,0.,1.,     1341P    953
0.,0.,1.;                                                           1341P    954
126,1,1,1,0,1,0,-0.00000276061008,-0.00000276061008,                1343P    955
0.00000283307296,0.00000283307296,1.,1.,0.91481713399674,           1343P    956
0.86785934613036,0.,0.71514728254419,0.99403578528827,0.,           1343P    957
-0.00000276061008,0.00000283307296,0.,0.,1.;                        1343P    958
126,1,1,1,0,1,0,0.,0.,1.,1.,1.,1.,0.71514728254419,                 1345P    959
0.99403578528827,0.,0.71214768584897,0.97561052370452,0.,0.,1.,     1345P    960
0.,0.,1.;                                                           1345P    961
126,2,2,1,0,1,0,-1.63391183053886,-1.63391183053886,                1347P    962
-1.63391183053886,-0.04514526385604,-0.04514526385604,              1347P    963
-0.04514526385604,1.,1.,1.,0.71214768584897,0.97561052370452,0.,    1347P    964
0.48469469463552,0.99658679279427,0.,0.47440927745758,              1347P    965
0.66435755163544,0.,-1.63391183053886,-0.04514526385604,0.,0.,      1347P    966
1.;                                                                 1347P    967
126,1,1,1,0,1,0,-0.0000020211267,-0.0000020211267,                  1349P    968
0.00000191676205,0.00000191676205,1.,1.,0.47440927729942,           1349P    969
0.66435755164586,0.,0.40771796639771,0.86558469414532,0.,           1349P    970
-0.0000020211267,0.00000191676205,0.,0.,1.;                         1349P    971
126,1,1,1,0,1,0,-0.00000207913373,-0.00000207913373,                1351P    972
0.0000023362097,0.0000023362097,1.,1.,0.40771796639771,             1351P    973
0.86558469414531,0.,0.24498675134901,0.94574140288448,0.,           1351P    974
-0.00000207913373,0.0000023362097,0.,0.,1.;                         1351P    975
126,1,1,1,0,1,0,-0.00000255007325,-0.00000255007325,                1353P    976
0.00000248883428,0.00000248883428,1.,1.,0.24498675134901,           1353P    977
0.94574140288449,0.,0.06781515682912,0.82339680351088,0.,           1353P    978
-0.00000255007325,0.00000248883428,0.,0.,1.;                        1353P    979
126,1,1,1,0,1,0,0.,0.,1.,1.,1.,1.,0.06781515682912,                 1355P    980
0.82339680351088,0.,0.06326030551945,0.80608835400131,0.,0.,1.,     1355P    981
0.,0.,1.;                                                           1355P    982
126,1,1,1,0,1,0,-0.00000329275071,-0.00000329275071,                1357P    983
0.00000398617595,0.00000398617595,1.,1.,0.06326030551945,           1357P    984
0.80608835400131,0.,0.00592885375493,0.40147686457485,0.,           1357P    985
-0.00000329275071,0.00000398617595,0.,0.,1.;                        1357P    986
126,1,1,1,0,1,0,0.,0.,1.,1.,1.,1.,0.00592885375493,                 1359P    987
0.40147686457485,0.,0.0171280658706,0.39945684588824,0.,0.,1.,      1359P    988
0.,0.,1.;                                                           1359P    989
102,15,1331,1333,1335,1337,1339,1341,1343,1345,1347,1349,1351,      1361P    990
1353,1355,1357,1359;                                                1361P    991
110,0.00045760917093,-0.00015,0.00014978841146,0.0004505718316,     1363P    992
-0.00015,0.00014978841146;                                          1363P    993
110,0.0004505718316,-0.00015,0.00014978841146,0.0004505718316,      1365P    994
-0.00015,0.000125;                                                  1365P    995
110,0.0004505718316,-0.00015,0.000125,0.00045926832695,-0.00015,    1367P    996
0.000125;                                                           1367P    997
110,0.00045931681883,-0.00015,0.00012467352561,0.00046559937091,    1369P    998
-0.00015,0.00012653984506;                                          1369P    999
110,0.0004658611445,-0.00015,0.000126710958,0.00046808402897,       1371P   1000
-0.00015,0.00013184399556;                                          1371P   1001
124,0.,-1.,0.,0.00046201629408,0.,0.,-1.,-0.00015,1.,0.,0.,         1373P   1002
0.00013228407083;                                                   1373P   1003
100,0.,0.,0.,-0.00000036296276,-0.00000574313207,                   1375P   1004
0.00000574872696,-0.00000025970425;                                 1375P   1005
110,0.00046227599833,-0.00015,0.00013803279779,0.00046582107134,    1377P   1006
-0.00015,0.00013974727297;                                          1377P   1007
110,0.00046582107134,-0.00015,0.00013974727297,0.00046723321377,    1379P   1008
-0.00015,0.00014393070594;                                          1379P   1009
110,0.00046723321377,-0.00015,0.00014393070594,0.00046507783586,    1381P   1010
-0.00015,0.00014848536676;                                          1381P   1011
110,0.00046477290822,-0.00015,0.00014860246117,0.00045764475814,    1383P   1012
-0.00015,0.0001500763166;                                           1383P   1013
102,10,1363,1365,1367,1369,1371,1375,1377,1379,1381,1383;           1385P   1014
142,1,1329,1361,1385,2;                                             1387P   1015
126,1,1,1,0,1,0,-0.00000239415025,-0.00000239415025,                1389P   1016
0.00000237358941,0.00000237358941,1.,1.,0.4299230783377,            1389P   1017
0.43415346396974,0.,0.4299230783377,0.16352472794249,0.,            1389P   1018
-0.00000239415025,0.00000237358941,0.,0.,1.;                        1389P   1019
126,1,1,1,0,1,0,-0.00000405815972,-0.00000405815972,                1391P   1020
0.00000405815972,0.00000405815972,1.,1.,0.4299230783377,            1391P   1021
0.16352472794249,0.,0.11420664753463,0.16352472794249,0.,           1391P   1022
-0.00000405815972,0.00000405815972,0.,0.,1.;                        1391P   1023
126,1,1,1,0,1,0,-0.00000212131076,-0.00000212131076,                1393P   1024
0.00000213885221,0.00000213885221,1.,1.,0.11420664753463,           1393P   1025
0.16352472794249,0.,0.11420664753463,0.40534215112793,0.,           1393P   1026
-0.00000212131076,0.00000213885221,0.,0.,1.;                        1393P   1027
126,1,1,1,0,1,0,0.,0.,1.,1.,1.,1.,0.11420664753463,                 1395P   1028
0.40534215112793,0.,0.1071825186538,0.40633784691027,0.,0.,1.,      1395P   1029
0.,0.,1.;                                                           1395P   1030
126,1,1,1,0,1,0,-0.00000264833833,-0.00000264833833,                1397P   1031
0.00000218760632,0.00000218760632,1.,1.,0.1071825186538,            1397P   1032
0.40633784691027,0.,0.14305938579052,0.6757994984163,0.,            1397P   1033
-0.00000264833833,0.00000218760632,0.,0.,1.;                        1397P   1034
126,1,1,1,0,1,0,0.,0.,1.,1.,1.,1.,0.14305938579052,                 1399P   1035
0.6757994984163,0.,0.14533800646923,0.68778357423414,0.,0.,1.,      1399P   1036
0.,0.,1.;                                                           1399P   1037
126,1,1,1,0,1,0,-0.00000162350899,-0.00000162350899,                1401P   1038
0.00000173692323,0.00000173692323,1.,1.,0.14533800646923,           1401P   1039
0.68778357423414,0.,0.26246542565084,0.7724715218503,0.,            1401P   1040
-0.00000162350899,0.00000173692323,0.,0.,1.;                        1401P   1041
126,1,1,1,0,1,0,0.,0.,1.,1.,1.,1.,0.26246542565084,                 1403P   1042
0.7724715218503,0.,0.27105863314066,0.77200991249091,0.,0.,1.,      1403P   1043
0.,0.,1.;                                                           1403P   1044
126,1,1,1,0,1,0,-0.00000184941743,-0.00000184941743,                1405P   1045
0.00000164325598,0.00000164325598,1.,1.,0.27105863314066,           1405P   1046
0.77200991249091,0.,0.3965221479217,0.69594473772293,0.,            1405P   1047
-0.00000184941743,0.00000164325598,0.,0.,1.;                        1405P   1048
126,1,1,1,0,1,0,0.,0.,1.,1.,1.,1.,0.3965221479217,                  1407P   1049
0.69594473772293,0.,0.39999786568438,0.68475948982198,0.,0.,1.,     1407P   1050
0.,0.,1.;                                                           1407P   1051
126,1,1,1,0,1,0,-0.00000203086475,-0.00000203086475,                1409P   1052
0.00000246673491,0.00000246673491,1.,1.,0.39999786568438,           1409P   1053
0.68475948982198,0.,0.43724608127806,0.43531776275907,0.,           1409P   1054
-0.00000203086475,0.00000246673491,0.,0.,1.;                        1409P   1055
126,1,1,1,0,1,0,0.,0.,1.,1.,1.,1.,0.43724608127806,                 1411P   1056
0.43531776275907,0.,0.4299230783377,0.43415346396974,0.,0.,1.,      1411P   1057
0.,0.,1.;                                                           1411P   1058
102,12,1389,1391,1393,1395,1397,1399,1401,1403,1405,1407,1409,      1413P   1059
1411;                                                               1413P   1060
110,0.00045822043064,-0.00015,0.00013917643229,0.00045345269097,    1415P   1061
-0.00015,0.00013917643229;                                          1415P   1062
110,0.00045345269097,-0.00015,0.00013917643229,0.00045345269097,    1417P   1063
-0.00015,0.00014729275174;                                          1417P   1064
110,0.00045345269097,-0.00015,0.00014729275174,0.00045771285394,    1419P   1065
-0.00015,0.00014729275174;                                          1419P   1066
110,0.00045773039538,-0.00015,0.0001474733254,0.0004624775742,      1421P   1067
-0.00015,0.00014655101638;                                          1421P   1068
110,0.00046268870091,-0.00015,0.00014649243845,0.0004641806714,     1423P   1069
-0.00015,0.00014348137074;                                          1423P   1070
110,0.0004641725391,-0.00015,0.00014326045979,0.00046283247833,     1425P   1071
-0.00015,0.00014003509087;                                          1425P   1072
110,0.0004626354248,-0.00015,0.00013994573842,0.0004582409424,      1427P   1073
-0.00015,0.00013898817528;                                          1427P   1074
102,7,1415,1417,1419,1421,1423,1425,1427;                           1429P   1075
142,1,1329,1413,1429,2;                                             1431P   1076
126,1,1,1,0,1,0,-0.00000463867188,-0.00000463867188,                1433P   1077
0.00000463867188,0.00000463867188,1.,1.,0.88577033136888,           1433P   1078
0.16352472794249,0.,0.52489125605253,0.16352472794249,0.,           1433P   1079
-0.00000463867188,0.00000463867188,0.,0.,1.;                        1433P   1080
126,1,1,1,0,1,0,-0.00000246853299,-0.00000246853299,                1435P   1081
0.00000249209393,0.00000249209393,1.,1.,0.52489125605253,           1435P   1082
0.16352472794249,0.,0.52489125605253,0.44510222344174,0.,           1435P   1083
-0.00000246853299,0.00000249209393,0.,0.,1.;                        1435P   1084
126,1,1,1,0,1,0,0.,0.,1.,1.,1.,1.,0.52489125605253,                 1437P   1085
0.44510222344174,0.,0.51691773615537,0.44643960137471,0.,0.,1.,     1437P   1086
0.,0.,1.;                                                           1437P   1087
126,1,1,1,0,1,0,-0.00000261899905,-0.00000261899905,                1439P   1088
0.00000222416803,0.00000222416803,1.,1.,0.51691773615537,           1439P   1089
0.44643960137471,0.,0.55912581513976,0.71436147201494,0.,           1439P   1090
-0.00000261899905,0.00000222416803,0.,0.,1.;                        1439P   1091
126,1,1,1,0,1,0,0.,0.,1.,1.,1.,1.,0.55912581513976,                 1441P   1092
0.71436147201494,0.,0.56249800255575,0.72635978390408,0.,0.,1.,     1441P   1093
0.,0.,1.;                                                           1441P   1094
126,1,1,1,0,1,0,-0.00000179570492,-0.00000179570492,                1443P   1095
0.00000193329295,0.00000193329295,1.,1.,0.56249800255575,           1443P   1096
0.72635978390408,0.,0.69439824938191,0.81443524942486,0.,           1443P   1097
-0.00000179570492,0.00000193329295,0.,0.,1.;                        1443P   1098
126,1,1,1,0,1,0,0.,0.,1.,1.,1.,1.,0.69439824938191,                 1445P   1099
0.81443524942486,0.,0.7032247177324,0.81456364694113,0.,0.,1.,      1445P   1100
0.,0.,1.;                                                           1445P   1101
126,1,1,1,0,1,0,-0.0000020657154,-0.0000020657154,                  1447P   1102
0.00000187788605,0.00000187788605,1.,1.,0.7032247177324,            1447P   1103
0.81456364694113,0.,0.84483282272495,0.72848989654579,0.,           1447P   1104
-0.0000020657154,0.00000187788605,0.,0.,1.;                         1447P   1105
126,1,1,1,0,1,0,0.,0.,1.,1.,1.,1.,0.84483282272495,                 1449P   1106
0.72848989654579,0.,0.84894559987668,0.7168160241475,0.,0.,1.,      1449P   1107
0.,0.,1.;                                                           1449P   1108
126,1,1,1,0,1,0,-0.00000216163692,-0.00000216163692,                1451P   1109
0.00000249739455,0.00000249739455,1.,1.,0.84894559987668,           1451P   1110
0.7168160241475,0.,0.89406555612114,0.46068483729543,0.,            1451P   1111
-0.00000216163692,0.00000249739455,0.,0.,1.;                        1451P   1112
126,1,1,1,0,1,0,0.,0.,1.,1.,1.,1.,0.89406555612114,                 1453P   1113
0.46068483729543,0.,0.88577033136888,0.45882385823438,0.,0.,1.,     1453P   1114
0.,0.,1.;                                                           1453P   1115
126,1,1,1,0,1,0,-0.00000261447405,-0.00000261447405,                1455P   1116
0.00000258789063,0.00000258789063,1.,1.,0.88577033136888,           1455P   1117
0.45882385823438,0.,0.88577033136888,0.16352472794249,0.,           1455P   1118
-0.00000261447405,0.00000258789063,0.,0.,1.;                        1455P   1119
102,12,1433,1435,1437,1439,1441,1443,1445,1447,1449,1451,1453,      1457P   1120
1455;                                                               1457P   1121
110,0.00045345269097,-0.00015,0.00012745768229,0.00045345269097,    1459P   1122
-0.00015,0.00013673502604;                                          1459P   1123
110,0.00045345269097,-0.00015,0.00013673502604,0.00045841331789,    1461P   1124
-0.00015,0.00013673502604;                                          1461P   1125
110,0.00045843687884,-0.00015,0.0001369400063,0.00046315693093,     1463P   1126
-0.00015,0.00013585493685;                                          1463P   1127
110,0.00046336830843,-0.00015,0.00013576824592,0.00046491995774,    1465P   1128
-0.00015,0.00013237740391;                                          1465P   1129
110,0.00046492221975,-0.00015,0.00013215049638,0.0004634058352,     1467P   1130
-0.00015,0.00012851008839;                                          1467P   1131
110,0.00046320017343,-0.00015,0.00012840435866,0.00045868784102,    1469P   1132
-0.00015,0.00012724443177;                                          1469P   1133
110,0.00045865505565,-0.00015,0.00012745768229,0.00045345269097,    1471P   1134
-0.00015,0.00012745768229;                                          1471P   1135
102,7,1459,1461,1463,1465,1467,1469,1471;                           1473P   1136
142,1,1329,1457,1473,2;                                             1475P   1137
144,1329,1,2,1387,1431,1475;                                        1477P   1138
110,0.00045757595486,-0.00015,0.00014978841146,0.00045757595486,    1479P   1139
-0.00025,0.00014978841146;                                          1479P   1140
122,1479,0.0004505718316,-0.00015,0.00014978841146;                 1481P   1141
126,1,1,1,0,1,0,-0.00000353201618,-0.00000353201618,                1483P   1142
0.00000350206163,0.00000350206163,1.,1.,1.,-0.00427670164336,0.,    1483P   1143
1.,1.,0.,-0.00000353201618,0.00000350206163,0.,0.,1.;               1483P   1144
126,1,1,1,0,1,0,-0.0001,-0.0001,0.,0.,1.,1.,1.,1.,0.,0.,1.,0.,      1485P   1145
-0.0001,0.,0.,0.,1.;                                                1485P   1146
126,1,1,1,0,1,0,-0.00000350206163,-0.00000350206163,                1487P   1147
0.0000035352777,0.0000035352777,1.,1.,0.,1.,0.,0.,                  1487P   1148
-0.00474235888022,0.,-0.00000350206163,0.0000035352777,0.,0.,1.;    1487P   1149
126,1,1,1,0,1,0,0.,0.,1.,1.,1.,1.,0.,-0.00474235888022,0.,          1489P   1150
0.0000012,0.,0.,0.,1.,0.,0.,1.;                                     1489P   1151
126,1,1,1,0,1,0,0.0000012,0.0000012,1.,1.,1.,1.,0.0000012,0.,0.,    1491P   1152
1.,0.,0.,0.0000012,1.,0.,0.,1.;                                     1491P   1153
126,1,1,1,0,1,0,0.,0.,1.,1.,1.,1.,1.,0.,0.,1.,-0.00427670164336,    1493P   1154
0.,0.,1.,0.,0.,1.;                                                  1493P   1155
102,6,1483,1485,1487,1489,1491,1493;                                1495P   1156
110,0.00045760590941,-0.00025,0.00014978841146,0.0004505718316,     1497P   1157
-0.00025,0.00014978841146;                                          1497P   1158
110,0.0004505718316,-0.00025,0.00014978841146,0.0004505718316,      1499P   1159
-0.00015,0.00014978841146;                                          1499P   1160
110,0.0004505718316,-0.00015,0.00014978841146,0.00045760917093,     1501P   1161
-0.00015,0.00014978841146;                                          1501P   1162
126,1,1,0,0,1,0,0.0000012,0.0000012,1.,1.,1.,1.,                    1503P   1163
0.00045757595486,-0.00015,0.00014978841146,0.00045757595486,        1503P   1164
-0.00025,0.00014978841146,0.0000012,1.;                             1503P   1165
102,4,1497,1499,1501,1503;                                          1505P   1166
142,1,1481,1495,1505,2;                                             1507P   1167
144,1481,1,0,1507;                                                  1509P   1168
110,0.0004505718316,-0.00025,0.000125,0.0004505718316,-0.00015,     1511P   1169
0.000125;                                                           1511P   1170
122,1511,0.0004505718316,-0.00025,0.00014978841146;                 1513P   1171
126,1,1,1,0,1,0,-0.00001239420573,-0.00001239420573,                1515P   1172
0.00001239420573,0.00001239420573,1.,1.,0.,1.,0.,0.,0.,0.,          1515P   1173
-0.00001239420573,0.00001239420573,0.,0.,1.;                        1515P   1174
126,1,1,1,0,1,0,-0.0001,-0.0001,0.,0.,1.,1.,0.,0.,0.,1.,0.,0.,      1517P   1175
-0.0001,0.,0.,0.,1.;                                                1517P   1176
126,1,1,1,0,1,0,-0.00001239420573,-0.00001239420573,                1519P   1177
0.00001239420573,0.00001239420573,1.,1.,1.,0.,0.,1.,1.,0.,          1519P   1178
-0.00001239420573,0.00001239420573,0.,0.,1.;                        1519P   1179
126,1,1,1,0,1,0,0.,0.,0.0001,0.0001,1.,1.,1.,1.,0.,0.,1.,0.,0.,     1521P   1180
0.0001,0.,0.,1.;                                                    1521P   1181
102,4,1515,1517,1519,1521;                                          1523P   1182
110,0.0004505718316,-0.00025,0.00014978841146,0.0004505718316,      1525P   1183
-0.00025,0.000125;                                                  1525P   1184
110,0.0004505718316,-0.00025,0.000125,0.0004505718316,-0.00015,     1527P   1185
0.000125;                                                           1527P   1186
110,0.0004505718316,-0.00015,0.000125,0.0004505718316,-0.00015,     1529P   1187
0.00014978841146;                                                   1529P   1188
110,0.0004505718316,-0.00015,0.00014978841146,0.0004505718316,      1531P   1189
-0.00025,0.00014978841146;                                          1531P   1190
102,4,1525,1527,1529,1531;                                          1533P   1191
142,1,1513,1523,1533,2;                                             1535P   1192
144,1513,1,0,1535;                                                  1537P   1193
110,0.0004505718316,-0.00025,0.000125,0.00045921983507,-0.00025,    1539P   1194
0.000125;                                                           1539P   1195
122,1539,0.0004505718316,-0.00015,0.000125;                         1541P   1196
126,1,1,1,0,1,0,-0.00000432400174,-0.00000432400174,                1543P   1197
0.00000437249361,0.00000437249361,1.,1.,0.,0.,0.,                   1543P   1198
1.00560729168669,0.,0.,-0.00000432400174,0.00000437249361,0.,0.,    1543P   1199
1.;                                                                 1543P   1200
126,1,1,1,0,1,0,0.,0.,1.,1.,1.,1.,1.00560729168669,0.,0.,1.,0.,     1545P   1201
0.,0.,1.,0.,0.,1.;                                                  1545P   1202
126,1,1,1,0,1,0,-1.,-1.,0.,0.,1.,1.,1.,0.,0.,1.,1.,0.,-1.,0.,0.,    1547P   1203
0.,1.;                                                              1547P   1204
126,1,1,1,0,1,0,0.,0.,1.,1.,1.,1.,1.,1.,0.,1.00560729168669,1.,     1549P   1205
0.,0.,1.,0.,0.,1.;                                                  1549P   1206
126,1,1,1,0,1,0,-0.00000437249361,-0.00000437249361,                1551P   1207
0.00000432400174,0.00000432400174,1.,1.,1.00560729168669,1.,0.,     1551P   1208
0.,1.,0.,-0.00000437249361,0.00000432400174,0.,0.,1.;               1551P   1209
126,1,1,1,0,1,0,0.,0.,0.0001,0.0001,1.,1.,0.,1.,0.,0.,0.,0.,0.,     1553P   1210
0.0001,0.,0.,1.;                                                    1553P   1211
102,6,1543,1545,1547,1549,1551,1553;                                1555P   1212
110,0.0004505718316,-0.00025,0.000125,0.00045926832695,-0.00025,    1557P   1213
0.000125;                                                           1557P   1214
126,1,1,0,0,1,0,-1.,-1.,0.,0.,1.,1.,0.00045931681883,-0.00025,      1559P   1215
0.00012467352561,0.00045931681883,-0.00015,0.00012467352561,-1.,    1559P   1216
0.;                                                                 1559P   1217
110,0.00045926832695,-0.00015,0.000125,0.0004505718316,-0.00015,    1561P   1218
0.000125;                                                           1561P   1219
110,0.0004505718316,-0.00015,0.000125,0.0004505718316,-0.00025,     1563P   1220
0.000125;                                                           1563P   1221
102,4,1557,1559,1561,1563;                                          1565P   1222
142,1,1541,1555,1565,2;                                             1567P   1223
144,1541,1,0,1567;                                                  1569P   1224
110,0.00045931681883,-0.00025,0.00012467352561,0.0004658147508,     1571P   1225
-0.00025,0.00012660382665;                                          1571P   1226
122,1571,0.00045931681883,-0.00015,0.00012467352561;                1573P   1227
126,1,1,1,0,1,0,-0.00000345247266,-0.00000345247266,                1575P   1228
0.00000310142762,0.00000310142762,1.,1.,0.,0.,0.,                   1575P   1229
0.96685408610117,0.,0.,-0.00000345247266,0.00000310142762,0.,0.,    1575P   1230
1.;                                                                 1575P   1231
126,1,1,1,0,1,0,0.,0.,1.,1.,1.,1.,0.96685408610117,0.,0.,1.,0.,     1577P   1232
0.,0.,1.,0.,0.,1.;                                                  1577P   1233
126,1,1,1,0,1,0,-0.0001,-0.0001,0.,0.,1.,1.,1.,0.,0.,1.,1.,0.,      1579P   1234
-0.0001,0.,0.,0.,1.;                                                1579P   1235
126,1,1,1,0,1,0,0.,0.,1.,1.,1.,1.,1.,1.,0.,0.96685408610117,1.,     1581P   1236
0.,0.,1.,0.,0.,1.;                                                  1581P   1237
126,1,1,1,0,1,0,-0.00000310142762,-0.00000310142762,                1583P   1238
0.00000345247266,0.00000345247266,1.,1.,0.96685408610117,1.,0.,     1583P   1239
0.,1.,0.,-0.00000310142762,0.00000345247266,0.,0.,1.;               1583P   1240
126,1,1,1,0,1,0,0.,0.,1.,1.,1.,1.,0.,1.,0.,0.,0.,0.,0.,1.,0.,0.,    1585P   1241
1.;                                                                 1585P   1242
102,6,1575,1577,1579,1581,1583,1585;                                1587P   1243
110,0.00045931681883,-0.00025,0.00012467352561,0.00046559937091,    1589P   1244
-0.00025,0.00012653984506;                                          1589P   1245
110,0.0004658147508,-0.00025,0.00012660382665,0.0004658147508,      1591P   1246
-0.00015,0.00012660382665;                                          1591P   1247
110,0.00046559937091,-0.00015,0.00012653984506,0.00045931681883,    1593P   1248
-0.00015,0.00012467352561;                                          1593P   1249
126,1,1,0,0,1,0,0.,0.,1.,1.,1.,1.,0.00045931681883,-0.00015,        1595P   1250
0.00012467352561,0.00045931681883,-0.00025,0.00012467352561,0.,     1595P   1251
1.;                                                                 1595P   1252
102,4,1589,1591,1593,1595;                                          1597P   1253
142,1,1573,1587,1597,2;                                             1599P   1254
144,1573,1,0,1599;                                                  1601P   1255
110,0.00046227599833,-0.00025,0.00013803279779,0.00046582107134,    1603P   1256
-0.00025,0.00013974727297;                                          1603P   1257
122,1603,0.00046227599833,-0.00015,0.00013803279779;                1605P   1258
126,1,1,1,0,1,0,-0.0000020211267,-0.0000020211267,                  1607P   1259
0.00000191676205,0.00000191676205,1.,1.,0.,0.,0.,1.,0.,0.,          1607P   1260
-0.0000020211267,0.00000191676205,0.,0.,1.;                         1607P   1261
126,1,1,1,0,1,0,-0.0001,-0.0001,0.,0.,1.,1.,1.,0.,0.,1.,1.,0.,      1609P   1262
-0.0001,0.,0.,0.,1.;                                                1609P   1263
126,1,1,1,0,1,0,-0.00000191676205,-0.00000191676205,                1611P   1264
0.0000020211267,0.0000020211267,1.,1.,1.,1.,0.,0.,1.,0.,            1611P   1265
-0.00000191676205,0.0000020211267,0.,0.,1.;                         1611P   1266
126,1,1,1,0,1,0,0.,0.,0.0001,0.0001,1.,1.,0.,1.,0.,0.,0.,0.,0.,     1613P   1267
0.0001,0.,0.,1.;                                                    1613P   1268
102,4,1607,1609,1611,1613;                                          1615P   1269
110,0.00046227599833,-0.00025,0.00013803279779,0.00046582107134,    1617P   1270
-0.00025,0.00013974727297;                                          1617P   1271
110,0.00046582107134,-0.00025,0.00013974727297,0.00046582107134,    1619P   1272
-0.00015,0.00013974727297;                                          1619P   1273
110,0.00046582107134,-0.00015,0.00013974727297,0.00046227599833,    1621P   1274
-0.00015,0.00013803279779;                                          1621P   1275
110,0.00046227599834,-0.00015,0.0001380327978,0.00046227599834,     1623P   1276
-0.00025,0.0001380327978;                                           1623P   1277
102,4,1617,1619,1621,1623;                                          1625P   1278
142,1,1605,1615,1625,2;                                             1627P   1279
144,1605,1,0,1627;                                                  1629P   1280
110,0.00046338117506,-0.00025,0.00012845088641,0.00045868357187,    1631P   1281
-0.00025,0.00012724333435;                                          1631P   1282
122,1631,0.00046338117506,-0.00015,0.00012845088641;                1633P   1283
126,1,1,1,0,1,0,-0.00043576996625,-0.00043576996625,                1635P   1284
-0.00043110652684,-0.00043110652684,1.,1.,0.03853063358202,-0.,     1635P   1285
0.,1.00000000000001,-0.,0.,-0.00043576996625,-0.00043110652684,     1635P   1286
0.,0.,1.;                                                           1635P   1287
126,1,1,1,0,1,0,-1.,-1.,-0.0000012,-0.0000012,1.,1.,1.,-0.,0.,      1637P   1288
1.,0.9999988,0.,-1.,-0.0000012,0.,0.,1.;                            1637P   1289
126,1,1,1,0,1,0,0.,0.,1.,1.,1.,1.,1.,0.9999988,0.,                  1639P   1290
0.99909120771845,1.,0.,0.,1.,0.,0.,1.;                              1639P   1291
126,1,1,1,0,1,0,-0.00000249739455,-0.00000249739455,                1641P   1292
0.00000216163692,0.00000216163692,1.,1.,0.99909120771845,1.,0.,     1641P   1293
0.03853063358206,1.,0.,-0.00000249739455,0.00000216163692,0.,0.,    1641P   1294
1.;                                                                 1641P   1295
126,1,1,1,0,1,0,0.,0.,1.,1.,1.,1.,0.03853063358206,1.,0.,-0.,1.,    1643P   1296
0.,0.,1.,0.,0.,1.;                                                  1643P   1297
126,1,1,1,0,1,0,0.,0.,0.0001,0.0001,1.,1.,-0.,1.,0.,-0.,-0.,0.,     1645P   1298
0.,0.0001,0.,0.,1.;                                                 1645P   1299
126,1,1,1,0,1,0,0.,0.,1.,1.,1.,1.,-0.,-0.,0.,0.03853063358202,      1647P   1300
-0.,0.,0.,1.,0.,0.,1.;                                              1647P   1301
102,7,1635,1637,1639,1641,1643,1645,1647;                           1649P   1302
110,0.00046320017343,-0.00025,0.00012840435866,0.00045868357187,    1651P   1303
-0.00025,0.00012724333435;                                          1651P   1304
126,1,1,0,0,1,0,-1.,-1.,-0.0000012,-0.0000012,1.,1.,                1653P   1305
0.00045862847222,-0.00025,0.00012745768229,0.00045862847222,        1653P   1306
-0.00015,0.00012745768229,-1.,-0.0000012;                           1653P   1307
110,0.00045868784102,-0.00015,0.00012724443177,0.00046320017343,    1655P   1308
-0.00015,0.00012840435866;                                          1655P   1309
110,0.00046338117506,-0.00015,0.00012845088641,0.00046338117506,    1657P   1310
-0.00025,0.00012845088641;                                          1657P   1311
102,4,1651,1653,1655,1657;                                          1659P   1312
142,1,1633,1649,1659,2;                                             1661P   1313
144,1633,1,0,1661;                                                  1663P   1314
110,0.00045862847222,-0.00015,0.00012745768229,0.00045862847222,    1665P   1315
-0.00025,0.00012745768229;                                          1665P   1316
122,1665,0.00045345269097,-0.00015,0.00012745768229;                1667P   1317
126,1,1,1,0,1,0,-0.00000261544045,-0.00000261544045,                1669P   1318
0.00000258789063,0.00000258789063,1.,1.,1.,-0.00532283409759,0.,    1669P   1319
1.,1.,0.,-0.00000261544045,0.00000258789063,0.,0.,1.;               1669P   1320
126,1,1,1,0,1,0,-0.0001,-0.0001,0.,0.,1.,1.,1.,1.,0.,0.,1.,0.,      1671P   1321
-0.0001,0.,0.,0.,1.;                                                1671P   1322
126,1,1,1,0,1,0,-0.00000258789063,-0.00000258789063,                1673P   1323
0.00000261447405,0.00000261447405,1.,1.,0.,1.,0.,0.,                1673P   1324
-0.00513611809588,0.,-0.00000258789063,0.00000261447405,0.,0.,      1673P   1325
1.;                                                                 1673P   1326
126,1,1,1,0,1,0,0.,0.,1.,1.,1.,1.,0.,-0.00513611809588,0.,          1675P   1327
0.0000012,0.,0.,0.,1.,0.,0.,1.;                                     1675P   1328
126,1,1,1,0,1,0,0.0000012,0.0000012,1.,1.,1.,1.,0.0000012,0.,0.,    1677P   1329
1.,0.,0.,0.0000012,1.,0.,0.,1.;                                     1677P   1330
126,1,1,1,0,1,0,0.,0.,1.,1.,1.,1.,1.,0.,0.,1.,-0.00532283409759,    1679P   1331
0.,0.,1.,0.,0.,1.;                                                  1679P   1332
102,6,1669,1671,1673,1675,1677,1679;                                1681P   1333
110,0.00045865602205,-0.00025,0.00012745768229,0.00045345269097,    1683P   1334
-0.00025,0.00012745768229;                                          1683P   1335
110,0.00045345269097,-0.00025,0.00012745768229,0.00045345269097,    1685P   1336
-0.00015,0.00012745768229;                                          1685P   1337
110,0.00045345269097,-0.00015,0.00012745768229,0.00045865505565,    1687P   1338
-0.00015,0.00012745768229;                                          1687P   1339
126,1,1,0,0,1,0,0.0000012,0.0000012,1.,1.,1.,1.,                    1689P   1340
0.00045862847222,-0.00015,0.00012745768229,0.00045862847222,        1689P   1341
-0.00025,0.00012745768229,0.0000012,1.;                             1689P   1342
102,4,1683,1685,1687,1689;                                          1691P   1343
142,1,1667,1681,1691,2;                                             1693P   1344
144,1667,1,0,1693;                                                  1695P   1345
110,0.00042825737847,-0.00015,0.00014978841146,0.00042825737847,    1697P   1346
-0.00015,0.000125;                                                  1697P   1347
122,1697,0.00044683919271,-0.00015,0.00014978841146;                1699P   1348
126,1,1,1,0,1,0,-0.00000144042969,-0.00000144042969,                1701P   1349
0.00000144042969,0.00000144042969,1.,1.,1.,0.42248175182482,0.,     1701P   1350
1.,0.57751824817519,0.,-0.00000144042969,0.00000144042969,0.,0.,    1701P   1351
1.;                                                                 1701P   1352
126,1,1,1,0,1,0,-0.00001111382378,-0.00001111382378,                1703P   1353
0.00001111382378,0.00001111382378,1.,1.,1.,0.57751824817519,0.,     1703P   1354
0.10330488071789,0.57751824817519,0.,-0.00001111382378,             1703P   1355
0.00001111382378,0.,0.,1.;                                          1703P   1356
126,1,1,1,0,1,0,-0.00000392523872,-0.00000392523872,                1705P   1357
0.00000392523872,0.00000392523872,1.,1.,0.10330488071789,           1705P   1358
0.57751824817519,0.,0.10330488071789,1.,0.,-0.00000392523872,       1705P   1359
0.00000392523872,0.,0.,1.;                                          1705P   1360
126,1,1,1,0,1,0,-0.00000128038194,-0.00000128038194,                1707P   1361
0.00000128038194,0.00000128038194,1.,1.,0.10330488071789,1.,0.,     1707P   1362
0.,1.,0.,-0.00000128038194,0.00000128038194,0.,0.,1.;               1707P   1363
126,1,1,1,0,1,0,-0.00000929090712,-0.00000929090712,                1709P   1364
0.00000929090712,0.00000929090712,1.,1.,0.,1.,0.,0.,0.,0.,          1709P   1365
-0.00000929090712,0.00000929090712,0.,0.,1.;                        1709P   1366
126,1,1,1,0,1,0,-0.00000128038194,-0.00000128038194,                1711P   1367
0.00000128038194,0.00000128038194,1.,1.,0.,0.,0.,                   1711P   1368
0.10330488071789,0.,0.,-0.00000128038194,0.00000128038194,0.,0.,    1711P   1369
1.;                                                                 1711P   1370
126,1,1,1,0,1,0,-0.00000392523872,-0.00000392523872,                1713P   1371
0.00000392523872,0.00000392523872,1.,1.,0.10330488071789,0.,0.,     1713P   1372
0.10330488071789,0.42248175182482,0.,-0.00000392523872,             1713P   1373
0.00000392523872,0.,0.,1.;                                          1713P   1374
126,1,1,1,0,1,0,-0.00001111382378,-0.00001111382378,                1715P   1375
0.00001111382378,0.00001111382378,1.,1.,0.10330488071789,           1715P   1376
0.42248175182482,0.,1.,0.42248175182482,0.,-0.00001111382378,       1715P   1377
0.00001111382378,0.,0.,1.;                                          1715P   1378
102,8,1701,1703,1705,1707,1709,1711,1713,1715;                      1717P   1379
110,0.0004361078559,-0.00015,0.000125,0.00043898871528,-0.00015,    1719P   1380
0.000125;                                                           1719P   1381
110,0.00043898871528,-0.00015,0.000125,0.00043898871528,            1721P   1382
-0.00015,0.00014722764757;                                          1721P   1383
110,0.00043898871528,-0.00015,0.00014722764757,0.00044683919271,    1723P   1384
-0.00015,0.00014722764757;                                          1723P   1385
110,0.00044683919271,-0.00015,0.00014722764757,0.00044683919271,    1725P   1386
-0.00015,0.00014978841146;                                          1725P   1387
110,0.00044683919271,-0.00015,0.00014978841146,0.00042825737847,    1727P   1388
-0.00015,0.00014978841146;                                          1727P   1389
110,0.00042825737847,-0.00015,0.00014978841146,0.00042825737847,    1729P   1390
-0.00015,0.00014722764757;                                          1729P   1391
110,0.00042825737847,-0.00015,0.00014722764757,0.0004361078559,     1731P   1392
-0.00015,0.00014722764757;                                          1731P   1393
110,0.0004361078559,-0.00015,0.00014722764757,0.0004361078559,      1733P   1394
-0.00015,0.000125;                                                  1733P   1395
102,8,1719,1721,1723,1725,1727,1729,1731,1733;                      1735P   1396
142,1,1699,1717,1735,2;                                             1737P   1397
144,1699,1,0,1737;                                                  1739P   1398
110,0.0004361078559,-0.00025,0.000125,0.00043898871528,-0.00025,    1741P   1399
0.000125;                                                           1741P   1400
122,1741,0.0004361078559,-0.00015,0.000125;                         1743P   1401
126,1,1,1,0,1,0,-0.00000144042969,-0.00000144042969,                1745P   1402
0.00000144042969,0.00000144042969,1.,1.,0.,0.,0.,1.,0.,0.,          1745P   1403
-0.00000144042969,0.00000144042969,0.,0.,1.;                        1745P   1404
126,1,1,1,0,1,0,-0.0001,-0.0001,0.,0.,1.,1.,1.,0.,0.,1.,1.,0.,      1747P   1405
-0.0001,0.,0.,0.,1.;                                                1747P   1406
126,1,1,1,0,1,0,-0.00000144042969,-0.00000144042969,                1749P   1407
0.00000144042969,0.00000144042969,1.,1.,1.,1.,0.,0.,1.,0.,          1749P   1408
-0.00000144042969,0.00000144042969,0.,0.,1.;                        1749P   1409
126,1,1,1,0,1,0,0.,0.,0.0001,0.0001,1.,1.,0.,1.,0.,0.,0.,0.,0.,     1751P   1410
0.0001,0.,0.,1.;                                                    1751P   1411
102,4,1745,1747,1749,1751;                                          1753P   1412
110,0.0004361078559,-0.00025,0.000125,0.00043898871528,-0.00025,    1755P   1413
0.000125;                                                           1755P   1414
110,0.00043898871528,-0.00025,0.000125,0.00043898871528,            1757P   1415
-0.00015,0.000125;                                                  1757P   1416
110,0.00043898871528,-0.00015,0.000125,0.0004361078559,-0.00015,    1759P   1417
0.000125;                                                           1759P   1418
110,0.0004361078559,-0.00015,0.000125,0.0004361078559,-0.00025,     1761P   1419
0.000125;                                                           1761P   1420
102,4,1755,1757,1759,1761;                                          1763P   1421
142,1,1743,1753,1763,2;                                             1765P   1422
144,1743,1,0,1765;                                                  1767P   1423
110,0.00043898871528,-0.00025,0.000125,0.00043898871528,            1769P   1424
-0.00025,0.00014722764757;                                          1769P   1425
122,1769,0.00043898871528,-0.00015,0.000125;                        1771P   1426
126,1,1,1,0,1,0,-0.00001111382378,-0.00001111382378,                1773P   1427
0.00001111382378,0.00001111382378,1.,1.,0.,0.,0.,1.,0.,0.,          1773P   1428
-0.00001111382378,0.00001111382378,0.,0.,1.;                        1773P   1429
126,1,1,1,0,1,0,-0.0001,-0.0001,0.,0.,1.,1.,1.,0.,0.,1.,1.,0.,      1775P   1430
-0.0001,0.,0.,0.,1.;                                                1775P   1431
126,1,1,1,0,1,0,-0.00001111382378,-0.00001111382378,                1777P   1432
0.00001111382378,0.00001111382378,1.,1.,1.,1.,0.,0.,1.,0.,          1777P   1433
-0.00001111382378,0.00001111382378,0.,0.,1.;                        1777P   1434
126,1,1,1,0,1,0,0.,0.,0.0001,0.0001,1.,1.,0.,1.,0.,0.,0.,0.,0.,     1779P   1435
0.0001,0.,0.,1.;                                                    1779P   1436
102,4,1773,1775,1777,1779;                                          1781P   1437
110,0.00043898871528,-0.00025,0.000125,0.00043898871528,            1783P   1438
-0.00025,0.00014722764757;                                          1783P   1439
110,0.00043898871528,-0.00025,0.00014722764757,0.00043898871528,    1785P   1440
-0.00015,0.00014722764757;                                          1785P   1441
110,0.00043898871528,-0.00015,0.00014722764757,0.00043898871528,    1787P   1442
-0.00015,0.000125;                                                  1787P   1443
110,0.00043898871528,-0.00015,0.000125,0.00043898871528,            1789P   1444
-0.00025,0.000125;                                                  1789P   1445
102,4,1783,1785,1787,1789;                                          1791P   1446
142,1,1771,1781,1791,2;                                             1793P   1447
144,1771,1,0,1793;                                                  1795P   1448
110,0.00043898871528,-0.00025,0.00014722764757,0.00044683919271,    1797P   1449
-0.00025,0.00014722764757;                                          1797P   1450
122,1797,0.00043898871528,-0.00015,0.00014722764757;                1799P   1451
126,1,1,1,0,1,0,-0.00000392523872,-0.00000392523872,                1801P   1452
0.00000392523872,0.00000392523872,1.,1.,0.,0.,0.,1.,0.,0.,          1801P   1453
-0.00000392523872,0.00000392523872,0.,0.,1.;                        1801P   1454
126,1,1,1,0,1,0,-0.0001,-0.0001,0.,0.,1.,1.,1.,0.,0.,1.,1.,0.,      1803P   1455
-0.0001,0.,0.,0.,1.;                                                1803P   1456
126,1,1,1,0,1,0,-0.00000392523872,-0.00000392523872,                1805P   1457
0.00000392523872,0.00000392523872,1.,1.,1.,1.,0.,0.,1.,0.,          1805P   1458
-0.00000392523872,0.00000392523872,0.,0.,1.;                        1805P   1459
126,1,1,1,0,1,0,0.,0.,0.0001,0.0001,1.,1.,0.,1.,0.,0.,0.,0.,0.,     1807P   1460
0.0001,0.,0.,1.;                                                    1807P   1461
102,4,1801,1803,1805,1807;                                          1809P   1462
110,0.00043898871528,-0.00025,0.00014722764757,0.00044683919271,    1811P   1463
-0.00025,0.00014722764757;                                          1811P   1464
110,0.00044683919271,-0.00025,0.00014722764757,0.00044683919271,    1813P   1465
-0.00015,0.00014722764757;                                          1813P   1466
110,0.00044683919271,-0.00015,0.00014722764757,0.00043898871528,    1815P   1467
-0.00015,0.00014722764757;                                          1815P   1468
110,0.00043898871528,-0.00015,0.00014722764757,0.00043898871528,    1817P   1469
-0.00025,0.00014722764757;                                          1817P   1470
102,4,1811,1813,1815,1817;                                          1819P   1471
142,1,1799,1809,1819,2;                                             1821P   1472
144,1799,1,0,1821;                                                  1823P   1473
110,0.00044683919271,-0.00025,0.00014722764757,0.00044683919271,    1825P   1474
-0.00025,0.00014978841146;                                          1825P   1475
122,1825,0.00044683919271,-0.00015,0.00014722764757;                1827P   1476
126,1,1,1,0,1,0,-0.00000128038194,-0.00000128038194,                1829P   1477
0.00000128038194,0.00000128038194,1.,1.,0.,0.,0.,1.,0.,0.,          1829P   1478
-0.00000128038194,0.00000128038194,0.,0.,1.;                        1829P   1479
126,1,1,1,0,1,0,-0.0001,-0.0001,0.,0.,1.,1.,1.,0.,0.,1.,1.,0.,      1831P   1480
-0.0001,0.,0.,0.,1.;                                                1831P   1481
126,1,1,1,0,1,0,-0.00000128038194,-0.00000128038194,                1833P   1482
0.00000128038194,0.00000128038194,1.,1.,1.,1.,0.,0.,1.,0.,          1833P   1483
-0.00000128038194,0.00000128038194,0.,0.,1.;                        1833P   1484
126,1,1,1,0,1,0,0.,0.,0.0001,0.0001,1.,1.,0.,1.,0.,0.,0.,0.,0.,     1835P   1485
0.0001,0.,0.,1.;                                                    1835P   1486
102,4,1829,1831,1833,1835;                                          1837P   1487
110,0.00044683919271,-0.00025,0.00014722764757,0.00044683919271,    1839P   1488
-0.00025,0.00014978841146;                                          1839P   1489
110,0.00044683919271,-0.00025,0.00014978841146,0.00044683919271,    1841P   1490
-0.00015,0.00014978841146;                                          1841P   1491
110,0.00044683919271,-0.00015,0.00014978841146,0.00044683919271,    1843P   1492
-0.00015,0.00014722764757;                                          1843P   1493
110,0.00044683919271,-0.00015,0.00014722764757,0.00044683919271,    1845P   1494
-0.00025,0.00014722764757;                                          1845P   1495
102,4,1839,1841,1843,1845;                                          1847P   1496
142,1,1827,1837,1847,2;                                             1849P   1497
144,1827,1,0,1849;                                                  1851P   1498
110,0.00044683919271,-0.00015,0.00014978841146,0.00044683919271,    1853P   1499
-0.00025,0.00014978841146;                                          1853P   1500
122,1853,0.00042825737847,-0.00015,0.00014978841146;                1855P   1501
126,1,1,1,0,1,0,-0.00000929090712,-0.00000929090712,                1857P   1502
0.00000929090712,0.00000929090712,1.,1.,1.,0.,0.,1.,1.,0.,          1857P   1503
-0.00000929090712,0.00000929090712,0.,0.,1.;                        1857P   1504
126,1,1,1,0,1,0,-0.0001,-0.0001,0.,0.,1.,1.,1.,1.,0.,0.,1.,0.,      1859P   1505
-0.0001,0.,0.,0.,1.;                                                1859P   1506
126,1,1,1,0,1,0,-0.00000929090712,-0.00000929090712,                1861P   1507
0.00000929090712,0.00000929090712,1.,1.,0.,1.,0.,0.,0.,0.,          1861P   1508
-0.00000929090712,0.00000929090712,0.,0.,1.;                        1861P   1509
126,1,1,1,0,1,0,0.,0.,0.0001,0.0001,1.,1.,0.,0.,0.,1.,0.,0.,0.,     1863P   1510
0.0001,0.,0.,1.;                                                    1863P   1511
102,4,1857,1859,1861,1863;                                          1865P   1512
110,0.00044683919271,-0.00025,0.00014978841146,0.00042825737847,    1867P   1513
-0.00025,0.00014978841146;                                          1867P   1514
110,0.00042825737847,-0.00025,0.00014978841146,0.00042825737847,    1869P   1515
-0.00015,0.00014978841146;                                          1869P   1516
110,0.00042825737847,-0.00015,0.00014978841146,0.00044683919271,    1871P   1517
-0.00015,0.00014978841146;                                          1871P   1518
110,0.00044683919271,-0.00015,0.00014978841146,0.00044683919271,    1873P   1519
-0.00025,0.00014978841146;                                          1873P   1520
102,4,1867,1869,1871,1873;                                          1875P   1521
142,1,1855,1865,1875,2;                                             1877P   1522
144,1855,1,0,1877;                                                  1879P   1523
110,0.00042825737847,-0.00025,0.00014722764757,0.00042825737847,    1881P   1524
-0.00015,0.00014722764757;                                          1881P   1525
122,1881,0.00042825737847,-0.00025,0.00014978841146;                1883P   1526
126,1,1,1,0,1,0,-0.00000128038194,-0.00000128038194,                1885P   1527
0.00000128038194,0.00000128038194,1.,1.,0.,1.,0.,0.,0.,0.,          1885P   1528
-0.00000128038194,0.00000128038194,0.,0.,1.;                        1885P   1529
126,1,1,1,0,1,0,-0.0001,-0.0001,0.,0.,1.,1.,0.,0.,0.,1.,0.,0.,      1887P   1530
-0.0001,0.,0.,0.,1.;                                                1887P   1531
126,1,1,1,0,1,0,-0.00000128038194,-0.00000128038194,                1889P   1532
0.00000128038194,0.00000128038194,1.,1.,1.,0.,0.,1.,1.,0.,          1889P   1533
-0.00000128038194,0.00000128038194,0.,0.,1.;                        1889P   1534
126,1,1,1,0,1,0,0.,0.,0.0001,0.0001,1.,1.,1.,1.,0.,0.,1.,0.,0.,     1891P   1535
0.0001,0.,0.,1.;                                                    1891P   1536
102,4,1885,1887,1889,1891;                                          1893P   1537
110,0.00042825737847,-0.00025,0.00014978841146,0.00042825737847,    1895P   1538
-0.00025,0.00014722764757;                                          1895P   1539
110,0.00042825737847,-0.00025,0.00014722764757,0.00042825737847,    1897P   1540
-0.00015,0.00014722764757;                                          1897P   1541
110,0.00042825737847,-0.00015,0.00014722764757,0.00042825737847,    1899P   1542
-0.00015,0.00014978841146;                                          1899P   1543
110,0.00042825737847,-0.00015,0.00014978841146,0.00042825737847,    1901P   1544
-0.00025,0.00014978841146;                                          1901P   1545
102,4,1895,1897,1899,1901;                                          1903P   1546
142,1,1883,1893,1903,2;                                             1905P   1547
144,1883,1,0,1905;                                                  1907P   1548
110,0.00042825737847,-0.00025,0.00014722764757,0.0004361078559,     1909P   1549
-0.00025,0.00014722764757;                                          1909P   1550
122,1909,0.00042825737847,-0.00015,0.00014722764757;                1911P   1551
126,1,1,1,0,1,0,-0.00000392523872,-0.00000392523872,                1913P   1552
0.00000392523872,0.00000392523872,1.,1.,0.,0.,0.,1.,0.,0.,          1913P   1553
-0.00000392523872,0.00000392523872,0.,0.,1.;                        1913P   1554
126,1,1,1,0,1,0,-0.0001,-0.0001,0.,0.,1.,1.,1.,0.,0.,1.,1.,0.,      1915P   1555
-0.0001,0.,0.,0.,1.;                                                1915P   1556
126,1,1,1,0,1,0,-0.00000392523872,-0.00000392523872,                1917P   1557
0.00000392523872,0.00000392523872,1.,1.,1.,1.,0.,0.,1.,0.,          1917P   1558
-0.00000392523872,0.00000392523872,0.,0.,1.;                        1917P   1559
126,1,1,1,0,1,0,0.,0.,0.0001,0.0001,1.,1.,0.,1.,0.,0.,0.,0.,0.,     1919P   1560
0.0001,0.,0.,1.;                                                    1919P   1561
102,4,1913,1915,1917,1919;                                          1921P   1562
110,0.00042825737847,-0.00025,0.00014722764757,0.0004361078559,     1923P   1563
-0.00025,0.00014722764757;                                          1923P   1564
110,0.0004361078559,-0.00025,0.00014722764757,0.0004361078559,      1925P   1565
-0.00015,0.00014722764757;                                          1925P   1566
110,0.0004361078559,-0.00015,0.00014722764757,0.00042825737847,     1927P   1567
-0.00015,0.00014722764757;                                          1927P   1568
110,0.00042825737847,-0.00015,0.00014722764757,0.00042825737847,    1929P   1569
-0.00025,0.00014722764757;                                          1929P   1570
102,4,1923,1925,1927,1929;                                          1931P   1571
142,1,1911,1921,1931,2;                                             1933P   1572
144,1911,1,0,1933;                                                  1935P   1573
110,0.0004361078559,-0.00025,0.000125,0.0004361078559,-0.00015,     1937P   1574
0.000125;                                                           1937P   1575
122,1937,0.0004361078559,-0.00025,0.00014722764757;                 1939P   1576
126,1,1,1,0,1,0,-0.00001111382378,-0.00001111382378,                1941P   1577
0.00001111382378,0.00001111382378,1.,1.,0.,1.,0.,0.,0.,0.,          1941P   1578
-0.00001111382378,0.00001111382378,0.,0.,1.;                        1941P   1579
126,1,1,1,0,1,0,-0.0001,-0.0001,0.,0.,1.,1.,0.,0.,0.,1.,0.,0.,      1943P   1580
-0.0001,0.,0.,0.,1.;                                                1943P   1581
126,1,1,1,0,1,0,-0.00001111382378,-0.00001111382378,                1945P   1582
0.00001111382378,0.00001111382378,1.,1.,1.,0.,0.,1.,1.,0.,          1945P   1583
-0.00001111382378,0.00001111382378,0.,0.,1.;                        1945P   1584
126,1,1,1,0,1,0,0.,0.,0.0001,0.0001,1.,1.,1.,1.,0.,0.,1.,0.,0.,     1947P   1585
0.0001,0.,0.,1.;                                                    1947P   1586
102,4,1941,1943,1945,1947;                                          1949P   1587
110,0.0004361078559,-0.00025,0.00014722764757,0.0004361078559,      1951P   1588
-0.00025,0.000125;                                                  1951P   1589
110,0.0004361078559,-0.00025,0.000125,0.0004361078559,-0.00015,     1953P   1590
0.000125;                                                           1953P   1591
110,0.0004361078559,-0.00015,0.000125,0.0004361078559,-0.00015,     1955P   1592
0.00014722764757;                                                   1955P   1593
110,0.0004361078559,-0.00015,0.00014722764757,0.0004361078559,      1957P   1594
-0.00025,0.00014722764757;                                          1957P   1595
102,4,1951,1953,1955,1957;                                          1959P   1596
142,1,1939,1949,1959,2;                                             1961P   1597
144,1939,1,0,1961;                                                  1963P   1598
110,-0.00049,-0.00025,0.00001,-0.00049,-0.00025,0.00017;            1965P   1599
122,1965,-0.00049,0.00025,0.00001;                                  1967P   1600
126,1,1,1,0,1,0,0.000002,0.000002,0.000502,0.000502,1.,1.,0.,1.,    1969P   1601
0.,0.,0.,0.,0.000002,0.000502,0.,0.,1.;                             1969P   1602
126,1,1,1,0,1,0,-0.00008,-0.00008,0.00008,0.00008,1.,1.,0.,0.,      1971P   1603
0.,1.,0.,0.,-0.00008,0.00008,0.,0.,1.;                              1971P   1604
126,1,1,1,0,1,0,-0.000502,-0.000502,-0.000002,-0.000002,1.,1.,      1973P   1605
1.,0.,0.,1.,1.,0.,-0.000502,-0.000002,0.,0.,1.;                     1973P   1606
126,1,1,1,0,1,0,-0.00008,-0.00008,0.00008,0.00008,1.,1.,1.,1.,      1975P   1607
0.,0.,1.,0.,-0.00008,0.00008,0.,0.,1.;                              1975P   1608
102,4,1969,1971,1973,1975;                                          1977P   1609
110,-0.00049,0.00025,0.00001,-0.00049,-0.00025,0.00001;             1979P   1610
110,-0.00049,-0.00025,0.00001,-0.00049,-0.00025,0.00017;            1981P   1611
110,-0.00049,-0.00025,0.00017,-0.00049,0.00025,0.00017;             1983P   1612
110,-0.00049,0.00025,0.00017,-0.00049,0.00025,0.00001;              1985P   1613
102,4,1979,1981,1983,1985;                                          1987P   1614
142,1,1967,1977,1987,2;                                             1989P   1615
144,1967,1,0,1989;                                                  1991P   1616
110,-0.00049,-0.00025,0.00017,-0.00035,-0.00025,0.00017;            1993P   1617
122,1993,-0.00049,0.00025,0.00017;                                  1995P   1618
126,1,1,1,0,1,0,-0.00025,-0.00025,0.00025,0.00025,1.,1.,1.,0.,      1997P   1619
0.,1.,1.,0.,-0.00025,0.00025,0.,0.,1.;                              1997P   1620
126,1,1,1,0,1,0,0.00035,0.00035,0.00049,0.00049,1.,1.,1.,1.,0.,     1999P   1621
0.,1.,0.,0.00035,0.00049,0.,0.,1.;                                  1999P   1622
126,1,1,1,0,1,0,0.000002,0.000002,0.000502,0.000502,1.,1.,0.,1.,    2001P   1623
0.,0.,0.,0.,0.000002,0.000502,0.,0.,1.;                             2001P   1624
126,1,1,1,0,1,0,-0.00049,-0.00049,-0.00035,-0.00035,1.,1.,0.,0.,    2003P   1625
0.,1.,0.,0.,-0.00049,-0.00035,0.,0.,1.;                             2003P   1626
102,4,1997,1999,2001,2003;                                          2005P   1627
110,-0.00035,-0.00025,0.00017,-0.00035,0.00025,0.00017;             2007P   1628
110,-0.00035,0.00025,0.00017,-0.00049,0.00025,0.00017;              2009P   1629
110,-0.00049,0.00025,0.00017,-0.00049,-0.00025,0.00017;             2011P   1630
110,-0.00049,-0.00025,0.00017,-0.00035,-0.00025,0.00017;            2013P   1631
102,4,2007,2009,2011,2013;                                          2015P   1632
142,1,1995,2005,2015,2;                                             2017P   1633
144,1995,1,0,2017;                                                  2019P   1634
110,-0.00035,-0.00025,0.00017,-0.00035,-0.00025,0.00018;            2021P   1635
122,2021,-0.00035,0.00025,0.00017;                                  2023P   1636
126,1,1,1,0,1,0,-0.00025,-0.00025,0.00025,0.00025,1.,1.,1.,-0.,     2025P   1637
0.,1.,1.,0.,-0.00025,0.00025,0.,0.,1.;                              2025P   1638
126,1,1,1,0,1,0,-0.00001,-0.00001,0.,0.,1.,1.,1.,1.,0.,0.,1.,0.,    2027P   1639
-0.00001,0.,0.,0.,1.;                                               2027P   1640
126,1,1,1,0,1,0,-0.00025,-0.00025,0.00025,0.00025,1.,1.,0.,1.,      2029P   1641
0.,0.,-0.,0.,-0.00025,0.00025,0.,0.,1.;                             2029P   1642
126,1,1,1,0,1,0,0.,0.,0.00001,0.00001,1.,1.,0.,-0.,0.,1.,-0.,0.,    2031P   1643
0.,0.00001,0.,0.,1.;                                                2031P   1644
102,4,2025,2027,2029,2031;                                          2033P   1645
110,-0.00035,-0.00025,0.00018,-0.00035,0.00025,0.00018;             2035P   1646
110,-0.00035,0.00025,0.00018,-0.00035,0.00025,0.00017;              2037P   1647
110,-0.00035,0.00025,0.00017,-0.00035,-0.00025,0.00017;             2039P   1648
110,-0.00035,-0.00025,0.00017,-0.00035,-0.00025,0.00018;            2041P   1649
102,4,2035,2037,2039,2041;                                          2043P   1650
142,1,2023,2033,2043,2;                                             2045P   1651
144,2023,1,0,2045;                                                  2047P   1652
110,-0.0001,0.00025,0.00001,-0.0001,-0.00025,0.00001;               2049P   1653
122,2049,-0.00049,0.00025,0.00001;                                  2051P   1654
126,1,1,1,0,1,0,-0.00049,-0.00049,-0.0003,-0.0003,1.,1.,0.,1.,      2053P   1655
0.,0.,0.51282051282052,0.,-0.00049,-0.0003,0.,0.,1.;                2053P   1656
126,1,1,1,0,1,0,-0.0000375,-0.0000375,0.0000375,0.0000375,1.,1.,    2055P   1657
0.,0.51282051282052,0.,0.14999999999986,0.51282051282052,0.,        2055P   1658
-0.0000375,0.0000375,0.,0.,1.;                                      2055P   1659
126,1,1,1,0,1,0,-0.0001,-0.0001,0.0001,0.0001,1.,1.,                2057P   1660
0.14999999999986,0.51282051282052,0.,0.14999999999986,0.,0.,        2057P   1661
-0.0001,0.0001,0.,0.,1.;                                            2057P   1662
126,1,1,1,0,1,0,-0.000175,-0.000175,0.000175,0.000175,1.,1.,        2059P   1663
0.14999999999986,0.,0.,0.84999999999991,0.,0.,-0.000175,            2059P   1664
0.000175,0.,0.,1.;                                                  2059P   1665
126,1,1,1,0,1,0,-0.0001,-0.0001,0.0001,0.0001,1.,1.,                2061P   1666
0.84999999999991,0.,0.,0.84999999999991,0.51282051282052,0.,        2061P   1667
-0.0001,0.0001,0.,0.,1.;                                            2061P   1668
126,1,1,1,0,1,0,-0.0000375,-0.0000375,0.0000375,0.0000375,1.,1.,    2063P   1669
0.84999999999991,0.51282051282052,0.,1.,0.51282051282052,0.,        2063P   1670
-0.0000375,0.0000375,0.,0.,1.;                                      2063P   1671
126,1,1,1,0,1,0,0.0003,0.0003,0.00049,0.00049,1.,1.,1.,             2065P   1672
0.51282051282052,0.,1.,1.,0.,0.0003,0.00049,0.,0.,1.;               2065P   1673
126,1,1,1,0,1,0,-0.000502,-0.000502,-0.000002,-0.000002,1.,1.,      2067P   1674
1.,1.,0.,0.,1.,0.,-0.000502,-0.000002,0.,0.,1.;                     2067P   1675
102,8,2053,2055,2057,2059,2061,2063,2065,2067;                      2069P   1676
110,-0.00049,0.00025,0.00001,-0.0003,0.00025,0.00001;               2071P   1677
110,-0.0003,0.00025,0.00001,-0.0003,0.000175,0.00001;               2073P   1678
110,-0.0003,0.000175,0.00001,-0.0001,0.000175,0.00001;              2075P   1679
110,-0.0001,0.000175,0.00001,-0.0001,-0.000175,0.00001;             2077P   1680
110,-0.0001,-0.000175,0.00001,-0.0003,-0.000175,0.00001;            2079P   1681
110,-0.0003,-0.000175,0.00001,-0.0003,-0.00025,0.00001;             2081P   1682
110,-0.0003,-0.00025,0.00001,-0.00049,-0.00025,0.00001;             2083P   1683
110,-0.00049,-0.00025,0.00001,-0.00049,0.00025,0.00001;             2085P   1684
102,8,2071,2073,2075,2077,2079,2081,2083,2085;                      2087P   1685
142,1,2051,2069,2087,2;                                             2089P   1686
144,2051,1,0,2089;                                                  2091P   1687
110,-0.0003,0.00025,0.,-0.0003,0.000175,0.;                         2093P   1688
122,2093,-0.0003,0.00025,0.00001;                                   2095P   1689
126,1,1,1,0,1,0,-0.0000375,-0.0000375,0.0000375,0.0000375,1.,1.,    2097P   1690
-0.,0.,0.,1.,0.,0.,-0.0000375,0.0000375,0.,0.,1.;                   2097P   1691
126,1,1,1,0,1,0,-0.00001,-0.00001,0.,0.,1.,1.,1.,0.,0.,1.,1.,0.,    2099P   1692
-0.00001,0.,0.,0.,1.;                                               2099P   1693
126,1,1,1,0,1,0,-0.0000375,-0.0000375,0.0000375,0.0000375,1.,1.,    2101P   1694
1.,1.,0.,-0.,1.,0.,-0.0000375,0.0000375,0.,0.,1.;                   2101P   1695
126,1,1,1,0,1,0,0.,0.,0.00001,0.00001,1.,1.,-0.,1.,0.,-0.,0.,0.,    2103P   1696
0.,0.00001,0.,0.,1.;                                                2103P   1697
102,4,2097,2099,2101,2103;                                          2105P   1698
110,-0.0003,0.00025,0.,-0.0003,0.000175,0.;                         2107P   1699
110,-0.0003,0.000175,0.,-0.0003,0.000175,0.00001;                   2109P   1700
110,-0.0003,0.000175,0.00001,-0.0003,0.00025,0.00001;               2111P   1701
110,-0.0003,0.00025,0.00001,-0.0003,0.00025,0.;                     2113P   1702
102,4,2107,2109,2111,2113;                                          2115P   1703
142,1,2095,2105,2115,2;                                             2117P   1704
144,2095,1,0,2117;                                                  2119P   1705
110,-0.0003,0.000175,0.00001,-0.0003,0.000175,0.;                   2121P   1706
122,2121,-0.0001,0.000175,0.00001;                                  2123P   1707
126,1,1,1,0,1,0,-0.0001,-0.0001,0.0001,0.0001,1.,1.,1.,-0.,0.,      2125P   1708
1.,1.,0.,-0.0001,0.0001,0.,0.,1.;                                   2125P   1709
126,1,1,1,0,1,0,-0.00001,-0.00001,0.,0.,1.,1.,1.,1.,0.,0.,1.,0.,    2127P   1710
-0.00001,0.,0.,0.,1.;                                               2127P   1711
126,1,1,1,0,1,0,-0.0001,-0.0001,0.0001,0.0001,1.,1.,0.,1.,0.,0.,    2129P   1712
-0.,0.,-0.0001,0.0001,0.,0.,1.;                                     2129P   1713
126,1,1,1,0,1,0,0.,0.,0.00001,0.00001,1.,1.,0.,-0.,0.,1.,-0.,0.,    2131P   1714
0.,0.00001,0.,0.,1.;                                                2131P   1715
102,4,2125,2127,2129,2131;                                          2133P   1716
110,-0.0003,0.000175,0.,-0.0001,0.000175,0.;                        2135P   1717
110,-0.0001,0.000175,0.,-0.0001,0.000175,0.00001;                   2137P   1718
110,-0.0001,0.000175,0.00001,-0.0003,0.000175,0.00001;              2139P   1719
110,-0.0003,0.000175,0.00001,-0.0003,0.000175,0.;                   2141P   1720
102,4,2135,2137,2139,2141;                                          2143P   1721
142,1,2123,2133,2143,2;                                             2145P   1722
144,2123,1,0,2145;                                                  2147P   1723
110,-0.0001,0.000175,0.,-0.0001,-0.000175,0.;                       2149P   1724
122,2149,-0.0001,0.000175,0.00001;                                  2151P   1725
126,1,1,1,0,1,0,-0.000175,-0.000175,0.000175,0.000175,1.,1.,-0.,    2153P   1726
0.,0.,1.,0.,0.,-0.000175,0.000175,0.,0.,1.;                         2153P   1727
126,1,1,1,0,1,0,-0.00001,-0.00001,0.,0.,1.,1.,1.,0.,0.,1.,1.,0.,    2155P   1728
-0.00001,0.,0.,0.,1.;                                               2155P   1729
126,1,1,1,0,1,0,-0.000175,-0.000175,0.000175,0.000175,1.,1.,1.,     2157P   1730
1.,0.,-0.,1.,0.,-0.000175,0.000175,0.,0.,1.;                        2157P   1731
126,1,1,1,0,1,0,0.,0.,0.00001,0.00001,1.,1.,-0.,1.,0.,-0.,0.,0.,    2159P   1732
0.,0.00001,0.,0.,1.;                                                2159P   1733
102,4,2153,2155,2157,2159;                                          2161P   1734
110,-0.0001,0.000175,0.,-0.0001,-0.000175,0.;                       2163P   1735
110,-0.0001,-0.000175,0.,-0.0001,-0.000175,0.00001;                 2165P   1736
110,-0.0001,-0.000175,0.00001,-0.0001,0.000175,0.00001;             2167P   1737
110,-0.0001,0.000175,0.00001,-0.0001,0.000175,0.;                   2169P   1738
102,4,2163,2165,2167,2169;                                          2171P   1739
142,1,2151,2161,2171,2;                                             2173P   1740
144,2151,1,0,2173;                                                  2175P   1741
110,-0.0003,-0.000175,0.,-0.0003,-0.000175,0.00001;                 2177P   1742
122,2177,-0.0001,-0.000175,0.;                                      2179P   1743
126,1,1,1,0,1,0,-0.0001,-0.0001,0.0001,0.0001,1.,1.,0.,1.,0.,0.,    2181P   1744
-0.,0.,-0.0001,0.0001,0.,0.,1.;                                     2181P   1745
126,1,1,1,0,1,0,-0.00001,-0.00001,0.,0.,1.,1.,0.,-0.,0.,1.,-0.,     2183P   1746
0.,-0.00001,0.,0.,0.,1.;                                            2183P   1747
126,1,1,1,0,1,0,-0.0001,-0.0001,0.0001,0.0001,1.,1.,1.,-0.,0.,      2185P   1748
1.,1.,0.,-0.0001,0.0001,0.,0.,1.;                                   2185P   1749
126,1,1,1,0,1,0,0.,0.,0.00001,0.00001,1.,1.,1.,1.,0.,0.,1.,0.,      2187P   1750
0.,0.00001,0.,0.,1.;                                                2187P   1751
102,4,2181,2183,2185,2187;                                          2189P   1752
110,-0.0001,-0.000175,0.,-0.0003,-0.000175,0.;                      2191P   1753
110,-0.0003,-0.000175,0.,-0.0003,-0.000175,0.00001;                 2193P   1754
110,-0.0003,-0.000175,0.00001,-0.0001,-0.000175,0.00001;            2195P   1755
110,-0.0001,-0.000175,0.00001,-0.0001,-0.000175,0.;                 2197P   1756
102,4,2191,2193,2195,2197;                                          2199P   1757
142,1,2179,2189,2199,2;                                             2201P   1758
144,2179,1,0,2201;                                                  2203P   1759
110,-0.0003,-0.000175,0.,-0.0003,-0.00025,0.;                       2205P   1760
122,2205,-0.0003,-0.000175,0.00001;                                 2207P   1761
126,1,1,1,0,1,0,-0.0000375,-0.0000375,0.0000375,0.0000375,1.,1.,    2209P   1762
0.,0.,0.,1.,0.,0.,-0.0000375,0.0000375,0.,0.,1.;                    2209P   1763
126,1,1,1,0,1,0,-0.00001,-0.00001,0.,0.,1.,1.,1.,0.,0.,1.,1.,0.,    2211P   1764
-0.00001,0.,0.,0.,1.;                                               2211P   1765
126,1,1,1,0,1,0,-0.0000375,-0.0000375,0.0000375,0.0000375,1.,1.,    2213P   1766
1.,1.,0.,0.,1.,0.,-0.0000375,0.0000375,0.,0.,1.;                    2213P   1767
126,1,1,1,0,1,0,0.,0.,0.00001,0.00001,1.,1.,0.,1.,0.,0.,0.,0.,      2215P   1768
0.,0.00001,0.,0.,1.;                                                2215P   1769
102,4,2209,2211,2213,2215;                                          2217P   1770
110,-0.0003,-0.000175,0.,-0.0003,-0.00025,0.;                       2219P   1771
110,-0.0003,-0.00025,0.,-0.0003,-0.00025,0.00001;                   2221P   1772
110,-0.0003,-0.00025,0.00001,-0.0003,-0.000175,0.00001;             2223P   1773
110,-0.0003,-0.000175,0.00001,-0.0003,-0.000175,0.;                 2225P   1774
102,4,2219,2221,2223,2225;                                          2227P   1775
142,1,2207,2217,2227,2;                                             2229P   1776
144,2207,1,0,2229;                                                  2231P   1777
110,0.00049,-0.00025,0.00017,0.00049,-0.00025,0.00001;              2233P   1778
122,2233,0.00049,0.00025,0.00017;                                   2235P   1779
126,1,1,1,0,1,0,-0.00008,-0.00008,0.00008,0.00008,1.,1.,1.,1.,      2237P   1780
0.,0.,1.,0.,-0.00008,0.00008,0.,0.,1.;                              2237P   1781
126,1,1,1,0,1,0,0.000002,0.000002,0.000502,0.000502,1.,1.,0.,1.,    2239P   1782
0.,0.,0.,0.,0.000002,0.000502,0.,0.,1.;                             2239P   1783
126,1,1,1,0,1,0,-0.00008,-0.00008,0.00008,0.00008,1.,1.,0.,0.,      2241P   1784
0.,1.,0.,0.,-0.00008,0.00008,0.,0.,1.;                              2241P   1785
126,1,1,1,0,1,0,-0.000502,-0.000502,-0.000002,-0.000002,1.,1.,      2243P   1786
1.,0.,0.,1.,1.,0.,-0.000502,-0.000002,0.,0.,1.;                     2243P   1787
102,4,2237,2239,2241,2243;                                          2245P   1788
110,0.00049,0.00025,0.00001,0.00049,0.00025,0.00017;                2247P   1789
110,0.00049,0.00025,0.00017,0.00049,-0.00025,0.00017;               2249P   1790
110,0.00049,-0.00025,0.00017,0.00049,-0.00025,0.00001;              2251P   1791
110,0.00049,-0.00025,0.00001,0.00049,0.00025,0.00001;               2253P   1792
102,4,2247,2249,2251,2253;                                          2255P   1793
142,1,2235,2245,2255,2;                                             2257P   1794
144,2235,1,0,2257;                                                  2259P   1795
110,0.00049,0.00025,0.00001,0.00049,-0.00025,0.00001;               2261P   1796
122,2261,0.0001,0.00025,0.00001;                                    2263P   1797
126,1,1,1,0,1,0,0.000002,0.000002,0.000502,0.000502,1.,1.,0.,0.,    2265P   1798
0.,1.,0.,0.,0.000002,0.000502,0.,0.,1.;                             2265P   1799
126,1,1,1,0,1,0,-0.00049,-0.00049,-0.0003,-0.0003,1.,1.,1.,0.,      2267P   1800
0.,1.,0.48717948718007,0.,-0.00049,-0.0003,0.,0.,1.;                2267P   1801
126,1,1,1,0,1,0,-0.0000375,-0.0000375,0.0000375,0.0000375,1.,1.,    2269P   1802
1.,0.48717948718007,0.,0.84999999999991,0.48717948718007,0.,        2269P   1803
-0.0000375,0.0000375,0.,0.,1.;                                      2269P   1804
126,1,1,1,0,1,0,-0.0001,-0.0001,0.0001,0.0001,1.,1.,                2271P   1805
0.84999999999991,0.48717948718007,0.,0.84999999999991,1.,0.,        2271P   1806
-0.0001,0.0001,0.,0.,1.;                                            2271P   1807
126,1,1,1,0,1,0,-0.00005,-0.00005,0.00005,0.00005,1.,1.,            2273P   1808
0.84999999999991,1.,0.,0.64999999999986,1.,0.,-0.00005,0.00005,     2273P   1809
0.,0.,1.;                                                           2273P   1810
126,1,1,1,0,1,0,-0.00006,-0.00006,0.00006,0.00006,1.,1.,            2275P   1811
0.64999999999986,1.,0.,0.64999999999986,0.69230769230804,0.,        2275P   1812
-0.00006,0.00006,0.,0.,1.;                                          2275P   1813
126,4,2,1,0,1,0,-4.71238898038469,-4.71238898038469,                2277P   1814
-4.71238898038469,-3.92699081698724,-3.92699081698724,              2277P   1815
-3.14159265358979,-3.14159265358979,-3.14159265358979,1.,1.,1.,     2277P   1816
1.,1.,0.64999999999992,0.69230769230804,0.,0.64999999999992,        2277P   1817
0.66044511058704,0.,0.63242640687111,0.63791486298601,0.,           2277P   1818
0.6148528137423,0.61538461538498,0.,0.58999999999992,               2277P   1819
0.61538461538498,0.,-4.71238898038469,-3.14159265358979,0.,0.,      2277P   1820
1.;                                                                 2277P   1821
126,1,1,1,0,1,0,-0.000045,-0.000045,0.000045,0.000045,1.,1.,        2279P   1822
0.58999999999992,0.61538461538447,0.,0.40999999999985,              2279P   1823
0.61538461538447,0.,-0.000045,0.000045,0.,0.,1.;                    2279P   1824
126,4,2,1,0,1,0,-3.14159265358979,-3.14159265358979,                2281P   1825
-3.14159265358979,-2.35619449019234,-2.35619449019234,              2281P   1826
-1.5707963267949,-1.5707963267949,-1.5707963267949,1.,1.,1.,1.,     2281P   1827
1.,0.40999999999985,0.61538461538498,0.,0.38514718625747,           2281P   1828
0.61538461538498,0.,0.36757359312866,0.63791486298601,0.,           2281P   1829
0.34999999999985,0.66044511058704,0.,0.34999999999985,              2281P   1830
0.69230769230804,0.,-3.14159265358979,-1.5707963267949,0.,0.,1.;    2281P   1831
126,1,1,1,0,1,0,-0.00006,-0.00006,0.00006,0.00006,1.,1.,            2283P   1832
0.34999999999991,0.69230769230804,0.,0.34999999999991,1.,0.,        2283P   1833
-0.00006,0.00006,0.,0.,1.;                                          2283P   1834
126,1,1,1,0,1,0,-0.00005,-0.00005,0.00005,0.00005,1.,1.,            2285P   1835
0.34999999999991,1.,0.,0.14999999999986,1.,0.,-0.00005,0.00005,     2285P   1836
0.,0.,1.;                                                           2285P   1837
126,1,1,1,0,1,0,-0.0001,-0.0001,0.0001,0.0001,1.,1.,                2287P   1838
0.14999999999986,1.,0.,0.14999999999986,0.48717948718007,0.,        2287P   1839
-0.0001,0.0001,0.,0.,1.;                                            2287P   1840
126,1,1,1,0,1,0,-0.0000375,-0.0000375,0.0000375,0.0000375,1.,1.,    2289P   1841
0.14999999999986,0.48717948718007,0.,0.,0.48717948718007,0.,        2289P   1842
-0.0000375,0.0000375,0.,0.,1.;                                      2289P   1843
126,1,1,1,0,1,0,0.0003,0.0003,0.00049,0.00049,1.,1.,0.,             2291P   1844
0.48717948718007,0.,0.,0.,0.,0.0003,0.00049,0.,0.,1.;               2291P   1845
102,14,2265,2267,2269,2271,2273,2275,2277,2279,2281,2283,2285,      2293P   1846
2287,2289,2291;                                                     2293P   1847
110,0.00049,0.00025,0.00001,0.00049,-0.00025,0.00001;               2295P   1848
110,0.00049,-0.00025,0.00001,0.0003,-0.00025,0.00001;               2297P   1849
110,0.0003,-0.00025,0.00001,0.0003,-0.000175,0.00001;               2299P   1850
110,0.0003,-0.000175,0.00001,0.0001,-0.000175,0.00001;              2301P   1851
110,0.0001,-0.000175,0.00001,0.0001,-0.000075,0.00001;              2303P   1852
110,0.0001,-0.000075,0.00001,0.00022,-0.000075,0.00001;             2305P   1853
124,-1.,0.,0.,0.00022,0.,-1.,0.,-0.000045,0.,0.,1.,0.00001;         2307P   1854
100,0.,0.,0.,-0.,0.00003,-0.00003,-0.;                              2309P   1855
110,0.00025,-0.000045,0.00001,0.00025,0.000045,0.00001;             2311P   1856
124,-1.,0.,0.,0.00022,0.,-1.,0.,0.000045,0.,0.,1.,0.00001;          2313P   1857
100,0.,0.,0.,-0.00003,-0.,0.,-0.00003;                              2315P   1858
110,0.00022,0.000075,0.00001,0.0001,0.000075,0.00001;               2317P   1859
110,0.0001,0.000075,0.00001,0.0001,0.000175,0.00001;                2319P   1860
110,0.0001,0.000175,0.00001,0.0003,0.000175,0.00001;                2321P   1861
110,0.0003,0.000175,0.00001,0.0003,0.00025,0.00001;                 2323P   1862
110,0.0003,0.00025,0.00001,0.00049,0.00025,0.00001;                 2325P   1863
102,14,2295,2297,2299,2301,2303,2305,2309,2311,2315,2317,2319,      2327P   1864
2321,2323,2325;                                                     2327P   1865
142,1,2263,2293,2327,2;                                             2329P   1866
144,2263,1,0,2329;                                                  2331P   1867
110,0.0003,0.000175,0.,0.0003,0.00025,0.;                           2333P   1868
122,2333,0.0003,0.000175,0.00001;                                   2335P   1869
126,1,1,1,0,1,0,-0.0000375,-0.0000375,0.0000375,0.0000375,1.,1.,    2337P   1870
0.,0.,0.,1.,0.,0.,-0.0000375,0.0000375,0.,0.,1.;                    2337P   1871
126,1,1,1,0,1,0,-0.00001,-0.00001,0.,0.,1.,1.,1.,0.,0.,1.,1.,0.,    2339P   1872
-0.00001,0.,0.,0.,1.;                                               2339P   1873
126,1,1,1,0,1,0,-0.0000375,-0.0000375,0.0000375,0.0000375,1.,1.,    2341P   1874
1.,1.,0.,0.,1.,0.,-0.0000375,0.0000375,0.,0.,1.;                    2341P   1875
126,1,1,1,0,1,0,0.,0.,0.00001,0.00001,1.,1.,0.,1.,0.,0.,0.,0.,      2343P   1876
0.,0.00001,0.,0.,1.;                                                2343P   1877
102,4,2337,2339,2341,2343;                                          2345P   1878
110,0.0003,0.000175,0.,0.0003,0.00025,0.;                           2347P   1879
110,0.0003,0.00025,0.,0.0003,0.00025,0.00001;                       2349P   1880
110,0.0003,0.00025,0.00001,0.0003,0.000175,0.00001;                 2351P   1881
110,0.0003,0.000175,0.00001,0.0003,0.000175,0.;                     2353P   1882
102,4,2347,2349,2351,2353;                                          2355P   1883
142,1,2335,2345,2355,2;                                             2357P   1884
144,2335,1,0,2357;                                                  2359P   1885
110,0.0001,0.000175,0.00001,0.0001,0.000175,0.;                     2361P   1886
122,2361,0.0003,0.000175,0.00001;                                   2363P   1887
126,1,1,1,0,1,0,-0.0001,-0.0001,0.0001,0.0001,1.,1.,1.,0.,0.,1.,    2365P   1888
1.,0.,-0.0001,0.0001,0.,0.,1.;                                      2365P   1889
126,1,1,1,0,1,0,-0.00001,-0.00001,0.,0.,1.,1.,1.,1.,0.,0.,1.,0.,    2367P   1890
-0.00001,0.,0.,0.,1.;                                               2367P   1891
126,1,1,1,0,1,0,-0.0001,-0.0001,0.0001,0.0001,1.,1.,0.,1.,0.,0.,    2369P   1892
0.,0.,-0.0001,0.0001,0.,0.,1.;                                      2369P   1893
126,1,1,1,0,1,0,0.,0.,0.00001,0.00001,1.,1.,0.,0.,0.,1.,0.,0.,      2371P   1894
0.,0.00001,0.,0.,1.;                                                2371P   1895
102,4,2365,2367,2369,2371;                                          2373P   1896
110,0.0001,0.000175,0.,0.0003,0.000175,0.;                          2375P   1897
110,0.0003,0.000175,0.,0.0003,0.000175,0.00001;                     2377P   1898
110,0.0003,0.000175,0.00001,0.0001,0.000175,0.00001;                2379P   1899
110,0.0001,0.000175,0.00001,0.0001,0.000175,0.;                     2381P   1900
102,4,2375,2377,2379,2381;                                          2383P   1901
142,1,2363,2373,2383,2;                                             2385P   1902
144,2363,1,0,2385;                                                  2387P   1903
110,0.0001,0.000075,0.00001,0.0001,0.000075,0.;                     2389P   1904
122,2389,0.0001,0.000175,0.00001;                                   2391P   1905
126,1,1,1,0,1,0,-0.00005,-0.00005,0.00005,0.00005,1.,1.,1.,0.,      2393P   1906
0.,1.,1.,0.,-0.00005,0.00005,0.,0.,1.;                              2393P   1907
126,1,1,1,0,1,0,-0.00001,-0.00001,0.,0.,1.,1.,1.,1.,0.,0.,1.,0.,    2395P   1908
-0.00001,0.,0.,0.,1.;                                               2395P   1909
126,1,1,1,0,1,0,-0.00005,-0.00005,0.00005,0.00005,1.,1.,0.,1.,      2397P   1910
0.,0.,0.,0.,-0.00005,0.00005,0.,0.,1.;                              2397P   1911
126,1,1,1,0,1,0,0.,0.,0.00001,0.00001,1.,1.,0.,0.,0.,1.,0.,0.,      2399P   1912
0.,0.00001,0.,0.,1.;                                                2399P   1913
102,4,2393,2395,2397,2399;                                          2401P   1914
110,0.0001,0.000075,0.,0.0001,0.000175,0.;                          2403P   1915
110,0.0001,0.000175,0.,0.0001,0.000175,0.00001;                     2405P   1916
110,0.0001,0.000175,0.00001,0.0001,0.000075,0.00001;                2407P   1917
110,0.0001,0.000075,0.00001,0.0001,0.000075,0.;                     2409P   1918
102,4,2403,2405,2407,2409;                                          2411P   1919
142,1,2391,2401,2411,2;                                             2413P   1920
144,2391,1,0,2413;                                                  2415P   1921
110,0.0001,0.000075,0.,0.0001,0.000075,0.00001;                     2417P   1922
122,2417,0.00022,0.000075,0.;                                       2419P   1923
126,1,1,1,0,1,0,-0.00006,-0.00006,0.00006,0.00006,1.,1.,0.,1.,      2421P   1924
0.,0.,0.,0.,-0.00006,0.00006,0.,0.,1.;                              2421P   1925
126,1,1,1,0,1,0,-0.00001,-0.00001,0.,0.,1.,1.,0.,0.,0.,1.,0.,0.,    2423P   1926
-0.00001,0.,0.,0.,1.;                                               2423P   1927
126,1,1,1,0,1,0,-0.00006,-0.00006,0.00006,0.00006,1.,1.,1.,0.,      2425P   1928
0.,1.,1.,0.,-0.00006,0.00006,0.,0.,1.;                              2425P   1929
126,1,1,1,0,1,0,0.,0.,0.00001,0.00001,1.,1.,1.,1.,0.,0.,1.,0.,      2427P   1930
0.,0.00001,0.,0.,1.;                                                2427P   1931
102,4,2421,2423,2425,2427;                                          2429P   1932
110,0.00022,0.000075,0.,0.0001,0.000075,0.;                         2431P   1933
110,0.0001,0.000075,0.,0.0001,0.000075,0.00001;                     2433P   1934
110,0.0001,0.000075,0.00001,0.00022,0.000075,0.00001;               2435P   1935
110,0.00022,0.000075,0.00001,0.00022,0.000075,0.;                   2437P   1936
102,4,2431,2433,2435,2437;                                          2439P   1937
142,1,2419,2429,2439,2;                                             2441P   1938
144,2419,1,0,2441;                                                  2443P   1939
110,0.00022,0.000045,0.00001,0.00022,0.000045,1.00001;              2445P   1940
110,0.00019,0.000045,0.00001,0.00019,0.000045,0.;                   2447P   1941
120,2445,2447,0.,6.28318530717959;                                  2449P   1942
126,1,1,1,0,1,0,-3.14159265358979,-3.14159265358979,                2451P   1943
-1.5707963267949,-1.5707963267949,1.,1.,1.,3.14159265358979,0.,     2451P   1944
1.,4.71238898038469,0.,-3.14159265358979,-1.5707963267949,0.,0.,    2451P   1945
1.;                                                                 2451P   1946
126,1,1,1,0,1,0,-0.00001,-0.00001,0.,0.,1.,1.,1.,                   2453P   1947
4.71238898038469,0.,0.,4.71238898038469,0.,-0.00001,0.,0.,0.,1.;    2453P   1948
126,1,1,1,0,1,0,1.5707963267949,1.5707963267949,                    2455P   1949
3.14159265358979,3.14159265358979,1.,1.,0.,4.71238898038469,0.,     2455P   1950
0.,3.14159265358979,0.,1.5707963267949,3.14159265358979,0.,0.,      2455P   1951
1.;                                                                 2455P   1952
126,1,1,1,0,1,0,0.,0.,0.00001,0.00001,1.,1.,0.,3.14159265358979,    2457P   1953
0.,1.,3.14159265358979,0.,0.,0.00001,0.,0.,1.;                      2457P   1954
102,4,2451,2453,2455,2457;                                          2459P   1955
124,-1.,0.,0.,0.00022,0.,-1.,0.,0.000045,0.,0.,1.,0.;               2461P   1956
100,0.,0.,0.,-0.00003,-0.,0.,-0.00003;                              2463P   1957
110,0.00022,0.000075,0.,0.00022,0.000075,0.00001;                   2465P   1958
124,-1.,0.,0.,0.00022,0.,1.,0.,0.000045,0.,0.,-1.,0.00001;          2467P   1959
100,0.,0.,0.,0.,0.00003,-0.00003,0.;                                2469P   1960
110,0.00025,0.000045,0.00001,0.00025,0.000045,0.;                   2471P   1961
102,4,2463,2465,2469,2471;                                          2473P   1962
142,1,2449,2459,2473,2;                                             2475P   1963
144,2449,1,0,2475;                                                  2477P   1964
110,0.00025,-0.000045,0.00001,0.00025,-0.000045,0.;                 2479P   1965
122,2479,0.00025,0.000045,0.00001;                                  2481P   1966
126,1,1,1,0,1,0,-0.000045,-0.000045,0.000045,0.000045,1.,1.,1.,     2483P   1967
0.,0.,1.,1.,0.,-0.000045,0.000045,0.,0.,1.;                         2483P   1968
126,1,1,1,0,1,0,-0.00001,-0.00001,0.,0.,1.,1.,1.,1.,0.,0.,1.,0.,    2485P   1969
-0.00001,0.,0.,0.,1.;                                               2485P   1970
126,1,1,1,0,1,0,-0.000045,-0.000045,0.000045,0.000045,1.,1.,0.,     2487P   1971
1.,0.,0.,0.,0.,-0.000045,0.000045,0.,0.,1.;                         2487P   1972
126,1,1,1,0,1,0,0.,0.,0.00001,0.00001,1.,1.,0.,0.,0.,1.,0.,0.,      2489P   1973
0.,0.00001,0.,0.,1.;                                                2489P   1974
102,4,2483,2485,2487,2489;                                          2491P   1975
110,0.00025,-0.000045,0.,0.00025,0.000045,0.;                       2493P   1976
110,0.00025,0.000045,0.,0.00025,0.000045,0.00001;                   2495P   1977
110,0.00025,0.000045,0.00001,0.00025,-0.000045,0.00001;             2497P   1978
110,0.00025,-0.000045,0.00001,0.00025,-0.000045,0.;                 2499P   1979
102,4,2493,2495,2497,2499;                                          2501P   1980
142,1,2481,2491,2501,2;                                             2503P   1981
144,2481,1,0,2503;                                                  2505P   1982
110,0.00022,-0.000045,0.00001,0.00022,-0.000045,1.00001;            2507P   1983
110,0.00019,-0.000045,0.00001,0.00019,-0.000045,0.;                 2509P   1984
120,2507,2509,0.,6.28318530717959;                                  2511P   1985
126,1,1,1,0,1,0,-4.71238898038469,-4.71238898038469,                2513P   1986
-3.14159265358979,-3.14159265358979,1.,1.,1.,1.5707963267949,0.,    2513P   1987
1.,3.14159265358979,0.,-4.71238898038469,-3.14159265358979,0.,      2513P   1988
0.,1.;                                                              2513P   1989
126,1,1,1,0,1,0,-0.00001,-0.00001,0.,0.,1.,1.,1.,                   2515P   1990
3.14159265358979,0.,0.,3.14159265358979,0.,-0.00001,0.,0.,0.,1.;    2515P   1991
126,1,1,1,0,1,0,3.14159265358979,3.14159265358979,                  2517P   1992
4.71238898038469,4.71238898038469,1.,1.,0.,3.14159265358979,0.,     2517P   1993
0.,1.5707963267949,0.,3.14159265358979,4.71238898038469,0.,0.,      2517P   1994
1.;                                                                 2517P   1995
126,1,1,1,0,1,0,0.,0.,0.00001,0.00001,1.,1.,0.,1.5707963267949,     2519P   1996
0.,1.,1.5707963267949,0.,0.,0.00001,0.,0.,1.;                       2519P   1997
102,4,2513,2515,2517,2519;                                          2521P   1998
124,-1.,0.,0.,0.00022,0.,-1.,0.,-0.000045,0.,0.,1.,0.;              2523P   1999
100,0.,0.,0.,-0.,0.00003,-0.00003,-0.;                              2525P   2000
110,0.00025,-0.000045,0.,0.00025,-0.000045,0.00001;                 2527P   2001
124,-1.,0.,0.,0.00022,0.,1.,0.,-0.000045,0.,0.,-1.,0.00001;         2529P   2002
100,0.,0.,0.,-0.00003,0.,-0.,-0.00003;                              2531P   2003
110,0.00022,-0.000075,0.00001,0.00022,-0.000075,0.;                 2533P   2004
102,4,2525,2527,2531,2533;                                          2535P   2005
142,1,2511,2521,2535,2;                                             2537P   2006
144,2511,1,0,2537;                                                  2539P   2007
110,0.00022,-0.000075,0.00001,0.0001,-0.000075,0.00001;             2541P   2008
122,2541,0.00022,-0.000075,0.;                                      2543P   2009
126,1,1,1,0,1,0,-0.00006,-0.00006,0.00006,0.00006,1.,1.,1.,1.,      2545P   2010
0.,-0.,1.,0.,-0.00006,0.00006,0.,0.,1.;                             2545P   2011
126,1,1,1,0,1,0,-0.00001,-0.00001,0.,0.,1.,1.,-0.,1.,0.,-0.,0.,     2547P   2012
0.,-0.00001,0.,0.,0.,1.;                                            2547P   2013
126,1,1,1,0,1,0,-0.00006,-0.00006,0.00006,0.00006,1.,1.,-0.,0.,     2549P   2014
0.,1.,0.,0.,-0.00006,0.00006,0.,0.,1.;                              2549P   2015
126,1,1,1,0,1,0,0.,0.,0.00001,0.00001,1.,1.,1.,0.,0.,1.,1.,0.,      2551P   2016
0.,0.00001,0.,0.,1.;                                                2551P   2017
102,4,2545,2547,2549,2551;                                          2553P   2018
110,0.0001,-0.000075,0.,0.00022,-0.000075,0.;                       2555P   2019
110,0.00022,-0.000075,0.,0.00022,-0.000075,0.00001;                 2557P   2020
110,0.00022,-0.000075,0.00001,0.0001,-0.000075,0.00001;             2559P   2021
110,0.0001,-0.000075,0.00001,0.0001,-0.000075,0.;                   2561P   2022
102,4,2555,2557,2559,2561;                                          2563P   2023
142,1,2543,2553,2563,2;                                             2565P   2024
144,2543,1,0,2565;                                                  2567P   2025
110,0.0001,-0.000175,0.00001,0.0001,-0.000175,0.;                   2569P   2026
122,2569,0.0001,-0.000075,0.00001;                                  2571P   2027
126,1,1,1,0,1,0,-0.00005,-0.00005,0.00005,0.00005,1.,1.,1.,0.,      2573P   2028
0.,1.,1.,0.,-0.00005,0.00005,0.,0.,1.;                              2573P   2029
126,1,1,1,0,1,0,-0.00001,-0.00001,0.,0.,1.,1.,1.,1.,0.,0.,1.,0.,    2575P   2030
-0.00001,0.,0.,0.,1.;                                               2575P   2031
126,1,1,1,0,1,0,-0.00005,-0.00005,0.00005,0.00005,1.,1.,0.,1.,      2577P   2032
0.,0.,0.,0.,-0.00005,0.00005,0.,0.,1.;                              2577P   2033
126,1,1,1,0,1,0,0.,0.,0.00001,0.00001,1.,1.,0.,0.,0.,1.,0.,0.,      2579P   2034
0.,0.00001,0.,0.,1.;                                                2579P   2035
102,4,2573,2575,2577,2579;                                          2581P   2036
110,0.0001,-0.000175,0.,0.0001,-0.000075,0.;                        2583P   2037
110,0.0001,-0.000075,0.,0.0001,-0.000075,0.00001;                   2585P   2038
110,0.0001,-0.000075,0.00001,0.0001,-0.000175,0.00001;              2587P   2039
110,0.0001,-0.000175,0.00001,0.0001,-0.000175,0.;                   2589P   2040
102,4,2583,2585,2587,2589;                                          2591P   2041
142,1,2571,2581,2591,2;                                             2593P   2042
144,2571,1,0,2593;                                                  2595P   2043
110,0.0001,-0.000175,0.,0.0001,-0.000175,0.00001;                   2597P   2044
122,2597,0.0003,-0.000175,0.;                                       2599P   2045
126,1,1,1,0,1,0,-0.0001,-0.0001,0.0001,0.0001,1.,1.,0.,1.,0.,0.,    2601P   2046
-0.,0.,-0.0001,0.0001,0.,0.,1.;                                     2601P   2047
126,1,1,1,0,1,0,-0.00001,-0.00001,0.,0.,1.,1.,0.,-0.,0.,1.,-0.,     2603P   2048
0.,-0.00001,0.,0.,0.,1.;                                            2603P   2049
126,1,1,1,0,1,0,-0.0001,-0.0001,0.0001,0.0001,1.,1.,1.,-0.,0.,      2605P   2050
1.,1.,0.,-0.0001,0.0001,0.,0.,1.;                                   2605P   2051
126,1,1,1,0,1,0,0.,0.,0.00001,0.00001,1.,1.,1.,1.,0.,0.,1.,0.,      2607P   2052
0.,0.00001,0.,0.,1.;                                                2607P   2053
102,4,2601,2603,2605,2607;                                          2609P   2054
110,0.0003,-0.000175,0.,0.0001,-0.000175,0.;                        2611P   2055
110,0.0001,-0.000175,0.,0.0001,-0.000175,0.00001;                   2613P   2056
110,0.0001,-0.000175,0.00001,0.0003,-0.000175,0.00001;              2615P   2057
110,0.0003,-0.000175,0.00001,0.0003,-0.000175,0.;                   2617P   2058
102,4,2611,2613,2615,2617;                                          2619P   2059
142,1,2599,2609,2619,2;                                             2621P   2060
144,2599,1,0,2621;                                                  2623P   2061
110,0.0003,-0.00025,0.,0.0003,-0.000175,0.;                         2625P   2062
122,2625,0.0003,-0.00025,0.00001;                                   2627P   2063
126,1,1,1,0,1,0,-0.0000375,-0.0000375,0.0000375,0.0000375,1.,1.,    2629P   2064
0.,0.,0.,1.,0.,0.,-0.0000375,0.0000375,0.,0.,1.;                    2629P   2065
126,1,1,1,0,1,0,-0.00001,-0.00001,0.,0.,1.,1.,1.,0.,0.,1.,1.,0.,    2631P   2066
-0.00001,0.,0.,0.,1.;                                               2631P   2067
126,1,1,1,0,1,0,-0.0000375,-0.0000375,0.0000375,0.0000375,1.,1.,    2633P   2068
1.,1.,0.,0.,1.,0.,-0.0000375,0.0000375,0.,0.,1.;                    2633P   2069
126,1,1,1,0,1,0,0.,0.,0.00001,0.00001,1.,1.,0.,1.,0.,0.,0.,0.,      2635P   2070
0.,0.00001,0.,0.,1.;                                                2635P   2071
102,4,2629,2631,2633,2635;                                          2637P   2072
110,0.0003,-0.00025,0.,0.0003,-0.000175,0.;                         2639P   2073
110,0.0003,-0.000175,0.,0.0003,-0.000175,0.00001;                   2641P   2074
110,0.0003,-0.000175,0.00001,0.0003,-0.00025,0.00001;               2643P   2075
110,0.0003,-0.00025,0.00001,0.0003,-0.00025,0.;                     2645P   2076
102,4,2639,2641,2643,2645;                                          2647P   2077
142,1,2627,2637,2647,2;                                             2649P   2078
144,2627,1,0,2649;                                                  2651P   2079
110,0.00035,-0.00025,0.00017,0.00049,-0.00025,0.00017;              2653P   2080
122,2653,0.00035,0.00025,0.00017;                                   2655P   2081
126,1,1,1,0,1,0,-0.00049,-0.00049,-0.00035,-0.00035,1.,1.,1.,1.,    2657P   2082
0.,0.,1.,0.,-0.00049,-0.00035,0.,0.,1.;                             2657P   2083
126,1,1,1,0,1,0,-0.00025,-0.00025,0.00025,0.00025,1.,1.,0.,1.,      2659P   2084
0.,0.,0.,0.,-0.00025,0.00025,0.,0.,1.;                              2659P   2085
126,1,1,1,0,1,0,0.00035,0.00035,0.00049,0.00049,1.,1.,0.,0.,0.,     2661P   2086
1.,0.,0.,0.00035,0.00049,0.,0.,1.;                                  2661P   2087
126,1,1,1,0,1,0,-0.000502,-0.000502,-0.000002,-0.000002,1.,1.,      2663P   2088
1.,0.,0.,1.,1.,0.,-0.000502,-0.000002,0.,0.,1.;                     2663P   2089
102,4,2657,2659,2661,2663;                                          2665P   2090
110,0.00049,0.00025,0.00017,0.00035,0.00025,0.00017;                2667P   2091
110,0.00035,0.00025,0.00017,0.00035,-0.00025,0.00017;               2669P   2092
110,0.00035,-0.00025,0.00017,0.00049,-0.00025,0.00017;              2671P   2093
110,0.00049,-0.00025,0.00017,0.00049,0.00025,0.00017;               2673P   2094
102,4,2667,2669,2671,2673;                                          2675P   2095
142,1,2655,2665,2675,2;                                             2677P   2096
144,2655,1,0,2677;                                                  2679P   2097
110,0.00035,-0.00025,0.00018,0.00035,-0.00025,0.00017;              2681P   2098
122,2681,0.00035,0.00025,0.00018;                                   2683P   2099
126,1,1,1,0,1,0,-0.00025,-0.00025,0.00025,0.00025,1.,1.,0.,1.,      2685P   2100
0.,0.,-0.,0.,-0.00025,0.00025,0.,0.,1.;                             2685P   2101
126,1,1,1,0,1,0,-0.00001,-0.00001,0.,0.,1.,1.,0.,-0.,0.,1.,-0.,     2687P   2102
0.,-0.00001,0.,0.,0.,1.;                                            2687P   2103
126,1,1,1,0,1,0,-0.00025,-0.00025,0.00025,0.00025,1.,1.,1.,-0.,     2689P   2104
0.,1.,1.,0.,-0.00025,0.00025,0.,0.,1.;                              2689P   2105
126,1,1,1,0,1,0,0.,0.,0.00001,0.00001,1.,1.,1.,1.,0.,0.,1.,0.,      2691P   2106
0.,0.00001,0.,0.,1.;                                                2691P   2107
102,4,2685,2687,2689,2691;                                          2693P   2108
110,0.00035,0.00025,0.00018,0.00035,-0.00025,0.00018;               2695P   2109
110,0.00035,-0.00025,0.00018,0.00035,-0.00025,0.00017;              2697P   2110
110,0.00035,-0.00025,0.00017,0.00035,0.00025,0.00017;               2699P   2111
110,0.00035,0.00025,0.00017,0.00035,0.00025,0.00018;                2701P   2112
102,4,2695,2697,2699,2701;                                          2703P   2113
142,1,2683,2693,2703,2;                                             2705P   2114
144,2683,1,0,2705;                                                  2707P   2115
110,-0.00035,-0.00025,0.00018,0.00035,-0.00025,0.00018;             2709P   2116
122,2709,-0.00035,0.00025,0.00018;                                  2711P   2117
126,1,1,1,0,1,0,-0.00035,-0.00035,0.00035,0.00035,1.,1.,1.,1.,      2713P   2118
0.,0.,1.,0.,-0.00035,0.00035,0.,0.,1.;                              2713P   2119
126,1,1,1,0,1,0,-0.00025,-0.00025,0.00025,0.00025,1.,1.,0.,1.,      2715P   2120
0.,0.,0.,0.,-0.00025,0.00025,0.,0.,1.;                              2715P   2121
126,1,1,1,0,1,0,-0.00035,-0.00035,0.00035,0.00035,1.,1.,0.,0.,      2717P   2122
0.,1.,0.,0.,-0.00035,0.00035,0.,0.,1.;                              2717P   2123
126,1,1,1,0,1,0,-0.00025,-0.00025,0.00025,0.00025,1.,1.,1.,0.,      2719P   2124
0.,1.,1.,0.,-0.00025,0.00025,0.,0.,1.;                              2719P   2125
102,4,2713,2715,2717,2719;                                          2721P   2126
110,0.00035,0.00025,0.00018,-0.00035,0.00025,0.00018;               2723P   2127
110,-0.00035,0.00025,0.00018,-0.00035,-0.00025,0.00018;             2725P   2128
110,-0.00035,-0.00025,0.00018,0.00035,-0.00025,0.00018;             2727P   2129
110,0.00035,-0.00025,0.00018,0.00035,0.00025,0.00018;               2729P   2130
102,4,2723,2725,2727,2729;                                          2731P   2131
142,1,2711,2721,2731,2;                                             2733P   2132
144,2711,1,0,2733;                                                  2735P   2133
110,0.0003,-0.00025,0.,-0.0003,-0.00025,0.;                         2737P   2134
122,2737,0.0003,0.00025,0.;                                         2739P   2135
126,1,1,1,0,1,0,-0.0000375,-0.0000375,0.0000375,0.0000375,1.,1.,    2741P   2136
1.,0.85000000000014,0.,1.,1.,0.,-0.0000375,0.0000375,0.,0.,1.;      2741P   2137
126,1,1,1,0,1,0,-0.0003,-0.0003,0.0003,0.0003,1.,1.,1.,1.,0.,0.,    2743P   2138
1.,0.,-0.0003,0.0003,0.,0.,1.;                                      2743P   2139
126,1,1,1,0,1,0,-0.0000375,-0.0000375,0.0000375,0.0000375,1.,1.,    2745P   2140
0.,1.,0.,0.,0.85000000000014,0.,-0.0000375,0.0000375,0.,0.,1.;      2745P   2141
126,1,1,1,0,1,0,-0.0001,-0.0001,0.0001,0.0001,1.,1.,0.,             2747P   2142
0.85000000000014,0.,0.33333333333308,0.85000000000014,0.,           2747P   2143
-0.0001,0.0001,0.,0.,1.;                                            2747P   2144
126,1,1,1,0,1,0,-0.00005,-0.00005,0.00005,0.00005,1.,1.,            2749P   2145
0.33333333333308,0.85000000000014,0.,0.33333333333308,              2749P   2146
0.65000000000009,0.,-0.00005,0.00005,0.,0.,1.;                      2749P   2147
126,1,1,1,0,1,0,-0.00006,-0.00006,0.00006,0.00006,1.,1.,            2751P   2148
0.33333333333308,0.65000000000009,0.,0.13333333333323,              2751P   2149
0.65000000000009,0.,-0.00006,0.00006,0.,0.,1.;                      2751P   2150
126,4,2,1,0,1,0,1.5707963267949,1.5707963267949,1.5707963267949,    2753P   2151
2.35619449019234,2.35619449019234,3.14159265358979,                 2753P   2152
3.14159265358979,3.14159265358979,1.,1.,1.,1.,1.,                   2753P   2153
0.13333333333323,0.65000000000015,0.,0.11262265521457,              2753P   2154
0.65000000000015,0.,0.0979779942739,0.63242640687134,0.,            2753P   2155
0.08333333333322,0.61485281374253,0.,0.08333333333322,              2753P   2156
0.59000000000015,0.,1.5707963267949,3.14159265358979,0.,0.,1.;      2753P   2157
126,1,1,1,0,1,0,-0.000045,-0.000045,0.000045,0.000045,1.,1.,        2755P   2158
0.08333333333289,0.59000000000015,0.,0.08333333333289,              2755P   2159
0.41000000000008,0.,-0.000045,0.000045,0.,0.,1.;                    2755P   2160
126,4,2,1,0,1,0,3.14159265358979,3.14159265358979,                  2757P   2161
3.14159265358979,3.92699081698724,3.92699081698724,                 2757P   2162
4.71238898038469,4.71238898038469,4.71238898038469,1.,1.,1.,1.,     2757P   2163
1.,0.08333333333322,0.41000000000008,0.,0.08333333333322,           2757P   2164
0.3851471862577,0.,0.0979779942739,0.36757359312889,0.,             2757P   2165
0.11262265521457,0.35000000000008,0.,0.13333333333323,              2757P   2166
0.35000000000008,0.,3.14159265358979,4.71238898038469,0.,0.,1.;     2757P   2167
126,1,1,1,0,1,0,-0.00006,-0.00006,0.00006,0.00006,1.,1.,            2759P   2168
0.13333333333323,0.35000000000014,0.,0.33333333333308,              2759P   2169
0.35000000000014,0.,-0.00006,0.00006,0.,0.,1.;                      2759P   2170
126,1,1,1,0,1,0,-0.00005,-0.00005,0.00005,0.00005,1.,1.,            2761P   2171
0.33333333333308,0.35000000000014,0.,0.33333333333308,              2761P   2172
0.15000000000009,0.,-0.00005,0.00005,0.,0.,1.;                      2761P   2173
126,1,1,1,0,1,0,-0.0001,-0.0001,0.0001,0.0001,1.,1.,                2763P   2174
0.33333333333308,0.15000000000009,0.,0.,0.15000000000009,0.,        2763P   2175
-0.0001,0.0001,0.,0.,1.;                                            2763P   2176
126,1,1,1,0,1,0,-0.0000375,-0.0000375,0.0000375,0.0000375,1.,1.,    2765P   2177
0.,0.15000000000009,0.,0.,0.,0.,-0.0000375,0.0000375,0.,0.,1.;      2765P   2178
126,1,1,1,0,1,0,-0.0003,-0.0003,0.0003,0.0003,1.,1.,0.,0.,0.,1.,    2767P   2179
0.,0.,-0.0003,0.0003,0.,0.,1.;                                      2767P   2180
126,1,1,1,0,1,0,-0.0000375,-0.0000375,0.0000375,0.0000375,1.,1.,    2769P   2181
1.,0.,0.,1.,0.15000000000009,0.,-0.0000375,0.0000375,0.,0.,1.;      2769P   2182
126,1,1,1,0,1,0,-0.0001,-0.0001,0.0001,0.0001,1.,1.,1.,             2771P   2183
0.15000000000009,0.,0.66666666666692,0.15000000000009,0.,           2771P   2184
-0.0001,0.0001,0.,0.,1.;                                            2771P   2185
126,1,1,1,0,1,0,-0.000175,-0.000175,0.000175,0.000175,1.,1.,        2773P   2186
0.66666666666692,0.15000000000009,0.,0.66666666666692,              2773P   2187
0.85000000000014,0.,-0.000175,0.000175,0.,0.,1.;                    2773P   2188
126,1,1,1,0,1,0,-0.0001,-0.0001,0.0001,0.0001,1.,1.,                2775P   2189
0.66666666666692,0.85000000000014,0.,1.,0.85000000000014,0.,        2775P   2190
-0.0001,0.0001,0.,0.,1.;                                            2775P   2191
102,18,2741,2743,2745,2747,2749,2751,2753,2755,2757,2759,2761,      2777P   2192
2763,2765,2767,2769,2771,2773,2775;                                 2777P   2193
110,-0.0003,0.000175,0.,-0.0003,0.00025,0.;                         2779P   2194
110,-0.0003,0.00025,0.,0.0003,0.00025,0.;                           2781P   2195
110,0.0003,0.00025,0.,0.0003,0.000175,0.;                           2783P   2196
110,0.0003,0.000175,0.,0.0001,0.000175,0.;                          2785P   2197
110,0.0001,0.000175,0.,0.0001,0.000075,0.;                          2787P   2198
110,0.0001,0.000075,0.,0.00022,0.000075,0.;                         2789P   2199
124,-1.,0.,0.,0.00022,0.,1.,0.,0.000045,0.,0.,-1.,0.;               2791P   2200
100,0.,0.,0.,0.,0.00003,-0.00003,0.;                                2793P   2201
110,0.00025,0.000045,0.,0.00025,-0.000045,0.;                       2795P   2202
124,-1.,0.,0.,0.00022,0.,1.,0.,-0.000045,0.,0.,-1.,0.;              2797P   2203
100,0.,0.,0.,-0.00003,0.,-0.,-0.00003;                              2799P   2204
110,0.00022,-0.000075,0.,0.0001,-0.000075,0.;                       2801P   2205
110,0.0001,-0.000075,0.,0.0001,-0.000175,0.;                        2803P   2206
110,0.0001,-0.000175,0.,0.0003,-0.000175,0.;                        2805P   2207
110,0.0003,-0.000175,0.,0.0003,-0.00025,0.;                         2807P   2208
110,0.0003,-0.00025,0.,-0.0003,-0.00025,0.;                         2809P   2209
110,-0.0003,-0.00025,0.,-0.0003,-0.000175,0.;                       2811P   2210
110,-0.0003,-0.000175,0.,-0.0001,-0.000175,0.;                      2813P   2211
110,-0.0001,-0.000175,0.,-0.0001,0.000175,0.;                       2815P   2212
110,-0.0001,0.000175,0.,-0.0003,0.000175,0.;                        2817P   2213
102,18,2779,2781,2783,2785,2787,2789,2793,2795,2799,2801,2803,      2819P   2214
2805,2807,2809,2811,2813,2815,2817;                                 2819P   2215
142,1,2739,2777,2819,2;                                             2821P   2216
144,2739,1,0,2821;                                                  2823P   2217
110,0.00045345269097,-0.00025,0.0001474733254,0.00045345269097,     2825P   2218
-0.00025,0.00013898816464;                                          2825P   2219
122,2825,0.0004641806714,-0.00025,0.0001474733254;                  2827P   2220
126,1,1,1,0,1,0,-0.00000405815972,-0.00000405815972,                2829P   2221
0.00000405815972,0.00000405815972,1.,1.,0.02128111328698,0.,0.,     2829P   2222
0.97781212865808,0.,0.,-0.00000405815972,0.00000405815972,0.,0.,    2829P   2223
1.;                                                                 2829P   2224
126,1,1,1,0,1,0,-0.00000237358941,-0.00000237358941,                2831P   2225
0.00000239410129,0.00000239410129,1.,1.,0.97781212865808,0.,0.,     2831P   2226
0.97781212865808,0.4444164240203,0.,-0.00000237358941,              2831P   2227
0.00000239410129,0.,0.,1.;                                          2831P   2228
126,1,1,1,0,1,0,0.,0.,1.,1.,1.,1.,0.97781212865808,                 2833P   2229
0.4444164240203,0.,1.,0.44632842203518,0.,0.,1.,0.,0.,1.;           2833P   2230
126,1,1,1,0,1,0,0.00043900308333,0.00043900308333,                  2835P   2231
0.00044350073299,0.00044350073299,1.,1.,1.,0.44632842203518,0.,     2835P   2232
0.88714724317314,0.85596109068015,0.,0.00043900308333,              2835P   2233
0.00044350073299,0.,0.,1.;                                          2835P   2234
126,1,1,1,0,1,0,0.,0.,1.,1.,1.,1.,0.88714724317314,                 2837P   2235
0.85596109068015,0.,0.87661680662846,0.87432927655918,0.,0.,1.,     2837P   2236
0.,0.,1.;                                                           2837P   2237
126,1,1,1,0,1,0,-0.00000164325598,-0.00000164325598,                2839P   2238
0.00000184941743,0.00000184941743,1.,1.,0.87661680662846,           2839P   2239
0.87432927655918,0.,0.49649803080084,0.99924195452871,0.,           2839P   2240
-0.00000164325598,0.00000184941743,0.,0.,1.;                        2839P   2241
126,1,1,1,0,1,0,0.,0.,1.,1.,1.,1.,0.49649803080084,                 2841P   2242
0.99924195452871,0.,0.47046305547621,1.,0.,0.,1.,0.,0.,1.;          2841P   2243
126,1,1,1,0,1,0,-0.00000173692323,-0.00000173692323,                2843P   2244
0.00000162350899,0.00000162350899,1.,1.,0.47046305547621,1.,0.,     2843P   2245
0.1156002790518,0.86092718039833,0.,-0.00000173692323,              2843P   2246
0.00000162350899,0.,0.,1.;                                          2843P   2247
126,1,1,1,0,1,0,0.,0.,1.,1.,1.,1.,0.1156002790518,                  2845P   2248
0.86092718039833,0.,0.10869670629219,0.84124717561347,0.,0.,1.,     2845P   2249
0.,0.,1.;                                                           2845P   2250
126,1,1,1,0,1,0,-0.00046036797442,-0.00046036797442,                2847P   2251
-0.00045553202977,-0.00045553202977,1.,1.,0.10869670629219,         2847P   2252
0.84124717561347,0.,-0.,0.39874274960799,0.,-0.00046036797442,      2847P   2253
-0.00045553202977,0.,0.,1.;                                         2847P   2254
126,1,1,1,0,1,0,0.,0.,1.,1.,1.,1.,-0.,0.39874274960799,0.,          2849P   2255
0.02128111328698,0.39710763831043,0.,0.,1.,0.,0.,1.;                2849P   2256
126,1,1,1,0,1,0,-0.00000213885221,-0.00000213885221,                2851P   2257
0.00000212131076,0.00000212131076,1.,1.,0.02128111328698,           2851P   2258
0.39710763831043,0.,0.02128111328698,0.,0.,-0.00000213885221,       2851P   2259
0.00000212131076,0.,0.,1.;                                          2851P   2260
102,12,2829,2831,2833,2835,2837,2839,2841,2843,2845,2847,2849,      2853P   2261
2851;                                                               2853P   2262
110,0.00045345269097,-0.00025,0.00014729275174,0.00045345269097,    2855P   2263
-0.00025,0.00013917643229;                                          2855P   2264
110,0.00045345269097,-0.00025,0.00013917643229,0.00045822038167,    2857P   2265
-0.00025,0.00013917643229;                                          2857P   2266
110,0.00045824089355,-0.00025,0.00013898816464,0.0004626354248,     2859P   2267
-0.00025,0.00013994573842;                                          2859P   2268
110,0.00046283247833,-0.00025,0.00014003509087,0.0004641725391,     2861P   2269
-0.00025,0.00014326045979;                                          2861P   2270
110,0.0004641806714,-0.00025,0.00014348137074,0.00046268870091,     2863P   2271
-0.00025,0.00014649243845;                                          2863P   2272
110,0.0004624775742,-0.00025,0.00014655101638,0.00045773039538,     2865P   2273
-0.00025,0.0001474733254;                                           2865P   2274
110,0.00045771285394,-0.00025,0.00014729275174,0.00045345269097,    2867P   2275
-0.00025,0.00014729275174;                                          2867P   2276
102,7,2855,2857,2859,2861,2863,2865,2867;                           2869P   2277
142,1,2827,2853,2869,2;                                             2871P   2278
144,2827,1,0,2871;                                                  2873P   2279
110,0.00040569559835,-0.00025,0.00014803450702,0.00040569559835,    2875P   2280
-0.00025,0.00012675305705;                                          2875P   2281
122,2875,0.00042316602852,-0.00025,0.00014803450702;                2877P   2282
126,1,1,1,0,1,0,-0.00000368365666,-0.00000368365666,                2879P   2283
0.00000418299438,0.00000418299438,1.,1.,0.13754915510859,           2879P   2284
0.1229577893642,0.,0.49318090888458,0.00013741202845,0.,            2879P   2285
-0.00000368365666,0.00000418299438,0.,0.,1.;                        2879P   2286
126,1,1,1,0,1,0,0.,0.,1.,1.,1.,1.,0.49318090888458,                 2881P   2287
0.00013741202845,0.,0.50344935143981,0.,0.,0.,1.,0.,0.,1.;          2881P   2288
126,1,1,1,0,1,0,-0.00000422796511,-0.00000422796511,                2883P   2289
0.0000037065644,0.0000037065644,1.,1.,0.50344935143981,0.,0.,       2883P   2290
0.86239523625458,0.12282037733575,0.,-0.00000422796511,             2883P   2291
0.0000037065644,0.,0.,1.;                                           2883P   2292
126,1,1,1,0,1,0,0.,0.,1.,1.,1.,1.,0.86239523625458,                 2885P   2293
0.12282037733575,0.,0.87750569741586,0.13474876737531,0.,0.,1.,     2885P   2294
0.,0.,1.;                                                           2885P   2295
126,1,1,1,0,1,0,-0.0000032603057,-0.0000032603057,                  2887P   2296
0.00000349300353,0.00000349300353,1.,1.,0.87750569741586,           2887P   2297
0.13474876737531,0.,0.99987361269364,0.49140920573205,0.,           2887P   2298
-0.0000032603057,0.00000349300353,0.,0.,1.;                         2887P   2299
126,1,1,1,0,1,0,0.,0.,1.,1.,1.,1.,0.99987361269364,                 2889P   2300
0.49140920573205,0.,1.,0.51205368591913,0.,0.,1.,0.,0.,1.;          2889P   2301
126,1,1,1,0,1,0,-0.00000349731517,-0.00000349731517,                2891P   2302
0.00000324180091,0.00000324180091,1.,1.,1.,0.51205368591913,0.,     2891P   2303
0.87814195103586,0.86809303513639,0.,-0.00000349731517,             2891P   2304
0.00000324180091,0.,0.,1.;                                          2891P   2305
126,1,1,1,0,1,0,0.,0.,1.,1.,1.,1.,0.87814195103586,                 2893P   2306
0.86809303513639,0.,0.86272247678666,0.87966397922227,0.,0.,1.,     2893P   2307
0.,0.,1.;                                                           2893P   2308
126,1,1,1,0,1,0,-0.00000369735798,-0.00000369735798,                2895P   2309
0.00000423600661,0.00000423600661,1.,1.,0.86272247678666,           2895P   2310
0.87966397922227,0.,0.50326672565826,1.,0.,-0.00000369735798,       2895P   2311
0.00000423600661,0.,0.,1.;                                          2895P   2312
126,1,1,1,0,1,0,0.,0.,1.,1.,1.,1.,0.50326672565826,1.,0.,           2897P   2313
0.49339301773457,0.99984530763407,0.,0.,1.,0.,0.,1.;                2897P   2314
126,1,1,1,0,1,0,-0.00000419814705,-0.00000419814705,                2899P   2315
0.00000367290484,0.00000367290484,1.,1.,0.49339301773457,           2899P   2316
0.99984530763407,0.,0.13686899790966,0.879975103711,0.,             2899P   2317
-0.00000419814705,0.00000367290484,0.,0.,1.;                        2899P   2318
126,1,1,1,0,1,0,0.,0.,1.,1.,1.,1.,0.13686899790966,                 2901P   2319
0.879975103711,0.,0.12150504466058,0.86853184308966,0.,0.,1.,0.,    2901P   2320
0.,1.;                                                              2901P   2321
126,1,1,1,0,1,0,-0.00000322974835,-0.00000322974835,                2903P   2322
0.00000348370234,0.00000348370234,1.,1.,0.12150504466058,           2903P   2323
0.86853184308966,0.,0.00002939543172,0.51388994443621,0.,           2903P   2324
-0.00000322974835,0.00000348370234,0.,0.,1.;                        2903P   2325
126,1,1,1,0,1,0,0.,0.,1.,1.,1.,1.,0.00002939543172,                 2905P   2326
0.51388994443621,0.,0.,0.49328217276322,0.,0.,1.,0.,0.,1.;          2905P   2327
126,1,1,1,0,1,0,-0.00000351334314,-0.00000351334314,                2907P   2328
0.00000327001223,0.00000327001223,1.,1.,0.,0.49328217276322,0.,     2907P   2329
0.12236791527778,0.13475846698801,0.,-0.00000351334314,             2907P   2330
0.00000327001223,0.,0.,1.;                                          2907P   2331
126,1,1,1,0,1,0,0.,0.,1.,1.,1.,1.,0.12236791527778,                 2909P   2332
0.13475846698801,0.,0.13754915510859,0.1229577893642,0.,0.,1.,      2909P   2333
0.,0.,1.;                                                           2909P   2334
102,16,2879,2881,2883,2885,2887,2889,2891,2893,2895,2897,2899,      2911P   2335
2901,2903,2905,2907,2909;                                           2911P   2336
110,0.00040784372382,-0.00025,0.00014510726156,0.00040569799899,    2913P   2337
-0.00025,0.00013753890218;                                          2913P   2338
110,0.00040569559835,-0.00025,0.00013732037484,0.00040784132317,    2915P   2339
-0.00025,0.00012968148595;                                          2915P   2340
110,0.00040804971728,-0.00025,0.00012935991342,0.00041428072856,    2917P   2341
-0.00025,0.00012675574676;                                          2917P   2342
110,0.00041464139651,-0.00025,0.00012675305705,0.0004208615571,     2919P   2343
-0.00025,0.00012934637303;                                          2919P   2344
110,0.00042106370647,-0.00025,0.0001296745218,0.00042316602852,     2921P   2345
-0.00025,0.00013732426138;                                          2921P   2346
110,0.00042316332598,-0.00025,0.0001375343882,0.00042106914195,     2923P   2347
-0.00025,0.00014512173629;                                          2923P   2348
110,0.00042086922327,-0.00025,0.00014544870349,0.00041467347674,    2925P   2349
-0.00025,0.00014803388144;                                          2925P   2350
110,0.0004143134501,-0.00025,0.00014803450702,0.00040804988674,     2927P   2351
-0.00025,0.00014543034035;                                          2927P   2352
102,8,2913,2915,2917,2919,2921,2923,2925,2927;                      2929P   2353
142,1,2877,2911,2929,2;                                             2931P   2354
144,2877,1,0,2931;                                                  2933P   2355
110,-0.00049,-0.00025,0.00018,-0.00049,-0.00025,0.;                 2935P   2356
122,2935,0.00049,-0.00025,0.00018;                                  2937P   2357
126,1,1,1,0,1,0,-0.00049,-0.00049,-0.0003,-0.0003,1.,1.,            2939P   2358
0.94444444444444,0.,0.,0.94444444444444,0.19387755102022,0.,        2939P   2359
-0.00049,-0.0003,0.,0.,1.;                                          2939P   2360
126,1,1,1,0,1,0,0.,0.,0.00001,0.00001,1.,1.,0.94444444444444,       2941P   2361
0.19387755102022,0.,1.,0.19387755102022,0.,0.,0.00001,0.,0.,1.;     2941P   2362
126,1,1,1,0,1,0,-0.0003,-0.0003,0.0003,0.0003,1.,1.,1.,             2943P   2363
0.19387755102022,0.,1.,0.80612244897931,0.,-0.0003,0.0003,0.,0.,    2943P   2364
1.;                                                                 2943P   2365
126,1,1,1,0,1,0,-0.00001,-0.00001,0.,0.,1.,1.,1.,                   2945P   2366
0.80612244897931,0.,0.94444444444444,0.80612244897931,0.,           2945P   2367
-0.00001,0.,0.,0.,1.;                                               2945P   2368
126,1,1,1,0,1,0,0.0003,0.0003,0.00049,0.00049,1.,1.,                2947P   2369
0.94444444444444,0.80612244897931,0.,0.94444444444444,1.,0.,        2947P   2370
0.0003,0.00049,0.,0.,1.;                                            2947P   2371
126,1,1,1,0,1,0,-0.00008,-0.00008,0.00008,0.00008,1.,1.,            2949P   2372
0.94444444444444,1.,0.,0.05555555555556,1.,0.,-0.00008,0.00008,     2949P   2373
0.,0.,1.;                                                           2949P   2374
126,1,1,1,0,1,0,-0.00049,-0.00049,-0.00035,-0.00035,1.,1.,          2951P   2375
0.05555555555556,1.,0.,0.05555555555556,0.85714285714276,0.,        2951P   2376
-0.00049,-0.00035,0.,0.,1.;                                         2951P   2377
126,1,1,1,0,1,0,0.,0.,0.00001,0.00001,1.,1.,0.05555555555556,       2953P   2378
0.85714285714276,0.,0.,0.85714285714276,0.,0.,0.00001,0.,0.,1.;     2953P   2379
126,1,1,1,0,1,0,-0.00035,-0.00035,0.00035,0.00035,1.,1.,0.,         2955P   2380
0.85714285714276,0.,0.,0.14285714285677,0.,-0.00035,0.00035,0.,     2955P   2381
0.,1.;                                                              2955P   2382
126,1,1,1,0,1,0,-0.00001,-0.00001,0.,0.,1.,1.,0.,                   2957P   2383
0.14285714285677,0.,0.05555555555556,0.14285714285677,0.,           2957P   2384
-0.00001,0.,0.,0.,1.;                                               2957P   2385
126,1,1,1,0,1,0,0.00035,0.00035,0.00049,0.00049,1.,1.,              2959P   2386
0.05555555555556,0.14285714285677,0.,0.05555555555556,0.,0.,        2959P   2387
0.00035,0.00049,0.,0.,1.;                                           2959P   2388
126,1,1,1,0,1,0,-0.00008,-0.00008,0.00008,0.00008,1.,1.,            2961P   2389
0.05555555555556,0.,0.,0.94444444444444,0.,0.,-0.00008,0.00008,     2961P   2390
0.,0.,1.;                                                           2961P   2391
102,12,2939,2941,2943,2945,2947,2949,2951,2953,2955,2957,2959,      2963P   2392
2961;                                                               2963P   2393
110,-0.00049,-0.00025,0.00001,-0.0003,-0.00025,0.00001;             2965P   2394
110,-0.0003,-0.00025,0.00001,-0.0003,-0.00025,0.;                   2967P   2395
110,-0.0003,-0.00025,0.,0.0003,-0.00025,0.;                         2969P   2396
110,0.0003,-0.00025,0.,0.0003,-0.00025,0.00001;                     2971P   2397
110,0.0003,-0.00025,0.00001,0.00049,-0.00025,0.00001;               2973P   2398
110,0.00049,-0.00025,0.00001,0.00049,-0.00025,0.00017;              2975P   2399
110,0.00049,-0.00025,0.00017,0.00035,-0.00025,0.00017;              2977P   2400
110,0.00035,-0.00025,0.00017,0.00035,-0.00025,0.00018;              2979P   2401
110,0.00035,-0.00025,0.00018,-0.00035,-0.00025,0.00018;             2981P   2402
110,-0.00035,-0.00025,0.00018,-0.00035,-0.00025,0.00017;            2983P   2403
110,-0.00035,-0.00025,0.00017,-0.00049,-0.00025,0.00017;            2985P   2404
110,-0.00049,-0.00025,0.00017,-0.00049,-0.00025,0.00001;            2987P   2405
102,12,2965,2967,2969,2971,2973,2975,2977,2979,2981,2983,2985,      2989P   2406
2987;                                                               2989P   2407
142,1,2937,2963,2989,2;                                             2991P   2408
126,1,1,1,0,1,0,-0.00000468606414,-0.00000468606414,                2993P   2409
0.0000048938223,0.0000048938223,1.,1.,0.18359452626562,             2993P   2410
0.93199132316516,0.,0.23427551958599,0.93497552078427,0.,           2993P   2411
-0.00000468606414,0.0000048938223,0.,0.,1.;                         2993P   2412
126,1,1,1,0,1,0,-0.00000473098362,-0.00000473098362,                2995P   2413
0.00000390836766,0.00000390836766,1.,1.,0.23427551958599,           2995P   2414
0.93497552078427,0.,0.28092680362728,0.93290308712444,0.,           2995P   2415
-0.00000473098362,0.00000390836766,0.,0.,1.;                        2995P   2416
126,1,1,1,0,1,0,0.,0.,1.,1.,1.,1.,0.28092680362728,                 2997P   2417
0.93290308712444,0.,0.28215803371566,0.93281549854898,0.,0.,1.,     2997P   2418
0.,0.,1.;                                                           2997P   2419
126,1,1,1,0,1,0,-0.00000344997609,-0.00000344997609,                2999P   2420
0.00000340592293,0.00000340592293,1.,1.,0.28215803371566,           2999P   2421
0.93281549854898,0.,0.30576653795514,0.92732566094507,0.,           2999P   2422
-0.00000344997609,0.00000340592293,0.,0.,1.;                        2999P   2423
126,1,1,1,0,1,0,-0.00000387364683,-0.00000387364683,                3001P   2424
0.00000425724978,0.00000425724978,1.,1.,0.30576653795514,           3001P   2425
0.92732566094507,0.,0.3383487654321,0.93307225233844,0.,            3001P   2426
-0.00000387364683,0.00000425724978,0.,0.,1.;                        3001P   2427
126,1,1,1,0,1,0,-0.00000209418403,-0.00000209418403,                3003P   2428
0.00000209418403,0.00000209418403,1.,1.,0.3383487654321,            3003P   2429
0.93307225233844,0.,0.3383487654321,0.92879840738379,0.,            3003P   2430
-0.00000209418403,0.00000209418403,0.,0.,1.;                        3003P   2431
126,1,1,1,0,1,0,-0.00000369673223,-0.00000369673223,                3005P   2432
0.00000369673223,0.00000369673223,1.,1.,0.3383487654321,            3005P   2433
0.92879840738379,0.,0.30724344135803,0.92387130633504,0.,           3005P   2434
-0.00000369673223,0.00000369673223,0.,0.,1.;                        3005P   2435
126,2,2,1,0,1,0,-0.0000004669661,-0.0000004669661,                  3007P   2436
-0.0000004669661,0.0000004669661,0.0000004669661,                   3007P   2437
0.0000004669661,1.,1.,1.,0.30724344135802,0.92387130633503,0.,      3007P   2438
0.30734893422068,0.92339520443594,0.,0.30745442708333,              3007P   2439
0.92291910253685,0.,-0.0000004669661,0.0000004669661,0.,0.,1.;      3007P   2440
126,1,1,1,0,1,0,0.,0.,1.,1.,1.,1.,0.30745442708333,                 3009P   2441
0.92291910253685,0.,0.31054171847081,0.92269428356498,0.,0.,1.,     3009P   2442
0.,0.,1.;                                                           3009P   2443
126,1,1,1,0,1,0,-0.00000470608363,-0.00000470608363,                3011P   2444
0.00000438378167,0.00000438378167,1.,1.,0.31054171847081,           3011P   2445
0.92269428356498,0.,0.2919297634168,0.91407185672966,0.,            3011P   2446
-0.00000470608363,0.00000438378167,0.,0.,1.;                        3011P   2447
126,1,1,1,0,1,0,0.,0.,1.,1.,1.,1.,0.2919297634168,                  3013P   2448
0.91407185672966,0.,0.28974822591969,0.91376816620864,0.,0.,1.,     3013P   2449
0.,0.,1.;                                                           3013P   2450
126,1,1,1,0,1,0,-0.00000469876763,-0.00000469876763,                3015P   2451
0.00000521219766,0.00000521219766,1.,1.,0.28974822591969,           3015P   2452
0.91376816620864,0.,0.23722785072679,0.91073163258477,0.,           3015P   2453
-0.00000469876763,0.00000521219766,0.,0.,1.;                        3015P   2454
126,1,1,1,0,1,0,0.,0.,1.,1.,1.,1.,0.23722785072679,                 3017P   2455
0.91073163258477,0.,0.235407219873,0.91073158421791,0.,0.,1.,0.,    3017P   2456
0.,1.;                                                              3017P   2457
126,1,1,1,0,1,0,-0.00000517496581,-0.00000517496581,                3019P   2458
0.00000467379539,0.00000467379539,1.,1.,0.235407219873,             3019P   2459
0.91073158421791,0.,0.18326360490386,0.91377642194466,0.,           3019P   2460
-0.00000517496581,0.00000467379539,0.,0.,1.;                        3019P   2461
126,1,1,1,0,1,0,0.,0.,1.,1.,1.,1.,0.18326360490386,                 3021P   2462
0.91377642194466,0.,0.18110132957946,0.91408281116215,0.,0.,1.,     3021P   2463
0.,0.,1.;                                                           3021P   2464
126,1,1,1,0,1,0,-0.00000438774952,-0.00000438774952,                3023P   2465
0.00000471785173,0.00000471785173,1.,1.,0.18110132957946,           3023P   2466
0.91408281116215,0.,0.1625948673881,0.92273015030614,0.,            3023P   2467
-0.00000438774952,0.00000471785173,0.,0.,1.;                        3023P   2468
126,1,1,1,0,1,0,0.,0.,1.,1.,1.,1.,0.1625948673881,                  3025P   2469
0.92273015030614,0.,0.16260396035054,0.92318131809527,0.,0.,1.,     3025P   2470
0.,0.,1.;                                                           3025P   2471
126,1,1,1,0,1,0,-0.00000463597693,-0.00000463597693,                3027P   2472
0.00000437086584,0.00000437086584,1.,1.,0.16260396035054,           3027P   2473
0.92318131809527,0.,0.18144197153881,0.931695791593,0.,             3027P   2474
-0.00000463597693,0.00000437086584,0.,0.,1.;                        3027P   2475
126,1,1,1,0,1,0,0.,0.,1.,1.,1.,1.,0.18144197153881,                 3029P   2476
0.931695791593,0.,0.18359452626562,0.93199132316516,0.,0.,1.,0.,    3029P   2477
0.,1.;                                                              3029P   2478
102,19,2993,2995,2997,2999,3001,3003,3005,3007,3009,3011,3013,      3031P   2479
3015,3017,3019,3021,3023,3025,3027,3029;                            3031P   2480
110,0.0004233514967,-0.00025,0.00014695298527,0.00042627601037,     3033P   2481
-0.00025,0.00013783040647;                                          3033P   2482
110,0.00042627601037,-0.00025,0.00013783040647,0.00042424502538,    3035P   2483
-0.00025,0.00012943317535;                                          3035P   2484
110,0.00042415918858,-0.00025,0.00012921155393,0.00041877914773,    3037P   2485
-0.00025,0.00012496202317;                                          3037P   2486
110,0.00041877914773,-0.00025,0.00012496202317,0.00042441080729,    3039P   2487
-0.00025,0.00011909722222;                                          3039P   2488
110,0.00042441080729,-0.00025,0.00011909722222,0.00042022243924,    3041P   2489
-0.00025,0.00011909722222;                                          3041P   2490
110,0.00042022243924,-0.00025,0.00011909722222,0.00041539388021,    3043P   2491
-0.00025,0.00012469618056;                                          3043P   2492
110,0.00041539388021,-0.00025,0.00012469618056,0.00041446072049,    3045P   2493
-0.00025,0.00012465820313;                                          3045P   2494
110,0.00041424039789,-0.00025,0.00012410249068,0.0004057904196,     3047P   2495
-0.00025,0.00012745264258;                                          3047P   2496
110,0.00040549280288,-0.00025,0.00012784531933,0.00040251699993,    3049P   2497
-0.00025,0.00013729898687;                                          3049P   2498
110,0.00040251695253,-0.00025,0.00013762670042,0.00040550089351,    3051P   2499
-0.00025,0.00014701255112;                                          3051P   2500
110,0.00040580115494,-0.00025,0.00014740176068,0.0004142755473,     3053P   2501
-0.00025,0.00015073292387;                                          3053P   2502
110,0.00041471769173,-0.00025,0.00015073128714,0.00042306187576,    3055P   2503
-0.00025,0.00014734044512;                                          3055P   2504
102,12,3033,3035,3037,3039,3041,3043,3045,3047,3049,3051,3053,      3057P   2505
3055;                                                               3057P   2506
142,1,2937,3031,3057,2;                                             3059P   2507
126,1,1,1,0,1,0,-0.00001111382378,-0.00001111382378,                3061P   2508
0.00001111382378,0.00001111382378,1.,1.,0.1820686246142,            3061P   2509
0.94794766865079,0.,0.30555555555556,0.94794766865079,0.,           3061P   2510
-0.00001111382378,0.00001111382378,0.,0.,1.;                        3061P   2511
126,1,1,1,0,1,0,-0.00000144042969,-0.00000144042969,                3063P   2512
0.00000144042969,0.00000144042969,1.,1.,0.30555555555556,           3063P   2513
0.94794766865079,0.,0.30555555555556,0.94500801622732,0.,           3063P   2514
-0.00000144042969,0.00000144042969,0.,0.,1.;                        3063P   2515
126,1,1,1,0,1,0,-0.00001111382378,-0.00001111382378,                3065P   2516
0.00001111382378,0.00001111382378,1.,1.,0.30555555555556,           3065P   2517
0.94500801622732,0.,0.1820686246142,0.94500801622732,0.,            3065P   2518
-0.00001111382378,0.00001111382378,0.,0.,1.;                        3065P   2519
126,1,1,1,0,1,0,-0.00000392523872,-0.00000392523872,                3067P   2520
0.00000392523872,0.00000392523872,1.,1.,0.1820686246142,            3067P   2521
0.94500801622732,0.,0.1820686246142,0.93699732497166,0.,            3067P   2522
-0.00000392523872,0.00000392523872,0.,0.,1.;                        3067P   2523
126,1,1,1,0,1,0,-0.00000128038194,-0.00000128038194,                3069P   2524
0.00000128038194,0.00000128038194,1.,1.,0.1820686246142,            3069P   2525
0.93699732497166,0.,0.16784215856482,0.93699732497166,0.,           3069P   2526
-0.00000128038194,0.00000128038194,0.,0.,1.;                        3069P   2527
126,1,1,1,0,1,0,-0.00000929090712,-0.00000929090712,                3071P   2528
0.00000929090712,0.00000929090712,1.,1.,0.16784215856482,           3071P   2529
0.93699732497166,0.,0.16784215856482,0.95595835990646,0.,           3071P   2530
-0.00000929090712,0.00000929090712,0.,0.,1.;                        3071P   2531
126,1,1,1,0,1,0,-0.00000128038194,-0.00000128038194,                3073P   2532
0.00000128038194,0.00000128038194,1.,1.,0.16784215856482,           3073P   2533
0.95595835990646,0.,0.1820686246142,0.95595835990646,0.,            3073P   2534
-0.00000128038194,0.00000128038194,0.,0.,1.;                        3073P   2535
126,1,1,1,0,1,0,-0.00000392523872,-0.00000392523872,                3075P   2536
0.00000392523872,0.00000392523872,1.,1.,0.1820686246142,            3075P   2537
0.95595835990646,0.,0.1820686246142,0.94794766865079,0.,            3075P   2538
-0.00000392523872,0.00000392523872,0.,0.,1.;                        3075P   2539
102,8,3061,3063,3065,3067,3069,3071,3073,3075;                      3077P   2540
110,0.00043898871528,-0.00025,0.00014722764757,0.00043898871528,    3079P   2541
-0.00025,0.000125;                                                  3079P   2542
110,0.00043898871528,-0.00025,0.000125,0.0004361078559,-0.00025,    3081P   2543
0.000125;                                                           3081P   2544
110,0.0004361078559,-0.00025,0.000125,0.0004361078559,-0.00025,     3083P   2545
0.00014722764757;                                                   3083P   2546
110,0.0004361078559,-0.00025,0.00014722764757,0.00042825737847,     3085P   2547
-0.00025,0.00014722764757;                                          3085P   2548
110,0.00042825737847,-0.00025,0.00014722764757,0.00042825737847,    3087P   2549
-0.00025,0.00014978841146;                                          3087P   2550
110,0.00042825737847,-0.00025,0.00014978841146,0.00044683919271,    3089P   2551
-0.00025,0.00014978841146;                                          3089P   2552
110,0.00044683919271,-0.00025,0.00014978841146,0.00044683919271,    3091P   2553
-0.00025,0.00014722764757;                                          3091P   2554
110,0.00044683919271,-0.00025,0.00014722764757,0.00043898871528,    3093P   2555
-0.00025,0.00014722764757;                                          3093P   2556
102,8,3079,3081,3083,3085,3087,3089,3091,3093;                      3095P   2557
142,1,2937,3077,3095,2;                                             3097P   2558
126,1,1,1,0,1,0,-0.00000191676205,-0.00000191676205,                3099P   2559
0.0000020211267,0.0000020211267,1.,1.,0.22362626127278,             3099P   2560
0.9753276238208,0.,0.23315112336483,0.97171020237905,0.,            3099P   2561
-0.00000191676205,0.0000020211267,0.,0.,1.;                         3099P   2562
126,2,2,1,0,1,0,0.04514526385604,0.04514526385604,                  3101P   2563
0.04514526385604,1.63391183053886,1.63391183053886,                 3101P   2564
1.63391183053886,1.,1.,1.,0.23315112338742,0.97171020237886,0.,     3101P   2565
0.23462008806744,0.97768262322437,0.,0.26710495520293,              3101P   2566
0.97730553688984,0.,0.04514526385604,1.63391183053886,0.,0.,1.;     3101P   2567
126,1,1,1,0,1,0,0.,0.,1.,1.,1.,1.,0.26710495520293,                 3103P   2568
0.97730553688984,0.,0.26753335801084,0.97763676425557,0.,0.,1.,     3103P   2569
0.,0.,1.;                                                           3103P   2570
126,1,1,1,0,1,0,-0.00000283307296,-0.00000283307296,                3105P   2571
0.00000276061008,0.00000276061008,1.,1.,0.26753335801084,           3105P   2572
0.97763676425557,0.,0.29605023334756,0.97536851479983,0.,           3105P   2573
-0.00000283307296,0.00000276061008,0.,0.,1.;                        3105P   2574
126,1,1,1,0,1,0,0.,0.,1.,1.,1.,1.,0.29605023334756,                 3107P   2575
0.97536851479983,0.,0.29700086079626,0.97510139888646,0.,0.,1.,     3107P   2576
0.,0.,1.;                                                           3107P   2577
126,1,1,1,0,1,0,-0.00000310142762,-0.00000310142762,                3109P   2578
0.00000345247266,0.00000345247266,1.,1.,0.29700086079626,           3109P   2579
0.97510139888646,0.,0.30736930215428,0.96869063145449,0.,           3109P   2580
-0.00000310142762,0.00000345247266,0.,0.,1.;                        3109P   2581
126,1,1,1,0,1,0,0.,0.,1.,1.,1.,1.,0.30736930215428,                 3111P   2582
0.96869063145449,0.,0.30555555555556,0.96864114994635,0.,0.,1.,     3111P   2583
0.,0.,1.;                                                           3111P   2584
126,1,1,1,0,1,0,-0.00000437249361,-0.00000437249361,                3113P   2585
0.00000432400174,0.00000432400174,1.,1.,0.30555555555556,           3113P   2586
0.96864114994635,0.,0.30555555555556,0.95976717509921,0.,           3113P   2587
-0.00000437249361,0.00000432400174,0.,0.,1.;                        3113P   2588
126,1,1,1,0,1,0,-0.00001239420573,-0.00001239420573,                3115P   2589
0.00001239420573,0.00001239420573,1.,1.,0.30555555555556,           3115P   2590
0.95976717509921,0.,0.16784215856482,0.95976717509921,0.,           3115P   2591
-0.00001239420573,0.00001239420573,0.,0.,1.;                        3115P   2592
126,1,1,1,0,1,0,-0.00000350206163,-0.00000350206163,                3117P   2593
0.00000353201618,0.00000353201618,1.,1.,0.16784215856482,           3117P   2594
0.95976717509921,0.,0.16784215856482,0.96694480551692,0.,           3117P   2595
-0.00000350206163,0.00000353201618,0.,0.,1.;                        3117P   2596
126,1,1,1,0,1,0,0.,0.,1.,1.,1.,1.,0.16784215856482,                 3119P   2597
0.96694480551692,0.,0.16623246883566,0.96697537137965,0.,0.,1.,     3119P   2598
0.,0.,1.;                                                           3119P   2599
126,1,1,1,0,1,0,-0.00000399525828,-0.00000399525828,                3121P   2600
0.00000329275071,0.00000329275071,1.,1.,0.16623246883566,           3121P   2601
0.96697537137965,0.,0.1744307713048,0.97425806961519,0.,            3121P   2602
-0.00000399525828,0.00000329275071,0.,0.,1.;                        3121P   2603
126,1,1,1,0,1,0,0.,0.,1.,1.,1.,1.,0.1744307713048,                  3123P   2604
0.97425806961519,0.,0.17508129578824,0.97456922026615,0.,0.,1.,     3123P   2605
0.,0.,1.;                                                           3123P   2606
126,1,1,1,0,1,0,-0.00000248883428,-0.00000248883428,                3125P   2607
0.00000255007325,0.00000255007325,1.,1.,0.17508129578824,           3125P   2608
0.97456922026615,0.,0.20038496701039,0.97676858547882,0.,           3125P   2609
-0.00000248883428,0.00000255007325,0.,0.,1.;                        3125P   2610
126,1,1,1,0,1,0,-0.0001152586152,-0.0001152586152,                  3127P   2611
-0.00011084327177,-0.00011084327177,1.,1.,0.20038496701039,         3127P   2612
0.97676858547882,0.,0.22362626127278,0.9753276238208,0.,            3127P   2613
-0.0001152586152,-0.00011084327177,0.,0.,1.;                        3127P   2614
102,15,3099,3101,3103,3105,3107,3109,3111,3113,3115,3117,3119,      3129P   2615
3121,3123,3125,3127;                                                3129P   2616
110,0.00046582107134,-0.00025,0.00013974727297,0.00046227599833,    3131P   2617
-0.00025,0.00013803279779;                                          3131P   2618
124,0.,1.,0.,0.00046201629408,0.,0.,1.,-0.00025,1.,0.,0.,           3133P   2619
0.00013228407083;                                                   3133P   2620
100,0.,0.,0.,0.00000574872696,0.00000025970425,                     3135P   2621
-0.00000036296276,0.00000574313207;                                 3135P   2622
110,0.00046808402897,-0.00025,0.00013184399556,0.0004658611445,     3137P   2623
-0.00025,0.000126710958;                                            3137P   2624
110,0.00046559937091,-0.00025,0.00012653984506,0.00045931681883,    3139P   2625
-0.00025,0.00012467352561;                                          3139P   2626
110,0.00045926832695,-0.00025,0.000125,0.0004505718316,-0.00025,    3141P   2627
0.000125;                                                           3141P   2628
110,0.0004505718316,-0.00025,0.000125,0.0004505718316,-0.00025,     3143P   2629
0.00014978841146;                                                   3143P   2630
110,0.0004505718316,-0.00025,0.00014978841146,0.00045760590941,     3145P   2631
-0.00025,0.00014978841146;                                          3145P   2632
110,0.00045763586395,-0.00025,0.00015007815561,0.00046477290822,    3147P   2633
-0.00025,0.00014860246117;                                          3147P   2634
110,0.00046507783586,-0.00025,0.00014848536676,0.00046723321377,    3149P   2635
-0.00025,0.00014393070594;                                          3149P   2636
110,0.00046723321377,-0.00025,0.00014393070594,0.00046582107134,    3151P   2637
-0.00025,0.00013974727297;                                          3151P   2638
102,10,3131,3135,3137,3139,3141,3143,3145,3147,3149,3151;           3153P   2639
142,1,2937,3129,3153,2;                                             3155P   2640
144,2937,1,3,2991,3059,3097,3155;                                   3157P   2641
110,0.00045345269097,-0.00025,0.0001369400063,0.00045345269097,     3159P   2642
-0.00025,0.00012724333435;                                          3159P   2643
122,3159,0.00046492221975,-0.00025,0.0001369400063;                 3161P   2644
126,1,1,1,0,1,0,-0.00000249209393,-0.00000249209393,                3163P   2645
0.00000246853299,0.00000246853299,1.,1.,0.02113923792641,           3163P   2646
0.43250485843819,0.,0.02113923792641,0.,0.,-0.00000249209393,       3163P   2647
0.00000246853299,0.,0.,1.;                                          3163P   2648
126,1,1,1,0,1,0,-0.00000463867188,-0.00000463867188,                3165P   2649
0.00000463867188,0.00000463867188,1.,1.,0.02113923792641,0.,0.,     3165P   2650
0.97789469024533,0.,0.,-0.00000463867188,0.00000463867188,0.,0.,    3165P   2651
1.;                                                                 3165P   2652
126,1,1,1,0,1,0,-0.00000258789063,-0.00000258789063,                3167P   2653
0.00000261544045,0.00000261544045,1.,1.,0.97789469024533,0.,0.,     3167P   2654
0.97789469024533,0.45366563657307,0.,-0.00000258789063,             3167P   2655
0.00000261544045,0.,0.,1.;                                          3167P   2656
126,1,1,1,0,1,0,0.,0.,1.,1.,1.,1.,0.97789469024533,                 3169P   2657
0.45366563657307,0.,1.,0.45606763803706,0.,0.,1.,0.,0.,1.;          3169P   2658
126,1,1,1,0,1,0,0.00043110652684,0.00043110652684,                  3171P   2659
0.00043576996625,0.00043576996625,1.,1.,1.,0.45606763803706,0.,     3171P   2660
0.88026569193209,0.84985901773131,0.,0.00043110652684,              3171P   2661
0.00043576996625,0.,0.,1.;                                          3171P   2662
126,1,1,1,0,1,0,0.,0.,1.,1.,1.,1.,0.88026569193209,                 3173P   2663
0.84985901773131,0.,0.86936197865739,0.86779016141198,0.,0.,1.,     3173P   2664
0.,0.,1.;                                                           3173P   2665
126,1,1,1,0,1,0,-0.00000187788605,-0.00000187788605,                3175P   2666
0.0000020657154,0.0000020657154,1.,1.,0.86936197865739,             3175P   2667
0.86779016141198,0.,0.49393337719191,1.,0.,-0.00000187788605,       3175P   2668
0.0000020657154,0.,0.,1.;                                           3175P   2669
126,1,1,1,0,1,0,0.,0.,1.,1.,1.,1.,0.49393337719191,1.,0.,           3177P   2670
0.47053281923037,0.9998027805827,0.,0.,1.,0.,0.,1.;                 3177P   2671
126,1,1,1,0,1,0,-0.00000193329295,-0.00000193329295,                3179P   2672
0.00000179570492,0.00000179570492,1.,1.,0.47053281923037,           3179P   2673
0.9998027805827,0.,0.12084149893835,0.86451829458567,0.,            3179P   2674
-0.00000193329295,0.00000179570492,0.,0.,1.;                        3179P   2675
126,1,1,1,0,1,0,0.,0.,1.,1.,1.,1.,0.12084149893835,                 3181P   2676
0.86451829458567,0.,0.11190122249347,0.84608880974381,0.,0.,1.,     3181P   2677
0.,0.,1.;                                                           3181P   2678
126,1,1,1,0,1,0,-0.00046127363743,-0.00046127363743,                3183P   2679
-0.00045643047035,-0.00045643047035,1.,1.,0.11190122249347,         3183P   2680
0.84608880974381,0.,0.,0.43455907961292,0.,-0.00046127363743,       3183P   2681
-0.00045643047035,0.,0.,1.;                                         3183P   2682
126,1,1,1,0,1,0,0.,0.,1.,1.,1.,1.,0.,0.43455907961292,0.,           3185P   2683
0.02113923792641,0.43250485843819,0.,0.,1.,0.,0.,1.;                3185P   2684
102,12,3163,3165,3167,3169,3171,3173,3175,3177,3179,3181,3183,      3187P   2685
3185;                                                               3187P   2686
110,0.00045841331789,-0.00025,0.00013673502604,0.00045345269097,    3189P   2687
-0.00025,0.00013673502604;                                          3189P   2688
110,0.00045345269097,-0.00025,0.00013673502604,0.00045345269097,    3191P   2689
-0.00025,0.00012745768229;                                          3191P   2690
110,0.00045345269097,-0.00025,0.00012745768229,0.00045865602205,    3193P   2691
-0.00025,0.00012745768229;                                          3193P   2692
110,0.00045868357187,-0.00025,0.00012724333435,0.00046320017343,    3195P   2693
-0.00025,0.00012840435866;                                          3195P   2694
110,0.0004634058352,-0.00025,0.00012851008839,0.00046492221975,     3197P   2695
-0.00025,0.00013215049638;                                          3197P   2696
110,0.00046491995774,-0.00025,0.00013237740391,0.00046336830843,    3199P   2697
-0.00025,0.00013576824592;                                          3199P   2698
110,0.00046315693093,-0.00025,0.00013585493685,0.00045843687884,    3201P   2699
-0.00025,0.0001369400063;                                           3201P   2700
102,7,3189,3191,3193,3195,3197,3199,3201;                           3203P   2701
142,1,3161,3187,3203,2;                                             3205P   2702
144,3161,1,0,3205;                                                  3207P   2703
110,0.00045843687884,-0.00025,0.0001369400063,0.00046334882504,     3209P   2704
-0.00025,0.00013581082326;                                          3209P   2705
122,3209,0.00045843687884,-0.00015,0.0001369400063;                 3211P   2706
126,1,1,1,0,1,0,0.00045643047035,0.00045643047035,                  3213P   2707
0.00046127363743,0.00046127363743,1.,1.,-0.00000000000005,0.,0.,    3213P   2708
0.96093318019823,0.,0.,0.00045643047035,0.00046127363743,0.,0.,     3213P   2709
1.;                                                                 3213P   2710
126,1,1,1,0,1,0,0.,0.,1.,1.,1.,1.,0.96093318019823,0.,0.,1.,0.,     3215P   2711
0.,0.,1.,0.,0.,1.;                                                  3215P   2712
126,1,1,1,0,1,0,-0.0001,-0.0001,0.,0.,1.,1.,1.,0.,0.,1.,1.,0.,      3217P   2713
-0.0001,0.,0.,0.,1.;                                                3217P   2714
126,1,1,1,0,1,0,0.,0.,1.,1.,1.,1.,1.,1.,0.,0.96093318019825,1.,     3219P   2715
0.,0.,1.,0.,0.,1.;                                                  3219P   2716
126,1,1,1,0,1,0,-0.00000222416803,-0.00000222416803,                3221P   2717
0.00000261899905,0.00000261899905,1.,1.,0.96093318019825,1.,0.,     3221P   2718
-0.00000000000005,1.,0.,-0.00000222416803,0.00000261899905,0.,      3221P   2719
0.,1.;                                                              3221P   2720
126,1,1,1,0,1,0,0.,0.,1.,1.,1.,1.,0.,1.,0.,0.,0.,0.,0.,1.,0.,0.,    3223P   2721
1.;                                                                 3223P   2722
102,6,3213,3215,3217,3219,3221,3223;                                3225P   2723
110,0.00045843687884,-0.00025,0.0001369400063,0.00046315693093,     3227P   2724
-0.00025,0.00013585493685;                                          3227P   2725
110,0.00046334882504,-0.00025,0.00013581082326,0.00046334882504,    3229P   2726
-0.00015,0.00013581082326;                                          3229P   2727
110,0.00046315693093,-0.00015,0.00013585493685,0.00045843687884,    3231P   2728
-0.00015,0.0001369400063;                                           3231P   2729
126,1,1,0,0,1,0,0.,0.,1.,1.,1.,1.,0.00045843687884,-0.00015,        3233P   2730
0.0001369400063,0.00045843687884,-0.00025,0.0001369400063,0.,1.;    3233P   2731
102,4,3227,3229,3231,3233;                                          3235P   2732
142,1,3211,3225,3235,2;                                             3237P   2733
144,3211,1,0,3237;                                                  3239P   2734
110,0.00046334882504,-0.00025,0.00013581082326,0.00046497061985,    3241P   2735
-0.00025,0.00013226669125;                                          3241P   2736
122,3241,0.00046334882504,-0.00015,0.00013581082326;                3243P   2737
126,1,1,1,0,1,0,-0.00000179570492,-0.00000179570492,                3245P   2738
0.00000193329295,0.00000193329295,1.,1.,0.01201347395467,0.,0.,     3245P   2739
0.96876169948358,0.,0.,-0.00000179570492,0.00000193329295,0.,0.,    3245P   2740
1.;                                                                 3245P   2741
126,1,1,1,0,1,0,0.,0.,1.,1.,1.,1.,0.96876169948358,0.,0.,1.,0.,     3247P   2742
0.,0.,1.,0.,0.,1.;                                                  3247P   2743
126,1,1,1,0,1,0,-0.0001,-0.0001,0.,0.,1.,1.,1.,0.,0.,1.,1.,0.,      3249P   2744
-0.0001,0.,0.,0.,1.;                                                3249P   2745
126,1,1,1,0,1,0,0.,0.,1.,1.,1.,1.,1.,1.,0.,0.96876169948358,1.,     3251P   2746
0.,0.,1.,0.,0.,1.;                                                  3251P   2747
126,1,1,1,0,1,0,-0.00000193329295,-0.00000193329295,                3253P   2748
0.00000179570492,0.00000179570492,1.,1.,0.96876169948358,1.,0.,     3253P   2749
0.01201347395467,1.,0.,-0.00000193329295,0.00000179570492,0.,0.,    3253P   2750
1.;                                                                 3253P   2751
126,1,1,1,0,1,0,0.,0.,1.,1.,1.,1.,0.01201347395467,1.,0.,0.,1.,     3255P   2752
0.,0.,1.,0.,0.,1.;                                                  3255P   2753
126,1,1,1,0,1,0,0.,0.,0.0001,0.0001,1.,1.,0.,1.,0.,0.,0.,0.,0.,     3257P   2754
0.0001,0.,0.,1.;                                                    3257P   2755
126,1,1,1,0,1,0,0.,0.,1.,1.,1.,1.,0.,0.,0.,0.01201347395467,0.,     3259P   2756
0.,0.,1.,0.,0.,1.;                                                  3259P   2757
102,8,3245,3247,3249,3251,3253,3255,3257,3259;                      3261P   2758
110,0.00046336830843,-0.00025,0.00013576824592,0.00046491995774,    3263P   2759
-0.00025,0.00013237740391;                                          3263P   2760
110,0.00046497061985,-0.00025,0.00013226669125,0.00046497061985,    3265P   2761
-0.00015,0.00013226669125;                                          3265P   2762
110,0.00046491995774,-0.00015,0.00013237740391,0.00046336830843,    3267P   2763
-0.00015,0.00013576824592;                                          3267P   2764
110,0.00046334882504,-0.00015,0.00013581082326,0.00046334882504,    3269P   2765
-0.00025,0.00013581082326;                                          3269P   2766
102,4,3263,3265,3267,3269;                                          3271P   2767
142,1,3243,3261,3271,2;                                             3273P   2768
144,3243,1,0,3273;                                                  3275P   2769
110,0.00046497061985,-0.00025,0.00013226669125,0.00046338117506,    3277P   2770
-0.00025,0.00012845088641;                                          3277P   2771
122,3277,0.00046497061985,-0.00015,0.00013226669125;                3279P   2772
126,1,1,1,0,1,0,-0.0000020657154,-0.0000020657154,                  3281P   2773
0.00000187788605,0.00000187788605,1.,1.,0.03045094749172,0.,0.,     3281P   2774
0.98448505954017,0.,0.,-0.0000020657154,0.00000187788605,0.,0.,     3281P   2775
1.;                                                                 3281P   2776
126,1,1,1,0,1,0,0.,0.,1.,1.,1.,1.,0.98448505954017,0.,0.,1.,0.,     3283P   2777
0.,0.,1.,0.,0.,1.;                                                  3283P   2778
126,1,1,1,0,1,0,-0.0001,-0.0001,0.,0.,1.,1.,1.,0.,0.,1.,1.,0.,      3285P   2779
-0.0001,0.,0.,0.,1.;                                                3285P   2780
126,1,1,1,0,1,0,0.,0.,1.,1.,1.,1.,1.,1.,0.,0.98448505954017,1.,     3287P   2781
0.,0.,1.,0.,0.,1.;                                                  3287P   2782
126,1,1,1,0,1,0,-0.00000187788605,-0.00000187788605,                3289P   2783
0.0000020657154,0.0000020657154,1.,1.,0.98448505954017,1.,0.,       3289P   2784
0.03045094749172,1.,0.,-0.00000187788605,0.0000020657154,0.,0.,     3289P   2785
1.;                                                                 3289P   2786
126,1,1,1,0,1,0,0.,0.,1.,1.,1.,1.,0.03045094749172,1.,0.,0.,1.,     3291P   2787
0.,0.,1.,0.,0.,1.;                                                  3291P   2788
126,1,1,1,0,1,0,0.,0.,0.0001,0.0001,1.,1.,0.,1.,0.,0.,0.,0.,0.,     3293P   2789
0.0001,0.,0.,1.;                                                    3293P   2790
126,1,1,1,0,1,0,0.,0.,1.,1.,1.,1.,0.,0.,0.,0.03045094749172,0.,     3295P   2791
0.,0.,1.,0.,0.,1.;                                                  3295P   2792
102,8,3281,3283,3285,3287,3289,3291,3293,3295;                      3297P   2793
110,0.00046492221975,-0.00025,0.00013215049638,0.0004634058352,     3299P   2794
-0.00025,0.00012851008839;                                          3299P   2795
110,0.00046338117506,-0.00025,0.00012845088641,0.00046338117506,    3301P   2796
-0.00015,0.00012845088641;                                          3301P   2797
110,0.0004634058352,-0.00015,0.00012851008839,0.00046492221975,     3303P   2798
-0.00015,0.00013215049638;                                          3303P   2799
110,0.00046497061985,-0.00015,0.00013226669125,0.00046497061985,    3305P   2800
-0.00025,0.00013226669125;                                          3305P   2801
102,4,3299,3301,3303,3305;                                          3307P   2802
142,1,3279,3297,3307,2;                                             3309P   2803
144,3279,1,0,3309;                                                  3311P   2804
110,0.00045819986979,-0.00015,0.00013917643229,0.00045819986979,    3313P   2805
-0.00025,0.00013917643229;                                          3313P   2806
122,3313,0.00045345269097,-0.00015,0.00013917643229;                3315P   2807
126,1,1,1,0,1,0,-0.00000239410129,-0.00000239410129,                3317P   2808
0.00000237358941,0.00000237358941,1.,1.,1.,-0.00432085625021,0.,    3317P   2809
1.,1.,0.,-0.00000239410129,0.00000237358941,0.,0.,1.;               3317P   2810
126,1,1,1,0,1,0,-0.0001,-0.0001,0.,0.,1.,1.,1.,1.,0.,0.,1.,0.,      3319P   2811
-0.0001,0.,0.,0.,1.;                                                3319P   2812
126,1,1,1,0,1,0,-0.00000237358941,-0.00000237358941,                3321P   2813
0.00000239415025,0.00000239415025,1.,1.,0.,1.,0.,0.,                3321P   2814
-0.00433117111356,0.,-0.00000237358941,0.00000239415025,0.,0.,      3321P   2815
1.;                                                                 3321P   2816
126,1,1,1,0,1,0,0.,0.,1.,1.,1.,1.,0.,-0.00433117111356,0.,          3323P   2817
0.00000249998653,-0.,0.,0.,1.,0.,0.,1.;                             3323P   2818
126,1,1,1,0,1,0,0.00000249998653,0.00000249998653,1.,1.,1.,1.,      3325P   2819
0.00000249998653,-0.,0.,1.,-0.,0.,0.00000249998653,1.,0.,0.,1.;     3325P   2820
126,1,1,1,0,1,0,0.,0.,1.,1.,1.,1.,1.,-0.,0.,1.,                     3327P   2821
-0.00432085625021,0.,0.,1.,0.,0.,1.;                                3327P   2822
102,6,3317,3319,3321,3323,3325,3327;                                3329P   2823
110,0.00045822038167,-0.00025,0.00013917643229,0.00045345269097,    3331P   2824
-0.00025,0.00013917643229;                                          3331P   2825
110,0.00045345269097,-0.00025,0.00013917643229,0.00045345269097,    3333P   2826
-0.00015,0.00013917643229;                                          3333P   2827
110,0.00045345269097,-0.00015,0.00013917643229,0.00045822043064,    3335P   2828
-0.00015,0.00013917643229;                                          3335P   2829
126,1,1,0,0,1,0,0.00000249998653,0.00000249998653,1.,1.,1.,1.,      3337P   2830
0.00045819986979,-0.00015,0.00013917643229,0.00045819986979,        3337P   2831
-0.00025,0.00013917643229,0.00000249998653,1.;                      3337P   2832
102,4,3331,3333,3335,3337;                                          3339P   2833
142,1,3315,3329,3339,2;                                             3341P   2834
144,3315,1,0,3341;                                                  3343P   2835
110,0.00045345269097,-0.00025,0.00013917643229,0.00045345269097,    3345P   2836
-0.00025,0.00014729275174;                                          3345P   2837
122,3345,0.00045345269097,-0.00015,0.00013917643229;                3347P   2838
126,1,1,1,0,1,0,-0.00000405815972,-0.00000405815972,                3349P   2839
0.00000405815972,0.00000405815972,1.,1.,0.,0.,0.,1.,0.,0.,          3349P   2840
-0.00000405815972,0.00000405815972,0.,0.,1.;                        3349P   2841
126,1,1,1,0,1,0,-0.0001,-0.0001,0.,0.,1.,1.,1.,0.,0.,1.,1.,0.,      3351P   2842
-0.0001,0.,0.,0.,1.;                                                3351P   2843
126,1,1,1,0,1,0,-0.00000405815972,-0.00000405815972,                3353P   2844
0.00000405815972,0.00000405815972,1.,1.,1.,1.,0.,0.,1.,0.,          3353P   2845
-0.00000405815972,0.00000405815972,0.,0.,1.;                        3353P   2846
126,1,1,1,0,1,0,0.,0.,0.0001,0.0001,1.,1.,0.,1.,0.,0.,0.,0.,0.,     3355P   2847
0.0001,0.,0.,1.;                                                    3355P   2848
102,4,3349,3351,3353,3355;                                          3357P   2849
110,0.00045345269097,-0.00025,0.00013917643229,0.00045345269097,    3359P   2850
-0.00025,0.00014729275174;                                          3359P   2851
110,0.00045345269097,-0.00025,0.00014729275174,0.00045345269097,    3361P   2852
-0.00015,0.00014729275174;                                          3361P   2853
110,0.00045345269097,-0.00015,0.00014729275174,0.00045345269097,    3363P   2854
-0.00015,0.00013917643229;                                          3363P   2855
110,0.00045345269097,-0.00015,0.00013917643229,0.00045345269097,    3365P   2856
-0.00025,0.00013917643229;                                          3365P   2857
102,4,3359,3361,3363,3365;                                          3367P   2858
142,1,3347,3357,3367,2;                                             3369P   2859
144,3347,1,0,3369;                                                  3371P   2860
110,0.00045345269097,-0.00025,0.00014729275174,0.0004576953125,     3373P   2861
-0.00025,0.00014729275174;                                          3373P   2862
122,3373,0.00045345269097,-0.00015,0.00014729275174;                3375P   2863
126,1,1,1,0,1,0,-0.00000212131076,-0.00000212131076,                3377P   2864
0.00000213885221,0.00000213885221,1.,1.,0.,0.,0.,                   3377P   2865
1.00413457619911,0.,0.,-0.00000212131076,0.00000213885221,0.,0.,    3377P   2866
1.;                                                                 3377P   2867
126,1,1,1,0,1,0,0.,0.,1.,1.,1.,1.,1.00413457619911,0.,0.,1.,0.,     3379P   2868
0.,0.,1.,0.,0.,1.;                                                  3379P   2869
126,1,1,1,0,1,0,-1.,-1.,0.,0.,1.,1.,1.,0.,0.,1.,1.,0.,-1.,0.,0.,    3381P   2870
0.,1.;                                                              3381P   2871
126,1,1,1,0,1,0,0.,0.,1.,1.,1.,1.,1.,1.,0.,1.0041345761991,1.,      3383P   2872
0.,0.,1.,0.,0.,1.;                                                  3383P   2873
126,1,1,1,0,1,0,-0.00000213885221,-0.00000213885221,                3385P   2874
0.00000212131076,0.00000212131076,1.,1.,1.0041345761991,1.,0.,      3385P   2875
0.,1.,0.,-0.00000213885221,0.00000212131076,0.,0.,1.;               3385P   2876
126,1,1,1,0,1,0,0.,0.,0.0001,0.0001,1.,1.,0.,1.,0.,0.,0.,0.,0.,     3387P   2877
0.0001,0.,0.,1.;                                                    3387P   2878
102,6,3377,3379,3381,3383,3385,3387;                                3389P   2879
110,0.00045345269097,-0.00025,0.00014729275174,0.00045771285394,    3391P   2880
-0.00025,0.00014729275174;                                          3391P   2881
126,1,1,0,0,1,0,-1.,-1.,0.,0.,1.,1.,0.00045773039538,-0.00025,      3393P   2882
0.0001474733254,0.00045773039538,-0.00015,0.0001474733254,-1.,      3393P   2883
0.;                                                                 3393P   2884
110,0.00045771285394,-0.00015,0.00014729275174,0.00045345269097,    3395P   2885
-0.00015,0.00014729275174;                                          3395P   2886
110,0.00045345269097,-0.00015,0.00014729275174,0.00045345269097,    3397P   2887
-0.00025,0.00014729275174;                                          3397P   2888
102,4,3391,3393,3395,3397;                                          3399P   2889
142,1,3375,3389,3399,2;                                             3401P   2890
144,3375,1,0,3401;                                                  3403P   2891
110,0.00045773039538,-0.00025,0.0001474733254,0.0004626790737,      3405P   2892
-0.00025,0.0001465118679;                                           3405P   2893
122,3405,0.00045773039538,-0.00015,0.0001474733254;                 3407P   2894
126,1,1,1,0,1,0,0.00045553202977,0.00045553202977,                  3409P   2895
0.00046036797442,0.00046036797442,1.,1.,0.,-0.,0.,                  3409P   2896
0.95928215819784,-0.,0.,0.00045553202977,0.00046036797442,0.,0.,    3409P   2897
1.;                                                                 3409P   2898
126,1,1,1,0,1,0,0.,0.,1.,1.,1.,1.,0.95928215819784,-0.,0.,1.,       3411P   2899
-0.,0.,0.,1.,0.,0.,1.;                                              3411P   2900
126,1,1,1,0,1,0,-0.0001,-0.0001,0.,0.,1.,1.,1.,-0.,0.,1.,1.,0.,     3413P   2901
-0.0001,0.,0.,0.,1.;                                                3413P   2902
126,1,1,1,0,1,0,0.,0.,1.,1.,1.,1.,1.,1.,0.,0.95928215819782,1.,     3415P   2903
0.,0.,1.,0.,0.,1.;                                                  3415P   2904
126,1,1,1,0,1,0,-0.00000218760632,-0.00000218760632,                3417P   2905
0.00000264833833,0.00000264833833,1.,1.,0.95928215819782,1.,0.,     3417P   2906
0.,1.,0.,-0.00000218760632,0.00000264833833,0.,0.,1.;               3417P   2907
126,1,1,1,0,1,0,0.,0.,1.,1.,1.,1.,0.,1.,0.,0.,-0.,0.,0.,1.,0.,      3419P   2908
0.,1.;                                                              3419P   2909
102,6,3409,3411,3413,3415,3417,3419;                                3421P   2910
110,0.00045773039538,-0.00025,0.0001474733254,0.0004624775742,      3423P   2911
-0.00025,0.00014655101638;                                          3423P   2912
110,0.0004626790737,-0.00025,0.0001465118679,0.0004626790737,       3425P   2913
-0.00015,0.0001465118679;                                           3425P   2914
110,0.0004624775742,-0.00015,0.00014655101638,0.00045773039538,     3427P   2915
-0.00015,0.0001474733254;                                           3427P   2916
126,1,1,0,0,1,0,0.,0.,1.,1.,1.,1.,0.00045773039538,-0.00015,        3429P   2917
0.0001474733254,0.00045773039538,-0.00025,0.0001474733254,0.,1.;    3429P   2918
102,4,3423,3425,3427,3429;                                          3431P   2919
142,1,3407,3421,3431,2;                                             3433P   2920
144,3407,1,0,3433;                                                  3435P   2921
110,0.0004626790737,-0.00025,0.0001465118679,0.00046422617073,      3437P   2922
-0.00025,0.00014338954482;                                          3437P   2923
122,3437,0.0004626790737,-0.00015,0.0001465118679;                  3439P   2924
126,1,1,1,0,1,0,-0.00000162350899,-0.00000162350899,                3441P   2925
0.00000173692323,0.00000173692323,1.,1.,0.0062227545844,0.,0.,      3441P   2926
0.97059051263447,0.,0.,-0.00000162350899,0.00000173692323,0.,0.,    3441P   2927
1.;                                                                 3441P   2928
126,1,1,1,0,1,0,0.,0.,1.,1.,1.,1.,0.97059051263447,0.,0.,1.,0.,     3443P   2929
0.,0.,1.,0.,0.,1.;                                                  3443P   2930
126,1,1,1,0,1,0,-0.0001,-0.0001,0.,0.,1.,1.,1.,0.,0.,1.,1.,0.,      3445P   2931
-0.0001,0.,0.,0.,1.;                                                3445P   2932
126,1,1,1,0,1,0,0.,0.,1.,1.,1.,1.,1.,1.,0.,0.97059051263447,1.,     3447P   2933
0.,0.,1.,0.,0.,1.;                                                  3447P   2934
126,1,1,1,0,1,0,-0.00000173692323,-0.00000173692323,                3449P   2935
0.00000162350899,0.00000162350899,1.,1.,0.97059051263447,1.,0.,     3449P   2936
0.0062227545844,1.,0.,-0.00000173692323,0.00000162350899,0.,0.,     3449P   2937
1.;                                                                 3449P   2938
126,1,1,1,0,1,0,0.,0.,1.,1.,1.,1.,0.0062227545844,1.,0.,-0.,1.,     3451P   2939
0.,0.,1.,0.,0.,1.;                                                  3451P   2940
126,1,1,1,0,1,0,0.,0.,0.0001,0.0001,1.,1.,-0.,1.,0.,-0.,0.,0.,      3453P   2941
0.,0.0001,0.,0.,1.;                                                 3453P   2942
126,1,1,1,0,1,0,0.,0.,1.,1.,1.,1.,-0.,0.,0.,0.0062227545844,0.,     3455P   2943
0.,0.,1.,0.,0.,1.;                                                  3455P   2944
102,8,3441,3443,3445,3447,3449,3451,3453,3455;                      3457P   2945
110,0.00046268870091,-0.00025,0.00014649243845,0.0004641806714,     3459P   2946
-0.00025,0.00014348137074;                                          3459P   2947
110,0.00046422617073,-0.00025,0.00014338954482,0.00046422617073,    3461P   2948
-0.00015,0.00014338954482;                                          3461P   2949
110,0.0004641806714,-0.00015,0.00014348137074,0.00046268870091,     3463P   2950
-0.00015,0.00014649243845;                                          3463P   2951
110,0.0004626790737,-0.00015,0.0001465118679,0.0004626790737,       3465P   2952
-0.00025,0.0001465118679;                                           3465P   2953
102,4,3459,3461,3463,3465;                                          3467P   2954
142,1,3439,3457,3467,2;                                             3469P   2955
144,3439,1,0,3469;                                                  3471P   2956
110,0.00046422617073,-0.00025,0.00014338954482,0.00046281127476,    3473P   2957
-0.00025,0.00013998405634;                                          3473P   2958
122,3473,0.00046422617073,-0.00015,0.00014338954482;                3475P   2959
126,1,1,1,0,1,0,-0.00000184941743,-0.00000184941743,                3477P   2960
0.00000164325598,0.00000164325598,1.,1.,0.03790499686069,0.,0.,     3477P   2961
0.98501403720661,0.,0.,-0.00000184941743,0.00000164325598,0.,0.,    3477P   2962
1.;                                                                 3477P   2963
126,1,1,1,0,1,0,0.,0.,1.,1.,1.,1.,0.98501403720661,0.,0.,1.,0.,     3479P   2964
0.,0.,1.,0.,0.,1.;                                                  3479P   2965
126,1,1,1,0,1,0,-0.0001,-0.0001,0.,0.,1.,1.,1.,0.,0.,1.,1.,0.,      3481P   2966
-0.0001,0.,0.,0.,1.;                                                3481P   2967
126,1,1,1,0,1,0,0.,0.,1.,1.,1.,1.,1.,1.,0.,0.98501403720661,1.,     3483P   2968
0.,0.,1.,0.,0.,1.;                                                  3483P   2969
126,1,1,1,0,1,0,-0.00000164325598,-0.00000164325598,                3485P   2970
0.00000184941743,0.00000184941743,1.,1.,0.98501403720661,1.,0.,     3485P   2971
0.03790499686069,1.,0.,-0.00000164325598,0.00000184941743,0.,0.,    3485P   2972
1.;                                                                 3485P   2973
126,1,1,1,0,1,0,0.,0.,1.,1.,1.,1.,0.03790499686069,1.,0.,-0.,1.,    3487P   2974
0.,0.,1.,0.,0.,1.;                                                  3487P   2975
126,1,1,1,0,1,0,0.,0.,0.0001,0.0001,1.,1.,-0.,1.,0.,-0.,0.,0.,      3489P   2976
0.,0.0001,0.,0.,1.;                                                 3489P   2977
126,1,1,1,0,1,0,0.,0.,1.,1.,1.,1.,-0.,0.,0.,0.03790499686069,0.,    3491P   2978
0.,0.,1.,0.,0.,1.;                                                  3491P   2979
102,8,3477,3479,3481,3483,3485,3487,3489,3491;                      3493P   2980
110,0.0004641725391,-0.00025,0.00014326045979,0.00046283247833,     3495P   2981
-0.00025,0.00014003509087;                                          3495P   2982
110,0.00046281127476,-0.00025,0.00013998405634,0.00046281127476,    3497P   2983
-0.00015,0.00013998405634;                                          3497P   2984
110,0.00046283247833,-0.00015,0.00014003509087,0.0004641725391,     3499P   2985
-0.00015,0.00014326045979;                                          3499P   2986
110,0.00046422617073,-0.00015,0.00014338954482,0.00046422617073,    3501P   2987
-0.00025,0.00014338954482;                                          3501P   2988
102,4,3495,3497,3499,3501;                                          3503P   2989
142,1,3475,3493,3503,2;                                             3505P   2990
144,3475,1,0,3505;                                                  3507P   2991
110,0.0004658147508,-0.00025,0.00012660382665,0.00046810723825,     3509P   2992
-0.00025,0.00013189758994;                                          3509P   2993
122,3509,0.0004658147508,-0.00015,0.00012660382665;                 3511P   2994
126,1,1,1,0,1,0,-0.00000276061008,-0.00000276061008,                3513P   2995
0.00000283307296,0.00000283307296,1.,1.,0.02023727599456,0.,0.,     3513P   2996
0.98987593874773,0.,0.,-0.00000276061008,0.00000283307296,0.,0.,    3513P   2997
1.;                                                                 3513P   2998
126,1,1,1,0,1,0,0.,0.,1.,1.,1.,1.,0.98987593874773,0.,0.,1.,0.,     3515P   2999
0.,0.,1.,0.,0.,1.;                                                  3515P   3000
126,1,1,1,0,1,0,-1.,-1.,0.,0.,1.,1.,1.,0.,0.,1.,1.,0.,-1.,0.,0.,    3517P   3001
0.,1.;                                                              3517P   3002
126,1,1,1,0,1,0,0.,0.,1.,1.,1.,1.,1.,1.,0.,0.98987593874773,1.,     3519P   3003
0.,0.,1.,0.,0.,1.;                                                  3519P   3004
126,1,1,1,0,1,0,-0.00000283307296,-0.00000283307296,                3521P   3005
0.00000276061008,0.00000276061008,1.,1.,0.98987593874773,1.,0.,     3521P   3006
0.02023727599456,1.,0.,-0.00000283307296,0.00000276061008,0.,0.,    3521P   3007
1.;                                                                 3521P   3008
126,1,1,1,0,1,0,0.,0.,1.,1.,1.,1.,0.02023727599456,1.,0.,0.,1.,     3523P   3009
0.,0.,1.,0.,0.,1.;                                                  3523P   3010
126,1,1,1,0,1,0,0.,0.,0.0001,0.0001,1.,1.,0.,1.,0.,0.,0.,0.,0.,     3525P   3011
0.0001,0.,0.,1.;                                                    3525P   3012
126,1,1,1,0,1,0,0.,0.,1.,1.,1.,1.,0.,0.,0.,0.02023727599456,0.,     3527P   3013
0.,0.,1.,0.,0.,1.;                                                  3527P   3014
102,8,3513,3515,3517,3519,3521,3523,3525,3527;                      3529P   3015
110,0.0004658611445,-0.00025,0.000126710958,0.00046808402897,       3531P   3016
-0.00025,0.00013184399556;                                          3531P   3017
126,3,3,0,0,1,0,-1.,-1.,-1.,-1.,0.,0.,0.,0.,1.,1.,1.,1.,            3533P   3018
0.00046775933477,-0.00025,0.00013191966502,0.00046775933477,        3533P   3019
-0.00021666666667,0.00013191966502,0.00046775933477,                3533P   3020
-0.00018333333333,0.00013191966502,0.00046775933477,-0.00015,       3533P   3021
0.00013191966502,-1.,0.;                                            3533P   3022
110,0.00046808402897,-0.00015,0.00013184399556,0.0004658611445,     3535P   3023
-0.00015,0.000126710958;                                            3535P   3024
110,0.0004658147508,-0.00015,0.00012660382665,0.0004658147508,      3537P   3025
-0.00025,0.00012660382665;                                          3537P   3026
102,4,3531,3533,3535,3537;                                          3539P   3027
142,1,3511,3529,3539,2;                                             3541P   3028
144,3511,1,0,3541;                                                  3543P   3029
110,0.00046201629408,-0.00015,0.00013228407083,0.00046201629408,    3545P   3030
0.99985,0.00013228407083;                                           3545P   3031
110,0.00046201629408,-0.00025,0.00013803866099,0.00046201629408,    3547P   3032
-0.00015,0.00013803866099;                                          3547P   3033
120,3545,3547,0.,6.28318530717959;                                  3549P   3034
126,1,1,1,0,1,0,-1.63391183053886,-1.63391183053886,                3551P   3035
-0.04514526385604,-0.04514526385604,1.,1.,0.,1.63391183053886,      3551P   3036
0.,0.,0.04514526385605,0.,-1.63391183053886,-0.04514526385604,      3551P   3037
0.,0.,1.;                                                           3551P   3038
126,1,1,1,0,1,0,-0.0001,-0.0001,0.,0.,1.,1.,0.,0.04514526516436,    3553P   3039
0.,1.,0.04514526516436,0.,-0.0001,0.,0.,0.,1.;                      3553P   3040
126,1,1,1,0,1,0,0.04514526385604,0.04514526385604,                  3555P   3041
1.63391183053886,1.63391183053886,1.,1.,1.,0.04514526385605,0.,     3555P   3042
1.,1.63391183053886,0.,0.04514526385604,1.63391183053886,0.,0.,     3555P   3043
1.;                                                                 3555P   3044
126,1,1,1,0,1,0,0.,0.,1.,1.,1.,1.,1.,1.63391183053886,0.,1.,        3557P   3045
1.63416309736334,0.,0.,1.,0.,0.,1.;                                 3557P   3046
126,1,1,1,0,1,0,0.,0.,1.,1.,1.,1.,1.,1.63416309736334,0.,0.,        3559P   3047
1.63416309736334,0.,0.,1.,0.,0.,1.;                                 3559P   3048
126,1,1,1,0,1,0,0.,0.,1.,1.,1.,1.,0.,1.63416309736334,0.,0.,        3561P   3049
1.63391183053886,0.,0.,1.,0.,0.,1.;                                 3561P   3050
102,6,3551,3553,3555,3557,3559,3561;                                3563P   3051
124,0.,-1.,0.,0.00046201629408,0.,0.,-1.,-0.00025,1.,0.,0.,         3565P   3052
0.00013228407083;                                                   3565P   3053
100,0.,0.,0.,-0.00000036296276,-0.00000574313207,                   3567P   3054
0.00000574872696,-0.00000025970425;                                 3567P   3055
110,0.00046227599834,-0.00025,0.0001380327978,0.00046227599834,     3569P   3056
-0.00015,0.0001380327978;                                           3569P   3057
124,0.,1.,0.,0.00046201629408,0.,0.,1.,-0.00015,1.,0.,0.,           3571P   3058
0.00013228407083;                                                   3571P   3059
100,0.,0.,0.,0.00000574872696,0.00000025970425,                     3573P   3060
-0.00000036296276,0.00000574313207;                                 3573P   3061
126,3,3,0,0,1,0,0.,0.,0.,0.,1.,1.,1.,1.,1.,1.,1.,1.,                3575P   3062
0.00046775933477,-0.00015,0.00013191966502,0.00046775933477,        3575P   3063
-0.00018333333333,0.00013191966502,0.00046775933477,                3575P   3064
-0.00021666666667,0.00013191966502,0.00046775933477,-0.00025,       3575P   3065
0.00013191966502,0.,1.;                                             3575P   3066
102,4,3567,3569,3573,3575;                                          3577P   3067
142,1,3549,3563,3577,2;                                             3579P   3068
144,3549,1,0,3579;                                                  3581P   3069
110,0.00046582107134,-0.00025,0.00013974727297,0.00046723321377,    3583P   3070
-0.00025,0.00014393070594;                                          3583P   3071
122,3583,0.00046582107134,-0.00015,0.00013974727297;                3585P   3072
126,1,1,1,0,1,0,0.00011084327177,0.00011084327177,                  3587P   3073
0.0001152586152,0.0001152586152,1.,1.,0.,0.,0.,1.,0.,0.,            3587P   3074
0.00011084327177,0.0001152586152,0.,0.,1.;                          3587P   3075
126,1,1,1,0,1,0,-0.0001,-0.0001,0.,0.,1.,1.,1.,0.,0.,1.,1.,0.,      3589P   3076
-0.0001,0.,0.,0.,1.;                                                3589P   3077
126,1,1,1,0,1,0,-0.0000023362097,-0.0000023362097,                  3591P   3078
0.00000207913373,0.00000207913373,1.,1.,1.,1.,0.,0.,1.,0.,          3591P   3079
-0.0000023362097,0.00000207913373,0.,0.,1.;                         3591P   3080
126,1,1,1,0,1,0,0.,0.,0.0001,0.0001,1.,1.,0.,1.,0.,0.,0.,0.,0.,     3593P   3081
0.0001,0.,0.,1.;                                                    3593P   3082
102,4,3587,3589,3591,3593;                                          3595P   3083
110,0.00046582107134,-0.00025,0.00013974727297,0.00046723321377,    3597P   3084
-0.00025,0.00014393070594;                                          3597P   3085
110,0.00046723321377,-0.00025,0.00014393070594,0.00046723321377,    3599P   3086
-0.00015,0.00014393070594;                                          3599P   3087
110,0.00046723321377,-0.00015,0.00014393070594,0.00046582107134,    3601P   3088
-0.00015,0.00013974727297;                                          3601P   3089
110,0.00046582107134,-0.00015,0.00013974727297,0.00046582107134,    3603P   3090
-0.00025,0.00013974727297;                                          3603P   3091
102,4,3597,3599,3601,3603;                                          3605P   3092
142,1,3585,3595,3605,2;                                             3607P   3093
144,3585,1,0,3607;                                                  3609P   3094
110,0.00046723321377,-0.00025,0.00014393070594,0.00046504948608,    3611P   3095
-0.00025,0.00014854527441;                                          3611P   3096
122,3611,0.00046723321377,-0.00015,0.00014393070594;                3613P   3097
126,1,1,1,0,1,0,-0.00000255007325,-0.00000255007325,                3615P   3098
0.00000248883428,0.00000248883428,1.,1.,0.,0.,0.,                   3615P   3099
0.98701771329309,0.,0.,-0.00000255007325,0.00000248883428,0.,0.,    3615P   3100
1.;                                                                 3615P   3101
126,1,1,1,0,1,0,0.,0.,1.,1.,1.,1.,0.98701771329309,0.,0.,1.,0.,     3617P   3102
0.,0.,1.,0.,0.,1.;                                                  3617P   3103
126,1,1,1,0,1,0,-0.0001,-0.0001,0.,0.,1.,1.,1.,0.,0.,1.,1.,0.,      3619P   3104
-0.0001,0.,0.,0.,1.;                                                3619P   3105
126,1,1,1,0,1,0,0.,0.,1.,1.,1.,1.,1.,1.,0.,0.98701771329309,1.,     3621P   3106
0.,0.,1.,0.,0.,1.;                                                  3621P   3107
126,1,1,1,0,1,0,-0.00000248883428,-0.00000248883428,                3623P   3108
0.00000255007325,0.00000255007325,1.,1.,0.98701771329309,1.,0.,     3623P   3109
0.,1.,0.,-0.00000248883428,0.00000255007325,0.,0.,1.;               3623P   3110
126,1,1,1,0,1,0,0.,0.,0.0001,0.0001,1.,1.,0.,1.,0.,0.,0.,0.,0.,     3625P   3111
0.0001,0.,0.,1.;                                                    3625P   3112
102,6,3615,3617,3619,3621,3623,3625;                                3627P   3113
110,0.00046723321377,-0.00025,0.00014393070594,0.00046507783586,    3629P   3114
-0.00025,0.00014848536676;                                          3629P   3115
110,0.00046504948608,-0.00025,0.00014854527441,0.00046504948608,    3631P   3116
-0.00015,0.00014854527441;                                          3631P   3117
110,0.00046507783586,-0.00015,0.00014848536676,0.00046723321377,    3633P   3118
-0.00015,0.00014393070594;                                          3633P   3119
110,0.00046723321377,-0.00015,0.00014393070594,0.00046723321377,    3635P   3120
-0.00025,0.00014393070594;                                          3635P   3121
102,4,3629,3631,3633,3635;                                          3637P   3122
142,1,3613,3627,3637,2;                                             3639P   3123
144,3613,1,0,3639;                                                  3641P   3124
110,0.00046281127476,-0.00025,0.00013998405634,0.00045824089355,    3643P   3125
-0.00025,0.00013898816464;                                          3643P   3126
122,3643,0.00046281127476,-0.00015,0.00013998405634;                3645P   3127
126,1,1,1,0,1,0,-0.00044350073299,-0.00044350073299,                3647P   3128
-0.00043900308333,-0.00043900308333,1.,1.,0.03847599403219,0.,      3647P   3129
0.,1.,0.,0.,-0.00044350073299,-0.00043900308333,0.,0.,1.;           3647P   3130
126,1,1,1,0,1,0,-1.,-1.,-0.00000249998653,-0.00000249998653,1.,     3649P   3131
1.,1.,0.,0.,1.,0.99999750001347,0.,-1.,-0.00000249998653,0.,0.,     3649P   3132
1.;                                                                 3649P   3133
126,1,1,1,0,1,0,0.,0.,1.,1.,1.,1.,1.,0.99999750001347,0.,           3651P   3134
0.99998931029879,1.,0.,0.,1.,0.,0.,1.;                              3651P   3135
126,1,1,1,0,1,0,-0.00000246673491,-0.00000246673491,                3653P   3136
0.00000203086475,0.00000203086475,1.,1.,0.99998931029879,1.,0.,     3653P   3137
0.03847599403223,1.,0.,-0.00000246673491,0.00000203086475,0.,0.,    3653P   3138
1.;                                                                 3653P   3139
126,1,1,1,0,1,0,0.,0.,1.,1.,1.,1.,0.03847599403223,1.,0.,0.,1.,     3655P   3140
0.,0.,1.,0.,0.,1.;                                                  3655P   3141
126,1,1,1,0,1,0,0.,0.,0.0001,0.0001,1.,1.,0.,1.,0.,0.,0.,0.,0.,     3657P   3142
0.0001,0.,0.,1.;                                                    3657P   3143
126,1,1,1,0,1,0,0.,0.,1.,1.,1.,1.,0.,0.,0.,0.03847599403219,0.,     3659P   3144
0.,0.,1.,0.,0.,1.;                                                  3659P   3145
102,7,3647,3649,3651,3653,3655,3657,3659;                           3661P   3146
110,0.0004626354248,-0.00025,0.00013994573842,0.00045824089355,     3663P   3147
-0.00025,0.00013898816464;                                          3663P   3148
126,1,1,0,0,1,0,-1.,-1.,-0.00000249998653,-0.00000249998653,1.,     3665P   3149
1.,0.00045819986979,-0.00025,0.00013917643229,0.00045819986979,     3665P   3150
-0.00015,0.00013917643229,-1.,-0.00000249998653;                    3665P   3151
110,0.0004582409424,-0.00015,0.00013898817528,0.0004626354248,      3667P   3152
-0.00015,0.00013994573842;                                          3667P   3153
110,0.00046281127476,-0.00015,0.00013998405634,0.00046281127476,    3669P   3154
-0.00025,0.00013998405634;                                          3669P   3155
102,4,3663,3665,3667,3669;                                          3671P   3156
142,1,3645,3661,3671,2;                                             3673P   3157
144,3645,1,0,3673;                                                  3675P   3158
110,0.00046504948608,-0.00025,0.00014854527441,0.00045763586395,    3677P   3159
-0.00025,0.00015007815561;                                          3677P   3160
122,3677,0.00046504948608,-0.00015,0.00014854527441;                3679P   3161
126,1,1,1,0,1,0,-0.00000329275071,-0.00000329275071,                3681P   3162
0.00000399525828,0.00000399525828,1.,1.,0.03730671110144,0.,0.,     3681P   3163
1.,0.,0.,-0.00000329275071,0.00000399525828,0.,0.,1.;               3681P   3164
126,1,1,1,0,1,0,-1.,-1.,-0.0000012,-0.0000012,1.,1.,1.,0.,0.,1.,    3683P   3165
0.9999988,0.,-1.,-0.0000012,0.,0.,1.;                               3683P   3166
126,1,1,1,0,1,0,0.,0.,1.,1.,1.,1.,1.,0.9999988,0.,                  3685P   3167
0.99880029076334,1.,0.,0.,1.,0.,0.,1.;                              3685P   3168
126,1,1,1,0,1,0,-0.00000398617595,-0.00000398617595,                3687P   3169
0.00000329275071,0.00000329275071,1.,1.,0.99880029076334,1.,0.,     3687P   3170
0.03730671110144,1.,0.,-0.00000398617595,0.00000329275071,0.,0.,    3687P   3171
1.;                                                                 3687P   3172
126,1,1,1,0,1,0,0.,0.,1.,1.,1.,1.,0.03730671110144,1.,0.,-0.,1.,    3689P   3173
0.,0.,1.,0.,0.,1.;                                                  3689P   3174
126,1,1,1,0,1,0,0.,0.,0.0001,0.0001,1.,1.,-0.,1.,0.,-0.,0.,0.,      3691P   3175
0.,0.0001,0.,0.,1.;                                                 3691P   3176
126,1,1,1,0,1,0,0.,0.,1.,1.,1.,1.,-0.,0.,0.,0.03730671110144,0.,    3693P   3177
0.,0.,1.,0.,0.,1.;                                                  3693P   3178
102,7,3681,3683,3685,3687,3689,3691,3693;                           3695P   3179
110,0.00046477290822,-0.00025,0.00014860246117,0.00045763586395,    3697P   3180
-0.00025,0.00015007815561;                                          3697P   3181
126,1,1,0,0,1,0,-1.,-1.,-0.0000012,-0.0000012,1.,1.,                3699P   3182
0.00045757595486,-0.00025,0.00014978841146,0.00045757595486,        3699P   3183
-0.00015,0.00014978841146,-1.,-0.0000012;                           3699P   3184
110,0.00045764475814,-0.00015,0.0001500763166,0.00046477290822,     3701P   3185
-0.00015,0.00014860246117;                                          3701P   3186
110,0.00046504948608,-0.00015,0.00014854527441,0.00046504948608,    3703P   3187
-0.00025,0.00014854527441;                                          3703P   3188
102,4,3697,3699,3701,3703;                                          3705P   3189
142,1,3679,3695,3705,2;                                             3707P   3190
144,3679,1,0,3707;                                                  3709P   3191
110,0.00045345269097,-0.00025,0.00012745768229,0.00045345269097,    3711P   3192
-0.00025,0.00013673502604;                                          3711P   3193
122,3711,0.00045345269097,-0.00015,0.00012745768229;                3713P   3194
126,1,1,1,0,1,0,-0.00000463867188,-0.00000463867188,                3715P   3195
0.00000463867188,0.00000463867188,1.,1.,0.,0.,0.,1.,0.,0.,          3715P   3196
-0.00000463867188,0.00000463867188,0.,0.,1.;                        3715P   3197
126,1,1,1,0,1,0,-0.0001,-0.0001,0.,0.,1.,1.,1.,0.,0.,1.,1.,0.,      3717P   3198
-0.0001,0.,0.,0.,1.;                                                3717P   3199
126,1,1,1,0,1,0,-0.00000463867188,-0.00000463867188,                3719P   3200
0.00000463867188,0.00000463867188,1.,1.,1.,1.,0.,0.,1.,0.,          3719P   3201
-0.00000463867188,0.00000463867188,0.,0.,1.;                        3719P   3202
126,1,1,1,0,1,0,0.,0.,0.0001,0.0001,1.,1.,0.,1.,0.,0.,0.,0.,0.,     3721P   3203
0.0001,0.,0.,1.;                                                    3721P   3204
102,4,3715,3717,3719,3721;                                          3723P   3205
110,0.00045345269097,-0.00025,0.00012745768229,0.00045345269097,    3725P   3206
-0.00025,0.00013673502604;                                          3725P   3207
110,0.00045345269097,-0.00025,0.00013673502604,0.00045345269097,    3727P   3208
-0.00015,0.00013673502604;                                          3727P   3209
110,0.00045345269097,-0.00015,0.00013673502604,0.00045345269097,    3729P   3210
-0.00015,0.00012745768229;                                          3729P   3211
110,0.00045345269097,-0.00015,0.00012745768229,0.00045345269097,    3731P   3212
-0.00025,0.00012745768229;                                          3731P   3213
102,4,3725,3727,3729,3731;                                          3733P   3214
142,1,3713,3723,3733,2;                                             3735P   3215
144,3713,1,0,3735;                                                  3737P   3216
110,0.00045345269097,-0.00025,0.00013673502604,0.00045838975694,    3739P   3217
-0.00025,0.00013673502604;                                          3739P   3218
122,3739,0.00045345269097,-0.00015,0.00013673502604;                3741P   3219
126,1,1,1,0,1,0,-0.00000246853299,-0.00000246853299,                3743P   3220
0.00000249209393,0.00000249209393,1.,1.,0.,0.,0.,                   3743P   3221
1.00477225725063,0.,0.,-0.00000246853299,0.00000249209393,0.,0.,    3743P   3222
1.;                                                                 3743P   3223
126,1,1,1,0,1,0,0.,0.,1.,1.,1.,1.,1.00477225725063,0.,0.,1.,0.,     3745P   3224
0.,0.,1.,0.,0.,1.;                                                  3745P   3225
126,1,1,1,0,1,0,-1.,-1.,0.,0.,1.,1.,1.,0.,0.,1.,1.,0.,-1.,0.,0.,    3747P   3226
0.,1.;                                                              3747P   3227
126,1,1,1,0,1,0,0.,0.,1.,1.,1.,1.,1.,1.,0.,1.00477225725062,1.,     3749P   3228
0.,0.,1.,0.,0.,1.;                                                  3749P   3229
126,1,1,1,0,1,0,-0.00000249209393,-0.00000249209393,                3751P   3230
0.00000246853299,0.00000246853299,1.,1.,1.00477225725062,1.,0.,     3751P   3231
0.,1.,0.,-0.00000249209393,0.00000246853299,0.,0.,1.;               3751P   3232
126,1,1,1,0,1,0,0.,0.,0.0001,0.0001,1.,1.,0.,1.,0.,0.,0.,0.,0.,     3753P   3233
0.0001,0.,0.,1.;                                                    3753P   3234
102,6,3743,3745,3747,3749,3751,3753;                                3755P   3235
110,0.00045345269097,-0.00025,0.00013673502604,0.00045841331789,    3757P   3236
-0.00025,0.00013673502604;                                          3757P   3237
126,1,1,0,0,1,0,-1.,-1.,0.,0.,1.,1.,0.00045843687884,-0.00025,      3759P   3238
0.0001369400063,0.00045843687884,-0.00015,0.0001369400063,-1.,      3759P   3239
0.;                                                                 3759P   3240
110,0.00045841331789,-0.00015,0.00013673502604,0.00045345269097,    3761P   3241
-0.00015,0.00013673502604;                                          3761P   3242
110,0.00045345269097,-0.00015,0.00013673502604,0.00045345269097,    3763P   3243
-0.00025,0.00013673502604;                                          3763P   3244
102,4,3757,3759,3761,3763;                                          3765P   3245
142,1,3741,3755,3765,2;                                             3767P   3246
144,3741,1,0,3767;                                                  3769P   3247
110,0.00040251695253,-0.00015,0.00015073292387,0.00040251695253,    3771P   3248
-0.00015,0.00011909722222;                                          3771P   3249
122,3771,0.00042627601037,-0.00015,0.00015073292387;                3773P   3250
126,1,1,1,0,1,0,-0.00000390836766,-0.00000390836766,                3775P   3251
0.00000473098362,0.00000473098362,1.,1.,0.67328200145841,           3775P   3252
0.91451744422151,0.,0.40784672770071,1.,0.,-0.00000390836766,       3775P   3253
0.00000473098362,0.,0.,1.;                                          3775P   3254
126,1,1,1,0,1,0,-0.0000048938223,-0.0000048938223,                  3777P   3255
0.00000468606414,0.00000468606414,1.,1.,0.40784672770071,1.,0.,     3777P   3256
0.11948331793049,0.87690952700922,0.,-0.0000048938223,              3777P   3257
0.00000468606414,0.,0.,1.;                                          3777P   3258
126,1,1,1,0,1,0,0.,0.,1.,1.,1.,1.,0.11948331793049,                 3779P   3259
0.87690952700922,0.,0.10723576751616,0.86471961010584,0.,0.,1.,     3779P   3260
0.,0.,1.;                                                           3779P   3261
126,1,1,1,0,1,0,-0.00000437086584,-0.00000437086584,                3781P   3262
0.00000463597693,0.00000463597693,1.,1.,0.10723576751616,           3781P   3263
0.86471961010584,0.,0.00005173690333,0.51351948736889,0.,           3781P   3264
-0.00000437086584,0.00000463597693,0.,0.,1.;                        3781P   3265
126,1,1,1,0,1,0,0.,0.,1.,1.,1.,1.,0.00005173690333,                 3783P   3266
0.51351948736889,0.,0.,0.49490997699105,0.,0.,1.,0.,0.,1.;          3783P   3267
126,1,1,1,0,1,0,-0.00000471785173,-0.00000471785173,                3785P   3268
0.00000438774952,0.00000438774952,1.,1.,0.,0.49490997699105,0.,     3785P   3269
0.10529759167404,0.13822948822969,0.,-0.00000471785173,             3785P   3270
0.00000438774952,0.,0.,1.;                                          3785P   3271
126,1,1,1,0,1,0,0.,0.,1.,1.,1.,1.,0.10529759167404,                 3787P   3272
0.13822948822969,0.,0.11760045009404,0.1255917213949,0.,0.,1.,      3787P   3273
0.,0.,1.;                                                           3787P   3274
126,1,1,1,0,1,0,-0.00000467379539,-0.00000467379539,                3789P   3275
0.00000517496581,0.00000517496581,1.,1.,0.11760045009404,           3789P   3276
0.1255917213949,0.,0.41428584683036,0.,0.,-0.00000467379539,        3789P   3277
0.00000517496581,0.,0.,1.;                                          3789P   3278
126,1,1,1,0,1,0,0.,0.,1.,1.,1.,1.,0.41428584683036,0.,0.,           3791P   3279
0.42464482534551,0.00000199500889,0.,0.,1.,0.,0.,1.;                3791P   3280
126,1,1,1,0,1,0,-0.00000521219766,-0.00000521219766,                3793P   3281
0.00000469876763,0.00000469876763,1.,1.,0.42464482534551,           3793P   3282
0.00000199500889,0.,0.72347390269407,0.12525119352723,0.,           3793P   3283
-0.00000521219766,0.00000469876763,0.,0.,1.;                        3793P   3284
126,1,1,1,0,1,0,0.,0.,1.,1.,1.,1.,0.72347390269407,                 3795P   3285
0.12525119352723,0.,0.73588635852797,0.13777764607698,0.,0.,1.,     3795P   3286
0.,0.,1.;                                                           3795P   3287
126,1,1,1,0,1,0,-0.00000438378167,-0.00000438378167,                3797P   3288
0.00000465067253,0.00000465067253,1.,1.,0.73588635852797,           3797P   3289
0.13777764607698,0.,0.8411386360963,0.49126253437743,0.,            3797P   3290
-0.00000438378167,0.00000465067253,0.,0.,1.;                        3797P   3291
126,1,1,1,0,1,0,0.,0.,1.,1.,1.,1.,0.8411386360963,                  3799P   3292
0.49126253437743,0.,0.82441890827493,0.49613678532825,0.,0.,1.,     3799P   3293
0.,0.,1.;                                                           3799P   3294
126,2,2,1,0,1,0,-0.00000062312063,-0.00000062312063,                3801P   3295
-0.00000062312063,0.0000004669661,0.0000004669661,                  3801P   3296
0.0000004669661,1.,1.,1.,0.82441890827493,0.49613678532825,0.,      3801P   3297
0.82371831846351,0.51905825607104,0.,0.82301772865209,              3801P   3298
0.54197972681384,0.,-0.00000062312063,0.0000004669661,0.,0.,1.;     3801P   3299
126,1,1,1,0,1,0,-0.00000369673223,-0.00000369673223,                3803P   3300
0.00000369673223,0.00000369673223,1.,1.,0.8230177286521,            3803P   3301
0.54197972681386,0.,1.,0.74520996688915,0.,-0.00000369673223,       3803P   3302
0.00000369673223,0.,0.,1.;                                          3803P   3303
126,1,1,1,0,1,0,-0.00000209418403,-0.00000209418403,                3805P   3304
0.00000209418403,0.00000209418403,1.,1.,1.,0.74520996688912,0.,     3805P   3305
1.,0.92149507401066,0.,-0.00000209418403,0.00000209418403,0.,0.,    3805P   3306
1.;                                                                 3805P   3307
126,1,1,1,0,1,0,-0.00000425724978,-0.00000425724978,                3807P   3308
0.00000387364683,0.00000387364683,1.,1.,1.,0.92149507401066,0.,     3807P   3309
0.81461448172944,0.68446296589435,0.,-0.00000425724978,             3807P   3310
0.00000387364683,0.,0.,1.;                                          3807P   3311
126,1,1,1,0,1,0,-0.00000340592293,-0.00000340592293,                3809P   3312
0.00000344997609,0.00000344997609,1.,1.,0.81461448172944,           3809P   3313
0.68446296589435,0.,0.68028742268709,0.91090464086254,0.,           3809P   3314
-0.00000340592293,0.00000344997609,0.,0.,1.;                        3809P   3315
126,1,1,1,0,1,0,0.,0.,1.,1.,1.,1.,0.68028742268709,                 3811P   3316
0.91090464086254,0.,0.67328200145841,0.91451744422151,0.,0.,1.,     3811P   3317
0.,0.,1.;                                                           3811P   3318
102,19,3775,3777,3779,3781,3783,3785,3787,3789,3791,3793,3795,      3813P   3319
3797,3799,3801,3803,3805,3807,3809,3811;                            3813P   3320
110,0.00042424502538,-0.00015,0.00012943317535,0.00042627601037,    3815P   3321
-0.00015,0.00013783040647;                                          3815P   3322
110,0.00042627601037,-0.00015,0.00013783040647,0.0004233514967,     3817P   3323
-0.00015,0.00014695298527;                                          3817P   3324
110,0.00042306187576,-0.00015,0.00014734044512,0.00041471769173,    3819P   3325
-0.00015,0.00015073128714;                                          3819P   3326
110,0.0004142755473,-0.00015,0.00015073292387,0.00040580115494,     3821P   3327
-0.00015,0.00014740176068;                                          3821P   3328
110,0.00040550089351,-0.00015,0.00014701255112,0.00040251695253,    3823P   3329
-0.00015,0.00013762670042;                                          3823P   3330
110,0.00040251699993,-0.00015,0.00013729898687,0.00040549280288,    3825P   3331
-0.00015,0.00012784531933;                                          3825P   3332
110,0.0004057904196,-0.00015,0.00012745264258,0.0004141888875,      3827P   3333
-0.00015,0.00012412291293;                                          3827P   3334
110,0.00041430469511,-0.00015,0.00012465185326,0.00041539388021,    3829P   3335
-0.00015,0.00012469618056;                                          3829P   3336
110,0.00041539388021,-0.00015,0.00012469618056,0.00042022243924,    3831P   3337
-0.00015,0.00011909722222;                                          3831P   3338
110,0.00042022243924,-0.00015,0.00011909722222,0.00042441080729,    3833P   3339
-0.00015,0.00011909722222;                                          3833P   3340
110,0.00042441080729,-0.00015,0.00011909722222,0.00041877914773,    3835P   3341
-0.00015,0.00012496202317;                                          3835P   3342
110,0.00041877914773,-0.00015,0.00012496202317,0.00042415918858,    3837P   3343
-0.00015,0.00012921155393;                                          3837P   3344
102,12,3815,3817,3819,3821,3823,3825,3827,3829,3831,3833,3835,      3839P   3345
3837;                                                               3839P   3346
142,1,3773,3813,3839,2;                                             3841P   3347
126,1,1,1,0,1,0,-0.0000037065644,-0.0000037065644,                  3843P   3348
0.00000422796511,0.00000422796511,1.,1.,0.66543293890786,           3843P   3349
0.22409855968538,0.,0.42396875474328,0.13378669457325,0.,           3843P   3350
-0.0000037065644,0.00000422796511,0.,0.,1.;                         3843P   3351
126,1,1,1,0,1,0,0.,0.,1.,1.,1.,1.,0.42396875474328,                 3845P   3352
0.13378669457325,0.,0.41706113660603,0.13388773592198,0.,0.,1.,     3845P   3353
0.,0.,1.;                                                           3845P   3354
126,1,1,1,0,1,0,-0.00000418299438,-0.00000418299438,                3847P   3355
0.00000368365666,0.00000368365666,1.,1.,0.41706113660603,           3847P   3356
0.13388773592198,0.,0.1778263802782,0.22419960103411,0.,            3847P   3357
-0.00000418299438,0.00000368365666,0.,0.,1.;                        3847P   3358
126,1,1,1,0,1,0,0.,0.,1.,1.,1.,1.,0.1778263802782,                  3849P   3359
0.22419960103411,0.,0.16761390579268,0.23287683545491,0.,0.,1.,     3849P   3360
0.,0.,1.;                                                           3849P   3361
126,1,1,1,0,1,0,-0.00000327001223,-0.00000327001223,                3851P   3362
0.00000351334314,0.00000351334314,1.,1.,0.16761390579268,           3851P   3363
0.23287683545491,0.,0.08529657028201,0.49650527609192,0.,           3851P   3364
-0.00000327001223,0.00000351334314,0.,0.,1.;                        3851P   3365
126,1,1,1,0,1,0,0.,0.,1.,1.,1.,1.,0.08529657028201,                 3853P   3366
0.49650527609192,0.,0.08531634469436,0.51165851316841,0.,0.,1.,     3853P   3367
0.,0.,1.;                                                           3853P   3368
126,1,1,1,0,1,0,-0.00000348370234,-0.00000348370234,                3855P   3369
0.00000322974835,0.00000322974835,1.,1.,0.08531634469436,           3855P   3370
0.51165851316841,0.,0.16703344963359,0.77243259650107,0.,           3855P   3371
-0.00000348370234,0.00000322974835,0.,0.,1.;                        3855P   3372
126,1,1,1,0,1,0,0.,0.,1.,1.,1.,1.,0.16703344963359,                 3857P   3373
0.77243259650107,0.,0.17736883609092,0.78084701625856,0.,0.,1.,     3857P   3374
0.,0.,1.;                                                           3857P   3375
126,1,1,1,0,1,0,-0.00000367290484,-0.00000367290484,                3859P   3376
0.00000419814705,0.00000419814705,1.,1.,0.17736883609092,           3859P   3377
0.78084701625856,0.,0.41720382299019,0.86898956981928,0.,           3859P   3378
-0.00000367290484,0.00000419814705,0.,0.,1.;                        3859P   3379
126,1,1,1,0,1,0,0.,0.,1.,1.,1.,1.,0.41720382299019,                 3861P   3380
0.86898956981928,0.,0.423845901725,0.86910331768742,0.,0.,1.,0.,    3861P   3381
0.,1.;                                                              3861P   3382
126,1,1,1,0,1,0,-0.00000423600661,-0.00000423600661,                3863P   3383
0.00000369735798,0.00000369735798,1.,1.,0.423845901725,             3863P   3384
0.86910331768742,0.,0.66565307478752,0.78061824125014,0.,           3863P   3385
-0.00000423600661,0.00000369735798,0.,0.,1.;                        3863P   3386
126,1,1,1,0,1,0,0.,0.,1.,1.,1.,1.,0.66565307478752,                 3865P   3387
0.78061824125014,0.,0.67602581042078,0.77210993371867,0.,0.,1.,     3865P   3388
0.,0.,1.;                                                           3865P   3389
126,1,1,1,0,1,0,-0.00000324180091,-0.00000324180091,                3867P   3390
0.00000349731517,0.00000349731517,1.,1.,0.67602581042078,           3867P   3391
0.77210993371867,0.,0.7580001570335,0.51030828175646,0.,            3867P   3392
-0.00000324180091,0.00000349731517,0.,0.,1.;                        3867P   3393
126,1,1,1,0,1,0,0.,0.,1.,1.,1.,1.,0.7580001570335,                  3869P   3394
0.51030828175646,0.,0.75791513583919,0.49512805229935,0.,0.,1.,     3869P   3395
0.,0.,1.;                                                           3869P   3396
126,1,1,1,0,1,0,-0.00000349300353,-0.00000349300353,                3871P   3397
0.0000032603057,0.0000032603057,1.,1.,0.75791513583919,             3871P   3398
0.49512805229935,0.,0.67559780032853,0.23286970316846,0.,           3871P   3399
-0.00000349300353,0.0000032603057,0.,0.,1.;                         3871P   3400
126,1,1,1,0,1,0,0.,0.,1.,1.,1.,1.,0.67559780032853,                 3873P   3401
0.23286970316846,0.,0.66543293890786,0.22409855968538,0.,0.,1.,     3873P   3402
0.,0.,1.;                                                           3873P   3403
102,16,3843,3845,3847,3849,3851,3853,3855,3857,3859,3861,3863,      3875P   3404
3865,3867,3869,3871,3873;                                           3875P   3405
110,0.00040784132317,-0.00015,0.00012968148595,0.00040569559835,    3877P   3406
-0.00015,0.00013732037484;                                          3877P   3407
110,0.00040569799899,-0.00015,0.00013753890218,0.00040784372382,    3879P   3408
-0.00015,0.00014510726156;                                          3879P   3409
110,0.00040804988674,-0.00015,0.00014543034035,0.0004143134501,     3881P   3410
-0.00015,0.00014803450702;                                          3881P   3411
110,0.00041467347674,-0.00015,0.00014803388144,0.00042086922327,    3883P   3412
-0.00015,0.00014544870349;                                          3883P   3413
110,0.00042106914195,-0.00015,0.00014512173629,0.00042316332598,    3885P   3414
-0.00015,0.0001375343882;                                           3885P   3415
110,0.00042316602852,-0.00015,0.00013732426138,0.00042106370647,    3887P   3416
-0.00015,0.0001296745218;                                           3887P   3417
110,0.0004208615571,-0.00015,0.00012934637303,0.00041464139651,     3889P   3418
-0.00015,0.00012675305705;                                          3889P   3419
110,0.00041428072856,-0.00015,0.00012675574676,0.00040804971728,    3891P   3420
-0.00015,0.00012935991342;                                          3891P   3421
102,8,3877,3879,3881,3883,3885,3887,3889,3891;                      3893P   3422
142,1,3773,3875,3893,2;                                             3895P   3423
144,3773,1,1,3841,3895;                                             3897P   3424
110,0.00041446406497,-0.00025,0.0001266791238,0.00040791594714,     3899P   3425
-0.00025,0.00012941582084;                                          3899P   3426
122,3899,0.00041446406497,-0.00015,0.0001266791238;                 3901P   3427
126,1,1,1,0,1,0,-0.00000349300353,-0.00000349300353,                3903P   3428
0.0000032603057,0.0000032603057,1.,1.,0.02799833580696,0.,0.,       3903P   3429
0.97957120836918,0.,0.,-0.00000349300353,0.0000032603057,0.,0.,     3903P   3430
1.;                                                                 3903P   3431
126,1,1,1,0,1,0,0.,0.,1.,1.,1.,1.,0.97957120836918,0.,0.,1.,0.,     3905P   3432
0.,0.,1.,0.,0.,1.;                                                  3905P   3433
126,1,1,1,0,1,0,-0.0001,-0.0001,0.,0.,1.,1.,1.,0.,0.,1.,1.,0.,      3907P   3434
-0.0001,0.,0.,0.,1.;                                                3907P   3435
126,1,1,1,0,1,0,0.,0.,1.,1.,1.,1.,1.,1.,0.,0.97957120836918,1.,     3909P   3436
0.,0.,1.,0.,0.,1.;                                                  3909P   3437
126,1,1,1,0,1,0,-0.0000032603057,-0.0000032603057,                  3911P   3438
0.00000349300353,0.00000349300353,1.,1.,0.97957120836918,1.,0.,     3911P   3439
0.02799833580696,1.,0.,-0.0000032603057,0.00000349300353,0.,0.,     3911P   3440
1.;                                                                 3911P   3441
126,1,1,1,0,1,0,0.,0.,1.,1.,1.,1.,0.02799833580696,1.,0.,-0.,1.,    3913P   3442
0.,0.,1.,0.,0.,1.;                                                  3913P   3443
126,1,1,1,0,1,0,0.,0.,0.0001,0.0001,1.,1.,-0.,1.,0.,-0.,0.,0.,      3915P   3444
0.,0.0001,0.,0.,1.;                                                 3915P   3445
126,1,1,1,0,1,0,0.,0.,1.,1.,1.,1.,-0.,0.,0.,0.02799833580696,0.,    3917P   3446
0.,0.,1.,0.,0.,1.;                                                  3917P   3447
102,8,3903,3905,3907,3909,3911,3913,3915,3917;                      3919P   3448
110,0.00041428072856,-0.00025,0.00012675574676,0.00040804971728,    3921P   3449
-0.00025,0.00012935991342;                                          3921P   3450
110,0.00040791594714,-0.00025,0.00012941582084,0.00040791594714,    3923P   3451
-0.00015,0.00012941582084;                                          3923P   3452
110,0.00040804971728,-0.00015,0.00012935991342,0.00041428072856,    3925P   3453
-0.00015,0.00012675574676;                                          3925P   3454
110,0.00041446406497,-0.00015,0.0001266791238,0.00041446406497,     3927P   3455
-0.00025,0.0001266791238;                                           3927P   3456
102,4,3921,3923,3925,3927;                                          3929P   3457
142,1,3901,3919,3929,2;                                             3931P   3458
144,3901,1,0,3931;                                                  3933P   3459
110,0.00041877914773,-0.00025,0.00012496202317,0.00042419903563,    3935P   3460
-0.00025,0.0001292430279;                                           3935P   3461
122,3935,0.00041877914773,-0.00015,0.00012496202317;                3937P   3462
126,1,1,1,0,1,0,-0.00000340592293,-0.00000340592293,                3939P   3463
0.00000344997609,0.00000344997609,1.,1.,0.,-0.,0.,                  3939P   3464
0.99264799388174,-0.,0.,-0.00000340592293,0.00000344997609,0.,      3939P   3465
0.,1.;                                                              3939P   3466
126,1,1,1,0,1,0,0.,0.,1.,1.,1.,1.,0.99264799388174,-0.,0.,1.,       3941P   3467
-0.,0.,0.,1.,0.,0.,1.;                                              3941P   3468
126,1,1,1,0,1,0,-0.0001,-0.0001,0.,0.,1.,1.,1.,-0.,0.,1.,1.,0.,     3943P   3469
-0.0001,0.,0.,0.,1.;                                                3943P   3470
126,1,1,1,0,1,0,0.,0.,1.,1.,1.,1.,1.,1.,0.,0.99264799388174,1.,     3945P   3471
0.,0.,1.,0.,0.,1.;                                                  3945P   3472
126,1,1,1,0,1,0,-0.00000344997609,-0.00000344997609,                3947P   3473
0.00000340592293,0.00000340592293,1.,1.,0.99264799388174,1.,0.,     3947P   3474
0.,1.,0.,-0.00000344997609,0.00000340592293,0.,0.,1.;               3947P   3475
126,1,1,1,0,1,0,0.,0.,0.0001,0.0001,1.,1.,0.,1.,0.,0.,-0.,0.,0.,    3949P   3476
0.0001,0.,0.,1.;                                                    3949P   3477
102,6,3939,3941,3943,3945,3947,3949;                                3951P   3478
110,0.00041877914773,-0.00025,0.00012496202317,0.00042415918858,    3953P   3479
-0.00025,0.00012921155393;                                          3953P   3480
110,0.00042419903563,-0.00025,0.0001292430279,0.00042419903563,     3955P   3481
-0.00015,0.0001292430279;                                           3955P   3482
110,0.00042415918858,-0.00015,0.00012921155393,0.00041877914773,    3957P   3483
-0.00015,0.00012496202317;                                          3957P   3484
110,0.00041877914773,-0.00015,0.00012496202317,0.00041877914773,    3959P   3485
-0.00025,0.00012496202317;                                          3959P   3486
102,4,3953,3955,3957,3959;                                          3961P   3487
142,1,3937,3951,3961,2;                                             3963P   3488
144,3937,1,0,3963;                                                  3965P   3489
110,0.00042441080729,-0.00025,0.00011909722222,0.00041877914773,    3967P   3490
-0.00025,0.00012496202317;                                          3967P   3491
122,3967,0.00042441080729,-0.00015,0.00011909722222;                3969P   3492
126,1,1,1,0,1,0,-0.00000425724978,-0.00000425724978,                3971P   3493
0.00000387364683,0.00000387364683,1.,1.,0.,0.,0.,1.,0.,0.,          3971P   3494
-0.00000425724978,0.00000387364683,0.,0.,1.;                        3971P   3495
126,1,1,1,0,1,0,-0.0001,-0.0001,0.,0.,1.,1.,1.,0.,0.,1.,1.,0.,      3973P   3496
-0.0001,0.,0.,0.,1.;                                                3973P   3497
126,1,1,1,0,1,0,-0.00000387364683,-0.00000387364683,                3975P   3498
0.00000425724978,0.00000425724978,1.,1.,1.,1.,0.,0.,1.,0.,          3975P   3499
-0.00000387364683,0.00000425724978,0.,0.,1.;                        3975P   3500
126,1,1,1,0,1,0,0.,0.,0.0001,0.0001,1.,1.,0.,1.,0.,0.,0.,0.,0.,     3977P   3501
0.0001,0.,0.,1.;                                                    3977P   3502
102,4,3971,3973,3975,3977;                                          3979P   3503
110,0.00042441080729,-0.00025,0.00011909722222,0.00041877914773,    3981P   3504
-0.00025,0.00012496202317;                                          3981P   3505
110,0.00041877914773,-0.00025,0.00012496202317,0.00041877914773,    3983P   3506
-0.00015,0.00012496202317;                                          3983P   3507
110,0.00041877914773,-0.00015,0.00012496202317,0.00042441080729,    3985P   3508
-0.00015,0.00011909722222;                                          3985P   3509
110,0.00042441080729,-0.00015,0.00011909722222,0.00042441080729,    3987P   3510
-0.00025,0.00011909722222;                                          3987P   3511
102,4,3981,3983,3985,3987;                                          3989P   3512
142,1,3969,3979,3989,2;                                             3991P   3513
144,3969,1,0,3991;                                                  3993P   3514
110,0.00042022243924,-0.00025,0.00011909722222,0.00042441080729,    3995P   3515
-0.00025,0.00011909722222;                                          3995P   3516
122,3995,0.00042022243924,-0.00015,0.00011909722222;                3997P   3517
126,1,1,1,0,1,0,-0.00000209418403,-0.00000209418403,                3999P   3518
0.00000209418403,0.00000209418403,1.,1.,0.,0.,0.,1.,0.,0.,          3999P   3519
-0.00000209418403,0.00000209418403,0.,0.,1.;                        3999P   3520
126,1,1,1,0,1,0,-0.0001,-0.0001,0.,0.,1.,1.,1.,0.,0.,1.,1.,0.,      4001P   3521
-0.0001,0.,0.,0.,1.;                                                4001P   3522
126,1,1,1,0,1,0,-0.00000209418403,-0.00000209418403,                4003P   3523
0.00000209418403,0.00000209418403,1.,1.,1.,1.,0.,0.,1.,0.,          4003P   3524
-0.00000209418403,0.00000209418403,0.,0.,1.;                        4003P   3525
126,1,1,1,0,1,0,0.,0.,0.0001,0.0001,1.,1.,0.,1.,0.,0.,0.,0.,0.,     4005P   3526
0.0001,0.,0.,1.;                                                    4005P   3527
102,4,3999,4001,4003,4005;                                          4007P   3528
110,0.00042022243924,-0.00025,0.00011909722222,0.00042441080729,    4009P   3529
-0.00025,0.00011909722222;                                          4009P   3530
110,0.00042441080729,-0.00025,0.00011909722222,0.00042441080729,    4011P   3531
-0.00015,0.00011909722222;                                          4011P   3532
110,0.00042441080729,-0.00015,0.00011909722222,0.00042022243924,    4013P   3533
-0.00015,0.00011909722222;                                          4013P   3534
110,0.00042022243924,-0.00015,0.00011909722222,0.00042022243924,    4015P   3535
-0.00025,0.00011909722222;                                          4015P   3536
102,4,4009,4011,4013,4015;                                          4017P   3537
142,1,3997,4007,4017,2;                                             4019P   3538
144,3997,1,0,4019;                                                  4021P   3539
110,0.00041539388021,-0.00015,0.00012469618056,0.00041539388021,    4023P   3540
-0.00025,0.00012469618056;                                          4023P   3541
122,4023,0.00042022243924,-0.00015,0.00011909722222;                4025P   3542
126,1,1,1,0,1,0,-0.00000369673223,-0.00000369673223,                4027P   3543
0.00000369673223,0.00000369673223,1.,1.,1.,0.,0.,1.,1.,0.,          4027P   3544
-0.00000369673223,0.00000369673223,0.,0.,1.;                        4027P   3545
126,1,1,1,0,1,0,-0.0001,-0.0001,0.,0.,1.,1.,1.,1.,0.,0.,1.,0.,      4029P   3546
-0.0001,0.,0.,0.,1.;                                                4029P   3547
126,1,1,1,0,1,0,-0.00000369673223,-0.00000369673223,                4031P   3548
0.00000369673223,0.00000369673223,1.,1.,0.,1.,0.,0.,0.,0.,          4031P   3549
-0.00000369673223,0.00000369673223,0.,0.,1.;                        4031P   3550
126,1,1,1,0,1,0,0.,0.,0.0001,0.0001,1.,1.,0.,0.,0.,1.,0.,0.,0.,     4033P   3551
0.0001,0.,0.,1.;                                                    4033P   3552
102,4,4027,4029,4031,4033;                                          4035P   3553
110,0.00041539388021,-0.00025,0.00012469618056,0.00042022243924,    4037P   3554
-0.00025,0.00011909722222;                                          4037P   3555
110,0.00042022243924,-0.00025,0.00011909722222,0.00042022243924,    4039P   3556
-0.00015,0.00011909722222;                                          4039P   3557
110,0.00042022243924,-0.00015,0.00011909722222,0.00041539388021,    4041P   3558
-0.00015,0.00012469618056;                                          4041P   3559
110,0.00041539388021,-0.00015,0.00012469618056,0.00041539388021,    4043P   3560
-0.00025,0.00012469618056;                                          4043P   3561
102,4,4037,4039,4041,4043;                                          4045P   3562
142,1,4025,4035,4045,2;                                             4047P   3563
144,4025,1,0,4047;                                                  4049P   3564
110,0.00041539388021,-0.00025,0.00012469618056,0.00041539388021,    4051P   3565
-0.00015,0.00012469618056;                                          4051P   3566
122,4051,0.00041446072049,-0.00025,0.00012465820313;                4053P   3567
126,1,1,1,0,1,0,-0.0000004669661,-0.0000004669661,                  4055P   3568
0.0000004669661,0.0000004669661,1.,1.,0.,1.,0.,0.,                  4055P   3569
-0.00000000000003,0.,-0.0000004669661,0.0000004669661,0.,0.,1.;     4055P   3570
126,1,1,1,0,1,0,-0.0001,-0.0001,0.,0.,1.,1.,0.,                     4057P   3571
-0.00000000000003,0.,1.,-0.00000000000003,0.,-0.0001,0.,0.,0.,      4057P   3572
1.;                                                                 4057P   3573
126,1,1,1,0,1,0,-0.0000004669661,-0.0000004669661,                  4059P   3574
0.00000062312063,0.00000062312063,1.,1.,1.,-0.00000000000003,0.,    4059P   3575
1.,1.16720114696932,0.,-0.0000004669661,0.00000062312063,0.,0.,     4059P   3576
1.;                                                                 4059P   3577
126,1,1,1,0,1,0,0.,0.,1.,1.,1.,1.,1.,1.16720114696932,0.,           4061P   3578
0.9999988,1.,0.,0.,1.,0.,0.,1.;                                     4061P   3579
126,1,1,1,0,1,0,0.0000012,0.0000012,1.,1.,1.,1.,0.9999988,1.,0.,    4063P   3580
0.,1.,0.,0.0000012,1.,0.,0.,1.;                                     4063P   3581
102,5,4055,4057,4059,4061,4063;                                     4065P   3582
110,0.00041446072049,-0.00025,0.00012465820313,0.00041539388021,    4067P   3583
-0.00025,0.00012469618056;                                          4067P   3584
110,0.00041539388021,-0.00025,0.00012469618056,0.00041539388021,    4069P   3585
-0.00015,0.00012469618056;                                          4069P   3586
110,0.00041539388021,-0.00015,0.00012469618056,0.00041430469511,    4071P   3587
-0.00015,0.00012465185326;                                          4071P   3588
126,1,1,0,0,1,0,0.0000012,0.0000012,1.,1.,1.,1.,                    4073P   3589
0.00041446072049,-0.00015,0.00012465820313,0.00041446072049,        4073P   3590
-0.00025,0.00012465820313,0.0000012,1.;                             4073P   3591
102,4,4067,4069,4071,4073;                                          4075P   3592
142,1,4053,4065,4075,2;                                             4077P   3593
144,4053,1,0,4077;                                                  4079P   3594
110,0.00040559159561,-0.00025,0.00012753147007,0.00041424039789,    4081P   3595
-0.00025,0.00012410249068;                                          4081P   3596
122,4081,0.00040559159561,-0.00015,0.00012753147007;                4083P   3597
126,1,1,1,0,1,0,-0.00000438378167,-0.00000438378167,                4085P   3598
0.00000470608363,0.00000470608363,1.,1.,0.02298861517568,0.,0.,     4085P   3599
1.,0.,0.,-0.00000438378167,0.00000470608363,0.,0.,1.;               4085P   3600
126,1,1,1,0,1,0,-1.,-1.,-0.0000012,-0.0000012,1.,1.,1.,0.,0.,1.,    4087P   3601
0.9999988,0.,-1.,-0.0000012,0.,0.,1.;                               4087P   3602
126,1,1,1,0,1,0,0.,0.,1.,1.,1.,1.,1.,0.9999988,0.,                  4089P   3603
0.99404421653247,1.,0.,0.,1.,0.,0.,1.;                              4089P   3604
126,1,1,1,0,1,0,-0.00000465067253,-0.00000465067253,                4091P   3605
0.00000438378167,0.00000438378167,1.,1.,0.99404421653247,1.,0.,     4091P   3606
0.02298861517568,1.,0.,-0.00000465067253,0.00000438378167,0.,0.,    4091P   3607
1.;                                                                 4091P   3608
126,1,1,1,0,1,0,0.,0.,1.,1.,1.,1.,0.02298861517568,1.,0.,0.,1.,     4093P   3609
0.,0.,1.,0.,0.,1.;                                                  4093P   3610
126,1,1,1,0,1,0,0.,0.,0.0001,0.0001,1.,1.,0.,1.,0.,0.,0.,0.,0.,     4095P   3611
0.0001,0.,0.,1.;                                                    4095P   3612
126,1,1,1,0,1,0,0.,0.,1.,1.,1.,1.,0.,0.,0.,0.02298861517568,0.,     4097P   3613
0.,0.,1.,0.,0.,1.;                                                  4097P   3614
102,7,4085,4087,4089,4091,4093,4095,4097;                           4099P   3615
110,0.0004057904196,-0.00025,0.00012745264258,0.00041424039789,     4101P   3616
-0.00025,0.00012410249068;                                          4101P   3617
126,1,1,0,0,1,0,-1.,-1.,-0.0000012,-0.0000012,1.,1.,                4103P   3618
0.00041446072049,-0.00025,0.00012465820313,0.00041446072049,        4103P   3619
-0.00015,0.00012465820313,-1.,-0.0000012;                           4103P   3620
110,0.0004141888875,-0.00015,0.00012412291293,0.0004057904196,      4105P   3621
-0.00015,0.00012745264258;                                          4105P   3622
110,0.00040559159561,-0.00015,0.00012753147007,0.00040559159561,    4107P   3623
-0.00025,0.00012753147007;                                          4107P   3624
102,4,4101,4103,4105,4107;                                          4109P   3625
142,1,4083,4099,4109,2;                                             4111P   3626
144,4083,1,0,4111;                                                  4113P   3627
110,0.00040246514181,-0.00025,0.00013746373214,0.00040559159561,    4115P   3628
-0.00025,0.00012753147007;                                          4115P   3629
122,4115,0.00040246514181,-0.00015,0.00013746373214;                4117P   3630
126,1,1,1,0,1,0,-0.00000521219766,-0.00000521219766,                4119P   3631
0.00000469876763,0.00000469876763,1.,1.,0.01658688340523,0.,0.,     4119P   3632
0.96840102894238,0.,0.,-0.00000521219766,0.00000469876763,0.,0.,    4119P   3633
1.;                                                                 4119P   3634
126,1,1,1,0,1,0,0.,0.,1.,1.,1.,1.,0.96840102894238,0.,0.,1.,0.,     4121P   3635
0.,0.,1.,0.,0.,1.;                                                  4121P   3636
126,1,1,1,0,1,0,-0.0001,-0.0001,0.,0.,1.,1.,1.,0.,0.,1.,1.,0.,      4123P   3637
-0.0001,0.,0.,0.,1.;                                                4123P   3638
126,1,1,1,0,1,0,0.,0.,1.,1.,1.,1.,1.,1.,0.,0.96840102894238,1.,     4125P   3639
0.,0.,1.,0.,0.,1.;                                                  4125P   3640
126,1,1,1,0,1,0,-0.00000469876763,-0.00000469876763,                4127P   3641
0.00000521219766,0.00000521219766,1.,1.,0.96840102894238,1.,0.,     4127P   3642
0.01658688340523,1.,0.,-0.00000469876763,0.00000521219766,0.,0.,    4127P   3643
1.;                                                                 4127P   3644
126,1,1,1,0,1,0,0.,0.,1.,1.,1.,1.,0.01658688340523,1.,0.,0.,1.,     4129P   3645
0.,0.,1.,0.,0.,1.;                                                  4129P   3646
126,1,1,1,0,1,0,0.,0.,0.0001,0.0001,1.,1.,0.,1.,0.,0.,0.,0.,0.,     4131P   3647
0.0001,0.,0.,1.;                                                    4131P   3648
126,1,1,1,0,1,0,0.,0.,1.,1.,1.,1.,0.,0.,0.,0.01658688340523,0.,     4133P   3649
0.,0.,1.,0.,0.,1.;                                                  4133P   3650
102,8,4119,4121,4123,4125,4127,4129,4131,4133;                      4135P   3651
110,0.00040251699993,-0.00025,0.00013729898687,0.00040549280288,    4137P   3652
-0.00025,0.00012784531933;                                          4137P   3653
110,0.00040559159561,-0.00025,0.00012753147007,0.00040559159561,    4139P   3654
-0.00015,0.00012753147007;                                          4139P   3655
110,0.00040549280288,-0.00015,0.00012784531933,0.00040251699993,    4141P   3656
-0.00015,0.00013729898687;                                          4141P   3657
110,0.00040246514181,-0.00015,0.00013746373214,0.00040246514181,    4143P   3658
-0.00025,0.00013746373214;                                          4143P   3659
102,4,4137,4139,4141,4143;                                          4145P   3660
142,1,4117,4135,4145,2;                                             4147P   3661
144,4117,1,0,4147;                                                  4149P   3662
110,0.00040559941993,-0.00025,0.00014732246151,0.00040246514181,    4151P   3663
-0.00025,0.00013746373214;                                          4151P   3664
122,4151,0.00040559941993,-0.00015,0.00014732246151;                4153P   3665
126,1,1,1,0,1,0,-0.00000467379539,-0.00000467379539,                4155P   3666
0.00000517496581,0.00000517496581,1.,1.,0.03143512542092,0.,0.,     4155P   3667
0.98346964657595,0.,0.,-0.00000467379539,0.00000517496581,0.,0.,    4155P   3668
1.;                                                                 4155P   3669
126,1,1,1,0,1,0,0.,0.,1.,1.,1.,1.,0.98346964657595,0.,0.,1.,0.,     4157P   3670
0.,0.,1.,0.,0.,1.;                                                  4157P   3671
126,1,1,1,0,1,0,-0.0001,-0.0001,0.,0.,1.,1.,1.,0.,0.,1.,1.,0.,      4159P   3672
-0.0001,0.,0.,0.,1.;                                                4159P   3673
126,1,1,1,0,1,0,0.,0.,1.,1.,1.,1.,1.,1.,0.,0.98346964657595,1.,     4161P   3674
0.,0.,1.,0.,0.,1.;                                                  4161P   3675
126,1,1,1,0,1,0,-0.00000517496581,-0.00000517496581,                4163P   3676
0.00000467379539,0.00000467379539,1.,1.,0.98346964657595,1.,0.,     4163P   3677
0.03143512542092,1.,0.,-0.00000517496581,0.00000467379539,0.,0.,    4163P   3678
1.;                                                                 4163P   3679
126,1,1,1,0,1,0,0.,0.,1.,1.,1.,1.,0.03143512542092,1.,0.,0.,1.,     4165P   3680
0.,0.,1.,0.,0.,1.;                                                  4165P   3681
126,1,1,1,0,1,0,0.,0.,0.0001,0.0001,1.,1.,0.,1.,0.,0.,0.,0.,0.,     4167P   3682
0.0001,0.,0.,1.;                                                    4167P   3683
126,1,1,1,0,1,0,0.,0.,1.,1.,1.,1.,0.,0.,0.,0.03143512542092,0.,     4169P   3684
0.,0.,1.,0.,0.,1.;                                                  4169P   3685
102,8,4155,4157,4159,4161,4163,4165,4167,4169;                      4171P   3686
110,0.00040550089351,-0.00025,0.00014701255112,0.00040251695253,    4173P   3687
-0.00025,0.00013762670042;                                          4173P   3688
110,0.00040246514181,-0.00025,0.00013746373214,0.00040246514181,    4175P   3689
-0.00015,0.00013746373214;                                          4175P   3690
110,0.00040251695253,-0.00015,0.00013762670042,0.00040550089351,    4177P   3691
-0.00015,0.00014701255112;                                          4177P   3692
110,0.00040559941993,-0.00015,0.00014732246151,0.00040559941993,    4179P   3693
-0.00025,0.00014732246151;                                          4179P   3694
102,4,4173,4175,4177,4179;                                          4181P   3695
142,1,4153,4171,4181,2;                                             4183P   3696
144,4153,1,0,4183;                                                  4185P   3697
110,0.00041449824619,-0.00025,0.00015082046364,0.00040559941993,    4187P   3698
-0.00025,0.00014732246151;                                          4187P   3699
122,4187,0.00041449824619,-0.00015,0.00015082046364;                4189P   3700
126,1,1,1,0,1,0,-0.00000471785173,-0.00000471785173,                4191P   3701
0.00000438774952,0.00000438774952,1.,1.,0.02502564803351,0.,0.,     4191P   3702
0.97733015554189,0.,0.,-0.00000471785173,0.00000438774952,0.,0.,    4191P   3703
1.;                                                                 4191P   3704
126,1,1,1,0,1,0,0.,0.,1.,1.,1.,1.,0.97733015554189,0.,0.,1.,0.,     4193P   3705
0.,0.,1.,0.,0.,1.;                                                  4193P   3706
126,1,1,1,0,1,0,-0.0001,-0.0001,0.,0.,1.,1.,1.,0.,0.,1.,1.,0.,      4195P   3707
-0.0001,0.,0.,0.,1.;                                                4195P   3708
126,1,1,1,0,1,0,0.,0.,1.,1.,1.,1.,1.,1.,0.,0.97733015554189,1.,     4197P   3709
0.,0.,1.,0.,0.,1.;                                                  4197P   3710
126,1,1,1,0,1,0,-0.00000438774952,-0.00000438774952,                4199P   3711
0.00000471785173,0.00000471785173,1.,1.,0.97733015554189,1.,0.,     4199P   3712
0.02502564803351,1.,0.,-0.00000438774952,0.00000471785173,0.,0.,    4199P   3713
1.;                                                                 4199P   3714
126,1,1,1,0,1,0,0.,0.,1.,1.,1.,1.,0.02502564803351,1.,0.,0.,1.,     4201P   3715
0.,0.,1.,0.,0.,1.;                                                  4201P   3716
126,1,1,1,0,1,0,0.,0.,0.0001,0.0001,1.,1.,0.,1.,0.,0.,0.,0.,0.,     4203P   3717
0.0001,0.,0.,1.;                                                    4203P   3718
126,1,1,1,0,1,0,0.,0.,1.,1.,1.,1.,0.,0.,0.,0.02502564803351,0.,     4205P   3719
0.,0.,1.,0.,0.,1.;                                                  4205P   3720
102,8,4191,4193,4195,4197,4199,4201,4203,4205;                      4207P   3721
110,0.0004142755473,-0.00025,0.00015073292387,0.00040580115494,     4209P   3722
-0.00025,0.00014740176068;                                          4209P   3723
110,0.00040559941993,-0.00025,0.00014732246151,0.00040559941993,    4211P   3724
-0.00015,0.00014732246151;                                          4211P   3725
110,0.00040580115494,-0.00015,0.00014740176068,0.0004142755473,     4213P   3726
-0.00015,0.00015073292387;                                          4213P   3727
110,0.00041449824619,-0.00015,0.00015082046364,0.00041449824619,    4215P   3728
-0.00025,0.00015082046364;                                          4215P   3729
102,4,4209,4211,4213,4215;                                          4217P   3730
142,1,4189,4207,4217,2;                                             4219P   3731
144,4189,1,0,4219;                                                  4221P   3732
110,0.00042325206127,-0.00025,0.00014726315907,0.00041449824619,    4223P   3733
-0.00025,0.00015082046364;                                          4223P   3734
122,4223,0.00042325206127,-0.00015,0.00014726315907;                4225P   3735
126,1,1,1,0,1,0,-0.00000437086584,-0.00000437086584,                4227P   3736
0.00000463597693,0.00000463597693,1.,1.,0.02172601454852,0.,0.,     4227P   3737
0.97493143990734,0.,0.,-0.00000437086584,0.00000463597693,0.,0.,    4227P   3738
1.;                                                                 4227P   3739
126,1,1,1,0,1,0,0.,0.,1.,1.,1.,1.,0.97493143990734,0.,0.,1.,0.,     4229P   3740
0.,0.,1.,0.,0.,1.;                                                  4229P   3741
126,1,1,1,0,1,0,-0.0001,-0.0001,0.,0.,1.,1.,1.,0.,0.,1.,1.,0.,      4231P   3742
-0.0001,0.,0.,0.,1.;                                                4231P   3743
126,1,1,1,0,1,0,0.,0.,1.,1.,1.,1.,1.,1.,0.,0.97493143990734,1.,     4233P   3744
0.,0.,1.,0.,0.,1.;                                                  4233P   3745
126,1,1,1,0,1,0,-0.00000463597693,-0.00000463597693,                4235P   3746
0.00000437086584,0.00000437086584,1.,1.,0.97493143990734,1.,0.,     4235P   3747
0.02172601454852,1.,0.,-0.00000463597693,0.00000437086584,0.,0.,    4235P   3748
1.;                                                                 4235P   3749
126,1,1,1,0,1,0,0.,0.,1.,1.,1.,1.,0.02172601454852,1.,0.,-0.,1.,    4237P   3750
0.,0.,1.,0.,0.,1.;                                                  4237P   3751
126,1,1,1,0,1,0,0.,0.,0.0001,0.0001,1.,1.,-0.,1.,0.,-0.,0.,0.,      4239P   3752
0.,0.0001,0.,0.,1.;                                                 4239P   3753
126,1,1,1,0,1,0,0.,0.,1.,1.,1.,1.,-0.,0.,0.,0.02172601454852,0.,    4241P   3754
0.,0.,1.,0.,0.,1.;                                                  4241P   3755
102,8,4227,4229,4231,4233,4235,4237,4239,4241;                      4243P   3756
110,0.00042306187576,-0.00025,0.00014734044512,0.00041471769173,    4245P   3757
-0.00025,0.00015073128714;                                          4245P   3758
110,0.00041449824619,-0.00025,0.00015082046364,0.00041449824619,    4247P   3759
-0.00015,0.00015082046364;                                          4247P   3760
110,0.00041471769173,-0.00015,0.00015073128714,0.00042306187576,    4249P   3761
-0.00015,0.00014734044512;                                          4249P   3762
110,0.00042325206127,-0.00015,0.00014726315907,0.00042325206127,    4251P   3763
-0.00025,0.00014726315907;                                          4251P   3764
102,4,4245,4247,4249,4251;                                          4253P   3765
142,1,4225,4243,4253,2;                                             4255P   3766
144,4225,1,0,4255;                                                  4257P   3767
110,0.00042627601037,-0.00025,0.00013783040647,0.00042325206127,    4259P   3768
-0.00025,0.00014726315907;                                          4259P   3769
122,4259,0.00042627601037,-0.00015,0.00013783040647;                4261P   3770
126,1,1,1,0,1,0,-0.0000048938223,-0.0000048938223,                  4263P   3771
0.00000468606414,0.00000468606414,1.,1.,-0.,0.,0.,                  4263P   3772
0.96711736083242,0.,0.,-0.0000048938223,0.00000468606414,0.,0.,     4263P   3773
1.;                                                                 4263P   3774
126,1,1,1,0,1,0,0.,0.,1.,1.,1.,1.,0.96711736083242,0.,0.,1.,0.,     4265P   3775
0.,0.,1.,0.,0.,1.;                                                  4265P   3776
126,1,1,1,0,1,0,-0.0001,-0.0001,0.,0.,1.,1.,1.,0.,0.,1.,1.,0.,      4267P   3777
-0.0001,0.,0.,0.,1.;                                                4267P   3778
126,1,1,1,0,1,0,0.,0.,1.,1.,1.,1.,1.,1.,0.,0.96711736083242,1.,     4269P   3779
0.,0.,1.,0.,0.,1.;                                                  4269P   3780
126,1,1,1,0,1,0,-0.00000468606414,-0.00000468606414,                4271P   3781
0.0000048938223,0.0000048938223,1.,1.,0.96711736083242,1.,0.,       4271P   3782
-0.,1.,0.,-0.00000468606414,0.0000048938223,0.,0.,1.;               4271P   3783
126,1,1,1,0,1,0,0.,0.,0.0001,0.0001,1.,1.,-0.,1.,0.,-0.,0.,0.,      4273P   3784
0.,0.0001,0.,0.,1.;                                                 4273P   3785
102,6,4263,4265,4267,4269,4271,4273;                                4275P   3786
110,0.00042627601037,-0.00025,0.00013783040647,0.0004233514967,     4277P   3787
-0.00025,0.00014695298527;                                          4277P   3788
110,0.00042325206127,-0.00025,0.00014726315907,0.00042325206127,    4279P   3789
-0.00015,0.00014726315907;                                          4279P   3790
110,0.0004233514967,-0.00015,0.00014695298527,0.00042627601037,     4281P   3791
-0.00015,0.00013783040647;                                          4281P   3792
110,0.00042627601037,-0.00015,0.00013783040647,0.00042627601037,    4283P   3793
-0.00025,0.00013783040647;                                          4283P   3794
102,4,4277,4279,4281,4283;                                          4285P   3795
142,1,4261,4275,4285,2;                                             4287P   3796
144,4261,1,0,4287;                                                  4289P   3797
110,0.00042098801298,-0.00025,0.00012939909514,0.00041446406497,    4291P   3798
-0.00025,0.0001266791238;                                           4291P   3799
122,4291,0.00042098801298,-0.00015,0.00012939909514;                4293P   3800
126,1,1,1,0,1,0,-0.00000324180091,-0.00000324180091,                4295P   3801
0.00000349731517,0.00000349731517,1.,1.,0.01938333595478,0.,0.,     4295P   3802
0.9728183689421,0.,0.,-0.00000324180091,0.00000349731517,0.,0.,     4295P   3803
1.;                                                                 4295P   3804
126,1,1,1,0,1,0,0.,0.,1.,1.,1.,1.,0.9728183689421,0.,0.,1.,0.,      4297P   3805
0.,0.,1.,0.,0.,1.;                                                  4297P   3806
126,1,1,1,0,1,0,-0.0001,-0.0001,0.,0.,1.,1.,1.,0.,0.,1.,1.,0.,      4299P   3807
-0.0001,0.,0.,0.,1.;                                                4299P   3808
126,1,1,1,0,1,0,0.,0.,1.,1.,1.,1.,1.,1.,0.,0.9728183689421,1.,      4301P   3809
0.,0.,1.,0.,0.,1.;                                                  4301P   3810
126,1,1,1,0,1,0,-0.00000349731517,-0.00000349731517,                4303P   3811
0.00000324180091,0.00000324180091,1.,1.,0.9728183689421,1.,0.,      4303P   3812
0.01938333595478,1.,0.,-0.00000349731517,0.00000324180091,0.,0.,    4303P   3813
1.;                                                                 4303P   3814
126,1,1,1,0,1,0,0.,0.,1.,1.,1.,1.,0.01938333595478,1.,0.,0.,1.,     4305P   3815
0.,0.,1.,0.,0.,1.;                                                  4305P   3816
126,1,1,1,0,1,0,0.,0.,0.0001,0.0001,1.,1.,0.,1.,0.,0.,0.,0.,0.,     4307P   3817
0.0001,0.,0.,1.;                                                    4307P   3818
126,1,1,1,0,1,0,0.,0.,1.,1.,1.,1.,0.,0.,0.,0.01938333595478,0.,     4309P   3819
0.,0.,1.,0.,0.,1.;                                                  4309P   3820
102,8,4295,4297,4299,4301,4303,4305,4307,4309;                      4311P   3821
110,0.0004208615571,-0.00025,0.00012934637303,0.00041464139651,     4313P   3822
-0.00025,0.00012675305705;                                          4313P   3823
110,0.00041446406497,-0.00025,0.0001266791238,0.00041446406497,     4315P   3824
-0.00015,0.0001266791238;                                           4315P   3825
110,0.00041464139651,-0.00015,0.00012675305705,0.0004208615571,     4317P   3826
-0.00015,0.00012934637303;                                          4317P   3827
110,0.00042098801298,-0.00015,0.00012939909514,0.00042098801298,    4319P   3828
-0.00025,0.00012939909514;                                          4319P   3829
102,4,4313,4315,4317,4319;                                          4321P   3830
142,1,4293,4311,4321,2;                                             4323P   3831
144,4293,1,0,4323;                                                  4325P   3832
110,0.00042319361621,-0.00025,0.00013742464497,0.00042098801298,    4327P   3833
-0.00025,0.00012939909514;                                          4327P   3834
122,4327,0.00042319361621,-0.00015,0.00013742464497;                4329P   3835
126,1,1,1,0,1,0,-0.00000423600661,-0.00000423600661,                4331P   3836
0.00000369735798,0.00000369735798,1.,1.,0.01250800148134,0.,0.,     4331P   3837
0.96568127326064,0.,0.,-0.00000423600661,0.00000369735798,0.,0.,    4331P   3838
1.;                                                                 4331P   3839
126,1,1,1,0,1,0,0.,0.,1.,1.,1.,1.,0.96568127326064,0.,0.,1.,0.,     4333P   3840
0.,0.,1.,0.,0.,1.;                                                  4333P   3841
126,1,1,1,0,1,0,-0.0001,-0.0001,0.,0.,1.,1.,1.,0.,0.,1.,1.,0.,      4335P   3842
-0.0001,0.,0.,0.,1.;                                                4335P   3843
126,1,1,1,0,1,0,0.,0.,1.,1.,1.,1.,1.,1.,0.,0.96568127326064,1.,     4337P   3844
0.,0.,1.,0.,0.,1.;                                                  4337P   3845
126,1,1,1,0,1,0,-0.00000369735798,-0.00000369735798,                4339P   3846
0.00000423600661,0.00000423600661,1.,1.,0.96568127326064,1.,0.,     4339P   3847
0.01250800148134,1.,0.,-0.00000369735798,0.00000423600661,0.,0.,    4339P   3848
1.;                                                                 4339P   3849
126,1,1,1,0,1,0,0.,0.,1.,1.,1.,1.,0.01250800148134,1.,0.,0.,1.,     4341P   3850
0.,0.,1.,0.,0.,1.;                                                  4341P   3851
126,1,1,1,0,1,0,0.,0.,0.0001,0.0001,1.,1.,0.,1.,0.,0.,0.,0.,0.,     4343P   3852
0.0001,0.,0.,1.;                                                    4343P   3853
126,1,1,1,0,1,0,0.,0.,1.,1.,1.,1.,0.,0.,0.,0.01250800148134,0.,     4345P   3854
0.,0.,1.,0.,0.,1.;                                                  4345P   3855
102,8,4331,4333,4335,4337,4339,4341,4343,4345;                      4347P   3856
110,0.00042316602852,-0.00025,0.00013732426138,0.00042106370647,    4349P   3857
-0.00025,0.0001296745218;                                           4349P   3858
110,0.00042098801298,-0.00025,0.00012939909514,0.00042098801298,    4351P   3859
-0.00015,0.00012939909514;                                          4351P   3860
110,0.00042106370647,-0.00015,0.0001296745218,0.00042316602852,     4353P   3861
-0.00015,0.00013732426138;                                          4353P   3862
110,0.00042319361621,-0.00015,0.00013742464497,0.00042319361621,    4355P   3863
-0.00025,0.00013742464497;                                          4355P   3864
102,4,4349,4351,4353,4355;                                          4357P   3865
142,1,4329,4347,4357,2;                                             4359P   3866
144,4329,1,0,4359;                                                  4361P   3867
110,0.00042099317011,-0.00025,0.00014539698662,0.00042319361621,    4363P   3868
-0.00025,0.00013742464497;                                          4363P   3869
122,4363,0.00042099317011,-0.00015,0.00014539698662;                4365P   3870
126,1,1,1,0,1,0,-0.00000367290484,-0.00000367290484,                4367P   3871
0.00000419814705,0.00000419814705,1.,1.,0.03452565650602,0.,0.,     4367P   3872
0.98623450463045,0.,0.,-0.00000367290484,0.00000419814705,0.,0.,    4367P   3873
1.;                                                                 4367P   3874
126,1,1,1,0,1,0,0.,0.,1.,1.,1.,1.,0.98623450463045,0.,0.,1.,0.,     4369P   3875
0.,0.,1.,0.,0.,1.;                                                  4369P   3876
126,1,1,1,0,1,0,-0.0001,-0.0001,0.,0.,1.,1.,1.,0.,0.,1.,1.,0.,      4371P   3877
-0.0001,0.,0.,0.,1.;                                                4371P   3878
126,1,1,1,0,1,0,0.,0.,1.,1.,1.,1.,1.,1.,0.,0.98623450463045,1.,     4373P   3879
0.,0.,1.,0.,0.,1.;                                                  4373P   3880
126,1,1,1,0,1,0,-0.00000419814705,-0.00000419814705,                4375P   3881
0.00000367290484,0.00000367290484,1.,1.,0.98623450463045,1.,0.,     4375P   3882
0.03452565650602,1.,0.,-0.00000419814705,0.00000367290484,0.,0.,    4375P   3883
1.;                                                                 4375P   3884
126,1,1,1,0,1,0,0.,0.,1.,1.,1.,1.,0.03452565650602,1.,0.,0.,1.,     4377P   3885
0.,0.,1.,0.,0.,1.;                                                  4377P   3886
126,1,1,1,0,1,0,0.,0.,0.0001,0.0001,1.,1.,0.,1.,0.,0.,0.,0.,0.,     4379P   3887
0.0001,0.,0.,1.;                                                    4379P   3888
126,1,1,1,0,1,0,0.,0.,1.,1.,1.,1.,0.,0.,0.,0.03452565650602,0.,     4381P   3889
0.,0.,1.,0.,0.,1.;                                                  4381P   3890
102,8,4367,4369,4371,4373,4375,4377,4379,4381;                      4383P   3891
110,0.00042106914195,-0.00025,0.00014512173629,0.00042316332598,    4385P   3892
-0.00025,0.0001375343882;                                           4385P   3893
110,0.00042319361621,-0.00025,0.00013742464497,0.00042319361621,    4387P   3894
-0.00015,0.00013742464497;                                          4387P   3895
110,0.00042316332598,-0.00015,0.0001375343882,0.00042106914195,     4389P   3896
-0.00015,0.00014512173629;                                          4389P   3897
110,0.00042099317011,-0.00015,0.00014539698662,0.00042099317011,    4391P   3898
-0.00025,0.00014539698662;                                          4391P   3899
102,4,4385,4387,4389,4391;                                          4393P   3900
142,1,4365,4383,4393,2;                                             4395P   3901
144,4365,1,0,4395;                                                  4397P   3902
110,0.00041449303357,-0.00025,0.00014810917143,0.00042099317011,    4399P   3903
-0.00025,0.00014539698662;                                          4399P   3904
122,4399,0.00041449303357,-0.00015,0.00014810917143;                4401P   3905
126,1,1,1,0,1,0,-0.00000348370234,-0.00000348370234,                4403P   3906
0.00000322974835,0.00000322974835,1.,1.,0.02775990417787,0.,0.,     4403P   3907
0.98093165602974,0.,0.,-0.00000348370234,0.00000322974835,0.,0.,    4403P   3908
1.;                                                                 4403P   3909
126,1,1,1,0,1,0,0.,0.,1.,1.,1.,1.,0.98093165602974,0.,0.,1.,0.,     4405P   3910
0.,0.,1.,0.,0.,1.;                                                  4405P   3911
126,1,1,1,0,1,0,-0.0001,-0.0001,0.,0.,1.,1.,1.,0.,0.,1.,1.,0.,      4407P   3912
-0.0001,0.,0.,0.,1.;                                                4407P   3913
126,1,1,1,0,1,0,0.,0.,1.,1.,1.,1.,1.,1.,0.,0.98093165602974,1.,     4409P   3914
0.,0.,1.,0.,0.,1.;                                                  4409P   3915
126,1,1,1,0,1,0,-0.00000322974835,-0.00000322974835,                4411P   3916
0.00000348370234,0.00000348370234,1.,1.,0.98093165602974,1.,0.,     4411P   3917
0.02775990417787,1.,0.,-0.00000322974835,0.00000348370234,0.,0.,    4411P   3918
1.;                                                                 4411P   3919
126,1,1,1,0,1,0,0.,0.,1.,1.,1.,1.,0.02775990417787,1.,0.,0.,1.,     4413P   3920
0.,0.,1.,0.,0.,1.;                                                  4413P   3921
126,1,1,1,0,1,0,0.,0.,0.0001,0.0001,1.,1.,0.,1.,0.,0.,0.,0.,0.,     4415P   3922
0.0001,0.,0.,1.;                                                    4415P   3923
126,1,1,1,0,1,0,0.,0.,1.,1.,1.,1.,0.,0.,0.,0.02775990417787,0.,     4417P   3924
0.,0.,1.,0.,0.,1.;                                                  4417P   3925
102,8,4403,4405,4407,4409,4411,4413,4415,4417;                      4419P   3926
110,0.00041467347674,-0.00025,0.00014803388144,0.00042086922327,    4421P   3927
-0.00025,0.00014544870349;                                          4421P   3928
110,0.00042099317011,-0.00025,0.00014539698662,0.00042099317011,    4423P   3929
-0.00015,0.00014539698662;                                          4423P   3930
110,0.00042086922327,-0.00015,0.00014544870349,0.00041467347674,    4425P   3931
-0.00015,0.00014803388144;                                          4425P   3932
110,0.00041449303357,-0.00015,0.00014810917143,0.00041449303357,    4427P   3933
-0.00025,0.00014810917143;                                          4427P   3934
102,4,4421,4423,4425,4427;                                          4429P   3935
142,1,4401,4419,4429,2;                                             4431P   3936
144,4401,1,0,4431;                                                  4433P   3937
110,0.00040792001178,-0.00025,0.00014537634297,0.00041449303357,    4435P   3938
-0.00025,0.00014810917143;                                          4435P   3939
122,4435,0.00040792001178,-0.00015,0.00014537634297;                4437P   3940
126,1,1,1,0,1,0,-0.00000327001223,-0.00000327001223,                4439P   3941
0.00000351334314,0.00000351334314,1.,1.,0.01975879020744,0.,0.,     4439P   3942
0.97267870481228,0.,0.,-0.00000327001223,0.00000351334314,0.,0.,    4439P   3943
1.;                                                                 4439P   3944
126,1,1,1,0,1,0,0.,0.,1.,1.,1.,1.,0.97267870481228,0.,0.,1.,0.,     4441P   3945
0.,0.,1.,0.,0.,1.;                                                  4441P   3946
126,1,1,1,0,1,0,-0.0001,-0.0001,0.,0.,1.,1.,1.,0.,0.,1.,1.,0.,      4443P   3947
-0.0001,0.,0.,0.,1.;                                                4443P   3948
126,1,1,1,0,1,0,0.,0.,1.,1.,1.,1.,1.,1.,0.,0.97267870481228,1.,     4445P   3949
0.,0.,1.,0.,0.,1.;                                                  4445P   3950
126,1,1,1,0,1,0,-0.00000351334314,-0.00000351334314,                4447P   3951
0.00000327001223,0.00000327001223,1.,1.,0.97267870481228,1.,0.,     4447P   3952
0.01975879020744,1.,0.,-0.00000351334314,0.00000327001223,0.,0.,    4447P   3953
1.;                                                                 4447P   3954
126,1,1,1,0,1,0,0.,0.,1.,1.,1.,1.,0.01975879020744,1.,0.,0.,1.,     4449P   3955
0.,0.,1.,0.,0.,1.;                                                  4449P   3956
126,1,1,1,0,1,0,0.,0.,0.0001,0.0001,1.,1.,0.,1.,0.,0.,0.,0.,0.,     4451P   3957
0.0001,0.,0.,1.;                                                    4451P   3958
126,1,1,1,0,1,0,0.,0.,1.,1.,1.,1.,0.,0.,0.,0.01975879020744,0.,     4453P   3959
0.,0.,1.,0.,0.,1.;                                                  4453P   3960
102,8,4439,4441,4443,4445,4447,4449,4451,4453;                      4455P   3961
110,0.00040804988674,-0.00025,0.00014543034035,0.0004143134501,     4457P   3962
-0.00025,0.00014803450702;                                          4457P   3963
110,0.00041449303357,-0.00025,0.00014810917143,0.00041449303357,    4459P   3964
-0.00015,0.00014810917143;                                          4459P   3965
110,0.0004143134501,-0.00015,0.00014803450702,0.00040804988674,     4461P   3966
-0.00015,0.00014543034035;                                          4461P   3967
110,0.00040792001178,-0.00015,0.00014537634297,0.00040792001178,    4463P   3968
-0.00025,0.00014537634297;                                          4463P   3969
102,4,4457,4459,4461,4463;                                          4465P   3970
142,1,4437,4455,4465,2;                                             4467P   3971
144,4437,1,0,4467;                                                  4469P   3972
110,0.00040566595915,-0.00025,0.00013742589187,0.00040792001178,    4471P   3973
-0.00025,0.00014537634297;                                          4471P   3974
122,4471,0.00040566595915,-0.00015,0.00013742589187;                4473P   3975
126,1,1,1,0,1,0,-0.00000418299438,-0.00000418299438,                4475P   3976
0.00000368365666,0.00000368365666,1.,1.,0.01421432736917,0.,0.,     4475P   3977
0.9661552019896,0.,0.,-0.00000418299438,0.00000368365666,0.,0.,     4475P   3978
1.;                                                                 4475P   3979
126,1,1,1,0,1,0,0.,0.,1.,1.,1.,1.,0.9661552019896,0.,0.,1.,0.,      4477P   3980
0.,0.,1.,0.,0.,1.;                                                  4477P   3981
126,1,1,1,0,1,0,-0.0001,-0.0001,0.,0.,1.,1.,1.,0.,0.,1.,1.,0.,      4479P   3982
-0.0001,0.,0.,0.,1.;                                                4479P   3983
126,1,1,1,0,1,0,0.,0.,1.,1.,1.,1.,1.,1.,0.,0.9661552019896,1.,      4481P   3984
0.,0.,1.,0.,0.,1.;                                                  4481P   3985
126,1,1,1,0,1,0,-0.00000368365666,-0.00000368365666,                4483P   3986
0.00000418299438,0.00000418299438,1.,1.,0.9661552019896,1.,0.,      4483P   3987
0.01421432736917,1.,0.,-0.00000368365666,0.00000418299438,0.,0.,    4483P   3988
1.;                                                                 4483P   3989
126,1,1,1,0,1,0,0.,0.,1.,1.,1.,1.,0.01421432736917,1.,0.,0.,1.,     4485P   3990
0.,0.,1.,0.,0.,1.;                                                  4485P   3991
126,1,1,1,0,1,0,0.,0.,0.0001,0.0001,1.,1.,0.,1.,0.,0.,0.,0.,0.,     4487P   3992
0.0001,0.,0.,1.;                                                    4487P   3993
126,1,1,1,0,1,0,0.,0.,1.,1.,1.,1.,0.,0.,0.,0.01421432736917,0.,     4489P   3994
0.,0.,1.,0.,0.,1.;                                                  4489P   3995
102,8,4475,4477,4479,4481,4483,4485,4487,4489;                      4491P   3996
110,0.00040569799899,-0.00025,0.00013753890218,0.00040784372382,    4493P   3997
-0.00025,0.00014510726156;                                          4493P   3998
110,0.00040792001178,-0.00025,0.00014537634297,0.00040792001178,    4495P   3999
-0.00015,0.00014537634297;                                          4495P   4000
110,0.00040784372382,-0.00015,0.00014510726156,0.00040569799899,    4497P   4001
-0.00015,0.00013753890218;                                          4497P   4002
110,0.00040566595915,-0.00015,0.00013742589187,0.00040566595915,    4499P   4003
-0.00025,0.00013742589187;                                          4499P   4004
102,4,4493,4495,4497,4499;                                          4501P   4005
142,1,4473,4491,4501,2;                                             4503P   4006
144,4473,1,0,4503;                                                  4505P   4007
110,0.00040791594714,-0.00025,0.00012941582084,0.00040566595915,    4507P   4008
-0.00025,0.00013742589187;                                          4507P   4009
122,4507,0.00040791594714,-0.00015,0.00012941582084;                4509P   4010
126,1,1,1,0,1,0,-0.0000037065644,-0.0000037065644,                  4511P   4011
0.00000422796511,0.00000422796511,1.,1.,0.03316638623339,0.,0.,     4511P   4012
0.98682695429252,0.,0.,-0.0000037065644,0.00000422796511,0.,0.,     4511P   4013
1.;                                                                 4511P   4014
126,1,1,1,0,1,0,0.,0.,1.,1.,1.,1.,0.98682695429252,0.,0.,1.,0.,     4513P   4015
0.,0.,1.,0.,0.,1.;                                                  4513P   4016
126,1,1,1,0,1,0,-0.0001,-0.0001,0.,0.,1.,1.,1.,0.,0.,1.,1.,0.,      4515P   4017
-0.0001,0.,0.,0.,1.;                                                4515P   4018
126,1,1,1,0,1,0,0.,0.,1.,1.,1.,1.,1.,1.,0.,0.98682695429252,1.,     4517P   4019
0.,0.,1.,0.,0.,1.;                                                  4517P   4020
126,1,1,1,0,1,0,-0.00000422796511,-0.00000422796511,                4519P   4021
0.0000037065644,0.0000037065644,1.,1.,0.98682695429252,1.,0.,       4519P   4022
0.03316638623339,1.,0.,-0.00000422796511,0.0000037065644,0.,0.,     4519P   4023
1.;                                                                 4519P   4024
126,1,1,1,0,1,0,0.,0.,1.,1.,1.,1.,0.03316638623339,1.,0.,0.,1.,     4521P   4025
0.,0.,1.,0.,0.,1.;                                                  4521P   4026
126,1,1,1,0,1,0,0.,0.,0.0001,0.0001,1.,1.,0.,1.,0.,0.,0.,0.,0.,     4523P   4027
0.0001,0.,0.,1.;                                                    4523P   4028
126,1,1,1,0,1,0,0.,0.,1.,1.,1.,1.,0.,0.,0.,0.03316638623339,0.,     4525P   4029
0.,0.,1.,0.,0.,1.;                                                  4525P   4030
102,8,4511,4513,4515,4517,4519,4521,4523,4525;                      4527P   4031
110,0.00040784132317,-0.00025,0.00012968148595,0.00040569559835,    4529P   4032
-0.00025,0.00013732037484;                                          4529P   4033
110,0.00040566595915,-0.00025,0.00013742589187,0.00040566595915,    4531P   4034
-0.00015,0.00013742589187;                                          4531P   4035
110,0.00040569559835,-0.00015,0.00013732037484,0.00040784132317,    4533P   4036
-0.00015,0.00012968148595;                                          4533P   4037
110,0.00040791594714,-0.00015,0.00012941582084,0.00040791594714,    4535P   4038
-0.00025,0.00012941582084;                                          4535P   4039
102,4,4529,4531,4533,4535;                                          4537P   4040
142,1,4509,4527,4537,2;                                             4539P   4041
144,4509,1,0,4539;                                                  4541P   4042
110,-0.00049,0.00025,0.,-0.00049,0.00025,0.00018;                   4543P   4043
122,4543,0.00049,0.00025,0.;                                        4545P   4044
126,1,1,1,0,1,0,-0.00049,-0.00049,-0.00035,-0.00035,1.,1.,          4547P   4045
0.94444444444444,0.,0.,0.94444444444444,0.14285714285677,0.,        4547P   4046
-0.00049,-0.00035,0.,0.,1.;                                         4547P   4047
126,1,1,1,0,1,0,0.,0.,0.00001,0.00001,1.,1.,0.94444444444444,       4549P   4048
0.14285714285677,0.,1.,0.14285714285677,0.,0.,0.00001,0.,0.,1.;     4549P   4049
126,1,1,1,0,1,0,-0.00035,-0.00035,0.00035,0.00035,1.,1.,1.,         4551P   4050
0.14285714285677,0.,1.,0.85714285714276,0.,-0.00035,0.00035,0.,     4551P   4051
0.,1.;                                                              4551P   4052
126,1,1,1,0,1,0,-0.00001,-0.00001,0.,0.,1.,1.,1.,                   4553P   4053
0.85714285714276,0.,0.94444444444444,0.85714285714276,0.,           4553P   4054
-0.00001,0.,0.,0.,1.;                                               4553P   4055
126,1,1,1,0,1,0,0.00035,0.00035,0.00049,0.00049,1.,1.,              4555P   4056
0.94444444444444,0.85714285714276,0.,0.94444444444444,1.,0.,        4555P   4057
0.00035,0.00049,0.,0.,1.;                                           4555P   4058
126,1,1,1,0,1,0,-0.00008,-0.00008,0.00008,0.00008,1.,1.,            4557P   4059
0.94444444444444,1.,0.,0.05555555555556,1.,0.,-0.00008,0.00008,     4557P   4060
0.,0.,1.;                                                           4557P   4061
126,1,1,1,0,1,0,-0.00049,-0.00049,-0.0003,-0.0003,1.,1.,            4559P   4062
0.05555555555556,1.,0.,0.05555555555556,0.80612244897931,0.,        4559P   4063
-0.00049,-0.0003,0.,0.,1.;                                          4559P   4064
126,1,1,1,0,1,0,0.,0.,0.00001,0.00001,1.,1.,0.05555555555556,       4561P   4065
0.80612244897931,0.,0.,0.80612244897931,0.,0.,0.00001,0.,0.,1.;     4561P   4066
126,1,1,1,0,1,0,-0.0003,-0.0003,0.0003,0.0003,1.,1.,0.,             4563P   4067
0.80612244897931,0.,0.,0.19387755102022,0.,-0.0003,0.0003,0.,0.,    4563P   4068
1.;                                                                 4563P   4069
126,1,1,1,0,1,0,-0.00001,-0.00001,0.,0.,1.,1.,0.,                   4565P   4070
0.19387755102022,0.,0.05555555555556,0.19387755102022,0.,           4565P   4071
-0.00001,0.,0.,0.,1.;                                               4565P   4072
126,1,1,1,0,1,0,0.0003,0.0003,0.00049,0.00049,1.,1.,                4567P   4073
0.05555555555556,0.19387755102022,0.,0.05555555555556,0.,0.,        4567P   4074
0.0003,0.00049,0.,0.,1.;                                            4567P   4075
126,1,1,1,0,1,0,-0.00008,-0.00008,0.00008,0.00008,1.,1.,            4569P   4076
0.05555555555556,0.,0.,0.94444444444444,0.,0.,-0.00008,0.00008,     4569P   4077
0.,0.,1.;                                                           4569P   4078
102,12,4547,4549,4551,4553,4555,4557,4559,4561,4563,4565,4567,      4571P   4079
4569;                                                               4571P   4080
110,-0.00049,0.00025,0.00017,-0.00035,0.00025,0.00017;              4573P   4081
110,-0.00035,0.00025,0.00017,-0.00035,0.00025,0.00018;              4575P   4082
110,-0.00035,0.00025,0.00018,0.00035,0.00025,0.00018;               4577P   4083
110,0.00035,0.00025,0.00018,0.00035,0.00025,0.00017;                4579P   4084
110,0.00035,0.00025,0.00017,0.00049,0.00025,0.00017;                4581P   4085
110,0.00049,0.00025,0.00017,0.00049,0.00025,0.00001;                4583P   4086
110,0.00049,0.00025,0.00001,0.0003,0.00025,0.00001;                 4585P   4087
110,0.0003,0.00025,0.00001,0.0003,0.00025,0.;                       4587P   4088
110,0.0003,0.00025,0.,-0.0003,0.00025,0.;                           4589P   4089
110,-0.0003,0.00025,0.,-0.0003,0.00025,0.00001;                     4591P   4090
110,-0.0003,0.00025,0.00001,-0.00049,0.00025,0.00001;               4593P   4091
110,-0.00049,0.00025,0.00001,-0.00049,0.00025,0.00017;              4595P   4092
102,12,4573,4575,4577,4579,4581,4583,4585,4587,4589,4591,4593,      4597P   4093
4595;                                                               4597P   4094
142,1,4545,4571,4597,2;                                             4599P   4095
144,4545,1,0,4599;                                                  4601P   4096
308,0,7HDEFAULT,86,1325,1477,1509,1537,1569,1601,1629,1663,1695,    4603P   4097
1739,1767,1795,1823,1851,1879,1907,1935,1963,1991,2019,2047,        4603P   4098
2091,2119,2147,2175,2203,2231,2259,2331,2359,2387,2415,2443,        4603P   4099
2477,2505,2539,2567,2595,2623,2651,2679,2707,2735,2823,2873,        4603P   4100
2933,3157,3207,3239,3275,3311,3343,3371,3403,3435,3471,3507,        4603P   4101
3543,3581,3609,3641,3675,3709,3737,3769,3897,3933,3965,3993,        4603P   4102
4021,4049,4079,4113,4149,4185,4221,4257,4289,4325,4361,4397,        4603P   4103
4433,4469,4505,4541,4601;                                           4603P   4104
408,4603,0.,0.,0.,1.;                                               4605P   4105
124,1.,0.,0.,-0.00002110504218,0.,1.,0.,0.,0.,0.,1.,0.;             4607P   4106
110,-0.00035,-0.00025,0.00018,-0.00035,-0.00025,0.00017;            4609P   4107
122,4609,-0.00035,0.00025,0.00018;                                  4611P   4108
126,1,1,1,0,1,0,-0.00025,-0.00025,0.00025,0.00025,1.,1.,0.,1.,      4613P   4109
0.,0.,-0.,0.,-0.00025,0.00025,0.,0.,1.;                             4613P   4110
126,1,1,1,0,1,0,-0.00001,-0.00001,0.,0.,1.,1.,0.,-0.,0.,1.,-0.,     4615P   4111
0.,-0.00001,0.,0.,0.,1.;                                            4615P   4112
126,1,1,1,0,1,0,-0.00025,-0.00025,0.00025,0.00025,1.,1.,1.,-0.,     4617P   4113
0.,1.,1.,0.,-0.00025,0.00025,0.,0.,1.;                              4617P   4114
126,1,1,1,0,1,0,0.,0.,0.00001,0.00001,1.,1.,1.,1.,0.,0.,1.,0.,      4619P   4115
0.,0.00001,0.,0.,1.;                                                4619P   4116
102,4,4613,4615,4617,4619;                                          4621P   4117
110,-0.00035,0.00025,0.00018,-0.00035,-0.00025,0.00018;             4623P   4118
110,-0.00035,-0.00025,0.00018,-0.00035,-0.00025,0.00017;            4625P   4119
110,-0.00035,-0.00025,0.00017,-0.00035,0.00025,0.00017;             4627P   4120
110,-0.00035,0.00025,0.00017,-0.00035,0.00025,0.00018;              4629P   4121
102,4,4623,4625,4627,4629;                                          4631P   4122
142,1,4611,4621,4631,2;                                             4633P   4123
144,4611,1,0,4633;                                                  4635P   4124
110,-0.00045,0.00025,0.00018,-0.00035,0.00025,0.00018;              4637P   4125
122,4637,-0.00045,0.00025,0.00017;                                  4639P   4126
126,1,1,1,0,1,0,-0.00045,-0.00045,-0.00035,-0.00035,1.,1.,-0.,      4641P   4127
0.,0.,1.,0.,0.,-0.00045,-0.00035,0.,0.,1.;                          4641P   4128
126,1,1,1,0,1,0,-0.00001,-0.00001,0.,0.,1.,1.,1.,0.,0.,1.,1.,0.,    4643P   4129
-0.00001,0.,0.,0.,1.;                                               4643P   4130
126,1,1,1,0,1,0,0.00035,0.00035,0.00045,0.00045,1.,1.,1.,1.,0.,     4645P   4131
-0.,1.,0.,0.00035,0.00045,0.,0.,1.;                                 4645P   4132
126,1,1,1,0,1,0,0.,0.,0.00001,0.00001,1.,1.,-0.,1.,0.,-0.,0.,0.,    4647P   4133
0.,0.00001,0.,0.,1.;                                                4647P   4134
102,4,4641,4643,4645,4647;                                          4649P   4135
110,-0.00045,0.00025,0.00018,-0.00035,0.00025,0.00018;              4651P   4136
110,-0.00035,0.00025,0.00018,-0.00035,0.00025,0.00017;              4653P   4137
110,-0.00035,0.00025,0.00017,-0.00045,0.00025,0.00017;              4655P   4138
110,-0.00045,0.00025,0.00017,-0.00045,0.00025,0.00018;              4657P   4139
102,4,4651,4653,4655,4657;                                          4659P   4140
142,1,4639,4649,4659,2;                                             4661P   4141
144,4639,1,0,4661;                                                  4663P   4142
110,-0.00045,-0.00025,0.00017,-0.00045,-0.00025,0.00018;            4665P   4143
122,4665,-0.00045,0.00025,0.00017;                                  4667P   4144
126,1,1,1,0,1,0,-0.00025,-0.00025,0.00025,0.00025,1.,1.,1.,-0.,     4669P   4145
0.,1.,1.,0.,-0.00025,0.00025,0.,0.,1.;                              4669P   4146
126,1,1,1,0,1,0,-0.00001,-0.00001,0.,0.,1.,1.,1.,1.,0.,0.,1.,0.,    4671P   4147
-0.00001,0.,0.,0.,1.;                                               4671P   4148
126,1,1,1,0,1,0,-0.00025,-0.00025,0.00025,0.00025,1.,1.,0.,1.,      4673P   4149
0.,0.,-0.,0.,-0.00025,0.00025,0.,0.,1.;                             4673P   4150
126,1,1,1,0,1,0,0.,0.,0.00001,0.00001,1.,1.,0.,-0.,0.,1.,-0.,0.,    4675P   4151
0.,0.00001,0.,0.,1.;                                                4675P   4152
102,4,4669,4671,4673,4675;                                          4677P   4153
110,-0.00045,-0.00025,0.00018,-0.00045,0.00025,0.00018;             4679P   4154
110,-0.00045,0.00025,0.00018,-0.00045,0.00025,0.00017;              4681P   4155
110,-0.00045,0.00025,0.00017,-0.00045,-0.00025,0.00017;             4683P   4156
110,-0.00045,-0.00025,0.00017,-0.00045,-0.00025,0.00018;            4685P   4157
102,4,4679,4681,4683,4685;                                          4687P   4158
142,1,4667,4677,4687,2;                                             4689P   4159
144,4667,1,0,4689;                                                  4691P   4160
110,-0.00035,-0.00025,0.00018,-0.00045,-0.00025,0.00018;            4693P   4161
122,4693,-0.00035,-0.00025,0.00017;                                 4695P   4162
126,1,1,1,0,1,0,0.00035,0.00035,0.00045,0.00045,1.,1.,0.,0.,0.,     4697P   4163
1.,0.,0.,0.00035,0.00045,0.,0.,1.;                                  4697P   4164
126,1,1,1,0,1,0,-0.00001,-0.00001,0.,0.,1.,1.,1.,0.,0.,1.,1.,0.,    4699P   4165
-0.00001,0.,0.,0.,1.;                                               4699P   4166
126,1,1,1,0,1,0,-0.00045,-0.00045,-0.00035,-0.00035,1.,1.,1.,1.,    4701P   4167
0.,0.,1.,0.,-0.00045,-0.00035,0.,0.,1.;                             4701P   4168
126,1,1,1,0,1,0,0.,0.,0.00001,0.00001,1.,1.,0.,1.,0.,0.,0.,0.,      4703P   4169
0.,0.00001,0.,0.,1.;                                                4703P   4170
102,4,4697,4699,4701,4703;                                          4705P   4171
110,-0.00035,-0.00025,0.00018,-0.00045,-0.00025,0.00018;            4707P   4172
110,-0.00045,-0.00025,0.00018,-0.00045,-0.00025,0.00017;            4709P   4173
110,-0.00045,-0.00025,0.00017,-0.00035,-0.00025,0.00017;            4711P   4174
110,-0.00035,-0.00025,0.00017,-0.00035,-0.00025,0.00018;            4713P   4175
102,4,4707,4709,4711,4713;                                          4715P   4176
142,1,4695,4705,4715,2;                                             4717P   4177
144,4695,1,0,4717;                                                  4719P   4178
110,-0.00035,-0.00025,0.00017,-0.00045,-0.00025,0.00017;            4721P   4179
122,4721,-0.00035,0.00025,0.00017;                                  4723P   4180
126,1,1,1,0,1,0,-0.00025,-0.00025,0.00025,0.00025,1.,1.,0.,1.,      4725P   4181
0.,0.,0.,0.,-0.00025,0.00025,0.,0.,1.;                              4725P   4182
126,1,1,1,0,1,0,0.00035,0.00035,0.00045,0.00045,1.,1.,0.,0.,0.,     4727P   4183
1.,0.,0.,0.00035,0.00045,0.,0.,1.;                                  4727P   4184
126,1,1,1,0,1,0,-0.00025,-0.00025,0.00025,0.00025,1.,1.,1.,0.,      4729P   4185
0.,1.,1.,0.,-0.00025,0.00025,0.,0.,1.;                              4729P   4186
126,1,1,1,0,1,0,-0.00045,-0.00045,-0.00035,-0.00035,1.,1.,1.,1.,    4731P   4187
0.,0.,1.,0.,-0.00045,-0.00035,0.,0.,1.;                             4731P   4188
102,4,4725,4727,4729,4731;                                          4733P   4189
110,-0.00035,0.00025,0.00017,-0.00035,-0.00025,0.00017;             4735P   4190
110,-0.00035,-0.00025,0.00017,-0.00045,-0.00025,0.00017;            4737P   4191
110,-0.00045,-0.00025,0.00017,-0.00045,0.00025,0.00017;             4739P   4192
110,-0.00045,0.00025,0.00017,-0.00035,0.00025,0.00017;              4741P   4193
102,4,4735,4737,4739,4741;                                          4743P   4194
142,1,4723,4733,4743,2;                                             4745P   4195
144,4723,1,0,4745;                                                  4747P   4196
110,-0.00045,-0.00025,0.00018,-0.00035,-0.00025,0.00018;            4749P   4197
122,4749,-0.00045,0.00025,0.00018;                                  4751P   4198
126,1,1,1,0,1,0,-0.00025,-0.00025,0.00025,0.00025,1.,1.,1.,0.,      4753P   4199
0.,1.,1.,0.,-0.00025,0.00025,0.,0.,1.;                              4753P   4200
126,1,1,1,0,1,0,0.00035,0.00035,0.00045,0.00045,1.,1.,1.,1.,0.,     4755P   4201
0.,1.,0.,0.00035,0.00045,0.,0.,1.;                                  4755P   4202
126,1,1,1,0,1,0,-0.00025,-0.00025,0.00025,0.00025,1.,1.,0.,1.,      4757P   4203
0.,0.,0.,0.,-0.00025,0.00025,0.,0.,1.;                              4757P   4204
126,1,1,1,0,1,0,-0.00045,-0.00045,-0.00035,-0.00035,1.,1.,0.,0.,    4759P   4205
0.,1.,0.,0.,-0.00045,-0.00035,0.,0.,1.;                             4759P   4206
102,4,4753,4755,4757,4759;                                          4761P   4207
110,-0.00035,-0.00025,0.00018,-0.00035,0.00025,0.00018;             4763P   4208
110,-0.00035,0.00025,0.00018,-0.00045,0.00025,0.00018;              4765P   4209
110,-0.00045,0.00025,0.00018,-0.00045,-0.00025,0.00018;             4767P   4210
110,-0.00045,-0.00025,0.00018,-0.00035,-0.00025,0.00018;            4769P   4211
102,4,4763,4765,4767,4769;                                          4771P   4212
142,1,4751,4761,4771,2;                                             4773P   4213
144,4751,1,0,4773;                                                  4775P   4214
308,0,7HDEFAULT,6,4635,4663,4691,4719,4747,4775;                    4777P   4215
408,4777,0.,0.,0.,1.;                                               4779P   4216
124,1.,0.,0.,-0.00002110504218,0.,1.,0.,0.,0.,0.,1.,0.;             4781P   4217
110,-0.000325996,-0.00025,0.000454358,-0.000325996,0.00025,         4783P   4218
0.000454358;                                                        4783P   4219
122,4783,-0.000347604,-0.00025,0.000207386;                         4785P   4220
126,1,1,1,0,1,0,-0.000502,-0.000502,-0.000002,-0.000002,1.,1.,      4787P   4221
0.,0.,0.,1.,0.,0.,-0.000502,-0.000002,0.,0.,1.;                     4787P   4222
126,1,1,1,0,1,0,-0.00012395772914,-0.00012395772914,                4789P   4223
0.00012395772913,0.00012395772913,1.,1.,1.,0.,0.,1.,1.,0.,          4789P   4224
-0.00012395772914,0.00012395772913,0.,0.,1.;                        4789P   4225
126,1,1,1,0,1,0,0.000002,0.000002,0.000502,0.000502,1.,1.,1.,1.,    4791P   4226
0.,0.,1.,0.,0.000002,0.000502,0.,0.,1.;                             4791P   4227
126,1,1,1,0,1,0,-0.00012395772913,-0.00012395772913,                4793P   4228
0.00012395772914,0.00012395772914,1.,1.,0.,1.,0.,0.,0.,0.,          4793P   4229
-0.00012395772913,0.00012395772914,0.,0.,1.;                        4793P   4230
102,4,4787,4789,4791,4793;                                          4795P   4231
110,-0.00032599671084,-0.00025,0.00045435806219,                    4797P   4232
-0.00032599671084,0.00025,0.00045435806219;                         4797P   4233
110,-0.000325996,0.00025,0.000454358,-0.000347604,0.00025,          4799P   4234
0.000207386;                                                        4799P   4235
110,-0.000347604,0.00025,0.000207386,-0.000347604,-0.00025,         4801P   4236
0.000207386;                                                        4801P   4237
110,-0.000347604,-0.00025,0.000207386,-0.000325996,-0.00025,        4803P   4238
0.000454358;                                                        4803P   4239
102,4,4797,4799,4801,4803;                                          4805P   4240
142,1,4785,4795,4805,2;                                             4807P   4241
144,4785,1,0,4807;                                                  4809P   4242
110,-0.000276187,0.000252,0.00045,-0.000276187,1.000252,0.00045;    4811P   4243
110,-0.000276187,0.00025,0.0004,-0.000276187,-0.00025,0.0004;       4813P   4244
120,4811,4813,0.,6.28318530717959;                                  4815P   4245
126,1,1,1,0,1,0,-3.14159265358979,-3.14159265358979,                4817P   4246
-1.65806831154985,-1.65806831154985,1.,1.,0.,3.14159265358979,      4817P   4247
0.,0.,1.65806831154985,0.,-3.14159265358979,-1.65806831154985,      4817P   4248
0.,0.,1.;                                                           4817P   4249
126,1,1,1,0,1,0,0.000002,0.000002,0.000502,0.000502,1.,1.,0.,       4819P   4250
1.65806831154985,0.,1.,1.65806831154985,0.,0.000002,0.000502,0.,    4819P   4251
0.,1.;                                                              4819P   4252
126,1,1,1,0,1,0,-4.62511699562973,-4.62511699562973,                4821P   4253
-3.14159265358979,-3.14159265358979,1.,1.,1.,1.65806831154985,      4821P   4254
0.,1.,3.14159265358979,0.,-4.62511699562973,-3.14159265358979,      4821P   4255
0.,0.,1.;                                                           4821P   4256
126,1,1,1,0,1,0,-0.000502,-0.000502,-0.000002,-0.000002,1.,1.,      4823P   4257
1.,3.14159265358979,0.,0.,3.14159265358979,0.,-0.000502,            4823P   4258
-0.000002,0.,0.,1.;                                                 4823P   4259
102,4,4817,4819,4821,4823;                                          4825P   4260
124,0.,1.,0.,-0.000276187,0.,0.,-1.,0.00025,-1.,0.,0.,0.00045;      4827P   4261
100,0.,0.,0.,-0.00005,-0.,-0.00000435806219,-0.00004980971084;      4829P   4262
110,-0.00032599671084,0.00025,0.00045435806219,                     4831P   4263
-0.00032599671084,-0.00025,0.00045435806219;                        4831P   4264
124,0.,-1.,0.,-0.000276187,0.,0.,1.,-0.00025,-1.,0.,0.,0.00045;     4833P   4265
100,0.,0.,0.,-0.00000435806219,0.00004980971084,-0.00005,-0.;       4835P   4266
110,-0.000276187,-0.00025,0.0005,-0.000276187,0.00025,0.0005;       4837P   4267
102,4,4829,4831,4835,4837;                                          4839P   4268
142,1,4815,4825,4839,2;                                             4841P   4269
144,4815,1,0,4841;                                                  4843P   4270
110,-0.00038201988,0.00025,0.00018,-0.00038201988,0.00025,          4845P   4271
0.0005;                                                             4845P   4272
122,4845,0.00038201988,0.00025,0.00018;                             4847P   4273
126,1,1,1,0,1,0,-0.00012395772913,-0.00012395772913,                4849P   4274
0.00012395772914,0.00012395772914,1.,1.,0.08558125,                 4849P   4275
0.04504461914424,0.,0.85736875000547,0.07332586984795,0.,           4849P   4276
-0.00012395772913,0.00012395772914,0.,0.,1.;                        4849P   4277
126,4,2,1,0,1,0,1.65806831154985,1.65806831154985,                  4851P   4278
1.65806831154985,2.39983048256982,2.39983048256982,                 4851P   4279
3.14159265358979,3.14159265358979,3.14159265358979,1.,1.,1.,1.,     4851P   4280
1.,0.85736894435734,0.07332493947757,0.,0.91789975067616,           4851P   4281
0.07554308421545,0.,0.95894987533797,0.09430591858629,0.,1.,        4851P   4282
0.11306875295722,0.,1.,0.13851750332979,0.,1.65806831154985,        4851P   4283
3.14159265358979,0.,0.,1.;                                          4851P   4284
126,1,1,1,0,1,0,-0.000276187,-0.000276187,0.000276187,              4853P   4285
0.000276187,1.,1.,1.,0.13851750332979,0.,1.,0.86148249667021,0.,    4853P   4286
-0.000276187,0.000276187,0.,0.,1.;                                  4853P   4287
126,4,2,1,0,1,0,3.14159265358979,3.14159265358979,                  4855P   4288
3.14159265358979,3.88335569621757,3.88335569621757,                 4855P   4289
4.62511873884534,4.62511873884534,4.62511873884534,1.,1.,1.,1.,     4855P   4290
1.,1.,0.86148249667021,0.,1.,0.8869312798754,0.,                    4855P   4291
0.95894978333044,0.90569412346768,0.,0.91789956666109,              4855P   4292
0.92445696705986,0.,0.85736867301649,0.92667507046559,0.,           4855P   4293
3.14159265358979,4.62511873884534,0.,0.,1.;                         4855P   4294
126,1,1,1,0,1,0,-0.00012395768556,-0.00012395768556,                4857P   4295
0.00012395768556,0.00012395768556,1.,1.,0.8573687499999,            4857P   4296
0.9266754389851,0.,0.08558124999323,0.95495538085661,0.,            4857P   4297
-0.00012395768556,0.00012395768556,0.,0.,1.;                        4857P   4298
126,4,2,1,0,1,0,-1.48355265035045,-1.48355265035045,                4859P   4299
-1.48355265035045,-0.74177632517522,-0.74177632517522,0.,0.,0.,     4859P   4300
1.,1.,1.,1.,1.,0.08558127719267,0.95495551106749,0.,                4859P   4301
0.04926194255425,0.95628599518233,0.,0.02463097127713,              4859P   4302
0.96754378564947,0.,-0.,0.97880157611661,0.,-0.,                    4859P   4303
0.99407114624506,0.,-1.48355265035045,0.,0.,0.,1.;                  4859P   4304
126,1,1,1,0,1,0,-0.00037749,-0.00037749,0.00037749,0.00037749,      4861P   4305
1.,1.,-0.,0.99407114624506,0.,-0.,0.00592885375494,0.,              4861P   4306
-0.00037749,0.00037749,0.,0.,1.;                                    4861P   4307
126,4,2,1,0,1,0,-6.28318530717959,-6.28318530717959,                4863P   4308
-6.28318530717959,-5.54140898200372,-5.54140898200372,              4863P   4309
-4.79963265682785,-4.79963265682785,-4.79963265682785,1.,1.,1.,     4863P   4310
1.,1.,-0.,0.00592885375494,0.,-0.,0.02119842388341,0.,              4863P   4311
0.02463097127717,0.03245621435055,0.,0.04926194255433,              4863P   4312
0.04371400481769,0.,0.08558127719279,0.04504448893251,0.,           4863P   4313
-6.28318530717959,-4.79963265682785,0.,0.,1.;                       4863P   4314
102,8,4849,4851,4853,4855,4857,4859,4861,4863;                      4865P   4315
110,-0.000347604,0.00025,0.000207386,-0.000325996,0.00025,          4867P   4316
0.000454358;                                                        4867P   4317
124,0.,-1.,0.,-0.000276187,0.,0.,1.,0.00025,-1.,0.,0.,0.00045;      4869P   4318
100,0.,0.,0.,-0.00000435806219,0.00004980971084,-0.00005,0.;        4871P   4319
110,-0.000276187,0.00025,0.0005,0.000276187,0.00025,0.0005;         4873P   4320
124,0.,-1.,0.,0.000276187,0.,0.,1.,0.00025,-1.,0.,0.,0.00045;       4875P   4321
100,0.,0.,0.,-0.00005,0.,-0.00000435797537,-0.00004980971844;       4877P   4322
110,0.000325997,0.00025,0.000454358,0.000347604,0.00025,            4879P   4323
0.000207386;                                                        4879P   4324
124,0.,1.,0.,0.00037749,0.,0.,-1.,0.00025,-1.,0.,0.,0.00021;        4881P   4325
100,0.,0.,0.,0.0000026139913,-0.00002988590051,0.00003,0.;          4883P   4326
110,0.00037749,0.00025,0.00018,-0.00037749,0.00025,0.00018;         4885P   4327
124,0.,1.,0.,-0.00037749,0.,0.,-1.,0.00025,-1.,0.,0.,0.00021;       4887P   4328
100,0.,0.,0.,0.00003,0.,0.0000026139913,0.00002988590051;           4889P   4329
102,8,4867,4871,4873,4877,4879,4883,4885,4889;                      4891P   4330
142,1,4847,4865,4891,2;                                             4893P   4331
144,4847,1,0,4893;                                                  4895P   4332
110,0.00037749,-0.00025,0.00018,-0.00037749,-0.00025,0.00018;       4897P   4333
122,4897,0.00037749,0.00025,0.00018;                                4899P   4334
126,1,1,1,0,1,0,-0.000502,-0.000502,-0.000002,-0.000002,1.,1.,      4901P   4335
1.,0.,0.,1.,1.,0.,-0.000502,-0.000002,0.,0.,1.;                     4901P   4336
126,1,1,1,0,1,0,-0.00037749,-0.00037749,0.00037749,0.00037749,      4903P   4337
1.,1.,1.,1.,0.,-0.,1.,0.,-0.00037749,0.00037749,0.,0.,1.;           4903P   4338
126,1,1,1,0,1,0,0.000002,0.000002,0.000502,0.000502,1.,1.,-0.,      4905P   4339
1.,0.,-0.,0.,0.,0.000002,0.000502,0.,0.,1.;                         4905P   4340
126,1,1,1,0,1,0,-0.00037749,-0.00037749,0.00037749,0.00037749,      4907P   4341
1.,1.,-0.,0.,0.,1.,0.,0.,-0.00037749,0.00037749,0.,0.,1.;           4907P   4342
102,4,4901,4903,4905,4907;                                          4909P   4343
110,-0.00037749,-0.00025,0.00018,-0.00037749,0.00025,0.00018;       4911P   4344
110,-0.00037749,0.00025,0.00018,0.00037749,0.00025,0.00018;         4913P   4345
110,0.00037749,0.00025,0.00018,0.00037749,-0.00025,0.00018;         4915P   4346
110,0.00037749,-0.00025,0.00018,-0.00037749,-0.00025,0.00018;       4917P   4347
102,4,4911,4913,4915,4917;                                          4919P   4348
142,1,4899,4909,4919,2;                                             4921P   4349
144,4899,1,0,4921;                                                  4923P   4350
110,0.00037749,0.000252,0.00021,0.00037749,1.000252,0.00021;        4925P   4351
110,0.00037749,-0.00025,0.00018,0.00037749,0.00025,0.00018;         4927P   4352
120,4925,4927,0.,6.28318530717959;                                  4929P   4353
126,1,1,1,0,1,0,-0.000502,-0.000502,-0.000002,-0.000002,1.,1.,      4931P   4354
-0.,0.,0.,1.,0.,0.,-0.000502,-0.000002,0.,0.,1.;                    4931P   4355
126,1,1,1,0,1,0,0.,0.,1.48355265035045,1.48355265035045,1.,1.,      4933P   4356
1.,0.,0.,1.,1.48355265035045,0.,0.,1.48355265035045,0.,0.,1.;       4933P   4357
126,1,1,1,0,1,0,0.000002,0.000002,0.000502,0.000502,1.,1.,1.,       4935P   4358
1.48355265035045,0.,-0.,1.48355265035045,0.,0.000002,0.000502,      4935P   4359
0.,0.,1.;                                                           4935P   4360
126,1,1,1,0,1,0,4.79963265682914,4.79963265682914,                  4937P   4361
6.28318530717959,6.28318530717959,1.,1.,-0.,1.48355265035045,0.,    4937P   4362
-0.,0.,0.,4.79963265682914,6.28318530717959,0.,0.,1.;               4937P   4363
102,4,4931,4933,4935,4937;                                          4939P   4364
110,0.00037749,-0.00025,0.00018,0.00037749,0.00025,0.00018;         4941P   4365
124,0.,-1.,0.,0.00037749,0.,0.,1.,0.00025,-1.,0.,0.,0.00021;        4943P   4366
100,0.,0.,0.,0.00003,0.,0.0000026139913,0.00002988590051;           4945P   4367
110,0.00034760409949,0.00025,0.0002073860087,0.00034760409949,      4947P   4368
-0.00025,0.0002073860087;                                           4947P   4369
124,0.,1.,0.,0.00037749,0.,0.,-1.,-0.00025,-1.,0.,0.,0.00021;       4949P   4370
100,0.,0.,0.,0.0000026139913,-0.00002988590051,0.00003,-0.;         4951P   4371
102,4,4941,4945,4947,4951;                                          4953P   4372
142,1,4929,4939,4953,2;                                             4955P   4373
144,4929,1,0,4955;                                                  4957P   4374
110,-0.00037749,0.000252,0.00021,-0.00037749,1.000252,0.00021;      4959P   4375
110,-0.00037749,-0.00025,0.00018,-0.00037749,0.00025,0.00018;       4961P   4376
120,4959,4961,0.,6.28318530717959;                                  4963P   4377
126,1,1,1,0,1,0,-0.000502,-0.000502,-0.000002,-0.000002,1.,1.,      4965P   4378
-0.,4.79963265682785,0.,1.,4.79963265682785,0.,-0.000502,           4965P   4379
-0.000002,0.,0.,1.;                                                 4965P   4380
126,1,1,1,0,1,0,4.79963265682785,4.79963265682785,                  4967P   4381
6.28318530717959,6.28318530717959,1.,1.,1.,4.79963265682785,0.,     4967P   4382
1.,6.28318530717959,0.,4.79963265682785,6.28318530717959,0.,0.,     4967P   4383
1.;                                                                 4967P   4384
126,1,1,1,0,1,0,0.000002,0.000002,0.000502,0.000502,1.,1.,1.,       4969P   4385
6.28318530717959,0.,-0.,6.28318530717959,0.,0.000002,0.000502,      4969P   4386
0.,0.,1.;                                                           4969P   4387
126,1,1,1,0,1,0,0.,0.,1.48355265035174,1.48355265035174,1.,1.,      4971P   4388
-0.,6.28318530717959,0.,-0.,4.79963265682785,0.,0.,                 4971P   4389
1.48355265035174,0.,0.,1.;                                          4971P   4390
102,4,4965,4967,4969,4971;                                          4973P   4391
110,-0.000347604,-0.00025,0.000207386,-0.000347604,0.00025,         4975P   4392
0.000207386;                                                        4975P   4393
124,0.,-1.,0.,-0.00037749,0.,0.,1.,0.00025,-1.,0.,0.,0.00021;       4977P   4394
100,0.,0.,0.,0.0000026139913,-0.00002988590051,0.00003,-0.;         4979P   4395
110,-0.00037749,0.00025,0.00018,-0.00037749,-0.00025,0.00018;       4981P   4396
124,0.,1.,0.,-0.00037749,0.,0.,-1.,-0.00025,-1.,0.,0.,0.00021;      4983P   4397
100,0.,0.,0.,0.00003,0.,0.0000026139913,0.00002988590051;           4985P   4398
102,4,4975,4979,4981,4985;                                          4987P   4399
142,1,4963,4973,4987,2;                                             4989P   4400
144,4963,1,0,4989;                                                  4991P   4401
110,-0.00038201988,-0.00025,0.0005,-0.00038201988,-0.00025,         4993P   4402
0.00018;                                                            4993P   4403
122,4993,0.00038201988,-0.00025,0.0005;                             4995P   4404
126,4,2,1,0,1,0,-1.48355265035174,-1.48355265035174,                4997P   4405
-1.48355265035174,-0.74177632517587,-0.74177632517587,0.,0.,0.,     4997P   4406
1.,1.,1.,1.,1.,0.91441872280719,0.04504448893251,0.,                4997P   4407
0.95073805744566,0.04371400481769,0.,0.97536902872283,              4997P   4408
0.03245621435055,0.,1.,0.02119842388341,0.,1.,0.00592885375494,     4997P   4409
0.,-1.48355265035174,0.,0.,0.,1.;                                   4997P   4410
126,1,1,1,0,1,0,-0.00037749,-0.00037749,0.00037749,0.00037749,      4999P   4411
1.,1.,1.,0.00592885375494,0.,1.,0.99407114624506,0.,-0.00037749,    4999P   4412
0.00037749,0.,0.,1.;                                                4999P   4413
126,4,2,1,0,1,0,-6.28318530717959,-6.28318530717959,                5001P   4414
-6.28318530717959,-5.54140898200436,-5.54140898200436,              5001P   4415
-4.79963265682914,-4.79963265682914,-4.79963265682914,1.,1.,1.,     5001P   4416
1.,1.,1.,0.99407114624506,0.,1.,0.97880157611661,0.,                5001P   4417
0.97536902872287,0.96754378564947,0.,0.95073805744574,              5001P   4418
0.95628599518233,0.,0.91441872280731,0.95495551106749,0.,           5001P   4419
-6.28318530717959,-4.79963265682914,0.,0.,1.;                       5001P   4420
126,1,1,1,0,1,0,-0.00012395768556,-0.00012395768556,                5003P   4421
0.00012395768556,0.00012395768556,1.,1.,0.91441875000676,           5003P   4422
0.95495538085661,0.,0.14263124999992,0.9266754389851,0.,            5003P   4423
-0.00012395768556,0.00012395768556,0.,0.,1.;                        5003P   4424
126,4,2,1,0,1,0,1.65806656833425,1.65806656833425,                  5005P   4425
1.65806656833425,2.39982961096202,2.39982961096202,                 5005P   4426
3.14159265358979,3.14159265358979,3.14159265358979,1.,1.,1.,1.,     5005P   4427
1.,0.14263132698333,0.92667507046559,0.,0.08210043333871,           5005P   4428
0.92445696705986,0.,0.04105021666936,0.90569412346768,0.,0.,        5005P   4429
0.8869312798755,0.,0.,0.86148249667021,0.,1.65806656833425,         5005P   4430
3.14159265358979,0.,0.,1.;                                          5005P   4431
126,1,1,1,0,1,0,-0.000276187,-0.000276187,0.000276187,              5007P   4432
0.000276187,1.,1.,0.,0.86148249667021,0.,0.,0.13851750332979,0.,    5007P   4433
-0.000276187,0.000276187,0.,0.,1.;                                  5007P   4434
126,4,2,1,0,1,0,3.14159265358979,3.14159265358979,                  5009P   4435
3.14159265358979,3.88335482460976,3.88335482460976,                 5009P   4436
4.62511699562973,4.62511699562973,4.62511699562973,1.,1.,1.,1.,     5009P   4437
1.,0.,0.13851750332979,0.,0.,0.11306875295713,0.,                   5009P   4438
0.04105012466182,0.09430591858629,0.,0.08210024932365,              5009P   4439
0.07554308421545,0.,0.14263105564248,0.07332493947757,0.,           5009P   4440
3.14159265358979,4.62511699562973,0.,0.,1.;                         5009P   4441
126,1,1,1,0,1,0,-0.00012395772914,-0.00012395772914,                5011P   4442
0.00012395772913,0.00012395772913,1.,1.,0.14263124999434,           5011P   4443
0.07332586984795,0.,0.91441874999999,0.04504461914424,0.,           5011P   4444
-0.00012395772914,0.00012395772913,0.,0.,1.;                        5011P   4445
102,8,4997,4999,5001,5003,5005,5007,5009,5011;                      5013P   4446
124,0.,-1.,0.,-0.00037749,0.,0.,1.,-0.00025,-1.,0.,0.,0.00021;      5015P   4447
100,0.,0.,0.,0.0000026139913,-0.00002988590051,0.00003,0.;          5017P   4448
110,-0.00037749,-0.00025,0.00018,0.00037749,-0.00025,0.00018;       5019P   4449
124,0.,-1.,0.,0.00037749,0.,0.,1.,-0.00025,-1.,0.,0.,0.00021;       5021P   4450
100,0.,0.,0.,0.00003,0.,0.0000026139913,0.00002988590051;           5023P   4451
110,0.000347604,-0.00025,0.000207386,0.000325997,-0.00025,          5025P   4452
0.000454358;                                                        5025P   4453
124,0.,1.,0.,0.000276187,0.,0.,-1.,-0.00025,-1.,0.,0.,0.00045;      5027P   4454
100,0.,0.,0.,-0.00000435797537,0.00004980971844,-0.00005,0.;        5029P   4455
110,0.000276187,-0.00025,0.0005,-0.000276187,-0.00025,0.0005;       5031P   4456
124,0.,1.,0.,-0.000276187,0.,0.,-1.,-0.00025,-1.,0.,0.,0.00045;     5033P   4457
100,0.,0.,0.,-0.00005,0.,-0.00000435806219,-0.00004980971084;       5035P   4458
110,-0.000325996,-0.00025,0.000454358,-0.000347604,-0.00025,        5037P   4459
0.000207386;                                                        5037P   4460
102,8,5017,5019,5023,5025,5029,5031,5035,5037;                      5039P   4461
142,1,4995,5013,5039,2;                                             5041P   4462
144,4995,1,0,5041;                                                  5043P   4463
110,-0.000276187,-0.00025,0.0005,0.000276187,-0.00025,0.0005;       5045P   4464
122,5045,-0.000276187,0.00025,0.0005;                               5047P   4465
126,1,1,1,0,1,0,-0.000276187,-0.000276187,0.000276187,              5049P   4466
0.000276187,1.,1.,1.,1.,0.,-0.,1.,0.,-0.000276187,0.000276187,      5049P   4467
0.,0.,1.;                                                           5049P   4468
126,1,1,1,0,1,0,0.000002,0.000002,0.000502,0.000502,1.,1.,-0.,      5051P   4469
1.,0.,-0.,0.,0.,0.000002,0.000502,0.,0.,1.;                         5051P   4470
126,1,1,1,0,1,0,-0.000276187,-0.000276187,0.000276187,              5053P   4471
0.000276187,1.,1.,-0.,0.,0.,1.,0.,0.,-0.000276187,0.000276187,      5053P   4472
0.,0.,1.;                                                           5053P   4473
126,1,1,1,0,1,0,-0.000502,-0.000502,-0.000002,-0.000002,1.,1.,      5055P   4474
1.,0.,0.,1.,1.,0.,-0.000502,-0.000002,0.,0.,1.;                     5055P   4475
102,4,5049,5051,5053,5055;                                          5057P   4476
110,0.000276187,0.00025,0.0005,-0.000276187,0.00025,0.0005;         5059P   4477
110,-0.000276187,0.00025,0.0005,-0.000276187,-0.00025,0.0005;       5061P   4478
110,-0.000276187,-0.00025,0.0005,0.000276187,-0.00025,0.0005;       5063P   4479
110,0.000276187,-0.00025,0.0005,0.000276187,0.00025,0.0005;         5065P   4480
102,4,5059,5061,5063,5065;                                          5067P   4481
142,1,5047,5057,5067,2;                                             5069P   4482
144,5047,1,0,5069;                                                  5071P   4483
110,0.000276187,0.000252,0.00045,0.000276187,1.000252,0.00045;      5073P   4484
110,0.000276187,0.00025,0.0004,0.000276187,-0.00025,0.0004;         5075P   4485
120,5073,5075,0.,6.28318530717959;                                  5077P   4486
126,1,1,1,0,1,0,-4.62511873884534,-4.62511873884534,                5079P   4487
-3.14159265358979,-3.14159265358979,1.,1.,0.,4.62511873884534,      5079P   4488
0.,0.,3.14159265358979,0.,-4.62511873884534,-3.14159265358979,      5079P   4489
0.,0.,1.;                                                           5079P   4490
126,1,1,1,0,1,0,0.000002,0.000002,0.000502,0.000502,1.,1.,0.,       5081P   4491
3.14159265358979,0.,1.,3.14159265358979,0.,0.000002,0.000502,0.,    5081P   4492
0.,1.;                                                              5081P   4493
126,1,1,1,0,1,0,-3.14159265358979,-3.14159265358979,                5083P   4494
-1.65806656833425,-1.65806656833425,1.,1.,1.,3.14159265358979,      5083P   4495
0.,1.,4.62511873884534,0.,-3.14159265358979,-1.65806656833425,      5083P   4496
0.,0.,1.;                                                           5083P   4497
126,1,1,1,0,1,0,-0.000502,-0.000502,-0.000002,-0.000002,1.,1.,      5085P   4498
1.,4.62511873884534,0.,0.,4.62511873884534,0.,-0.000502,            5085P   4499
-0.000002,0.,0.,1.;                                                 5085P   4500
102,4,5079,5081,5083,5085;                                          5087P   4501
124,0.,1.,0.,0.000276187,0.,0.,-1.,0.00025,-1.,0.,0.,0.00045;       5089P   4502
100,0.,0.,0.,-0.00000435797537,0.00004980971844,-0.00005,-0.;       5091P   4503
110,0.000276187,0.00025,0.0005,0.000276187,-0.00025,0.0005;         5093P   4504
124,0.,-1.,0.,0.000276187,0.,0.,1.,-0.00025,-1.,0.,0.,0.00045;      5095P   4505
100,0.,0.,0.,-0.00005,-0.,-0.00000435797537,-0.00004980971844;      5097P   4506
110,0.000325997,-0.00025,0.000454358,0.000325997,0.00025,           5099P   4507
0.000454358;                                                        5099P   4508
102,4,5091,5093,5097,5099;                                          5101P   4509
142,1,5077,5087,5101,2;                                             5103P   4510
144,5077,1,0,5103;                                                  5105P   4511
110,0.000325997,0.00025,0.000454358,0.000325997,-0.00025,           5107P   4512
0.000454358;                                                        5107P   4513
122,5107,0.000347604,0.00025,0.000207386;                           5109P   4514
126,1,1,1,0,1,0,-0.00012395768556,-0.00012395768556,                5111P   4515
0.00012395768556,0.00012395768556,1.,1.,0.,1.,0.,0.,0.,0.,          5111P   4516
-0.00012395768556,0.00012395768556,0.,0.,1.;                        5111P   4517
126,1,1,1,0,1,0,0.000002,0.000002,0.000502,0.000502,1.,1.,0.,0.,    5113P   4518
0.,1.,0.,0.,0.000002,0.000502,0.,0.,1.;                             5113P   4519
126,1,1,1,0,1,0,-0.00012395768556,-0.00012395768556,                5115P   4520
0.00012395768556,0.00012395768556,1.,1.,1.,0.,0.,1.,1.,0.,          5115P   4521
-0.00012395768556,0.00012395768556,0.,0.,1.;                        5115P   4522
126,1,1,1,0,1,0,-0.000502,-0.000502,-0.000002,-0.000002,1.,1.,      5117P   4523
1.,1.,0.,0.,1.,0.,-0.000502,-0.000002,0.,0.,1.;                     5117P   4524
102,4,5111,5113,5115,5117;                                          5119P   4525
110,0.000347604,0.00025,0.000207386,0.000325997,0.00025,            5121P   4526
0.000454358;                                                        5121P   4527
110,0.000325997,0.00025,0.000454358,0.000325997,-0.00025,           5123P   4528
0.000454358;                                                        5123P   4529
110,0.000325997,-0.00025,0.000454358,0.000347604,-0.00025,          5125P   4530
0.000207386;                                                        5125P   4531
110,0.00034760409949,-0.00025,0.0002073860087,0.00034760409949,     5127P   4532
0.00025,0.0002073860087;                                            5127P   4533
102,4,5121,5123,5125,5127;                                          5129P   4534
142,1,5109,5119,5129,2;                                             5131P   4535
144,5109,1,0,5131;                                                  5133P   4536
308,0,7HDEFAULT,10,4809,4843,4895,4923,4957,4991,5043,5071,5105,    5135P   4537
5133;                                                               5135P   4538
408,5135,0.,0.,0.,1.;                                               5137P   4539
124,1.,0.,0.,-0.00002110504218,0.,1.,0.,0.,0.,0.,1.,0.;             5139P   4540
110,0.0005,-0.00025,0.00018,0.0005,-0.00025,0.00001;                5141P   4541
122,5141,0.0005,0.00025,0.00018;                                    5143P   4542
126,1,1,1,0,1,0,-0.000502,-0.000502,-0.000002,-0.000002,1.,1.,      5145P   4543
1.,0.,0.,1.,1.,0.,-0.000502,-0.000002,0.,0.,1.;                     5145P   4544
126,1,1,1,0,1,0,-0.00017,-0.00017,0.,0.,1.,1.,1.,1.,0.,0.,1.,0.,    5147P   4545
-0.00017,0.,0.,0.,1.;                                               5147P   4546
126,1,1,1,0,1,0,0.000002,0.000002,0.000502,0.000502,1.,1.,0.,1.,    5149P   4547
0.,0.,0.,0.,0.000002,0.000502,0.,0.,1.;                             5149P   4548
126,1,1,1,0,1,0,0.,0.,0.00017,0.00017,1.,1.,0.,0.,0.,1.,0.,0.,      5151P   4549
0.,0.00017,0.,0.,1.;                                                5151P   4550
102,4,5145,5147,5149,5151;                                          5153P   4551
110,0.0005,-0.00025,0.00001,0.0005,0.00025,0.00001;                 5155P   4552
110,0.0005,0.00025,0.00001,0.0005,0.00025,0.00018;                  5157P   4553
110,0.0005,0.00025,0.00018,0.0005,-0.00025,0.00018;                 5159P   4554
110,0.0005,-0.00025,0.00018,0.0005,-0.00025,0.00001;                5161P   4555
102,4,5155,5157,5159,5161;                                          5163P   4556
142,1,5143,5153,5163,2;                                             5165P   4557
144,5143,1,0,5165;                                                  5167P   4558
110,0.00045,-0.00025,0.00018,0.0005,-0.00025,0.00018;               5169P   4559
122,5169,0.00045,0.00025,0.00018;                                   5171P   4560
126,1,1,1,0,1,0,-0.0005,-0.0005,-0.00045,-0.00045,1.,1.,1.,1.,      5173P   4561
0.,-0.,1.,0.,-0.0005,-0.00045,0.,0.,1.;                             5173P   4562
126,1,1,1,0,1,0,0.000002,0.000002,0.000502,0.000502,1.,1.,-0.,      5175P   4563
1.,0.,-0.,-0.,0.,0.000002,0.000502,0.,0.,1.;                        5175P   4564
126,1,1,1,0,1,0,0.00045,0.00045,0.0005,0.0005,1.,1.,-0.,-0.,0.,     5177P   4565
1.,-0.,0.,0.00045,0.0005,0.,0.,1.;                                  5177P   4566
126,1,1,1,0,1,0,-0.000502,-0.000502,-0.000002,-0.000002,1.,1.,      5179P   4567
1.,-0.,0.,1.,1.,0.,-0.000502,-0.000002,0.,0.,1.;                    5179P   4568
102,4,5173,5175,5177,5179;                                          5181P   4569
110,0.0005,0.00025,0.00018,0.00045,0.00025,0.00018;                 5183P   4570
110,0.00045,0.00025,0.00018,0.00045,-0.00025,0.00018;               5185P   4571
110,0.00045,-0.00025,0.00018,0.0005,-0.00025,0.00018;               5187P   4572
110,0.0005,-0.00025,0.00018,0.0005,0.00025,0.00018;                 5189P   4573
102,4,5183,5185,5187,5189;                                          5191P   4574
142,1,5171,5181,5191,2;                                             5193P   4575
144,5171,1,0,5193;                                                  5195P   4576
110,0.0005,0.00025,0.00001,0.0005,-0.00025,0.00001;                 5197P   4577
122,5197,0.00049,0.00025,0.00001;                                   5199P   4578
126,1,1,1,0,1,0,-0.000005,-0.000005,0.000005,0.000005,1.,1.,0.,     5201P   4579
1.,0.,0.,0.,0.,-0.000005,0.000005,0.,0.,1.;                         5201P   4580
126,1,1,1,0,1,0,0.000002,0.000002,0.000502,0.000502,1.,1.,0.,0.,    5203P   4581
0.,1.,0.,0.,0.000002,0.000502,0.,0.,1.;                             5203P   4582
126,1,1,1,0,1,0,-0.000005,-0.000005,0.000005,0.000005,1.,1.,1.,     5205P   4583
0.,0.,1.,1.,0.,-0.000005,0.000005,0.,0.,1.;                         5205P   4584
126,1,1,1,0,1,0,-0.000502,-0.000502,-0.000002,-0.000002,1.,1.,      5207P   4585
1.,1.,0.,0.,1.,0.,-0.000502,-0.000002,0.,0.,1.;                     5207P   4586
102,4,5201,5203,5205,5207;                                          5209P   4587
110,0.00049,0.00025,0.00001,0.0005,0.00025,0.00001;                 5211P   4588
110,0.0005,0.00025,0.00001,0.0005,-0.00025,0.00001;                 5213P   4589
110,0.0005,-0.00025,0.00001,0.00049,-0.00025,0.00001;               5215P   4590
110,0.00049,-0.00025,0.00001,0.00049,0.00025,0.00001;               5217P   4591
102,4,5211,5213,5215,5217;                                          5219P   4592
142,1,5199,5209,5219,2;                                             5221P   4593
144,5199,1,0,5221;                                                  5223P   4594
110,0.00045,0.00025,0.00001,0.00045,0.00025,0.00018;                5225P   4595
122,5225,0.0005,0.00025,0.00001;                                    5227P   4596
126,1,1,1,0,1,0,-0.00008,-0.00008,0.00008,0.00008,1.,1.,0.,         5229P   4597
0.79999999999891,0.,0.94117647058824,0.79999999999891,0.,           5229P   4598
-0.00008,0.00008,0.,0.,1.;                                          5229P   4599
126,1,1,1,0,1,0,-0.00002,-0.00002,0.00002,0.00002,1.,1.,            5231P   4600
0.94117647058824,0.79999999999891,0.,0.94117647058824,0.,0.,        5231P   4601
-0.00002,0.00002,0.,0.,1.;                                          5231P   4602
126,1,1,1,0,1,0,-0.000005,-0.000005,0.000005,0.000005,1.,1.,        5233P   4603
0.94117647058824,0.,0.,1.,0.,0.,-0.000005,0.000005,0.,0.,1.;        5233P   4604
126,1,1,1,0,1,0,0.00045,0.00045,0.0005,0.0005,1.,1.,1.,0.,0.,1.,    5235P   4605
1.,0.,0.00045,0.0005,0.,0.,1.;                                      5235P   4606
126,1,1,1,0,1,0,0.,0.,0.00017,0.00017,1.,1.,1.,1.,0.,0.,1.,0.,      5237P   4607
0.,0.00017,0.,0.,1.;                                                5237P   4608
126,1,1,1,0,1,0,-0.000005,-0.000005,0.000005,0.000005,1.,1.,0.,     5239P   4609
1.,0.,0.,0.79999999999891,0.,-0.000005,0.000005,0.,0.,1.;           5239P   4610
102,6,5229,5231,5233,5235,5237,5239;                                5241P   4611
110,0.00049,0.00025,0.00001,0.00049,0.00025,0.00017;                5243P   4612
110,0.00049,0.00025,0.00017,0.00045,0.00025,0.00017;                5245P   4613
110,0.00045,0.00025,0.00017,0.00045,0.00025,0.00018;                5247P   4614
110,0.00045,0.00025,0.00018,0.0005,0.00025,0.00018;                 5249P   4615
110,0.0005,0.00025,0.00018,0.0005,0.00025,0.00001;                  5251P   4616
110,0.0005,0.00025,0.00001,0.00049,0.00025,0.00001;                 5253P   4617
102,6,5243,5245,5247,5249,5251,5253;                                5255P   4618
142,1,5227,5241,5255,2;                                             5257P   4619
144,5227,1,0,5257;                                                  5259P   4620
110,0.00049,-0.00025,0.00017,0.00045,-0.00025,0.00017;              5261P   4621
122,5261,0.00049,0.00025,0.00017;                                   5263P   4622
126,1,1,1,0,1,0,-0.000502,-0.000502,-0.000002,-0.000002,1.,1.,      5265P   4623
1.,0.,0.,1.,1.,0.,-0.000502,-0.000002,0.,0.,1.;                     5265P   4624
126,1,1,1,0,1,0,-0.00002,-0.00002,0.00002,0.00002,1.,1.,1.,1.,      5267P   4625
0.,0.,1.,0.,-0.00002,0.00002,0.,0.,1.;                              5267P   4626
126,1,1,1,0,1,0,0.000002,0.000002,0.000502,0.000502,1.,1.,0.,1.,    5269P   4627
0.,0.,0.,0.,0.000002,0.000502,0.,0.,1.;                             5269P   4628
126,1,1,1,0,1,0,-0.00002,-0.00002,0.00002,0.00002,1.,1.,0.,0.,      5271P   4629
0.,1.,0.,0.,-0.00002,0.00002,0.,0.,1.;                              5271P   4630
102,4,5265,5267,5269,5271;                                          5273P   4631
110,0.00045,-0.00025,0.00017,0.00045,0.00025,0.00017;               5275P   4632
110,0.00045,0.00025,0.00017,0.00049,0.00025,0.00017;                5277P   4633
110,0.00049,0.00025,0.00017,0.00049,-0.00025,0.00017;               5279P   4634
110,0.00049,-0.00025,0.00017,0.00045,-0.00025,0.00017;              5281P   4635
102,4,5275,5277,5279,5281;                                          5283P   4636
142,1,5263,5273,5283,2;                                             5285P   4637
144,5263,1,0,5285;                                                  5287P   4638
110,0.00045,0.00025,0.00017,0.00045,-0.00025,0.00017;               5289P   4639
122,5289,0.00045,0.00025,0.00018;                                   5291P   4640
126,1,1,1,0,1,0,-0.000502,-0.000502,-0.000002,-0.000002,1.,1.,      5293P   4641
1.,1.,0.,-0.,1.,0.,-0.000502,-0.000002,0.,0.,1.;                    5293P   4642
126,1,1,1,0,1,0,-0.000005,-0.000005,0.000005,0.000005,1.,1.,-0.,    5295P   4643
1.,0.,-0.,0.,0.,-0.000005,0.000005,0.,0.,1.;                        5295P   4644
126,1,1,1,0,1,0,0.000002,0.000002,0.000502,0.000502,1.,1.,-0.,      5297P   4645
0.,0.,1.,0.,0.,0.000002,0.000502,0.,0.,1.;                          5297P   4646
126,1,1,1,0,1,0,-0.000005,-0.000005,0.000005,0.000005,1.,1.,1.,     5299P   4647
0.,0.,1.,1.,0.,-0.000005,0.000005,0.,0.,1.;                         5299P   4648
102,4,5293,5295,5297,5299;                                          5301P   4649
110,0.00045,-0.00025,0.00018,0.00045,0.00025,0.00018;               5303P   4650
110,0.00045,0.00025,0.00018,0.00045,0.00025,0.00017;                5305P   4651
110,0.00045,0.00025,0.00017,0.00045,-0.00025,0.00017;               5307P   4652
110,0.00045,-0.00025,0.00017,0.00045,-0.00025,0.00018;              5309P   4653
102,4,5303,5305,5307,5309;                                          5311P   4654
142,1,5291,5301,5311,2;                                             5313P   4655
144,5291,1,0,5313;                                                  5315P   4656
110,0.00045,-0.00025,0.00018,0.00045,-0.00025,0.00001;              5317P   4657
122,5317,0.0005,-0.00025,0.00018;                                   5319P   4658
126,1,1,1,0,1,0,-0.00008,-0.00008,0.00008,0.00008,1.,1.,            5321P   4659
0.05882352941176,0.79999999999891,0.,1.,0.79999999999891,0.,        5321P   4660
-0.00008,0.00008,0.,0.,1.;                                          5321P   4661
126,1,1,1,0,1,0,-0.000005,-0.000005,0.000005,0.000005,1.,1.,1.,     5323P   4662
0.79999999999891,0.,1.,1.,0.,-0.000005,0.000005,0.,0.,1.;           5323P   4663
126,1,1,1,0,1,0,-0.00017,-0.00017,0.,0.,1.,1.,1.,1.,0.,0.,1.,0.,    5325P   4664
-0.00017,0.,0.,0.,1.;                                               5325P   4665
126,1,1,1,0,1,0,-0.0005,-0.0005,-0.00045,-0.00045,1.,1.,0.,1.,      5327P   4666
0.,0.,-0.,0.,-0.0005,-0.00045,0.,0.,1.;                             5327P   4667
126,1,1,1,0,1,0,-0.000005,-0.000005,0.000005,0.000005,1.,1.,0.,     5329P   4668
-0.,0.,0.05882352941176,-0.,0.,-0.000005,0.000005,0.,0.,1.;         5329P   4669
126,1,1,1,0,1,0,-0.00002,-0.00002,0.00002,0.00002,1.,1.,            5331P   4670
0.05882352941176,-0.,0.,0.05882352941176,0.79999999999891,0.,       5331P   4671
-0.00002,0.00002,0.,0.,1.;                                          5331P   4672
102,6,5321,5323,5325,5327,5329,5331;                                5333P   4673
110,0.00049,-0.00025,0.00017,0.00049,-0.00025,0.00001;              5335P   4674
110,0.00049,-0.00025,0.00001,0.0005,-0.00025,0.00001;               5337P   4675
110,0.0005,-0.00025,0.00001,0.0005,-0.00025,0.00018;                5339P   4676
110,0.0005,-0.00025,0.00018,0.00045,-0.00025,0.00018;               5341P   4677
110,0.00045,-0.00025,0.00018,0.00045,-0.00025,0.00017;              5343P   4678
110,0.00045,-0.00025,0.00017,0.00049,-0.00025,0.00017;              5345P   4679
102,6,5335,5337,5339,5341,5343,5345;                                5347P   4680
142,1,5319,5333,5347,2;                                             5349P   4681
144,5319,1,0,5349;                                                  5351P   4682
110,0.00049,-0.00025,0.00001,0.00049,-0.00025,0.00017;              5353P   4683
122,5353,0.00049,0.00025,0.00001;                                   5355P   4684
126,1,1,1,0,1,0,-0.00008,-0.00008,0.00008,0.00008,1.,1.,1.,1.,      5357P   4685
0.,0.,1.,0.,-0.00008,0.00008,0.,0.,1.;                              5357P   4686
126,1,1,1,0,1,0,0.000002,0.000002,0.000502,0.000502,1.,1.,0.,1.,    5359P   4687
0.,0.,0.,0.,0.000002,0.000502,0.,0.,1.;                             5359P   4688
126,1,1,1,0,1,0,-0.00008,-0.00008,0.00008,0.00008,1.,1.,0.,0.,      5361P   4689
0.,1.,0.,0.,-0.00008,0.00008,0.,0.,1.;                              5361P   4690
126,1,1,1,0,1,0,-0.000502,-0.000502,-0.000002,-0.000002,1.,1.,      5363P   4691
1.,0.,0.,1.,1.,0.,-0.000502,-0.000002,0.,0.,1.;                     5363P   4692
102,4,5357,5359,5361,5363;                                          5365P   4693
110,0.00049,0.00025,0.00017,0.00049,0.00025,0.00001;                5367P   4694
110,0.00049,0.00025,0.00001,0.00049,-0.00025,0.00001;               5369P   4695
110,0.00049,-0.00025,0.00001,0.00049,-0.00025,0.00017;              5371P   4696
110,0.00049,-0.00025,0.00017,0.00049,0.00025,0.00017;               5373P   4697
102,4,5367,5369,5371,5373;                                          5375P   4698
142,1,5355,5365,5375,2;                                             5377P   4699
144,5355,1,0,5377;                                                  5379P   4700
308,0,7HDEFAULT,8,5167,5195,5223,5259,5287,5315,5351,5379;          5381P   4701
408,5381,0.,0.,0.,1.;                                               5383P   4702
308,1,7HDEFAULT,8,317,491,1045,1291,4605,4779,5137,5383;            5385P   4703
408,5385,0.,0.,0.,1.;                                               5387P   4704
S      2G      4D   5388P   4704                                        T      1
