ISO-10303-21;
HEADER;
FILE_DESCRIPTION (( 'STEP AP214' ),
    '1' );
FILE_NAME ('NPPC102KFMS-RC.STEP',
    '2024-10-24T22:39:40',
    ( '' ),
    ( '' ),
    'SwSTEP 2.0',
    'SolidWorks 2021',
    '' );
FILE_SCHEMA (( 'AUTOMOTIVE_DESIGN' ));
ENDSEC;

DATA;
#1 = CARTESIAN_POINT ( 'NONE',  ( 1.734723475976807094E-15, 7.492999999999999439, -2.501900000000000901 ) ) ;
#2 = EDGE_CURVE ( 'NONE', #5504, #4689, #6528, .T. ) ;
#3 = DIRECTION ( 'NONE',  ( 0.000000000000000000, 1.733406087350420004E-16, -1.000000000000000000 ) ) ;
#4 = VERTEX_POINT ( 'NONE', #1034 ) ;
#5 = CARTESIAN_POINT ( 'NONE',  ( -7.619999999999998330, 0.3809999999999988396, 2.120899999999999785 ) ) ;
#6 = CARTESIAN_POINT ( 'NONE',  ( 12.95400000000000063, 0.3809999999999992837, 2.501899999999999125 ) ) ;
#7 = ORIENTED_EDGE ( 'NONE', *, *, #8483, .T. ) ;
#8 = FACE_OUTER_BOUND ( 'NONE', #8180, .T. ) ;
#9 = CARTESIAN_POINT ( 'NONE',  ( -11.81100000000000172, 6.222999999999998977, -0.8889999999999987912 ) ) ;
#10 = DIRECTION ( 'NONE',  ( 1.000000000000000000, -0.000000000000000000, -0.000000000000000000 ) ) ;
#11 = AXIS2_PLACEMENT_3D ( 'NONE', #3645, #6531, #4381 ) ;
#12 = ORIENTED_EDGE ( 'NONE', *, *, #4803, .F. ) ;
#13 = DIRECTION ( 'NONE',  ( 0.000000000000000000, -1.000000000000000000, -1.733406087350420497E-16 ) ) ;
#14 = DIRECTION ( 'NONE',  ( 0.000000000000000000, -1.000000000000000000, 0.000000000000000000 ) ) ;
#15 = EDGE_LOOP ( 'NONE', ( #5225, #1033, #8223, #3938 ) ) ;
#16 = ADVANCED_FACE ( 'NONE', ( #4592 ), #8141, .F. ) ;
#17 = CARTESIAN_POINT ( 'NONE',  ( 4.190999999999997172, 6.222999999999998977, -0.8889999999999987912 ) ) ;
#18 = CARTESIAN_POINT ( 'NONE',  ( 5.968999999999998529, 7.048499999999997989, -1.650999999999998691 ) ) ;
#19 = VECTOR ( 'NONE', #3443, 1000.000000000000000 ) ;
#20 = ORIENTED_EDGE ( 'NONE', *, *, #1519, .F. ) ;
#21 = LINE ( 'NONE', #6411, #7953 ) ;
#22 = ORIENTED_EDGE ( 'NONE', *, *, #1280, .F. ) ;
#23 = EDGE_CURVE ( 'NONE', #6477, #6424, #7483, .T. ) ;
#24 = VERTEX_POINT ( 'NONE', #3210 ) ;
#25 = DIRECTION ( 'NONE',  ( 0.000000000000000000, 0.000000000000000000, -1.000000000000000000 ) ) ;
#26 = EDGE_LOOP ( 'NONE', ( #2945, #2283, #5342, #5007 ) ) ;
#27 = AXIS2_PLACEMENT_3D ( 'NONE', #2517, #8038, #2417 ) ;
#28 = EDGE_CURVE ( 'NONE', #2568, #5808, #8593, .T. ) ;
#29 = PLANE ( 'NONE',  #1303 ) ;
#30 = CARTESIAN_POINT ( 'NONE',  ( -4.191000000000001613, 7.048499999999997989, -0.8889999999999986802 ) ) ;
#31 = UNCERTAINTY_MEASURE_WITH_UNIT (LENGTH_MEASURE( 1.000000000000000082E-05 ), #7663, 'distance_accuracy_value', 'NONE');
#32 = EDGE_CURVE ( 'NONE', #6717, #280, #2280, .T. ) ;
#33 = ADVANCED_FACE ( 'NONE', ( #5845 ), #61, .F. ) ;
#34 = VECTOR ( 'NONE', #3426, 1000.000000000000114 ) ;
#35 = CARTESIAN_POINT ( 'NONE',  ( 2.540000000000002256, 0.8889999999999985691, 1.984781810244993228 ) ) ;
#36 = ORIENTED_EDGE ( 'NONE', *, *, #8849, .T. ) ;
#37 = ORIENTED_EDGE ( 'NONE', *, *, #1586, .T. ) ;
#38 = VERTEX_POINT ( 'NONE', #6052 ) ;
#39 = AXIS2_PLACEMENT_3D ( 'NONE', #2654, #8536, #6302 ) ;
#40 = LINE ( 'NONE', #8480, #4338 ) ;
#41 = CARTESIAN_POINT ( 'NONE',  ( -12.69999999999999929, 0.3809999999999992837, 2.501899999999999125 ) ) ;
#42 = EDGE_CURVE ( 'NONE', #6459, #4630, #315, .T. ) ;
#43 = DIRECTION ( 'NONE',  ( 0.000000000000000000, 1.000000000000000000, 0.000000000000000000 ) ) ;
#44 = DIRECTION ( 'NONE',  ( 0.000000000000000000, 1.733406087350420004E-16, -1.000000000000000000 ) ) ;
#45 = ORIENTED_EDGE ( 'NONE', *, *, #2490, .F. ) ;
#46 = VECTOR ( 'NONE', #2399, 1000.000000000000000 ) ;
#47 = ADVANCED_FACE ( 'NONE', ( #5885, #4423, #5345 ), #7439, .F. ) ;
#48 = APPLICATION_CONTEXT ( 'automotive_design' ) ;
#49 = DIRECTION ( 'NONE',  ( -0.000000000000000000, 0.000000000000000000, 1.000000000000000000 ) ) ;
#50 = DIRECTION ( 'NONE',  ( 0.000000000000000000, -0.000000000000000000, -1.000000000000000000 ) ) ;
#51 = DIRECTION ( 'NONE',  ( 0.000000000000000000, 1.092515224483717628E-16, -1.000000000000000000 ) ) ;
#52 = VECTOR ( 'NONE', #6121, 1000.000000000000000 ) ;
#53 = CARTESIAN_POINT ( 'NONE',  ( 11.04899999999999949, 6.222999999999998977, -1.650999999999998913 ) ) ;
#54 = ORIENTED_EDGE ( 'NONE', *, *, #3604, .T. ) ;
#55 = FILL_AREA_STYLE_COLOUR ( '', #2850 ) ;
#56 = CARTESIAN_POINT ( 'NONE',  ( -0.1777999999999999858, 0.2539999999999993929, -3.429000000000000270 ) ) ;
#57 = EDGE_LOOP ( 'NONE', ( #8400, #6769, #2545, #7947 ) ) ;
#58 = DIRECTION ( 'NONE',  ( 0.000000000000000000, -0.7071067811865485719, 0.7071067811865465735 ) ) ;
#59 = EDGE_CURVE ( 'NONE', #593, #9134, #3899, .T. ) ;
#60 = LINE ( 'NONE', #7266, #4456 ) ;
#61 = PLANE ( 'NONE',  #4657 ) ;
#62 = VECTOR ( 'NONE', #6069, 1000.000000000000000 ) ;
#63 = ORIENTED_EDGE ( 'NONE', *, *, #5603, .F. ) ;
#64 = CARTESIAN_POINT ( 'NONE',  ( -4.191000000000001613, 6.222999999999998977, -1.650999999999998913 ) ) ;
#65 = LINE ( 'NONE', #4297, #3630 ) ;
#66 = CARTESIAN_POINT ( 'NONE',  ( 12.25550000000000317, 7.492999999999999439, -2.501900000000000901 ) ) ;
#67 = CARTESIAN_POINT ( 'NONE',  ( -5.969000000000002970, 7.048499999999997101, 0.8890000000000012337 ) ) ;
#68 = EDGE_LOOP ( 'NONE', ( #3610, #7659, #4718, #4213 ) ) ;
#69 = DIRECTION ( 'NONE',  ( 0.000000000000000000, -1.000000000000000000, -1.733406087350420004E-16 ) ) ;
#70 = CARTESIAN_POINT ( 'NONE',  ( 5.080000000000000959, 0.8889999999999985691, 1.984781810244993228 ) ) ;
#71 = EDGE_LOOP ( 'NONE', ( #1452, #221, #1275, #6223 ) ) ;
#72 = LINE ( 'NONE', #7194, #5174 ) ;
#73 = ORIENTED_EDGE ( 'NONE', *, *, #7050, .T. ) ;
#74 = ADVANCED_FACE ( 'NONE', ( #8720 ), #2433, .F. ) ;
#75 = DIRECTION ( 'NONE',  ( -0.000000000000000000, 0.000000000000000000, 1.000000000000000000 ) ) ;
#76 = FACE_OUTER_BOUND ( 'NONE', #2858, .T. ) ;
#77 = PLANE ( 'NONE',  #7651 ) ;
#78 = ORIENTED_EDGE ( 'NONE', *, *, #42, .T. ) ;
#79 = FACE_OUTER_BOUND ( 'NONE', #3527, .T. ) ;
#81 = ORIENTED_EDGE ( 'NONE', *, *, #2687, .T. ) ;
#80 = ORIENTED_EDGE ( 'NONE', *, *, #7560, .T. ) ;
#82 = PLANE ( 'NONE',  #6262 ) ;
#83 = ORIENTED_EDGE ( 'NONE', *, *, #7420, .T. ) ;
#84 = AXIS2_PLACEMENT_3D ( 'NONE', #3405, #4692, #3454 ) ;
#85 = LINE ( 'NONE', #8618, #5834 ) ;
#86 = LINE ( 'NONE', #2974, #957 ) ;
#87 = CARTESIAN_POINT ( 'NONE',  ( -4.635500000000005727, 7.492999999999999439, -0.4444999999999955653 ) ) ;
#88 = CARTESIAN_POINT ( 'NONE',  ( 3.428999999999998050, 7.048499999999997101, 1.651000000000001355 ) ) ;
#89 = LINE ( 'NONE', #8005, #7819 ) ;
#90 = VERTEX_POINT ( 'NONE', #4339 ) ;
#91 = DIRECTION ( 'NONE',  ( 0.000000000000000000, 0.000000000000000000, 1.000000000000000000 ) ) ;
#92 = VECTOR ( 'NONE', #6667, 1000.000000000000000 ) ;
#93 = LINE ( 'NONE', #6965, #293 ) ;
#94 = VECTOR ( 'NONE', #1308, 1000.000000000000000 ) ;
#95 = FACE_OUTER_BOUND ( 'NONE', #4536, .T. ) ;
#96 = EDGE_CURVE ( 'NONE', #5626, #8588, #3601, .T. ) ;
#97 = ORIENTED_EDGE ( 'NONE', *, *, #422, .T. ) ;
#98 = EDGE_CURVE ( 'NONE', #6387, #4930, #7183, .T. ) ;
#99 = FILL_AREA_STYLE ('',( #55 ) ) ;
#100 = DIRECTION ( 'NONE',  ( -1.000000000000000000, -0.000000000000000000, -0.000000000000000000 ) ) ;
#101 = ORIENTED_EDGE ( 'NONE', *, *, #6970, .F. ) ;
#102 = VECTOR ( 'NONE', #8600, 1000.000000000000114 ) ;
#103 = FACE_OUTER_BOUND ( 'NONE', #15, .T. ) ;
#104 = DIRECTION ( 'NONE',  ( 0.000000000000000000, 0.9659258262890699775, 0.2588190451025143002 ) ) ;
#105 = CARTESIAN_POINT ( 'NONE',  ( -9.271000000000000796, 6.222999999999998977, -0.8889999999999987912 ) ) ;
#106 = CARTESIAN_POINT ( 'NONE',  ( -9.271000000000000796, 6.222999999999998977, 1.651000000000001133 ) ) ;
#107 = EDGE_CURVE ( 'NONE', #6692, #133, #3643, .T. ) ;
#108 = LINE ( 'NONE', #2995, #1297 ) ;
#109 = VERTEX_POINT ( 'NONE', #6872 ) ;
#110 = DIRECTION ( 'NONE',  ( -0.000000000000000000, 0.000000000000000000, 1.000000000000000000 ) ) ;
#111 = AXIS2_PLACEMENT_3D ( 'NONE', #2044, #6438, #622 ) ;
#112 = AXIS2_PLACEMENT_3D ( 'NONE', #2143, #4951, #5787 ) ;
#113 = CARTESIAN_POINT ( 'NONE',  ( 8.508999999999998565, 7.048499999999997101, 1.651000000000001355 ) ) ;
#114 = EDGE_CURVE ( 'NONE', #3972, #883, #556, .T. ) ;
#115 = DIRECTION ( 'NONE',  ( -0.000000000000000000, -0.000000000000000000, 1.000000000000000000 ) ) ;
#116 = ORIENTED_EDGE ( 'NONE', *, *, #3933, .F. ) ;
#117 = CARTESIAN_POINT ( 'NONE',  ( -0.8890000000000026770, 7.048499999999997101, 1.651000000000001355 ) ) ;
#118 = DIRECTION ( 'NONE',  ( 0.000000000000000000, 1.000000000000000000, 1.733406087350420004E-16 ) ) ;
#119 = DIRECTION ( 'NONE',  ( -0.5773502691896272854, -0.5773502691896241767, -0.5773502691896257311 ) ) ;
#120 = AXIS2_PLACEMENT_3D ( 'NONE', #6362, #2560, #8261 ) ;
#121 = CARTESIAN_POINT ( 'NONE',  ( -11.04900000000000304, 7.048499999999997101, 0.8890000000000012337 ) ) ;
#122 = AXIS2_PLACEMENT_3D ( 'NONE', #6085, #8918, #2471 ) ;
#123 = DIRECTION ( 'NONE',  ( 0.000000000000000000, 0.000000000000000000, 1.000000000000000000 ) ) ;
#124 = CARTESIAN_POINT ( 'NONE',  ( -10.15999999999999837, 7.492999999999999439, -2.501900000000000901 ) ) ;
#125 = ORIENTED_EDGE ( 'NONE', *, *, #9058, .F. ) ;
#126 = EDGE_CURVE ( 'NONE', #642, #5491, #1975, .T. ) ;
#127 = CYLINDRICAL_SURFACE ( 'NONE', #6383, 0.1269999999999999463 ) ;
#128 = VECTOR ( 'NONE', #7447, 1000.000000000000000 ) ;
#129 = FACE_OUTER_BOUND ( 'NONE', #4224, .T. ) ;
#130 = LINE ( 'NONE', #4351, #8037 ) ;
#131 = LINE ( 'NONE', #745, #3920 ) ;
#132 = VERTEX_POINT ( 'NONE', #4782 ) ;
#133 = VERTEX_POINT ( 'NONE', #405 ) ;
#134 = DIRECTION ( 'NONE',  ( 0.000000000000000000, 1.092515224483717628E-16, -1.000000000000000000 ) ) ;
#135 = VECTOR ( 'NONE', #7092, 1000.000000000000000 ) ;
#136 = VERTEX_POINT ( 'NONE', #7527 ) ;
#137 = CARTESIAN_POINT ( 'NONE',  ( 10.16000000000000192, 0.3809999999999993947, -2.120900000000001562 ) ) ;
#138 = FACE_OUTER_BOUND ( 'NONE', #6244, .T. ) ;
#139 = EDGE_CURVE ( 'NONE', #8402, #2617, #6773, .T. ) ;
#140 = CARTESIAN_POINT ( 'NONE',  ( -4.635500000000005727, 7.492999999999998550, 2.095500000000003915 ) ) ;
#141 = EDGE_CURVE ( 'NONE', #5229, #2190, #2685, .T. ) ;
#142 = PRODUCT_DEFINITION_SHAPE ( 'NONE', 'NONE',  #9261 ) ;
#143 = ORIENTED_EDGE ( 'NONE', *, *, #908, .F. ) ;
#144 = EDGE_CURVE ( 'NONE', #8069, #2940, #6236, .T. ) ;
#145 = CARTESIAN_POINT ( 'NONE',  ( 1.650999999999998025, 7.048499999999997989, -0.8889999999999986802 ) ) ;
#146 = LINE ( 'NONE', #5956, #3619 ) ;
#147 = CARTESIAN_POINT ( 'NONE',  ( -11.81100000000000172, 6.222999999999998977, -0.8889999999999987912 ) ) ;
#148 = CARTESIAN_POINT ( 'NONE',  ( 0.3047999999999999599, 0.6730999999999999206, -1.968499999999999694 ) ) ;
#149 = DIRECTION ( 'NONE',  ( 0.000000000000000000, -0.000000000000000000, -1.000000000000000000 ) ) ;
#150 = LINE ( 'NONE', #8673, #7218 ) ;
#151 = ORIENTED_EDGE ( 'NONE', *, *, #6804, .F. ) ;
#152 = DIRECTION ( 'NONE',  ( -1.000000000000000000, -0.000000000000000000, -0.000000000000000000 ) ) ;
#153 = CARTESIAN_POINT ( 'NONE',  ( 3.936999999999995836, 6.794499999999998430, 1.143000000000001570 ) ) ;
#154 = LINE ( 'NONE', #6400, #8469 ) ;
#155 = ORIENTED_EDGE ( 'NONE', *, *, #7041, .T. ) ;
#156 = LINE ( 'NONE', #4519, #8411 ) ;
#157 = DIRECTION ( 'NONE',  ( 0.000000000000000000, -1.138269997360111548E-15, -1.000000000000000000 ) ) ;
#158 = ORIENTED_EDGE ( 'NONE', *, *, #144, .T. ) ;
#159 = DIRECTION ( 'NONE',  ( 0.000000000000000000, 1.000000000000000000, 2.439149994343092652E-16 ) ) ;
#160 = DIRECTION ( 'NONE',  ( 0.5773502691896273964, 0.5773502691896237327, -0.5773502691896261751 ) ) ;
#161 = ORIENTED_EDGE ( 'NONE', *, *, #5364, .F. ) ;
#162 = DIRECTION ( 'NONE',  ( 1.000000000000000000, 0.000000000000000000, 0.000000000000000000 ) ) ;
#163 = LINE ( 'NONE', #124, #1134 ) ;
#164 = VERTEX_POINT ( 'NONE', #6193 ) ;
#165 = EDGE_CURVE ( 'NONE', #7549, #2800, #506, .T. ) ;
#166 = DIRECTION ( 'NONE',  ( 0.000000000000000000, 1.000000000000000000, 2.439149994343092652E-16 ) ) ;
#167 = CARTESIAN_POINT ( 'NONE',  ( 2.540000000000000480, 0.3809999999999993947, -2.120900000000001562 ) ) ;
#168 = LINE ( 'NONE', #2962, #2361 ) ;
#169 = CARTESIAN_POINT ( 'NONE',  ( -11.04900000000000304, 7.048499999999997101, 1.651000000000001355 ) ) ;
#170 = ORIENTED_EDGE ( 'NONE', *, *, #2842, .F. ) ;
#171 = LINE ( 'NONE', #3055, #7829 ) ;
#172 = ORIENTED_EDGE ( 'NONE', *, *, #7467, .T. ) ;
#173 = EDGE_CURVE ( 'NONE', #4957, #7696, #1829, .T. ) ;
#174 = VECTOR ( 'NONE', #2575, 1000.000000000000000 ) ;
#175 = LINE ( 'NONE', #5909, #5215 ) ;
#176 = ORIENTED_EDGE ( 'NONE', *, *, #456, .F. ) ;
#177 = FACE_OUTER_BOUND ( 'NONE', #4067, .T. ) ;
#178 = VECTOR ( 'NONE', #8773, 1000.000000000000000 ) ;
#179 =( NAMED_UNIT ( * ) SI_UNIT ( $, .STERADIAN. ) SOLID_ANGLE_UNIT ( ) );
#180 = FACE_OUTER_BOUND ( 'NONE', #1446, .T. ) ;
#181 = ORIENTED_EDGE ( 'NONE', *, *, #1132, .F. ) ;
#182 = VECTOR ( 'NONE', #6298, 1000.000000000000000 ) ;
#183 = VECTOR ( 'NONE', #8129, 1000.000000000000000 ) ;
#184 = DIRECTION ( 'NONE',  ( 0.000000000000000000, 1.422837496700139336E-15, -1.000000000000000000 ) ) ;
#185 = CARTESIAN_POINT ( 'NONE',  ( 0.4444999999999952323, 7.492999999999999439, -2.501900000000000901 ) ) ;
#186 = ORIENTED_EDGE ( 'NONE', *, *, #4013, .T. ) ;
#187 = DIRECTION ( 'NONE',  ( 0.5773502691896273964, -0.5773502691896236216, -0.5773502691896262862 ) ) ;
#188 = CARTESIAN_POINT ( 'NONE',  ( 1.734723475976807094E-15, 7.492999999999999439, -0.4444999999999956763 ) ) ;
#189 = ORIENTED_EDGE ( 'NONE', *, *, #7433, .F. ) ;
#190 = CARTESIAN_POINT ( 'NONE',  ( -12.69999999999999929, 7.492999999999999439, -2.501900000000000901 ) ) ;
#191 = ORIENTED_EDGE ( 'NONE', *, *, #6792, .F. ) ;
#192 = EDGE_CURVE ( 'NONE', #1377, #5504, #8281, .T. ) ;
#193 = CARTESIAN_POINT ( 'NONE',  ( -1.651000000000001355, 7.048499999999997989, -1.650999999999998691 ) ) ;
#194 = EDGE_LOOP ( 'NONE', ( #1048, #8534, #5157, #4721 ) ) ;
#195 = EDGE_CURVE ( 'NONE', #5968, #4562, #3251, .T. ) ;
#196 = AXIS2_PLACEMENT_3D ( 'NONE', #6092, #4725, #6820 ) ;
#197 = DIRECTION ( 'NONE',  ( 0.000000000000000000, 1.733406087350420004E-16, -1.000000000000000000 ) ) ;
#198 = DIRECTION ( 'NONE',  ( -0.000000000000000000, 1.000000000000000000, 1.733406087350420004E-16 ) ) ;
#199 =( NAMED_UNIT ( * ) PLANE_ANGLE_UNIT ( ) SI_UNIT ( $, .RADIAN. ) );
#200 = ORIENTED_EDGE ( 'NONE', *, *, #5348, .T. ) ;
#201 = DIRECTION ( 'NONE',  ( 0.000000000000000000, 1.000000000000000000, 0.000000000000000000 ) ) ;
#202 = CARTESIAN_POINT ( 'NONE',  ( 2.540000000000002256, 7.492999999999998550, 2.501900000000000901 ) ) ;
#203 = DIRECTION ( 'NONE',  ( 1.000000000000000000, 0.000000000000000000, 0.000000000000000000 ) ) ;
#204 = CARTESIAN_POINT ( 'NONE',  ( 6.730999999999997208, 7.048499999999997989, -0.8889999999999986802 ) ) ;
#205 = ORIENTED_EDGE ( 'NONE', *, *, #3164, .F. ) ;
#206 = EDGE_CURVE ( 'NONE', #690, #6852, #5494, .T. ) ;
#207 = VECTOR ( 'NONE', #307, 1000.000000000000000 ) ;
#208 = AXIS2_PLACEMENT_3D ( 'NONE', #2990, #6525, #2140 ) ;
#209 = FACE_OUTER_BOUND ( 'NONE', #4672, .T. ) ;
#210 = EDGE_CURVE ( 'NONE', #3976, #2568, #4133, .T. ) ;
#211 = PLANE ( 'NONE',  #2224 ) ;
#212 = EDGE_CURVE ( 'NONE', #8906, #2522, #8329, .T. ) ;
#213 = LINE ( 'NONE', #8127, #9133 ) ;
#214 = CARTESIAN_POINT ( 'NONE',  ( 8.508999999999998565, 6.222999999999998977, 1.651000000000001133 ) ) ;
#215 = ORIENTED_EDGE ( 'NONE', *, *, #624, .F. ) ;
#216 = LINE ( 'NONE', #5292, #3052 ) ;
#218 = ORIENTED_EDGE ( 'NONE', *, *, #6356, .T. ) ;
#217 = VERTEX_POINT ( 'NONE', #1929 ) ;
#219 = DIRECTION ( 'NONE',  ( 0.000000000000000000, -1.733406087350420004E-16, 1.000000000000000000 ) ) ;
#220 = FACE_OUTER_BOUND ( 'NONE', #1730, .T. ) ;
#221 = ORIENTED_EDGE ( 'NONE', *, *, #4545, .F. ) ;
#222 = PLANE ( 'NONE',  #1640 ) ;
#223 = VECTOR ( 'NONE', #7373, 1000.000000000000000 ) ;
#224 = DIRECTION ( 'NONE',  ( 0.000000000000000000, -1.733406087350420004E-16, 1.000000000000000000 ) ) ;
#225 = ADVANCED_FACE ( 'NONE', ( #3985 ), #4088, .F. ) ;
#226 = LINE ( 'NONE', #7340, #7371 ) ;
#227 = LINE ( 'NONE', #311, #3783 ) ;
#228 = CARTESIAN_POINT ( 'NONE',  ( 5.968999999999998529, 6.222999999999998977, 1.651000000000001133 ) ) ;
#229 = ORIENTED_EDGE ( 'NONE', *, *, #4622, .F. ) ;
#230 = AXIS2_PLACEMENT_3D ( 'NONE', #861, #3735, #3556 ) ;
#231 = CARTESIAN_POINT ( 'NONE',  ( -5.969000000000002970, 6.222999999999998977, -0.8889999999999987912 ) ) ;
#232 = LINE ( 'NONE', #2937, #1955 ) ;
#233 = CARTESIAN_POINT ( 'NONE',  ( 1.396999999999997133, 6.794499999999998430, 1.143000000000001570 ) ) ;
#234 = CARTESIAN_POINT ( 'NONE',  ( 2.095500000000001695, 7.492999999999999439, -2.095500000000001695 ) ) ;
#235 = LINE ( 'NONE', #1743, #1555 ) ;
#236 = ORIENTED_EDGE ( 'NONE', *, *, #1831, .T. ) ;
#237 = EDGE_CURVE ( 'NONE', #526, #5921, #3306, .T. ) ;
#238 = DIRECTION ( 'NONE',  ( -0.000000000000000000, -0.000000000000000000, 1.000000000000000000 ) ) ;
#239 = ORIENTED_EDGE ( 'NONE', *, *, #5431, .F. ) ;
#240 =( GEOMETRIC_REPRESENTATION_CONTEXT ( 3 ) GLOBAL_UNCERTAINTY_ASSIGNED_CONTEXT ( ( #5971 ) ) GLOBAL_UNIT_ASSIGNED_CONTEXT ( ( #1931, #4627, #1673 ) ) REPRESENTATION_CONTEXT ( 'NONE', 'WORKASPACE' ) );
#241 = CARTESIAN_POINT ( 'NONE',  ( -9.271000000000000796, 6.222999999999998977, -0.8889999999999987912 ) ) ;
#242 = ORIENTED_EDGE ( 'NONE', *, *, #8222, .F. ) ;
#243 = SHAPE_REPRESENTATION ( 'NPPC102KFMS-RC', ( #411, #1930, #1633, #573, #2851, #7008, #880, #2094, #2686, #6561, #4187, #6268 ), #7300 ) ;
#244 = FACE_OUTER_BOUND ( 'NONE', #8279, .T. ) ;
#245 = LINE ( 'NONE', #8075, #4455 ) ;
#246 = VECTOR ( 'NONE', #6249, 1000.000000000000000 ) ;
#247 = EDGE_CURVE ( 'NONE', #4930, #2380, #4731, .T. ) ;
#248 = DIRECTION ( 'NONE',  ( 0.000000000000000000, -1.000000000000000000, -2.439149994343092652E-16 ) ) ;
#249 = ORIENTED_EDGE ( 'NONE', *, *, #4072, .T. ) ;
#250 = CARTESIAN_POINT ( 'NONE',  ( 3.428999999999998050, 7.048499999999997101, 1.651000000000001355 ) ) ;
#251 = PLANE ( 'NONE',  #4264 ) ;
#252 = DIRECTION ( 'NONE',  ( 1.000000000000000000, 0.000000000000000000, 0.000000000000000000 ) ) ;
#253 = VECTOR ( 'NONE', #1634, 1000.000000000000000 ) ;
#254 = EDGE_LOOP ( 'NONE', ( #2818, #5249, #4984, #7596 ) ) ;
#255 = VECTOR ( 'NONE', #2880, 1000.000000000000000 ) ;
#256 = CARTESIAN_POINT ( 'NONE',  ( 0.3047999999999999599, 0.6730999999999999206, -3.302000000000000046 ) ) ;
#257 = LINE ( 'NONE', #3144, #8928 ) ;
#258 = VECTOR ( 'NONE', #4532, 1000.000000000000000 ) ;
#259 = CYLINDRICAL_SURFACE ( 'NONE', #6018, 0.6731000000000002537 ) ;
#260 = VERTEX_POINT ( 'NONE', #8374 ) ;
#261 = LINE ( 'NONE', #8824, #8570 ) ;
#262 = ORIENTED_EDGE ( 'NONE', *, *, #679, .F. ) ;
#263 = FACE_OUTER_BOUND ( 'NONE', #26, .T. ) ;
#264 = VERTEX_POINT ( 'NONE', #2733 ) ;
#265 = EDGE_CURVE ( 'NONE', #490, #1711, #5587, .T. ) ;
#266 = PLANE ( 'NONE',  #1272 ) ;
#267 = ADVANCED_FACE ( 'NONE', ( #4882 ), #1079, .F. ) ;
#268 = AXIS2_PLACEMENT_3D ( 'NONE', #1793, #4739, #4836 ) ;
#269 = CARTESIAN_POINT ( 'NONE',  ( 5.968999999999998529, 7.048499999999997989, -0.8889999999999986802 ) ) ;
#270 = FACE_OUTER_BOUND ( 'NONE', #6591, .T. ) ;
#271 = ORIENTED_EDGE ( 'NONE', *, *, #7094, .T. ) ;
#272 = VECTOR ( 'NONE', #4219, 1000.000000000000000 ) ;
#273 = VERTEX_POINT ( 'NONE', #5826 ) ;
#274 = CARTESIAN_POINT ( 'NONE',  ( 8.064499999999995339, 7.492999999999999439, -0.4444999999999955653 ) ) ;
#275 = PLANE ( 'NONE',  #6306 ) ;
#276 =( REPRESENTATION_RELATIONSHIP ('NONE','NONE', #243, #7862 ) REPRESENTATION_RELATIONSHIP_WITH_TRANSFORMATION ( #4617 )SHAPE_REPRESENTATION_RELATIONSHIP( ) );
#277 = DIRECTION ( 'NONE',  ( 0.000000000000000000, 0.000000000000000000, -1.000000000000000000 ) ) ;
#278 = ORIENTED_EDGE ( 'NONE', *, *, #195, .F. ) ;
#279 = DIRECTION ( 'NONE',  ( 0.7071067811865452413, -0.7071067811865499042, -1.225703198915527072E-16 ) ) ;
#280 = VERTEX_POINT ( 'NONE', #5913 ) ;
#281 = DIRECTION ( 'NONE',  ( 0.000000000000000000, 1.733406087350420004E-16, -1.000000000000000000 ) ) ;
#282 = VERTEX_POINT ( 'NONE', #8706 ) ;
#283 = EDGE_CURVE ( 'NONE', #372, #4957, #1550, .T. ) ;
#284 = ADVANCED_FACE ( 'NONE', ( #6432 ), #5873, .F. ) ;
#285 = PLANE ( 'NONE',  #5485 ) ;
#286 = ORIENTED_EDGE ( 'NONE', *, *, #8725, .F. ) ;
#287 = PLANE ( 'NONE',  #5882 ) ;
#288 = CARTESIAN_POINT ( 'NONE',  ( 7.620000000000001883, 0.8889999999999985691, 1.984781810244993228 ) ) ;
#289 = DIRECTION ( 'NONE',  ( -1.000000000000000000, 0.000000000000000000, 0.000000000000000000 ) ) ;
#290 = ORIENTED_EDGE ( 'NONE', *, *, #1091, .F. ) ;
#291 = DIRECTION ( 'NONE',  ( 0.000000000000000000, 0.000000000000000000, 1.000000000000000000 ) ) ;
#292 = VERTEX_POINT ( 'NONE', #140 ) ;
#293 = VECTOR ( 'NONE', #9104, 1000.000000000000000 ) ;
#294 = DIRECTION ( 'NONE',  ( -0.000000000000000000, 1.000000000000000000, 1.733406087350420004E-16 ) ) ;
#295 = ORIENTED_EDGE ( 'NONE', *, *, #5848, .T. ) ;
#296 = CARTESIAN_POINT ( 'NONE',  ( 3.428999999999998050, 7.048499999999997101, 0.8890000000000012337 ) ) ;
#297 = DIRECTION ( 'NONE',  ( -0.7071067811865452413, -0.7071067811865499042, -1.225703198915527072E-16 ) ) ;
#298 = PLANE ( 'NONE',  #27 ) ;
#299 = ORIENTED_EDGE ( 'NONE', *, *, #6498, .F. ) ;
#300 = CARTESIAN_POINT ( 'NONE',  ( 0.8889999999999991243, 6.222999999999998977, -1.650999999999998913 ) ) ;
#301 = ORIENTED_EDGE ( 'NONE', *, *, #8315, .T. ) ;
#302 = FACE_OUTER_BOUND ( 'NONE', #6332, .T. ) ;
#303 = ORIENTED_EDGE ( 'NONE', *, *, #1119, .T. ) ;
#304 = ADVANCED_FACE ( 'NONE', ( #708 ), #1509, .F. ) ;
#305 = VECTOR ( 'NONE', #1521, 1000.000000000000000 ) ;
#306 = EDGE_CURVE ( 'NONE', #8454, #6459, #4408, .T. ) ;
#307 = DIRECTION ( 'NONE',  ( 0.000000000000000000, 1.733406087350420004E-16, -1.000000000000000000 ) ) ;
#308 = EDGE_CURVE ( 'NONE', #1952, #2522, #843, .T. ) ;
#309 = DIRECTION ( 'NONE',  ( 0.000000000000000000, -1.000000000000000000, -1.733406087350420004E-16 ) ) ;
#310 = VECTOR ( 'NONE', #2964, 1000.000000000000000 ) ;
#311 = CARTESIAN_POINT ( 'NONE',  ( 10.60449999999999626, 7.492999999999999439, -2.501900000000000901 ) ) ;
#312 = EDGE_LOOP ( 'NONE', ( #3126, #6439, #790, #1757, #2786, #8515, #6192, #5907 ) ) ;
#313 = CARTESIAN_POINT ( 'NONE',  ( -9.271000000000000796, 7.048499999999997989, -1.650999999999998691 ) ) ;
#314 = EDGE_LOOP ( 'NONE', ( #6850, #1052, #3854, #968 ) ) ;
#315 = LINE ( 'NONE', #5135, #3488 ) ;
#316 = SURFACE_SIDE_STYLE ('',( #6643 ) ) ;
#317 = VECTOR ( 'NONE', #3116, 1000.000000000000000 ) ;
#318 = DIRECTION ( 'NONE',  ( -0.000000000000000000, -0.000000000000000000, 1.000000000000000000 ) ) ;
#319 = DIRECTION ( 'NONE',  ( -1.000000000000000000, 0.000000000000000000, -0.000000000000000000 ) ) ;
#320 = VERTEX_POINT ( 'NONE', #1181 ) ;
#321 = VECTOR ( 'NONE', #7977, 1000.000000000000000 ) ;
#322 = EDGE_CURVE ( 'NONE', #4792, #6012, #4362, .T. ) ;
#323 = CARTESIAN_POINT ( 'NONE',  ( -10.15999999999999837, 0.3809999999999992837, 2.501899999999999125 ) ) ;
#324 = ORIENTED_EDGE ( 'NONE', *, *, #2931, .F. ) ;
#325 = VECTOR ( 'NONE', #100, 1000.000000000000000 ) ;
#326 = EDGE_CURVE ( 'NONE', #1799, #7201, #7298, .T. ) ;
#327 = CARTESIAN_POINT ( 'NONE',  ( 2.984499999999993936, 7.492999999999999439, -2.095500000000001695 ) ) ;
#328 = ORIENTED_EDGE ( 'NONE', *, *, #5100, .T. ) ;
#329 = LINE ( 'NONE', #3223, #6472 ) ;
#330 = VECTOR ( 'NONE', #8759, 1000.000000000000000 ) ;
#331 = DIRECTION ( 'NONE',  ( -0.5773502691896272854, -0.5773502691896241767, -0.5773502691896257311 ) ) ;
#332 = ORIENTED_EDGE ( 'NONE', *, *, #8531, .T. ) ;
#333 = CARTESIAN_POINT ( 'NONE',  ( -0.3047999999999999599, 0.6730999999999999206, -2.387599999999999945 ) ) ;
#334 = DIRECTION ( 'NONE',  ( -0.000000000000000000, 1.000000000000000000, -0.000000000000000000 ) ) ;
#335 = ORIENTED_EDGE ( 'NONE', *, *, #4480, .F. ) ;
#336 = AXIS2_PLACEMENT_3D ( 'NONE', #3672, #6384, #5775 ) ;
#337 = CONTEXT_DEPENDENT_SHAPE_REPRESENTATION ( #7713, #2463 ) ;
#338 = DIRECTION ( 'NONE',  ( 0.000000000000000000, 1.000000000000000000, -1.138269997360111548E-15 ) ) ;
#339 = ORIENTED_EDGE ( 'NONE', *, *, #3468, .T. ) ;
#340 = DIRECTION ( 'NONE',  ( 0.000000000000000000, -1.733406087350420004E-16, 1.000000000000000000 ) ) ;
#341 = AXIS2_PLACEMENT_3D ( 'NONE', #1026, #3893, #5383 ) ;
#342 = DIRECTION ( 'NONE',  ( 0.000000000000000000, 1.138269997360111548E-15, 1.000000000000000000 ) ) ;
#343 = VECTOR ( 'NONE', #5582, 1000.000000000000000 ) ;
#344 = CARTESIAN_POINT ( 'NONE',  ( -0.4444999999999987295, 7.492999999999999439, -0.4444999999999955653 ) ) ;
#345 = ORIENTED_EDGE ( 'NONE', *, *, #98, .F. ) ;
#346 = EDGE_CURVE ( 'NONE', #7458, #7108, #8576, .T. ) ;
#347 = CARTESIAN_POINT ( 'NONE',  ( -4.191000000000001613, 6.222999999999998977, 1.651000000000001133 ) ) ;
#349 = EDGE_LOOP ( 'NONE', ( #3453, #3067, #5818, #5930 ) ) ;
#348 = ORIENTED_EDGE ( 'NONE', *, *, #5835, .F. ) ;
#350 = EDGE_LOOP ( 'NONE', ( #5629, #395, #4952, #5266 ) ) ;
#351 = VECTOR ( 'NONE', #201, 1000.000000000000000 ) ;
#352 = DIRECTION ( 'NONE',  ( 0.000000000000000000, -1.000000000000000000, 0.000000000000000000 ) ) ;
#353 = VECTOR ( 'NONE', #8486, 1000.000000000000114 ) ;
#354 = LINE ( 'NONE', #3246, #949 ) ;
#355 = CARTESIAN_POINT ( 'NONE',  ( 2.540000000000002256, 0.8889999999999985691, 1.984781810244993228 ) ) ;
#356 = ORIENTED_EDGE ( 'NONE', *, *, #8212, .F. ) ;
#357 = VERTEX_POINT ( 'NONE', #2267 ) ;
#358 = EDGE_CURVE ( 'NONE', #1147, #1021, #5164, .T. ) ;
#359 = ADVANCED_FACE ( 'NONE', ( #8749 ), #8664, .F. ) ;
#360 = DIRECTION ( 'NONE',  ( -0.000000000000000000, 1.000000000000000000, 1.733406087350420004E-16 ) ) ;
#361 = VECTOR ( 'NONE', #2721, 1000.000000000000000 ) ;
#362 = DIRECTION ( 'NONE',  ( 0.000000000000000000, -1.000000000000000000, -1.733406087350420004E-16 ) ) ;
#363 = CARTESIAN_POINT ( 'NONE',  ( -9.271000000000000796, 6.222999999999998977, 1.651000000000001133 ) ) ;
#364 = VERTEX_POINT ( 'NONE', #2221 ) ;
#365 = CARTESIAN_POINT ( 'NONE',  ( -1.651000000000001355, 6.222999999999998977, 1.651000000000001133 ) ) ;
#366 = ORIENTED_EDGE ( 'NONE', *, *, #557, .F. ) ;
#367 = DIRECTION ( 'NONE',  ( -0.000000000000000000, 1.000000000000000000, 1.733406087350420004E-16 ) ) ;
#368 = EDGE_CURVE ( 'NONE', #1185, #5521, #2346, .T. ) ;
#369 = CARTESIAN_POINT ( 'NONE',  ( 0.8889999999999991243, 6.222999999999998977, 0.8890000000000011227 ) ) ;
#370 = EDGE_CURVE ( 'NONE', #1939, #3293, #5120, .T. ) ;
#371 = PLANE ( 'NONE',  #8322 ) ;
#372 = VERTEX_POINT ( 'NONE', #2933 ) ;
#373 = CARTESIAN_POINT ( 'NONE',  ( -0.8890000000000026770, 7.048499999999997989, -0.8889999999999986802 ) ) ;
#374 = VERTEX_POINT ( 'NONE', #5776 ) ;
#375 = CARTESIAN_POINT ( 'NONE',  ( 11.81099999999999817, 6.222999999999998977, 0.8890000000000011227 ) ) ;
#376 = VECTOR ( 'NONE', #8007, 1000.000000000000114 ) ;
#377 = ORIENTED_EDGE ( 'NONE', *, *, #1990, .F. ) ;
#378 = APPLICATION_PROTOCOL_DEFINITION ( 'draft international standard', 'automotive_design', 1998, #4595 ) ;
#379 = FACE_OUTER_BOUND ( 'NONE', #8674, .T. ) ;
#380 = ORIENTED_EDGE ( 'NONE', *, *, #3528, .T. ) ;
#381 = EDGE_CURVE ( 'NONE', #7533, #2568, #6595, .T. ) ;
#382 = ADVANCED_FACE ( 'NONE', ( #180 ), #3588, .F. ) ;
#383 = DIRECTION ( 'NONE',  ( 0.000000000000000000, 1.000000000000000000, 0.000000000000000000 ) ) ;
#384 = VECTOR ( 'NONE', #5090, 1000.000000000000000 ) ;
#385 = DIRECTION ( 'NONE',  ( 0.000000000000000000, -1.000000000000000000, -1.733406087350420004E-16 ) ) ;
#386 = FACE_OUTER_BOUND ( 'NONE', #7496, .T. ) ;
#387 = EDGE_CURVE ( 'NONE', #2987, #7986, #754, .T. ) ;
#388 = LINE ( 'NONE', #3287, #8561 ) ;
#389 = ORIENTED_EDGE ( 'NONE', *, *, #4738, .F. ) ;
#390 = VECTOR ( 'NONE', #6361, 1000.000000000000000 ) ;
#391 = DIRECTION ( 'NONE',  ( 0.000000000000000000, 0.000000000000000000, -1.000000000000000000 ) ) ;
#392 = ORIENTED_EDGE ( 'NONE', *, *, #725, .T. ) ;
#393 = VECTOR ( 'NONE', #6649, 1000.000000000000000 ) ;
#394 = PLANE ( 'NONE',  #6115 ) ;
#395 = ORIENTED_EDGE ( 'NONE', *, *, #6216, .F. ) ;
#396 = EDGE_CURVE ( 'NONE', #8880, #5515, #5077, .T. ) ;
#397 = DIRECTION ( 'NONE',  ( -0.000000000000000000, 0.000000000000000000, 1.000000000000000000 ) ) ;
#398 = PLANE ( 'NONE',  #341 ) ;
#399 = AXIS2_PLACEMENT_3D ( 'NONE', #4126, #5581, #5534 ) ;
#400 = PLANE ( 'NONE',  #6350 ) ;
#401 = CARTESIAN_POINT ( 'NONE',  ( -12.95400000000000063, 7.492999999999998550, 2.501900000000000901 ) ) ;
#402 = VERTEX_POINT ( 'NONE', #4676 ) ;
#403 = EDGE_LOOP ( 'NONE', ( #7424, #8764, #7209, #3159 ) ) ;
#404 = STYLED_ITEM ( 'NONE', ( #2451 ), #5049 ) ;
#405 = CARTESIAN_POINT ( 'NONE',  ( 11.81099999999999817, 7.048499999999997989, -0.8889999999999986802 ) ) ;
#406 = LINE ( 'NONE', #2581, #3560 ) ;
#407 = ADVANCED_FACE ( 'NONE', ( #8187 ), #1030, .F. ) ;
#408 = DIRECTION ( 'NONE',  ( 0.7071067811865456854, -0.7071067811865494601, -1.225703198915526333E-16 ) ) ;
#409 = EDGE_CURVE ( 'NONE', #7824, #7931, #2531, .T. ) ;
#410 = VECTOR ( 'NONE', #3596, 1000.000000000000000 ) ;
#411 = AXIS2_PLACEMENT_3D ( 'NONE', #5412, #1808, #1199 ) ;
#412 = CARTESIAN_POINT ( 'NONE',  ( -8.509000000000002117, 6.222999999999998977, -1.650999999999998913 ) ) ;
#413 = ADVANCED_FACE ( 'NONE', ( #6723 ), #4547, .F. ) ;
#414 = DIRECTION ( 'NONE',  ( -0.000000000000000000, 1.000000000000000000, 1.733406087350420004E-16 ) ) ;
#415 = EDGE_LOOP ( 'NONE', ( #6448, #1440, #5965, #7087 ) ) ;
#416 = CARTESIAN_POINT ( 'NONE',  ( 12.69999999999999929, 7.492999999999999439, -2.501900000000000901 ) ) ;
#417 = AXIS2_PLACEMENT_3D ( 'NONE', #2195, #5047, #7186 ) ;
#418 = LINE ( 'NONE', #6836, #5932 ) ;
#419 = ORIENTED_EDGE ( 'NONE', *, *, #4438, .T. ) ;
#420 = EDGE_CURVE ( 'NONE', #8069, #1903, #3206, .T. ) ;
#421 = DIRECTION ( 'NONE',  ( -1.000000000000000000, 0.000000000000000000, 0.000000000000000000 ) ) ;
#422 = EDGE_CURVE ( 'NONE', #164, #3632, #6047, .T. ) ;
#423 = DIRECTION ( 'NONE',  ( 0.000000000000000000, 0.000000000000000000, 1.000000000000000000 ) ) ;
#424 = EDGE_CURVE ( 'NONE', #8537, #813, #227, .T. ) ;
#425 = ORIENTED_EDGE ( 'NONE', *, *, #2356, .F. ) ;
#426 = LINE ( 'NONE', #3459, #3436 ) ;
#427 = VERTEX_POINT ( 'NONE', #8053 ) ;
#428 = CARTESIAN_POINT ( 'NONE',  ( 2.540000000000002256, 0.3809999999999999498, -2.501900000000000901 ) ) ;
#429 = EDGE_CURVE ( 'NONE', #7159, #2543, #7523, .T. ) ;
#430 = ORIENTED_EDGE ( 'NONE', *, *, #5989, .F. ) ;
#431 = DIRECTION ( 'NONE',  ( 0.000000000000000000, 1.422837496700139336E-15, -1.000000000000000000 ) ) ;
#432 = ORIENTED_EDGE ( 'NONE', *, *, #5802, .F. ) ;
#433 = VERTEX_POINT ( 'NONE', #1826 ) ;
#434 = CARTESIAN_POINT ( 'NONE',  ( 12.69999999999999929, 0.000000000000000000, 0.000000000000000000 ) ) ;
#435 = CARTESIAN_POINT ( 'NONE',  ( -7.619999999999998330, 0.3809999999999992837, 2.501899999999999125 ) ) ;
#436 = EDGE_CURVE ( 'NONE', #2340, #7647, #5299, .T. ) ;
#437 = DIRECTION ( 'NONE',  ( 0.000000000000000000, -0.9659258262890700886, 0.2588190451025143002 ) ) ;
#438 = CARTESIAN_POINT ( 'NONE',  ( 12.95400000000000063, 0.8889999999999985691, 1.984781810244993228 ) ) ;
#439 = EDGE_LOOP ( 'NONE', ( #1089, #4658, #6140, #6596 ) ) ;
#440 = EDGE_CURVE ( 'NONE', #4318, #8868, #3115, .T. ) ;
#441 = DIRECTION ( 'NONE',  ( -0.000000000000000000, 1.000000000000000000, 1.733406087350420004E-16 ) ) ;
#442 = ORIENTED_EDGE ( 'NONE', *, *, #8213, .T. ) ;
#443 = DIRECTION ( 'NONE',  ( -0.000000000000000000, 1.000000000000000000, 1.092515224483717382E-16 ) ) ;
#444 = ORIENTED_EDGE ( 'NONE', *, *, #5936, .F. ) ;
#445 = LINE ( 'NONE', #2436, #1512 ) ;
#446 = DIRECTION ( 'NONE',  ( 0.000000000000000000, -1.733406087350420004E-16, 1.000000000000000000 ) ) ;
#447 = CARTESIAN_POINT ( 'NONE',  ( 5.080000000000000959, 7.492999999999998550, 2.095500000000003915 ) ) ;
#448 = LINE ( 'NONE', #1168, #5510 ) ;
#449 = ADVANCED_FACE ( 'NONE', ( #270 ), #7479, .F. ) ;
#450 = DIRECTION ( 'NONE',  ( 0.000000000000000000, 0.000000000000000000, -1.000000000000000000 ) ) ;
#451 = DIRECTION ( 'NONE',  ( 1.000000000000000000, 0.000000000000000000, 0.000000000000000000 ) ) ;
#452 = EDGE_LOOP ( 'NONE', ( #6203, #5411, #5983, #7767 ) ) ;
#453 = FACE_OUTER_BOUND ( 'NONE', #5696, .T. ) ;
#454 = VERTEX_POINT ( 'NONE', #3980 ) ;
#455 = CARTESIAN_POINT ( 'NONE',  ( 0.3047999999999999599, -3.611118645726067224E-32, 3.429000000000000270 ) ) ;
#456 = EDGE_CURVE ( 'NONE', #5382, #8834, #1733, .T. ) ;
#457 = PLANE ( 'NONE',  #3114 ) ;
#458 = CARTESIAN_POINT ( 'NONE',  ( 2.540000000000002256, 0.3809999999999992837, 2.501899999999999125 ) ) ;
#459 = CARTESIAN_POINT ( 'NONE',  ( 5.524499999999994415, 7.492999999999999439, -2.501900000000000901 ) ) ;
#460 = CLOSED_SHELL ( 'NONE', ( #4384, #4306, #8662, #5487, #6904, #5859, #6168, #3826, #1115, #2841, #8705, #3761, #8002, #6818, #7070, #1503, #1328, #6796, #6034, #4123, #4132, #6308, #7874, #9033, #9076, #267, #2389, #6078 ) ) ;
#461 = DIRECTION ( 'NONE',  ( 0.000000000000000000, -1.000000000000000000, -2.439149994343092652E-16 ) ) ;
#462 = DIRECTION ( 'NONE',  ( 0.000000000000000000, -0.9659258262890699775, -0.2588190451025143002 ) ) ;
#463 = CARTESIAN_POINT ( 'NONE',  ( -5.079999999999998295, 0.3809999999999999498, -2.501900000000000901 ) ) ;
#464 = ORIENTED_EDGE ( 'NONE', *, *, #4482, .T. ) ;
#465 = VECTOR ( 'NONE', #5939, 1000.000000000000114 ) ;
#466 = DIRECTION ( 'NONE',  ( -1.000000000000000000, -0.000000000000000000, -0.000000000000000000 ) ) ;
#467 = ORIENTED_EDGE ( 'NONE', *, *, #6199, .F. ) ;
#468 = DIRECTION ( 'NONE',  ( 0.000000000000000000, -1.000000000000000000, -1.733406087350420004E-16 ) ) ;
#469 = LINE ( 'NONE', #5363, #1009 ) ;
#470 = VECTOR ( 'NONE', #6063, 1000.000000000000000 ) ;
#471 = ADVANCED_BREP_SHAPE_REPRESENTATION ( '', ( #5232, #8135, #1976, #8150, #2096, #5049, #8305, #8225, #5139, #2171, #1994, #8199, #4760 ), #566 ) ;
#472 = VERTEX_POINT ( 'NONE', #6145 ) ;
#473 = SURFACE_STYLE_USAGE ( .BOTH. , #8992 ) ;
#474 = VECTOR ( 'NONE', #4258, 1000.000000000000000 ) ;
#475 = ORIENTED_EDGE ( 'NONE', *, *, #5420, .T. ) ;
#476 = DIRECTION ( 'NONE',  ( 0.000000000000000000, -1.000000000000000000, -1.733406087350420004E-16 ) ) ;
#477 = ORIENTED_EDGE ( 'NONE', *, *, #2530, .T. ) ;
#478 = AXIS2_PLACEMENT_3D ( 'NONE', #6930, #4596, #1131 ) ;
#479 = ORIENTED_EDGE ( 'NONE', *, *, #8782, .F. ) ;
#480 = VECTOR ( 'NONE', #1637, 1000.000000000000000 ) ;
#481 = CARTESIAN_POINT ( 'NONE',  ( 5.968999999999998529, 6.222999999999998977, 0.8890000000000011227 ) ) ;
#482 = CARTESIAN_POINT ( 'NONE',  ( 12.69999999999999929, 0.8889999999999985691, 1.984781810244993228 ) ) ;
#483 = SHAPE_REPRESENTATION ( 'Pin - Gold', ( #4760 ), #8503 ) ;
#484 = VERTEX_POINT ( 'NONE', #401 ) ;
#485 = VECTOR ( 'NONE', #5253, 1000.000000000000000 ) ;
#486 = CARTESIAN_POINT ( 'NONE',  ( 5.968999999999998529, 7.048499999999997989, -0.8889999999999986802 ) ) ;
#487 = PLANE ( 'NONE',  #3415 ) ;
#488 = VERTEX_POINT ( 'NONE', #8795 ) ;
#489 = DIRECTION ( 'NONE',  ( -0.5773502691896270633, 0.5773502691896240657, -0.5773502691896261751 ) ) ;
#490 = VERTEX_POINT ( 'NONE', #8876 ) ;
#491 = CARTESIAN_POINT ( 'NONE',  ( -8.509000000000002117, 6.222999999999998977, -0.8889999999999987912 ) ) ;
#492 = ORIENTED_EDGE ( 'NONE', *, *, #5358, .F. ) ;
#493 = LINE ( 'NONE', #6227, #3479 ) ;
#494 = ORIENTED_EDGE ( 'NONE', *, *, #4294, .F. ) ;
#495 = EDGE_CURVE ( 'NONE', #689, #4350, #7341, .T. ) ;
#496 = AXIS2_PLACEMENT_3D ( 'NONE', #6279, #5098, #2777 ) ;
#497 = CARTESIAN_POINT ( 'NONE',  ( 8.762999999999999901, 6.794499999999999318, -1.396999999999998243 ) ) ;
#498 = DIRECTION ( 'NONE',  ( 0.000000000000000000, -0.9659258262890699775, -0.2588190451025143002 ) ) ;
#499 = EDGE_CURVE ( 'NONE', #7336, #3835, #8970, .T. ) ;
#500 = DIRECTION ( 'NONE',  ( 0.000000000000000000, -1.000000000000000000, 0.000000000000000000 ) ) ;
#501 = CARTESIAN_POINT ( 'NONE',  ( 4.190999999999997172, 6.222999999999998977, -1.650999999999998913 ) ) ;
#502 = CARTESIAN_POINT ( 'NONE',  ( 2.540000000000000480, 0.3809999999999992837, 2.501899999999999125 ) ) ;
#503 = VERTEX_POINT ( 'NONE', #5211 ) ;
#504 = ORIENTED_EDGE ( 'NONE', *, *, #7021, .F. ) ;
#505 = VECTOR ( 'NONE', #1049, 1000.000000000000000 ) ;
#506 = LINE ( 'NONE', #9023, #5409 ) ;
#507 = LINE ( 'NONE', #8913, #1607 ) ;
#508 = ADVANCED_FACE ( 'NONE', ( #1645 ), #1686, .F. ) ;
#509 = FACE_OUTER_BOUND ( 'NONE', #7499, .T. ) ;
#510 = AXIS2_PLACEMENT_3D ( 'NONE', #4983, #4791, #7834 ) ;
#511 = LINE ( 'NONE', #4835, #2454 ) ;
#512 = CARTESIAN_POINT ( 'NONE',  ( -2.539999999999998703, 0.3809999999999999498, -2.501900000000000901 ) ) ;
#513 = DIRECTION ( 'NONE',  ( 0.000000000000000000, -1.733406087350420004E-16, 1.000000000000000000 ) ) ;
#514 = ORIENTED_EDGE ( 'NONE', *, *, #2703, .T. ) ;
#515 = LINE ( 'NONE', #7788, #7850 ) ;
#516 = ORIENTED_EDGE ( 'NONE', *, *, #1061, .F. ) ;
#517 = DIRECTION ( 'NONE',  ( 0.000000000000000000, -1.733406087350420251E-16, 1.000000000000000000 ) ) ;
#518 = DIRECTION ( 'NONE',  ( 0.000000000000000000, 1.733406087350420004E-16, -1.000000000000000000 ) ) ;
#519 = VECTOR ( 'NONE', #2206, 1000.000000000000000 ) ;
#520 = DIRECTION ( 'NONE',  ( -1.000000000000000000, 0.000000000000000000, 0.000000000000000000 ) ) ;
#521 = ORIENTED_EDGE ( 'NONE', *, *, #6765, .T. ) ;
#522 = EDGE_CURVE ( 'NONE', #606, #1896, #3157, .T. ) ;
#523 = ORIENTED_EDGE ( 'NONE', *, *, #5600, .T. ) ;
#524 = DIRECTION ( 'NONE',  ( 0.000000000000000000, -0.9659258262890699775, -0.2588190451025143002 ) ) ;
#525 = CARTESIAN_POINT ( 'NONE',  ( 5.080000000000000959, 0.8889999999999985691, 1.984781810244993228 ) ) ;
#526 = VERTEX_POINT ( 'NONE', #2778 ) ;
#527 = VECTOR ( 'NONE', #9172, 1000.000000000000000 ) ;
#528 = CARTESIAN_POINT ( 'NONE',  ( -12.95400000000000063, 0.3809999999999999498, -2.501900000000000901 ) ) ;
#529 = ORIENTED_EDGE ( 'NONE', *, *, #5687, .F. ) ;
#530 = CARTESIAN_POINT ( 'NONE',  ( 11.04899999999999949, 7.048499999999997989, -1.650999999999998691 ) ) ;
#531 = EDGE_CURVE ( 'NONE', #3799, #6061, #4927, .T. ) ;
#532 = DIRECTION ( 'NONE',  ( -0.000000000000000000, -0.000000000000000000, 1.000000000000000000 ) ) ;
#533 = AXIS2_PLACEMENT_3D ( 'NONE', #7441, #8751, #1082 ) ;
#534 = CARTESIAN_POINT ( 'NONE',  ( -11.30300000000000438, 6.794499999999999318, -1.396999999999998243 ) ) ;
#535 = EDGE_CURVE ( 'NONE', #2853, #6852, #7570, .T. ) ;
#536 = DIRECTION ( 'NONE',  ( 0.000000000000000000, -1.733406087350420004E-16, 1.000000000000000000 ) ) ;
#537 = CARTESIAN_POINT ( 'NONE',  ( 12.70000000000000284, 0.8889999999999985691, 1.984781810244993228 ) ) ;
#538 = ORIENTED_EDGE ( 'NONE', *, *, #6104, .T. ) ;
#539 = CARTESIAN_POINT ( 'NONE',  ( 1.734723475976807094E-15, 7.492999999999999439, -2.095500000000001695 ) ) ;
#540 = ORIENTED_EDGE ( 'NONE', *, *, #1842, .F. ) ;
#541 = VECTOR ( 'NONE', #878, 1000.000000000000000 ) ;
#542 = DIRECTION ( 'NONE',  ( 0.000000000000000000, -1.224646799147354686E-16, 1.000000000000000000 ) ) ;
#543 = ORIENTED_EDGE ( 'NONE', *, *, #3483, .T. ) ;
#544 = COLOUR_RGB ( '',0.2509803921568627416, 0.2509803921568627416, 0.2509803921568627416 ) ;
#545 = CARTESIAN_POINT ( 'NONE',  ( 7.620000000000001883, 0.3809999999999993947, -2.120900000000001562 ) ) ;
#546 = DIRECTION ( 'NONE',  ( 0.000000000000000000, 0.9659258262890699775, 0.2588190451025143002 ) ) ;
#547 = DIRECTION ( 'NONE',  ( 1.000000000000000000, 0.000000000000000000, 0.000000000000000000 ) ) ;
#548 = FACE_OUTER_BOUND ( 'NONE', #3196, .T. ) ;
#549 = AXIS2_PLACEMENT_3D ( 'NONE', #1438, #7804, #6532 ) ;
#550 = PLANE ( 'NONE',  #496 ) ;
#551 = AXIS2_PLACEMENT_3D ( 'NONE', #323, #5397, #8890 ) ;
#552 = CARTESIAN_POINT ( 'NONE',  ( -2.095500000000005247, 7.492999999999999439, -0.4444999999999955653 ) ) ;
#553 = ORIENTED_EDGE ( 'NONE', *, *, #6975, .T. ) ;
#554 = EDGE_CURVE ( 'NONE', #2709, #372, #6328, .T. ) ;
#555 = VERTEX_POINT ( 'NONE', #3484 ) ;
#556 = LINE ( 'NONE', #455, #8090 ) ;
#557 = EDGE_CURVE ( 'NONE', #2543, #6926, #4661, .T. ) ;
#558 = SURFACE_STYLE_USAGE ( .BOTH. , #5495 ) ;
#559 = VECTOR ( 'NONE', #2300, 1000.000000000000000 ) ;
#560 = CARTESIAN_POINT ( 'NONE',  ( 0.3047999999999999599, 0.8889999999999995683, -1.714499999999999913 ) ) ;
#561 = PLANE ( 'NONE',  #2927 ) ;
#562 = DIRECTION ( 'NONE',  ( 0.000000000000000000, 0.000000000000000000, -1.000000000000000000 ) ) ;
#563 = CARTESIAN_POINT ( 'NONE',  ( -6.731000000000001648, 6.222999999999998977, -0.8889999999999987912 ) ) ;
#564 = ORIENTED_EDGE ( 'NONE', *, *, #8569, .F. ) ;
#565 = AXIS2_PLACEMENT_3D ( 'NONE', #6447, #4956, #8682 ) ;
#566 =( GEOMETRIC_REPRESENTATION_CONTEXT ( 3 ) GLOBAL_UNCERTAINTY_ASSIGNED_CONTEXT ( ( #31 ) ) GLOBAL_UNIT_ASSIGNED_CONTEXT ( ( #7663, #8552, #6415 ) ) REPRESENTATION_CONTEXT ( 'NONE', 'WORKASPACE' ) );
#567 = CARTESIAN_POINT ( 'NONE',  ( 0.8889999999999991243, 7.048499999999997101, 1.651000000000001355 ) ) ;
#568 = ORIENTED_EDGE ( 'NONE', *, *, #206, .F. ) ;
#569 = FACE_OUTER_BOUND ( 'NONE', #2260, .T. ) ;
#570 = EDGE_CURVE ( 'NONE', #1242, #8318, #8474, .T. ) ;
#571 = FILL_AREA_STYLE_COLOUR ( '', #8896 ) ;
#572 = CARTESIAN_POINT ( 'NONE',  ( 9.270999999999997243, 7.048499999999997989, -0.8889999999999986802 ) ) ;
#573 = AXIS2_PLACEMENT_3D ( 'NONE', #8687, #8816, #2958 ) ;
#574 = CARTESIAN_POINT ( 'NONE',  ( -9.271000000000000796, 6.222999999999998977, 0.8890000000000011227 ) ) ;
#575 = ORIENTED_EDGE ( 'NONE', *, *, #5989, .T. ) ;
#576 = DIRECTION ( 'NONE',  ( 0.000000000000000000, 0.9659258262890699775, 0.2588190451025143002 ) ) ;
#577 = CARTESIAN_POINT ( 'NONE',  ( -10.15999999999999837, 7.492999999999999439, -2.501900000000000901 ) ) ;
#578 = ORIENTED_EDGE ( 'NONE', *, *, #4982, .F. ) ;
#579 = DIRECTION ( 'NONE',  ( 1.000000000000000000, 0.000000000000000000, 0.000000000000000000 ) ) ;
#580 = ADVANCED_FACE ( 'NONE', ( #5635 ), #2727, .F. ) ;
#581 = ADVANCED_FACE ( 'NONE', ( #8424 ), #7064, .T. ) ;
#582 = CIRCLE ( 'NONE', #3302, 0.4191000000000003611 ) ;
#583 = VERTEX_POINT ( 'NONE', #6280 ) ;
#584 = CARTESIAN_POINT ( 'NONE',  ( -4.191000000000001613, 7.048499999999997989, -1.650999999999998691 ) ) ;
#585 = ORIENTED_EDGE ( 'NONE', *, *, #4613, .T. ) ;
#586 = DIRECTION ( 'NONE',  ( 0.5773502691896272854, -0.5773502691896241767, -0.5773502691896257311 ) ) ;
#587 = CARTESIAN_POINT ( 'NONE',  ( 0.3047999999999999599, 0.2539999999999996150, 3.429000000000000270 ) ) ;
#588 = ORIENTED_EDGE ( 'NONE', *, *, #4140, .T. ) ;
#589 = FACE_OUTER_BOUND ( 'NONE', #4505, .T. ) ;
#590 = CARTESIAN_POINT ( 'NONE',  ( 7.175500000000001322, 7.492999999999999439, -0.4444999999999955653 ) ) ;
#591 = ORIENTED_EDGE ( 'NONE', *, *, #6452, .F. ) ;
#592 = DIRECTION ( 'NONE',  ( 0.000000000000000000, -1.733406087350420251E-16, 1.000000000000000000 ) ) ;
#594 = ORIENTED_EDGE ( 'NONE', *, *, #945, .F. ) ;
#593 = VERTEX_POINT ( 'NONE', #5584 ) ;
#595 = SURFACE_SIDE_STYLE ('',( #644 ) ) ;
#596 = LINE ( 'NONE', #7813, #2943 ) ;
#597 = VERTEX_POINT ( 'NONE', #6868 ) ;
#598 = LINE ( 'NONE', #2066, #5116 ) ;
#599 = LINE ( 'NONE', #6418, #3600 ) ;
#600 = FACE_OUTER_BOUND ( 'NONE', #1140, .T. ) ;
#601 = CARTESIAN_POINT ( 'NONE',  ( 12.70000000000000284, 7.492999999999999439, -2.501900000000000901 ) ) ;
#602 = CARTESIAN_POINT ( 'NONE',  ( 10.16000000000000192, 7.492999999999999439, -2.501900000000000901 ) ) ;
#603 = LINE ( 'NONE', #1872, #7202 ) ;
#604 = VERTEX_POINT ( 'NONE', #9018 ) ;
#605 = EDGE_CURVE ( 'NONE', #1327, #4630, #6923, .T. ) ;
#606 = VERTEX_POINT ( 'NONE', #7723 ) ;
#607 = DIRECTION ( 'NONE',  ( 0.000000000000000000, 0.000000000000000000, -1.000000000000000000 ) ) ;
#608 = VERTEX_POINT ( 'NONE', #552 ) ;
#609 = ADVANCED_FACE ( 'NONE', ( #8324 ), #1270, .F. ) ;
#610 = VECTOR ( 'NONE', #6475, 1000.000000000000000 ) ;
#611 = DIRECTION ( 'NONE',  ( 0.000000000000000000, 0.000000000000000000, -1.000000000000000000 ) ) ;
#612 = CYLINDRICAL_SURFACE ( 'NONE', #8278, 0.1269999999999999463 ) ;
#613 = ADVANCED_FACE ( 'NONE', ( #4180 ), #3440, .F. ) ;
#614 = EDGE_CURVE ( 'NONE', #7860, #7923, #603, .T. ) ;
#615 = DIRECTION ( 'NONE',  ( -1.000000000000000000, -0.000000000000000000, -0.000000000000000000 ) ) ;
#616 = DIRECTION ( 'NONE',  ( 0.000000000000000000, 0.9659258262890700886, -0.2588190451025143002 ) ) ;
#617 = ORIENTED_EDGE ( 'NONE', *, *, #3710, .T. ) ;
#618 = CARTESIAN_POINT ( 'NONE',  ( -0.3047999999999999599, 0.8890000000000000124, 1.968499999999999694 ) ) ;
#619 = CARTESIAN_POINT ( 'NONE',  ( 2.540000000000002256, 0.8889999999999985691, 1.984781810244993228 ) ) ;
#620 = AXIS2_PLACEMENT_3D ( 'NONE', #3942, #6098, #8929 ) ;
#621 = CARTESIAN_POINT ( 'NONE',  ( -6.731000000000001648, 7.048499999999997101, 0.8890000000000012337 ) ) ;
#622 = DIRECTION ( 'NONE',  ( -0.000000000000000000, 0.000000000000000000, 1.000000000000000000 ) ) ;
#623 = ORIENTED_EDGE ( 'NONE', *, *, #173, .T. ) ;
#624 = EDGE_CURVE ( 'NONE', #374, #7169, #1170, .T. ) ;
#625 =( NAMED_UNIT ( * ) PLANE_ANGLE_UNIT ( ) SI_UNIT ( $, .RADIAN. ) );
#626 = DIRECTION ( 'NONE',  ( 1.000000000000000000, 0.000000000000000000, 0.000000000000000000 ) ) ;
#627 = ORIENTED_EDGE ( 'NONE', *, *, #139, .F. ) ;
#628 = CARTESIAN_POINT ( 'NONE',  ( -1.651000000000001355, 7.048499999999997101, 1.651000000000001355 ) ) ;
#629 = VECTOR ( 'NONE', #8138, 1000.000000000000114 ) ;
#630 = LINE ( 'NONE', #8450, #2976 ) ;
#631 = EDGE_LOOP ( 'NONE', ( #944, #7463, #4229, #4293 ) ) ;
#632 = DIRECTION ( 'NONE',  ( -1.000000000000000000, -0.000000000000000000, -0.000000000000000000 ) ) ;
#633 = ORIENTED_EDGE ( 'NONE', *, *, #8900, .F. ) ;
#634 = ORIENTED_EDGE ( 'NONE', *, *, #1683, .T. ) ;
#635 = DIRECTION ( 'NONE',  ( -0.000000000000000000, 1.000000000000000000, 1.733406087350420004E-16 ) ) ;
#636 = VECTOR ( 'NONE', #2631, 1000.000000000000000 ) ;
#637 = FACE_OUTER_BOUND ( 'NONE', #6969, .T. ) ;
#638 = PLANE ( 'NONE',  #120 ) ;
#639 = ORIENTED_EDGE ( 'NONE', *, *, #8483, .F. ) ;
#640 = DIRECTION ( 'NONE',  ( -1.000000000000000000, 0.000000000000000000, 0.000000000000000000 ) ) ;
#641 = ORIENTED_EDGE ( 'NONE', *, *, #2, .T. ) ;
#642 = VERTEX_POINT ( 'NONE', #6190 ) ;
#643 = AXIS2_PLACEMENT_3D ( 'NONE', #2468, #3888, #391 ) ;
#644 = SURFACE_STYLE_FILL_AREA ( #5009 ) ;
#645 = FACE_OUTER_BOUND ( 'NONE', #8198, .T. ) ;
#646 = EDGE_LOOP ( 'NONE', ( #3332, #7386, #5793, #2378 ) ) ;
#647 = FACE_OUTER_BOUND ( 'NONE', #4316, .T. ) ;
#648 = CARTESIAN_POINT ( 'NONE',  ( -5.524499999999998856, 7.492999999999999439, -2.501900000000000901 ) ) ;
#649 = VECTOR ( 'NONE', #977, 1000.000000000000000 ) ;
#650 = ADVANCED_FACE ( 'NONE', ( #2628 ), #5490, .F. ) ;
#651 = CARTESIAN_POINT ( 'NONE',  ( -12.69999999999999929, 0.8889999999999985691, 1.984781810244993228 ) ) ;
#652 = CARTESIAN_POINT ( 'NONE',  ( 1.734723475976807094E-15, 0.000000000000000000, 0.000000000000000000 ) ) ;
#653 = VERTEX_POINT ( 'NONE', #502 ) ;
#654 = CARTESIAN_POINT ( 'NONE',  ( -12.69999999999999929, 0.3809999999999993947, -2.120900000000001562 ) ) ;
#655 = ORIENTED_EDGE ( 'NONE', *, *, #3235, .F. ) ;
#656 = CARTESIAN_POINT ( 'NONE',  ( -0.8890000000000026770, 7.048499999999997101, 1.651000000000001355 ) ) ;
#657 = DIRECTION ( 'NONE',  ( 0.000000000000000000, 1.000000000000000000, 0.000000000000000000 ) ) ;
#658 = ORIENTED_EDGE ( 'NONE', *, *, #7253, .T. ) ;
#659 = VECTOR ( 'NONE', #2328, 1000.000000000000000 ) ;
#660 = DIRECTION ( 'NONE',  ( -0.000000000000000000, 1.000000000000000000, -2.082201214683127315E-16 ) ) ;
#661 = DIRECTION ( 'NONE',  ( 0.000000000000000000, 1.733406087350420004E-16, -1.000000000000000000 ) ) ;
#662 = VECTOR ( 'NONE', #2884, 1000.000000000000000 ) ;
#663 = CARTESIAN_POINT ( 'NONE',  ( 8.508999999999998565, 6.222999999999998977, -1.650999999999998913 ) ) ;
#664 = SURFACE_SIDE_STYLE ('',( #7075 ) ) ;
#665 = EDGE_CURVE ( 'NONE', #5355, #703, #3389, .T. ) ;
#666 = DIRECTION ( 'NONE',  ( 0.000000000000000000, -1.733406087350420004E-16, 1.000000000000000000 ) ) ;
#667 = ORIENTED_EDGE ( 'NONE', *, *, #7146, .F. ) ;
#668 = ADVANCED_FACE ( 'NONE', ( #8612 ), #7113, .F. ) ;
#669 = SURFACE_SIDE_STYLE ('',( #3633 ) ) ;
#670 = CARTESIAN_POINT ( 'NONE',  ( 12.95400000000000063, 7.492999999999999439, -2.501900000000000901 ) ) ;
#671 = AXIS2_PLACEMENT_3D ( 'NONE', #5580, #6322, #4028 ) ;
#672 = CARTESIAN_POINT ( 'NONE',  ( 12.70000000000000284, 0.8889999999999989022, -1.984781810244995004 ) ) ;
#673 = ORIENTED_EDGE ( 'NONE', *, *, #4664, .T. ) ;
#674 = SURFACE_STYLE_USAGE ( .BOTH. , #2098 ) ;
#675 = ADVANCED_FACE ( 'NONE', ( #2832 ), #5155, .F. ) ;
#676 = CIRCLE ( 'NONE', #510, 0.4191000000000008052 ) ;
#677 = LINE ( 'NONE', #3551, #3508 ) ;
#678 = ORIENTED_EDGE ( 'NONE', *, *, #824, .T. ) ;
#679 = EDGE_CURVE ( 'NONE', #6907, #1231, #2304, .T. ) ;
#680 = DIRECTION ( 'NONE',  ( -0.000000000000000000, -0.000000000000000000, 1.000000000000000000 ) ) ;
#681 = VERTEX_POINT ( 'NONE', #786 ) ;
#682 = CARTESIAN_POINT ( 'NONE',  ( -5.079999999999998295, 0.8889999999999989022, -1.984781810244995004 ) ) ;
#683 = ORIENTED_EDGE ( 'NONE', *, *, #1418, .F. ) ;
#684 = EDGE_CURVE ( 'NONE', #1291, #1434, #4315, .T. ) ;
#685 = CARTESIAN_POINT ( 'NONE',  ( 5.080000000000000959, 7.492999999999998550, 2.501900000000000901 ) ) ;
#686 = CARTESIAN_POINT ( 'NONE',  ( -1.651000000000001355, 6.222999999999998977, 0.8890000000000011227 ) ) ;
#687 = ORIENTED_EDGE ( 'NONE', *, *, #8063, .F. ) ;
#688 = CARTESIAN_POINT ( 'NONE',  ( 11.81099999999999817, 6.222999999999998977, -0.8889999999999987912 ) ) ;
#689 = VERTEX_POINT ( 'NONE', #7241 ) ;
#690 = VERTEX_POINT ( 'NONE', #3662 ) ;
#691 = EDGE_CURVE ( 'NONE', #5462, #7078, #3578, .T. ) ;
#692 = PLANE ( 'NONE',  #4565 ) ;
#693 = ORIENTED_EDGE ( 'NONE', *, *, #6199, .T. ) ;
#694 = VECTOR ( 'NONE', #2544, 1000.000000000000000 ) ;
#695 = LINE ( 'NONE', #5810, #8901 ) ;
#696 = FACE_OUTER_BOUND ( 'NONE', #5148, .T. ) ;
#697 = LINE ( 'NONE', #2922, #2422 ) ;
#698 = VERTEX_POINT ( 'NONE', #1587 ) ;
#699 = DIRECTION ( 'NONE',  ( 0.000000000000000000, 2.439149994343092652E-16, -1.000000000000000000 ) ) ;
#700 = ORIENTED_EDGE ( 'NONE', *, *, #1414, .F. ) ;
#701 = VECTOR ( 'NONE', #2539, 1000.000000000000000 ) ;
#702 = EDGE_CURVE ( 'NONE', #4562, #6358, #697, .T. ) ;
#703 = VERTEX_POINT ( 'NONE', #4396 ) ;
#704 = LINE ( 'NONE', #560, #5084 ) ;
#705 = DIRECTION ( 'NONE',  ( 0.000000000000000000, 1.733406087350420004E-16, -1.000000000000000000 ) ) ;
#706 = VECTOR ( 'NONE', #1192, 1000.000000000000000 ) ;
#707 = CARTESIAN_POINT ( 'NONE',  ( 5.524499999999994415, 7.492999999999998550, 0.4444999999999979523 ) ) ;
#708 = FACE_OUTER_BOUND ( 'NONE', #5324, .T. ) ;
#709 = LINE ( 'NONE', #3497, #5627 ) ;
#710 = ORIENTED_EDGE ( 'NONE', *, *, #6295, .T. ) ;
#711 = VECTOR ( 'NONE', #965, 1000.000000000000000 ) ;
#712 = EDGE_CURVE ( 'NONE', #8302, #5314, #6421, .T. ) ;
#713 = VECTOR ( 'NONE', #4540, 1000.000000000000000 ) ;
#714 = DIRECTION ( 'NONE',  ( 0.000000000000000000, 1.422837496700139336E-15, -1.000000000000000000 ) ) ;
#715 = EDGE_CURVE ( 'NONE', #5103, #1958, #7597, .T. ) ;
#716 = AXIS2_PLACEMENT_3D ( 'NONE', #1921, #9153, #6866 ) ;
#717 = ORIENTED_EDGE ( 'NONE', *, *, #3461, .T. ) ;
#718 = UNCERTAINTY_MEASURE_WITH_UNIT (LENGTH_MEASURE( 1.000000000000000082E-05 ), #5101, 'distance_accuracy_value', 'NONE');
#719 = FACE_OUTER_BOUND ( 'NONE', #1524, .T. ) ;
#720 = CARTESIAN_POINT ( 'NONE',  ( -9.271000000000000796, 6.222999999999998977, -0.8889999999999987912 ) ) ;
#721 = ORIENTED_EDGE ( 'NONE', *, *, #6186, .T. ) ;
#722 = LINE ( 'NONE', #3599, #4709 ) ;
#723 = CARTESIAN_POINT ( 'NONE',  ( 1.734723475976807094E-15, 7.492999999999999439, -2.501900000000000901 ) ) ;
#724 = ORIENTED_EDGE ( 'NONE', *, *, #8930, .T. ) ;
#725 = EDGE_CURVE ( 'NONE', #6221, #280, #6504, .T. ) ;
#726 = AXIS2_PLACEMENT_3D ( 'NONE', #3561, #868, #8506 ) ;
#727 = CARTESIAN_POINT ( 'NONE',  ( 5.524499999999994415, 7.492999999999999439, -2.095500000000001695 ) ) ;
#728 = VERTEX_POINT ( 'NONE', #3752 ) ;
#729 = ADVANCED_FACE ( 'NONE', ( #9204 ), #77, .F. ) ;
#730 = EDGE_CURVE ( 'NONE', #1777, #1511, #7908, .T. ) ;
#731 = CARTESIAN_POINT ( 'NONE',  ( 0.8889999999999991243, 7.048499999999997101, 1.651000000000001355 ) ) ;
#732 = FACE_BOUND ( 'NONE', #3674, .T. ) ;
#733 = ORIENTED_EDGE ( 'NONE', *, *, #7758, .F. ) ;
#734 = AXIS2_PLACEMENT_3D ( 'NONE', #9227, #3507, #2854 ) ;
#735 = DIRECTION ( 'NONE',  ( 0.000000000000000000, 1.733406087350420004E-16, -1.000000000000000000 ) ) ;
#736 = ORIENTED_EDGE ( 'NONE', *, *, #5802, .T. ) ;
#737 = ORIENTED_EDGE ( 'NONE', *, *, #2122, .F. ) ;
#738 = DIRECTION ( 'NONE',  ( 1.000000000000000000, 0.000000000000000000, 0.000000000000000000 ) ) ;
#739 = ORIENTED_EDGE ( 'NONE', *, *, #554, .F. ) ;
#740 = VECTOR ( 'NONE', #5591, 1000.000000000000000 ) ;
#741 = DIRECTION ( 'NONE',  ( 0.000000000000000000, 1.733406087350420004E-16, -1.000000000000000000 ) ) ;
#742 = EDGE_CURVE ( 'NONE', #5452, #1171, #2123, .T. ) ;
#743 = LINE ( 'NONE', #5105, #7582 ) ;
#744 = EDGE_CURVE ( 'NONE', #5493, #8637, #2876, .T. ) ;
#745 = CARTESIAN_POINT ( 'NONE',  ( 1.650999999999998025, 6.222999999999998977, -0.8889999999999987912 ) ) ;
#746 = ORIENTED_EDGE ( 'NONE', *, *, #8859, .T. ) ;
#747 = CARTESIAN_POINT ( 'NONE',  ( -9.271000000000000796, 7.048499999999997989, -0.8889999999999986802 ) ) ;
#748 = ORIENTED_EDGE ( 'NONE', *, *, #1280, .T. ) ;
#749 = ORIENTED_EDGE ( 'NONE', *, *, #6017, .T. ) ;
#750 = CARTESIAN_POINT ( 'NONE',  ( 4.190999999999997172, 7.048499999999997101, 0.8890000000000012337 ) ) ;
#751 = FACE_OUTER_BOUND ( 'NONE', #6134, .T. ) ;
#752 = EDGE_CURVE ( 'NONE', #681, #5331, #5017, .T. ) ;
#753 = EDGE_CURVE ( 'NONE', #1623, #8245, #131, .T. ) ;
#754 = LINE ( 'NONE', #3631, #6600 ) ;
#755 = VERTEX_POINT ( 'NONE', #2257 ) ;
#756 = VERTEX_POINT ( 'NONE', #35 ) ;
#757 = VECTOR ( 'NONE', #3120, 1000.000000000000000 ) ;
#758 = FACE_OUTER_BOUND ( 'NONE', #9162, .T. ) ;
#759 = DIRECTION ( 'NONE',  ( 0.000000000000000000, -1.733406087350420251E-16, 1.000000000000000000 ) ) ;
#760 = CARTESIAN_POINT ( 'NONE',  ( -2.095500000000005247, 7.492999999999999439, -2.501900000000000901 ) ) ;
#761 = ORIENTED_EDGE ( 'NONE', *, *, #5360, .T. ) ;
#762 = DIRECTION ( 'NONE',  ( -0.000000000000000000, 1.000000000000000000, 1.422837496700138942E-15 ) ) ;
#763 = DIRECTION ( 'NONE',  ( 0.000000000000000000, 1.000000000000000000, 2.439149994343092652E-16 ) ) ;
#764 = VERTEX_POINT ( 'NONE', #3011 ) ;
#765 = CARTESIAN_POINT ( 'NONE',  ( 0.3047999999999999599, 0.2539999999999993929, -3.302000000000000046 ) ) ;
#766 = EDGE_CURVE ( 'NONE', #2167, #8296, #5109, .T. ) ;
#767 = PLANE ( 'NONE',  #3269 ) ;
#768 = DIRECTION ( 'NONE',  ( 1.000000000000000000, 0.000000000000000000, 0.000000000000000000 ) ) ;
#769 = DIRECTION ( 'NONE',  ( -1.000000000000000000, -0.000000000000000000, -0.000000000000000000 ) ) ;
#770 = CLOSED_SHELL ( 'NONE', ( #6906, #2222, #6388, #668, #449, #8398, #2198, #2571, #9127, #9138, #6802, #7755, #1868, #6632, #6051, #6621, #2738, #1964, #978, #1660, #906, #1202, #2707, #8035, #6156, #4178, #6257, #2484 ) ) ;
#771 = ORIENTED_EDGE ( 'NONE', *, *, #6970, .T. ) ;
#772 = CARTESIAN_POINT ( 'NONE',  ( -7.619999999999999218, 0.8889999999999985691, 1.984781810244993228 ) ) ;
#773 = CARTESIAN_POINT ( 'NONE',  ( 11.81099999999999817, 7.048499999999997101, 0.8890000000000012337 ) ) ;
#774 = VECTOR ( 'NONE', #7223, 1000.000000000000000 ) ;
#775 = ORIENTED_EDGE ( 'NONE', *, *, #1932, .T. ) ;
#776 = LINE ( 'NONE', #5756, #1083 ) ;
#777 = ORIENTED_EDGE ( 'NONE', *, *, #5563, .T. ) ;
#778 = ADVANCED_FACE ( 'NONE', ( #6712 ), #5243, .F. ) ;
#779 = EDGE_CURVE ( 'NONE', #7750, #5660, #7379, .T. ) ;
#780 = CARTESIAN_POINT ( 'NONE',  ( -11.81100000000000172, 7.048499999999997101, 0.8890000000000012337 ) ) ;
#781 = EDGE_LOOP ( 'NONE', ( #3623, #7101, #5398, #516 ) ) ;
#782 = VECTOR ( 'NONE', #8218, 1000.000000000000000 ) ;
#783 = LINE ( 'NONE', #3699, #6971 ) ;
#784 = FACE_OUTER_BOUND ( 'NONE', #5698, .T. ) ;
#785 = AXIS2_PLACEMENT_3D ( 'NONE', #2152, #3693, #7937 ) ;
#786 = CARTESIAN_POINT ( 'NONE',  ( 5.080000000000000959, 0.8889999999999989022, -1.984781810244995004 ) ) ;
#787 = ORIENTED_EDGE ( 'NONE', *, *, #8786, .T. ) ;
#788 = EDGE_LOOP ( 'NONE', ( #2609, #5723, #2507, #6107 ) ) ;
#789 = EDGE_CURVE ( 'NONE', #4879, #7220, #5197, .T. ) ;
#790 = ORIENTED_EDGE ( 'NONE', *, *, #247, .F. ) ;
#791 = EDGE_CURVE ( 'NONE', #6702, #2185, #6629, .T. ) ;
#792 = AXIS2_PLACEMENT_3D ( 'NONE', #4317, #5201, #3581 ) ;
#793 = DIRECTION ( 'NONE',  ( -1.000000000000000000, 0.000000000000000000, -0.000000000000000000 ) ) ;
#794 = FACE_OUTER_BOUND ( 'NONE', #350, .T. ) ;
#795 = DIRECTION ( 'NONE',  ( -1.000000000000000000, -0.000000000000000000, 0.000000000000000000 ) ) ;
#796 = ORIENTED_EDGE ( 'NONE', *, *, #1629, .T. ) ;
#797 = VECTOR ( 'NONE', #462, 1000.000000000000114 ) ;
#798 = EDGE_CURVE ( 'NONE', #9157, #6660, #3191, .T. ) ;
#799 = FILL_AREA_STYLE_COLOUR ( '', #6529 ) ;
#800 = DIRECTION ( 'NONE',  ( -0.000000000000000000, 0.000000000000000000, 1.000000000000000000 ) ) ;
#801 = CYLINDRICAL_SURFACE ( 'NONE', #8568, 0.6731000000000000316 ) ;
#802 = VECTOR ( 'NONE', #9117, 1000.000000000000000 ) ;
#803 = ADVANCED_FACE ( 'NONE', ( #8822 ), #298, .F. ) ;
#804 = VECTOR ( 'NONE', #2249, 1000.000000000000000 ) ;
#805 = ORIENTED_EDGE ( 'NONE', *, *, #1486, .T. ) ;
#806 = DIRECTION ( 'NONE',  ( 0.000000000000000000, 0.000000000000000000, -1.000000000000000000 ) ) ;
#807 = PLANE ( 'NONE',  #6615 ) ;
#808 = EDGE_LOOP ( 'NONE', ( #4827, #870, #4504, #6183, #4421, #7285, #7453, #7641 ) ) ;
#809 = CARTESIAN_POINT ( 'NONE',  ( -7.619999999999999218, 0.3809999999999992837, 2.501899999999999125 ) ) ;
#810 = CARTESIAN_POINT ( 'NONE',  ( -5.079999999999998295, 0.3809999999999988396, 2.120899999999999785 ) ) ;
#811 = CARTESIAN_POINT ( 'NONE',  ( 2.540000000000002256, 0.3809999999999993947, -2.120900000000001562 ) ) ;
#812 = DIRECTION ( 'NONE',  ( 0.000000000000000000, 0.2588190451025143002, -0.9659258262890699775 ) ) ;
#813 = VERTEX_POINT ( 'NONE', #1635 ) ;
#814 = VECTOR ( 'NONE', #657, 1000.000000000000000 ) ;
#815 = LINE ( 'NONE', #5002, #8632 ) ;
#816 = CARTESIAN_POINT ( 'NONE',  ( 11.04899999999999949, 7.048499999999997101, 1.651000000000001355 ) ) ;
#817 = ORIENTED_EDGE ( 'NONE', *, *, #436, .F. ) ;
#818 = PLANE ( 'NONE',  #3522 ) ;
#819 = PLANE ( 'NONE',  #5735 ) ;
#820 = DIRECTION ( 'NONE',  ( -0.5773502691896273964, -0.5773502691896236216, -0.5773502691896262862 ) ) ;
#821 = CARTESIAN_POINT ( 'NONE',  ( -11.43000000000000327, 0.000000000000000000, 0.000000000000000000 ) ) ;
#822 = CARTESIAN_POINT ( 'NONE',  ( 0.8889999999999991243, 7.048499999999997989, -1.650999999999998691 ) ) ;
#823 = ORIENTED_EDGE ( 'NONE', *, *, #5936, .T. ) ;
#824 = EDGE_CURVE ( 'NONE', #2972, #5648, #8864, .T. ) ;
#825 = DIRECTION ( 'NONE',  ( 0.000000000000000000, 0.000000000000000000, 1.000000000000000000 ) ) ;
#826 = CARTESIAN_POINT ( 'NONE',  ( -2.539999999999998703, 0.3809999999999993947, -2.120900000000001562 ) ) ;
#827 = AXIS2_PLACEMENT_3D ( 'NONE', #5934, #338, #1764 ) ;
#828 = EDGE_CURVE ( 'NONE', #1534, #7116, #7511, .T. ) ;
#829 = ADVANCED_FACE ( 'NONE', ( #5289 ), #259, .T. ) ;
#830 = DIRECTION ( 'NONE',  ( 0.000000000000000000, 1.000000000000000000, 1.733406087350420004E-16 ) ) ;
#831 = EDGE_LOOP ( 'NONE', ( #5879, #6451, #9196, #6797 ) ) ;
#832 = PLANE ( 'NONE',  #2155 ) ;
#834 = ORIENTED_EDGE ( 'NONE', *, *, #4484, .F. ) ;
#833 = VERTEX_POINT ( 'NONE', #8784 ) ;
#835 = CARTESIAN_POINT ( 'NONE',  ( 0.3047999999999999599, 0.6731000000000003647, 1.714499999999999913 ) ) ;
#836 = VERTEX_POINT ( 'NONE', #3796 ) ;
#837 = EDGE_CURVE ( 'NONE', #8385, #6221, #922, .T. ) ;
#838 = LINE ( 'NONE', #4978, #2019 ) ;
#839 = EDGE_CURVE ( 'NONE', #7931, #7715, #213, .T. ) ;
#840 = EDGE_CURVE ( 'NONE', #877, #1892, #3146, .T. ) ;
#841 = DIRECTION ( 'NONE',  ( 0.000000000000000000, 1.224646799147354193E-16, 1.000000000000000000 ) ) ;
#842 = VECTOR ( 'NONE', #3767, 1000.000000000000000 ) ;
#843 = LINE ( 'NONE', #88, #3181 ) ;
#844 = EDGE_LOOP ( 'NONE', ( #6484, #6724, #8791, #3706 ) ) ;
#845 = EDGE_CURVE ( 'NONE', #8076, #7696, #3885, .T. ) ;
#846 = VERTEX_POINT ( 'NONE', #344 ) ;
#847 = CARTESIAN_POINT ( 'NONE',  ( -5.079999999999999183, 0.3809999999999999498, -2.501900000000000901 ) ) ;
#848 = VECTOR ( 'NONE', #2513, 1000.000000000000000 ) ;
#849 = FACE_OUTER_BOUND ( 'NONE', #6883, .T. ) ;
#850 = AXIS2_PLACEMENT_3D ( 'NONE', #7762, #3288, #9007 ) ;
#851 = DIRECTION ( 'NONE',  ( 0.000000000000000000, 0.000000000000000000, -1.000000000000000000 ) ) ;
#852 = DIRECTION ( 'NONE',  ( 0.000000000000000000, 0.000000000000000000, -1.000000000000000000 ) ) ;
#853 = ORIENTED_EDGE ( 'NONE', *, *, #6171, .F. ) ;
#854 = CARTESIAN_POINT ( 'NONE',  ( 22.86000000000000298, 6.222999999999998977, -2.201425730935033664E-16 ) ) ;
#855 = CARTESIAN_POINT ( 'NONE',  ( -1.143000000000003347, 6.794499999999999318, -1.142999999999999572 ) ) ;
#856 = ORIENTED_EDGE ( 'NONE', *, *, #4257, .F. ) ;
#857 = VECTOR ( 'NONE', #3370, 1000.000000000000000 ) ;
#858 = EDGE_CURVE ( 'NONE', #5491, #1602, #3098, .T. ) ;
#859 = DIRECTION ( 'NONE',  ( 0.000000000000000000, -0.9659258262890699775, -0.2588190451025143002 ) ) ;
#860 = CARTESIAN_POINT ( 'NONE',  ( -7.619999999999998330, 7.492999999999999439, -2.501900000000000901 ) ) ;
#861 = CARTESIAN_POINT ( 'NONE',  ( -0.3047999999999999599, 0.6730999999999999206, -2.387599999999999945 ) ) ;
#862 = EDGE_LOOP ( 'NONE', ( #6521, #3130, #176, #7581 ) ) ;
#863 = DIRECTION ( 'NONE',  ( 0.000000000000000000, -1.092515224483717382E-16, 1.000000000000000000 ) ) ;
#864 = AXIS2_PLACEMENT_3D ( 'NONE', #6502, #5015, #4394 ) ;
#865 = VECTOR ( 'NONE', #9208, 1000.000000000000000 ) ;
#866 = DIRECTION ( 'NONE',  ( 1.000000000000000000, 0.000000000000000000, 0.000000000000000000 ) ) ;
#867 = EDGE_CURVE ( 'NONE', #3607, #7367, #8082, .T. ) ;
#868 = DIRECTION ( 'NONE',  ( 0.000000000000000000, 1.000000000000000000, -1.138269997360111548E-15 ) ) ;
#869 = ADVANCED_FACE ( 'NONE', ( #5905 ), #8174, .F. ) ;
#870 = ORIENTED_EDGE ( 'NONE', *, *, #2505, .F. ) ;
#871 = CARTESIAN_POINT ( 'NONE',  ( 3.428999999999998050, 6.222999999999998977, 0.8890000000000011227 ) ) ;
#872 = LINE ( 'NONE', #7538, #2595 ) ;
#873 = VECTOR ( 'NONE', #5142, 1000.000000000000000 ) ;
#874 = ORIENTED_EDGE ( 'NONE', *, *, #8222, .T. ) ;
#875 = DIRECTION ( 'NONE',  ( 0.000000000000000000, 0.000000000000000000, 1.000000000000000000 ) ) ;
#876 = LINE ( 'NONE', #3045, #9036 ) ;
#877 = VERTEX_POINT ( 'NONE', #3240 ) ;
#878 = DIRECTION ( 'NONE',  ( -1.000000000000000000, -0.000000000000000000, -0.000000000000000000 ) ) ;
#879 = AXIS2_PLACEMENT_3D ( 'NONE', #7040, #762, #3637 ) ;
#880 = AXIS2_PLACEMENT_3D ( 'NONE', #5057, #2330, #1626 ) ;
#881 = CARTESIAN_POINT ( 'NONE',  ( -5.079999999999998295, 0.3809999999999992837, 2.501899999999999125 ) ) ;
#882 = CARTESIAN_POINT ( 'NONE',  ( -9.271000000000000796, 7.048499999999997989, -0.8889999999999986802 ) ) ;
#883 = VERTEX_POINT ( 'NONE', #3053 ) ;
#884 = VERTEX_POINT ( 'NONE', #8739 ) ;
#885 = DIRECTION ( 'NONE',  ( 1.000000000000000000, 0.000000000000000000, 0.000000000000000000 ) ) ;
#886 = AXIS2_PLACEMENT_3D ( 'NONE', #3061, #2343, #5205 ) ;
#887 = ORIENTED_EDGE ( 'NONE', *, *, #2449, .T. ) ;
#888 = DIRECTION ( 'NONE',  ( -0.000000000000000000, -0.7071067811865487940, -0.7071067811865462405 ) ) ;
#889 = PLANE ( 'NONE',  #7230 ) ;
#890 = UNCERTAINTY_MEASURE_WITH_UNIT (LENGTH_MEASURE( 1.000000000000000082E-05 ), #4942, 'distance_accuracy_value', 'NONE');
#891 = CARTESIAN_POINT ( 'NONE',  ( 5.968999999999998529, 6.222999999999998977, -0.8889999999999987912 ) ) ;
#892 = EDGE_CURVE ( 'NONE', #4917, #971, #4765, .T. ) ;
#893 = DIRECTION ( 'NONE',  ( 0.000000000000000000, 1.422837496700139336E-15, -1.000000000000000000 ) ) ;
#894 = VERTEX_POINT ( 'NONE', #1956 ) ;
#895 = EDGE_CURVE ( 'NONE', #1805, #6742, #7708, .T. ) ;
#896 = CARTESIAN_POINT ( 'NONE',  ( 0.3047999999999999599, 0.6731000000000003647, 1.714499999999999913 ) ) ;
#897 = DIRECTION ( 'NONE',  ( 0.000000000000000000, 1.733406087350420004E-16, -1.000000000000000000 ) ) ;
#898 = ORIENTED_EDGE ( 'NONE', *, *, #4038, .T. ) ;
#899 = CARTESIAN_POINT ( 'NONE',  ( 0.3047999999999999599, 0.6731000000000003647, 1.714499999999999913 ) ) ;
#900 = CARTESIAN_POINT ( 'NONE',  ( -12.95400000000000063, 0.3809999999999992837, 2.501899999999999125 ) ) ;
#901 = ORIENTED_EDGE ( 'NONE', *, *, #691, .T. ) ;
#902 = DIRECTION ( 'NONE',  ( -1.000000000000000000, 0.000000000000000000, 0.000000000000000000 ) ) ;
#903 = EDGE_CURVE ( 'NONE', #1903, #2702, #8311, .T. ) ;
#904 = LINE ( 'NONE', #1798, #3694 ) ;
#905 = VERTEX_POINT ( 'NONE', #9096 ) ;
#906 = ADVANCED_FACE ( 'NONE', ( #589 ), #3471, .F. ) ;
#907 = CARTESIAN_POINT ( 'NONE',  ( 10.16000000000000192, 0.3809999999999988396, 2.120899999999999785 ) ) ;
#908 = EDGE_CURVE ( 'NONE', #2216, #3835, #3330, .T. ) ;
#909 = CARTESIAN_POINT ( 'NONE',  ( -6.731000000000001648, 6.222999999999998977, -1.650999999999998913 ) ) ;
#910 = SURFACE_STYLE_FILL_AREA ( #1100 ) ;
#911 = VERTEX_POINT ( 'NONE', #4165 ) ;
#912 = DIRECTION ( 'NONE',  ( 1.000000000000000000, 0.000000000000000000, -0.000000000000000000 ) ) ;
#913 = EDGE_CURVE ( 'NONE', #7549, #5493, #2716, .T. ) ;
#914 = VECTOR ( 'NONE', #7816, 1000.000000000000000 ) ;
#915 = DIRECTION ( 'NONE',  ( 1.000000000000000000, 0.000000000000000000, 0.000000000000000000 ) ) ;
#916 = CARTESIAN_POINT ( 'NONE',  ( -2.539999999999998703, 7.492999999999999439, -2.501900000000000901 ) ) ;
#917 = ORIENTED_EDGE ( 'NONE', *, *, #6356, .F. ) ;
#918 = VECTOR ( 'NONE', #10, 1000.000000000000000 ) ;
#919 = CARTESIAN_POINT ( 'NONE',  ( -9.271000000000000796, 6.222999999999998977, -1.650999999999998913 ) ) ;
#920 = CARTESIAN_POINT ( 'NONE',  ( 5.080000000000000959, 0.3809999999999999498, -2.501900000000000901 ) ) ;
#921 = EDGE_CURVE ( 'NONE', #7257, #9234, #5523, .T. ) ;
#922 = LINE ( 'NONE', #1017, #782 ) ;
#923 = ORIENTED_EDGE ( 'NONE', *, *, #4807, .T. ) ;
#924 = DIRECTION ( 'NONE',  ( -0.000000000000000000, 1.000000000000000000, 1.733406087350420004E-16 ) ) ;
#925 = VERTEX_POINT ( 'NONE', #1207 ) ;
#926 = VECTOR ( 'NONE', #7777, 1000.000000000000000 ) ;
#927 = DIRECTION ( 'NONE',  ( 1.000000000000000000, 0.000000000000000000, 0.000000000000000000 ) ) ;
#928 = ORIENTED_EDGE ( 'NONE', *, *, #2691, .T. ) ;
#929 = CARTESIAN_POINT ( 'NONE',  ( -1.651000000000001355, 6.222999999999998977, -0.8889999999999987912 ) ) ;
#930 = CARTESIAN_POINT ( 'NONE',  ( -12.95400000000000063, 0.3809999999999993947, -2.120900000000001562 ) ) ;
#931 = VECTOR ( 'NONE', #5982, 1000.000000000000000 ) ;
#932 = LINE ( 'NONE', #5948, #3060 ) ;
#933 = DIRECTION ( 'NONE',  ( 0.000000000000000000, -1.138269997360111548E-15, -1.000000000000000000 ) ) ;
#934 = ORIENTED_EDGE ( 'NONE', *, *, #3887, .F. ) ;
#935 = VECTOR ( 'NONE', #8614, 1000.000000000000000 ) ;
#936 = LINE ( 'NONE', #5168, #7038 ) ;
#937 = ADVANCED_FACE ( 'NONE', ( #5568 ), #1157, .F. ) ;
#938 = DIRECTION ( 'NONE',  ( 0.000000000000000000, 1.000000000000000000, 1.733406087350420004E-16 ) ) ;
#939 = ADVANCED_FACE ( 'NONE', ( #2561 ), #2012, .F. ) ;
#940 = STYLED_ITEM ( 'NONE', ( #4095 ), #1994 ) ;
#941 = ORIENTED_EDGE ( 'NONE', *, *, #845, .F. ) ;
#942 = EDGE_CURVE ( 'NONE', #593, #993, #7657, .T. ) ;
#943 = CARTESIAN_POINT ( 'NONE',  ( -6.731000000000001648, 6.222999999999998977, 1.651000000000001133 ) ) ;
#944 = ORIENTED_EDGE ( 'NONE', *, *, #3018, .T. ) ;
#945 = EDGE_CURVE ( 'NONE', #5229, #604, #1861, .T. ) ;
#946 = DIRECTION ( 'NONE',  ( -1.000000000000000000, 0.000000000000000000, -0.000000000000000000 ) ) ;
#947 = ORIENTED_EDGE ( 'NONE', *, *, #8643, .T. ) ;
#948 = ADVANCED_FACE ( 'NONE', ( #7009 ), #9049, .F. ) ;
#949 = VECTOR ( 'NONE', #5144, 1000.000000000000000 ) ;
#950 = FACE_OUTER_BOUND ( 'NONE', #7103, .T. ) ;
#951 = EDGE_CURVE ( 'NONE', #3889, #606, #5621, .T. ) ;
#952 = FACE_OUTER_BOUND ( 'NONE', #2010, .T. ) ;
#953 = ADVANCED_FACE ( 'NONE', ( #7606 ), #5421, .F. ) ;
#954 = LINE ( 'NONE', #5273, #7145 ) ;
#955 = VERTEX_POINT ( 'NONE', #6808 ) ;
#956 = LINE ( 'NONE', #8902, #4265 ) ;
#957 = VECTOR ( 'NONE', #5823, 1000.000000000000000 ) ;
#958 = EDGE_CURVE ( 'NONE', #7728, #4401, #388, .T. ) ;
#959 = AXIS2_PLACEMENT_3D ( 'NONE', #333, #5367, #291 ) ;
#960 = DIRECTION ( 'NONE',  ( 0.000000000000000000, 0.000000000000000000, -1.000000000000000000 ) ) ;
#961 = ORIENTED_EDGE ( 'NONE', *, *, #210, .T. ) ;
#962 = AXIS2_PLACEMENT_3D ( 'NONE', #2845, #5690, #2132 ) ;
#963 = CARTESIAN_POINT ( 'NONE',  ( -9.271000000000000796, 7.048499999999997101, 0.8890000000000012337 ) ) ;
#964 = CARTESIAN_POINT ( 'NONE',  ( 7.620000000000001883, 7.492999999999999439, -2.501900000000000901 ) ) ;
#965 = DIRECTION ( 'NONE',  ( 0.000000000000000000, 1.733406087350420251E-16, -1.000000000000000000 ) ) ;
#966 = DIRECTION ( 'NONE',  ( 0.000000000000000000, -0.000000000000000000, -1.000000000000000000 ) ) ;
#967 = FACE_OUTER_BOUND ( 'NONE', #1174, .T. ) ;
#968 = ORIENTED_EDGE ( 'NONE', *, *, #3529, .T. ) ;
#969 = VECTOR ( 'NONE', #6915, 1000.000000000000000 ) ;
#970 = DIRECTION ( 'NONE',  ( -0.5773502691896270633, 0.5773502691896240657, -0.5773502691896261751 ) ) ;
#972 = ORIENTED_EDGE ( 'NONE', *, *, #8184, .F. ) ;
#971 = VERTEX_POINT ( 'NONE', #8264 ) ;
#973 = FACE_OUTER_BOUND ( 'NONE', #8467, .T. ) ;
#974 = ORIENTED_EDGE ( 'NONE', *, *, #5981, .T. ) ;
#975 = DIRECTION ( 'NONE',  ( -1.000000000000000000, -0.000000000000000000, -0.000000000000000000 ) ) ;
#976 = EDGE_CURVE ( 'NONE', #7598, #764, #7557, .T. ) ;
#977 = DIRECTION ( 'NONE',  ( -0.000000000000000000, 1.000000000000000000, 1.733406087350420004E-16 ) ) ;
#978 = ADVANCED_FACE ( 'NONE', ( #1531 ), #819, .F. ) ;
#979 = CARTESIAN_POINT ( 'NONE',  ( 11.04899999999999949, 7.048499999999997989, -0.8889999999999986802 ) ) ;
#980 = ORIENTED_EDGE ( 'NONE', *, *, #1895, .F. ) ;
#981 = CARTESIAN_POINT ( 'NONE',  ( 7.620000000000001883, 0.3809999999999988396, 2.120899999999999785 ) ) ;
#982 = EDGE_LOOP ( 'NONE', ( #8366, #3068, #3865, #2201, #8721, #2913, #5343, #771 ) ) ;
#983 = CIRCLE ( 'NONE', #230, 0.4191000000000003611 ) ;
#984 = CARTESIAN_POINT ( 'NONE',  ( -3.429000000000003379, 7.048499999999997101, 1.651000000000001355 ) ) ;
#985 = DIRECTION ( 'NONE',  ( 0.000000000000000000, 1.733406087350420004E-16, -1.000000000000000000 ) ) ;
#986 = PLANE ( 'NONE',  #5147 ) ;
#987 =( GEOMETRIC_REPRESENTATION_CONTEXT ( 3 ) GLOBAL_UNCERTAINTY_ASSIGNED_CONTEXT ( ( #890 ) ) GLOBAL_UNIT_ASSIGNED_CONTEXT ( ( #4942, #5692, #3900 ) ) REPRESENTATION_CONTEXT ( 'NONE', 'WORKASPACE' ) );
#988 = AXIS2_PLACEMENT_3D ( 'NONE', #7123, #2271, #91 ) ;
#989 = CARTESIAN_POINT ( 'NONE',  ( 9.270999999999997243, 7.048499999999997101, 1.651000000000001355 ) ) ;
#990 = LINE ( 'NONE', #1794, #46 ) ;
#991 = ORIENTED_EDGE ( 'NONE', *, *, #4050, .T. ) ;
#992 = CARTESIAN_POINT ( 'NONE',  ( 3.428999999999998050, 6.222999999999998977, 1.651000000000001133 ) ) ;
#993 = VERTEX_POINT ( 'NONE', #5006 ) ;
#994 = VECTOR ( 'NONE', #340, 1000.000000000000000 ) ;
#995 = PRESENTATION_LAYER_ASSIGNMENT (  '', '', ( #4736 ) ) ;
#996 = CARTESIAN_POINT ( 'NONE',  ( 2.095500000000001695, 7.492999999999999439, -2.501900000000000901 ) ) ;
#997 = ORIENTED_EDGE ( 'NONE', *, *, #1559, .F. ) ;
#998 = CARTESIAN_POINT ( 'NONE',  ( 10.16000000000000192, 0.3809999999999993947, -2.120900000000001562 ) ) ;
#999 = DIRECTION ( 'NONE',  ( -1.000000000000000000, 0.000000000000000000, 0.000000000000000000 ) ) ;
#1000 = CARTESIAN_POINT ( 'NONE',  ( -9.271000000000000796, 7.048499999999997989, -0.8889999999999986802 ) ) ;
#1001 = VECTOR ( 'NONE', #8955, 1000.000000000000000 ) ;
#1002 = UNCERTAINTY_MEASURE_WITH_UNIT (LENGTH_MEASURE( 1.000000000000000082E-05 ), #2915, 'distance_accuracy_value', 'NONE');
#1003 = VECTOR ( 'NONE', #3991, 1000.000000000000000 ) ;
#1004 = CARTESIAN_POINT ( 'NONE',  ( -5.079999999999998295, 7.492999999999998550, 2.501900000000000901 ) ) ;
#1005 = ORIENTED_EDGE ( 'NONE', *, *, #5250, .F. ) ;
#1006 = CARTESIAN_POINT ( 'NONE',  ( -2.539999999999998703, 7.492999999999999439, -2.501900000000000901 ) ) ;
#1007 = EDGE_LOOP ( 'NONE', ( #5573, #7429, #1028, #9095 ) ) ;
#1008 = EDGE_CURVE ( 'NONE', #6191, #703, #7191, .T. ) ;
#1009 = VECTOR ( 'NONE', #6207, 1000.000000000000000 ) ;
#1010 = CARTESIAN_POINT ( 'NONE',  ( 5.080000000000000959, 0.3809999999999999498, -2.501900000000000901 ) ) ;
#1011 = ORIENTED_EDGE ( 'NONE', *, *, #1581, .T. ) ;
#1012 = ADVANCED_FACE ( 'NONE', ( #2866 ), #1396, .F. ) ;
#1013 = EDGE_CURVE ( 'NONE', #132, #5281, #2250, .T. ) ;
#1014 = CARTESIAN_POINT ( 'NONE',  ( 10.16000000000000014, 6.222999999999998977, -2.201425730935033664E-16 ) ) ;
#1015 = DIRECTION ( 'NONE',  ( 1.000000000000000000, 0.000000000000000000, 0.000000000000000000 ) ) ;
#1016 = VECTOR ( 'NONE', #8250, 1000.000000000000000 ) ;
#1017 = CARTESIAN_POINT ( 'NONE',  ( 12.70000000000000284, 0.8889999999999985691, 1.984781810244993228 ) ) ;
#1018 = DIRECTION ( 'NONE',  ( -0.000000000000000000, -0.7071067811865487940, -0.7071067811865462405 ) ) ;
#1019 = EDGE_LOOP ( 'NONE', ( #5664, #8149, #9149, #2027 ) ) ;
#1020 = LINE ( 'NONE', #3926, #183 ) ;
#1021 = VERTEX_POINT ( 'NONE', #688 ) ;
#1022 = CARTESIAN_POINT ( 'NONE',  ( -4.191000000000001613, 6.222999999999998977, -0.8889999999999987912 ) ) ;
#1023 = EDGE_CURVE ( 'NONE', #9019, #3598, #21, .T. ) ;
#1024 = ORIENTED_EDGE ( 'NONE', *, *, #5445, .F. ) ;
#1025 = VECTOR ( 'NONE', #3166, 1000.000000000000000 ) ;
#1026 = CARTESIAN_POINT ( 'NONE',  ( 12.95400000000000063, 0.3809999999999999498, -2.501900000000000901 ) ) ;
#1027 = ADVANCED_FACE ( 'NONE', ( #4302 ), #7232, .F. ) ;
#1028 = ORIENTED_EDGE ( 'NONE', *, *, #5418, .F. ) ;
#1029 = CARTESIAN_POINT ( 'NONE',  ( -0.4444999999999987295, 7.492999999999999439, -2.501900000000000901 ) ) ;
#1030 = PLANE ( 'NONE',  #1985 ) ;
#1031 = ORIENTED_EDGE ( 'NONE', *, *, #903, .F. ) ;
#1032 = VECTOR ( 'NONE', #8430, 1000.000000000000000 ) ;
#1033 = ORIENTED_EDGE ( 'NONE', *, *, #2600, .F. ) ;
#1034 = CARTESIAN_POINT ( 'NONE',  ( 10.16000000000000192, 0.8889999999999989022, -1.984781810244995004 ) ) ;
#1035 =( LENGTH_UNIT ( ) NAMED_UNIT ( * ) SI_UNIT ( .MILLI., .METRE. ) );
#1036 = EDGE_CURVE ( 'NONE', #8318, #5261, #3653, .T. ) ;
#1037 = CARTESIAN_POINT ( 'NONE',  ( 2.540000000000002256, 7.492999999999999439, -2.501900000000000901 ) ) ;
#1038 = ORIENTED_EDGE ( 'NONE', *, *, #4068, .T. ) ;
#1039 = CARTESIAN_POINT ( 'NONE',  ( -11.55700000000000216, 6.794499999999999318, -1.396999999999998243 ) ) ;
#1040 = EDGE_LOOP ( 'NONE', ( #4431, #3458, #7437, #3219 ) ) ;
#1041 = DIRECTION ( 'NONE',  ( 0.000000000000000000, -0.9659258262890699775, -0.2588190451025143002 ) ) ;
#1042 = VERTEX_POINT ( 'NONE', #2110 ) ;
#1043 = DIRECTION ( 'NONE',  ( 1.000000000000000000, 0.000000000000000000, 0.000000000000000000 ) ) ;
#1044 = ORIENTED_EDGE ( 'NONE', *, *, #6658, .T. ) ;
#1045 = PLANE ( 'NONE',  #1992 ) ;
#1046 = DIRECTION ( 'NONE',  ( 1.000000000000000000, 0.000000000000000000, 0.000000000000000000 ) ) ;
#1047 = EDGE_CURVE ( 'NONE', #6317, #8119, #2293, .T. ) ;
#1048 = ORIENTED_EDGE ( 'NONE', *, *, #420, .T. ) ;
#1049 = DIRECTION ( 'NONE',  ( -1.000000000000000000, -0.000000000000000000, -0.000000000000000000 ) ) ;
#1050 = FACE_OUTER_BOUND ( 'NONE', #3809, .T. ) ;
#1051 = VERTEX_POINT ( 'NONE', #7102 ) ;
#1052 = ORIENTED_EDGE ( 'NONE', *, *, #614, .F. ) ;
#1053 = SHAPE_DEFINITION_REPRESENTATION ( #8737, #7862 ) ;
#1054 = AXIS2_PLACEMENT_3D ( 'NONE', #9126, #5599, #7691 ) ;
#1055 = CARTESIAN_POINT ( 'NONE',  ( -0.3047999999999999599, 0.8889999999999995683, -1.968499999999999694 ) ) ;
#1056 = ORIENTED_EDGE ( 'NONE', *, *, #3329, .F. ) ;
#1057 = ORIENTED_EDGE ( 'NONE', *, *, #2992, .F. ) ;
#1058 = LINE ( 'NONE', #6077, #1222 ) ;
#1059 = LINE ( 'NONE', #256, #6819 ) ;
#1060 = FACE_OUTER_BOUND ( 'NONE', #1827, .T. ) ;
#1061 = EDGE_CURVE ( 'NONE', #5660, #2216, #776, .T. ) ;
#1062 = ADVANCED_FACE ( 'NONE', ( #3565 ), #9243, .F. ) ;
#1063 = DIRECTION ( 'NONE',  ( -0.000000000000000000, 1.000000000000000000, 1.733406087350420004E-16 ) ) ;
#1064 = VERTEX_POINT ( 'NONE', #8509 ) ;
#1065 = FACE_OUTER_BOUND ( 'NONE', #9083, .T. ) ;
#1066 = ORIENTED_EDGE ( 'NONE', *, *, #7244, .T. ) ;
#1067 = LINE ( 'NONE', #2567, #9236 ) ;
#1068 = ORIENTED_EDGE ( 'NONE', *, *, #2934, .T. ) ;
#1069 = VECTOR ( 'NONE', #6974, 1000.000000000000000 ) ;
#1070 = PLANE ( 'NONE',  #8735 ) ;
#1071 = FACE_OUTER_BOUND ( 'NONE', #3295, .T. ) ;
#1072 = ADVANCED_FACE ( 'NONE', ( #5146 ), #3608, .F. ) ;
#1073 = DIRECTION ( 'NONE',  ( 0.000000000000000000, -1.733406087350420004E-16, 1.000000000000000000 ) ) ;
#1074 = VECTOR ( 'NONE', #4665, 1000.000000000000000 ) ;
#1075 = ORIENTED_EDGE ( 'NONE', *, *, #7375, .F. ) ;
#1076 = EDGE_CURVE ( 'NONE', #7712, #5493, #8646, .T. ) ;
#1077 = DIRECTION ( 'NONE',  ( -0.000000000000000000, -0.7071067811865491270, -0.7071067811865460184 ) ) ;
#1078 = EDGE_LOOP ( 'NONE', ( #1399, #4491, #7042, #3259, #7502, #6471, #5748, #5018 ) ) ;
#1079 = PLANE ( 'NONE',  #620 ) ;
#1080 = ADVANCED_FACE ( 'NONE', ( #6494 ), #8604, .F. ) ;
#1081 = VECTOR ( 'NONE', #3357, 1000.000000000000000 ) ;
#1082 = DIRECTION ( 'NONE',  ( 0.000000000000000000, 0.000000000000000000, -1.000000000000000000 ) ) ;
#1083 = VECTOR ( 'NONE', #1441, 1000.000000000000000 ) ;
#1084 = DIRECTION ( 'NONE',  ( 0.000000000000000000, 1.733406087350420004E-16, -1.000000000000000000 ) ) ;
#1085 = EDGE_CURVE ( 'NONE', #2867, #8044, #7898, .T. ) ;
#1086 = DIRECTION ( 'NONE',  ( -0.000000000000000000, 0.000000000000000000, 1.000000000000000000 ) ) ;
#1087 = EDGE_CURVE ( 'NONE', #4374, #4488, #6364, .T. ) ;
#1088 = CARTESIAN_POINT ( 'NONE',  ( -8.763000000000003453, 6.794499999999998430, 1.143000000000001570 ) ) ;
#1089 = ORIENTED_EDGE ( 'NONE', *, *, #7258, .F. ) ;
#1090 = AXIS2_PLACEMENT_3D ( 'NONE', #7400, #5308, #1882 ) ;
#1091 = EDGE_CURVE ( 'NONE', #6708, #433, #2815, .T. ) ;
#1092 = EDGE_CURVE ( 'NONE', #4129, #8628, #6578, .T. ) ;
#1093 = CARTESIAN_POINT ( 'NONE',  ( 6.730999999999997208, 6.222999999999998977, -0.8889999999999987912 ) ) ;
#1094 = EDGE_CURVE ( 'NONE', #8834, #38, #3832, .T. ) ;
#1095 = FACE_OUTER_BOUND ( 'NONE', #8566, .T. ) ;
#1096 = VECTOR ( 'NONE', #318, 1000.000000000000000 ) ;
#1097 = VECTOR ( 'NONE', #2033, 1000.000000000000000 ) ;
#1098 = DIRECTION ( 'NONE',  ( 0.000000000000000000, -0.7071067811865492381, 0.7071067811865457964 ) ) ;
#1099 = ORIENTED_EDGE ( 'NONE', *, *, #9177, .F. ) ;
#1100 = FILL_AREA_STYLE ('',( #8852 ) ) ;
#1101 = VERTEX_POINT ( 'NONE', #2410 ) ;
#1102 = CARTESIAN_POINT ( 'NONE',  ( -5.079999999999998295, 7.492999999999999439, -2.095500000000001695 ) ) ;
#1103 = EDGE_CURVE ( 'NONE', #5702, #5731, #6659, .T. ) ;
#1104 = ORIENTED_EDGE ( 'NONE', *, *, #8050, .T. ) ;
#1105 = VECTOR ( 'NONE', #7617, 1000.000000000000000 ) ;
#1106 = CARTESIAN_POINT ( 'NONE',  ( 1.396999999999997133, 6.794499999999997542, 1.397000000000001130 ) ) ;
#1107 = ORIENTED_EDGE ( 'NONE', *, *, #8452, .F. ) ;
#1108 = FACE_OUTER_BOUND ( 'NONE', #68, .T. ) ;
#1109 = PLANE ( 'NONE',  #7132 ) ;
#1110 = AXIS2_PLACEMENT_3D ( 'NONE', #1507, #7916, #1596 ) ;
#1111 = DIRECTION ( 'NONE',  ( 0.5773502691896272854, -0.5773502691896241767, -0.5773502691896257311 ) ) ;
#1112 = DIRECTION ( 'NONE',  ( 1.000000000000000000, 0.000000000000000000, 0.000000000000000000 ) ) ;
#1113 = ORIENTED_EDGE ( 'NONE', *, *, #6116, .F. ) ;
#1114 = CARTESIAN_POINT ( 'NONE',  ( -1.397000000000000686, 6.794499999999998430, 1.143000000000001570 ) ) ;
#1115 = ADVANCED_FACE ( 'NONE', ( #1050 ), #5320, .T. ) ;
#1116 = EDGE_LOOP ( 'NONE', ( #2213, #5309, #6656, #5559 ) ) ;
#1117 = VECTOR ( 'NONE', #4757, 1000.000000000000000 ) ;
#1118 = ORIENTED_EDGE ( 'NONE', *, *, #2626, .T. ) ;
#1119 = EDGE_CURVE ( 'NONE', #4303, #5528, #7413, .T. ) ;
#1120 = CARTESIAN_POINT ( 'NONE',  ( 1.734723475976807094E-15, 0.3809999999999992837, 2.501899999999999125 ) ) ;
#1121 = ADVANCED_FACE ( 'NONE', ( #3873 ), #2506, .T. ) ;
#1122 = CARTESIAN_POINT ( 'NONE',  ( 8.508999999999998565, 7.048499999999997101, 0.8890000000000012337 ) ) ;
#1123 = CARTESIAN_POINT ( 'NONE',  ( -3.429000000000003379, 6.222999999999998977, 1.651000000000001133 ) ) ;
#1124 = ORIENTED_EDGE ( 'NONE', *, *, #6064, .T. ) ;
#1125 = PLANE ( 'NONE',  #3197 ) ;
#1126 = ORIENTED_EDGE ( 'NONE', *, *, #1470, .F. ) ;
#1127 = CARTESIAN_POINT ( 'NONE',  ( -7.619999999999998330, 0.8889999999999985691, 1.984781810244993228 ) ) ;
#1128 = EDGE_CURVE ( 'NONE', #9134, #1051, #2329, .T. ) ;
#1129 = AXIS2_PLACEMENT_3D ( 'NONE', #1445, #738, #5010 ) ;
#1130 = PLANE ( 'NONE',  #2970 ) ;
#1131 = DIRECTION ( 'NONE',  ( 0.000000000000000000, -1.092515224483717382E-16, 1.000000000000000000 ) ) ;
#1132 = EDGE_CURVE ( 'NONE', #8448, #555, #6620, .T. ) ;
#1133 = CARTESIAN_POINT ( 'NONE',  ( 11.81099999999999817, 6.222999999999998977, 1.651000000000001133 ) ) ;
#1134 = VECTOR ( 'NONE', #5151, 1000.000000000000000 ) ;
#1135 = EDGE_LOOP ( 'NONE', ( #7621, #7384, #7524, #6800 ) ) ;
#1136 = DIRECTION ( 'NONE',  ( 0.000000000000000000, 1.000000000000000000, 1.733406087350420004E-16 ) ) ;
#1138 = ORIENTED_EDGE ( 'NONE', *, *, #165, .T. ) ;
#1137 = VERTEX_POINT ( 'NONE', #1149 ) ;
#1139 = DIRECTION ( 'NONE',  ( -0.000000000000000000, 1.000000000000000000, 1.422837496700138942E-15 ) ) ;
#1140 = EDGE_LOOP ( 'NONE', ( #543, #3241, #687, #7069 ) ) ;
#1141 = DIRECTION ( 'NONE',  ( -0.000000000000000000, 1.000000000000000000, 1.733406087350420004E-16 ) ) ;
#1142 = EDGE_CURVE ( 'NONE', #8906, #5355, #2604, .T. ) ;
#1143 = CARTESIAN_POINT ( 'NONE',  ( 0.000000000000000000, 6.222999999999998977, -2.201425730935033664E-16 ) ) ;
#1144 = ORIENTED_EDGE ( 'NONE', *, *, #7348, .F. ) ;
#1145 = EDGE_CURVE ( 'NONE', #1563, #6307, #89, .T. ) ;
#1146 = FILL_AREA_STYLE_COLOUR ( '', #4773 ) ;
#1147 = VERTEX_POINT ( 'NONE', #2577 ) ;
#1148 = FACE_OUTER_BOUND ( 'NONE', #3182, .T. ) ;
#1149 = CARTESIAN_POINT ( 'NONE',  ( 2.984499999999993936, 7.492999999999999439, -0.4444999999999955653 ) ) ;
#1150 = ORIENTED_EDGE ( 'NONE', *, *, #791, .T. ) ;
#1151 = CARTESIAN_POINT ( 'NONE',  ( 20.32000000000000028, 6.222999999999998977, -2.201425730935033664E-16 ) ) ;
#1152 = ORIENTED_EDGE ( 'NONE', *, *, #6398, .F. ) ;
#1153 = EDGE_CURVE ( 'NONE', #3889, #3775, #7393, .T. ) ;
#1154 = ADVANCED_FACE ( 'NONE', ( #8231 ), #6725, .F. ) ;
#1155 = CARTESIAN_POINT ( 'NONE',  ( 7.620000000000001883, 7.492999999999999439, -2.501900000000000901 ) ) ;
#1156 = DIRECTION ( 'NONE',  ( -0.000000000000000000, 1.000000000000000000, -0.000000000000000000 ) ) ;
#1157 = PLANE ( 'NONE',  #2906 ) ;
#1158 = DIRECTION ( 'NONE',  ( 0.000000000000000000, 0.2588190451025143002, -0.9659258262890699775 ) ) ;
#1159 = ORIENTED_EDGE ( 'NONE', *, *, #3676, .T. ) ;
#1160 = CIRCLE ( 'NONE', #7738, 0.1269999999999999463 ) ;
#1161 = ORIENTED_EDGE ( 'NONE', *, *, #6557, .F. ) ;
#1162 = VECTOR ( 'NONE', #238, 1000.000000000000000 ) ;
#1163 = DIRECTION ( 'NONE',  ( -1.000000000000000000, 0.000000000000000000, 0.000000000000000000 ) ) ;
#1164 = VERTEX_POINT ( 'NONE', #4678 ) ;
#1165 = FACE_OUTER_BOUND ( 'NONE', #3473, .T. ) ;
#1166 = LINE ( 'NONE', #5434, #2781 ) ;
#1167 = AXIS2_PLACEMENT_3D ( 'NONE', #8898, #3318, #2497 ) ;
#1168 = CARTESIAN_POINT ( 'NONE',  ( 10.16000000000000192, 0.3809999999999988396, 2.120899999999999785 ) ) ;
#1169 = CARTESIAN_POINT ( 'NONE',  ( -9.271000000000000796, 7.048499999999997101, 1.651000000000001355 ) ) ;
#1170 = LINE ( 'NONE', #4777, #8697 ) ;
#1171 = VERTEX_POINT ( 'NONE', #1688 ) ;
#1172 = CARTESIAN_POINT ( 'NONE',  ( 0.8889999999999991243, 6.222999999999998977, -1.650999999999998913 ) ) ;
#1173 = ORIENTED_EDGE ( 'NONE', *, *, #3740, .T. ) ;
#1174 = EDGE_LOOP ( 'NONE', ( #6112, #5301, #8814, #5291 ) ) ;
#1175 = VECTOR ( 'NONE', #4712, 1000.000000000000000 ) ;
#1176 = DIRECTION ( 'NONE',  ( 0.000000000000000000, 1.733406087350420004E-16, -1.000000000000000000 ) ) ;
#1177 = CARTESIAN_POINT ( 'NONE',  ( -10.15999999999999837, 7.492999999999998550, 2.095500000000003915 ) ) ;
#1178 = DIRECTION ( 'NONE',  ( -1.000000000000000000, 0.000000000000000000, 0.000000000000000000 ) ) ;
#1179 = FACE_OUTER_BOUND ( 'NONE', #3310, .T. ) ;
#1180 = VECTOR ( 'NONE', #7350, 1000.000000000000000 ) ;
#1181 = CARTESIAN_POINT ( 'NONE',  ( -0.1777999999999999858, -3.611118645726067224E-32, 3.429000000000000270 ) ) ;
#1182 = CARTESIAN_POINT ( 'NONE',  ( -8.509000000000002117, 6.222999999999998977, 0.8890000000000011227 ) ) ;
#1183 = EDGE_CURVE ( 'NONE', #1211, #260, #3303, .T. ) ;
#1184 = DIRECTION ( 'NONE',  ( 1.000000000000000000, 0.000000000000000000, -0.000000000000000000 ) ) ;
#1185 = VERTEX_POINT ( 'NONE', #2479 ) ;
#1186 = ADVANCED_FACE ( 'NONE', ( #7525 ), #1125, .F. ) ;
#1187 = FACE_OUTER_BOUND ( 'NONE', #1135, .T. ) ;
#1188 = ORIENTED_EDGE ( 'NONE', *, *, #3160, .T. ) ;
#1189 = VECTOR ( 'NONE', #9150, 1000.000000000000000 ) ;
#1190 = ORIENTED_EDGE ( 'NONE', *, *, #895, .T. ) ;
#1191 = CARTESIAN_POINT ( 'NONE',  ( -8.509000000000002117, 7.048499999999997101, 1.651000000000001355 ) ) ;
#1192 = DIRECTION ( 'NONE',  ( -1.000000000000000000, -0.000000000000000000, -0.000000000000000000 ) ) ;
#1193 = ORIENTED_EDGE ( 'NONE', *, *, #892, .T. ) ;
#1194 = DIRECTION ( 'NONE',  ( 0.000000000000000000, 0.2588190451025143002, -0.9659258262890699775 ) ) ;
#1195 = ORIENTED_EDGE ( 'NONE', *, *, #605, .T. ) ;
#1196 = CARTESIAN_POINT ( 'NONE',  ( -3.429000000000003379, 7.048499999999997101, 0.8890000000000012337 ) ) ;
#1197 = EDGE_CURVE ( 'NONE', #8318, #4386, #6096, .T. ) ;
#1198 = ORIENTED_EDGE ( 'NONE', *, *, #779, .T. ) ;
#1199 = DIRECTION ( 'NONE',  ( 1.000000000000000000, 0.000000000000000000, 0.000000000000000000 ) ) ;
#1200 = DIRECTION ( 'NONE',  ( -0.000000000000000000, 1.000000000000000000, -0.000000000000000000 ) ) ;
#1201 = EDGE_LOOP ( 'NONE', ( #2087, #9010, #5740, #8603 ) ) ;
#1202 = ADVANCED_FACE ( 'NONE', ( #3158 ), #3939, .F. ) ;
#1203 = LINE ( 'NONE', #6951, #6887 ) ;
#1204 = CARTESIAN_POINT ( 'NONE',  ( -1.651000000000001355, 7.048499999999997101, 1.651000000000001355 ) ) ;
#1205 = CARTESIAN_POINT ( 'NONE',  ( 6.222999999999998977, 6.794499999999999318, -1.396999999999998243 ) ) ;
#1206 = ORIENTED_EDGE ( 'NONE', *, *, #7240, .T. ) ;
#1207 = CARTESIAN_POINT ( 'NONE',  ( -10.15999999999999837, 7.492999999999998550, 2.501900000000000901 ) ) ;
#1208 = DIRECTION ( 'NONE',  ( 0.000000000000000000, 1.422837496700139336E-15, -1.000000000000000000 ) ) ;
#1209 = EDGE_LOOP ( 'NONE', ( #8358, #9178, #1251, #3657 ) ) ;
#1210 = EDGE_CURVE ( 'NONE', #7728, #7946, #6149, .T. ) ;
#1211 = VERTEX_POINT ( 'NONE', #4034 ) ;
#1212 = CARTESIAN_POINT ( 'NONE',  ( -4.191000000000001613, 6.222999999999998977, -0.8889999999999987912 ) ) ;
#1213 = ORIENTED_EDGE ( 'NONE', *, *, #5890, .F. ) ;
#1214 = DIRECTION ( 'NONE',  ( 0.000000000000000000, 2.439149994343092652E-16, -1.000000000000000000 ) ) ;
#1215 = DIRECTION ( 'NONE',  ( -0.000000000000000000, 1.000000000000000000, 1.733406087350420004E-16 ) ) ;
#1216 = LINE ( 'NONE', #1871, #4549 ) ;
#1217 = DIRECTION ( 'NONE',  ( 1.000000000000000000, 0.000000000000000000, 0.000000000000000000 ) ) ;
#1218 = VERTEX_POINT ( 'NONE', #1172 ) ;
#1219 = PLANE ( 'NONE',  #5583 ) ;
#1220 = EDGE_LOOP ( 'NONE', ( #3477, #4043, #2718, #5681 ) ) ;
#1221 = ORIENTED_EDGE ( 'NONE', *, *, #2105, .F. ) ;
#1222 = VECTOR ( 'NONE', #1630, 1000.000000000000000 ) ;
#1223 = DIRECTION ( 'NONE',  ( -0.000000000000000000, 1.000000000000000000, 1.733406087350420004E-16 ) ) ;
#1224 = CARTESIAN_POINT ( 'NONE',  ( -0.1777999999999999858, 0.2539999999999996150, 3.429000000000000270 ) ) ;
#1225 = EDGE_CURVE ( 'NONE', #4541, #4691, #7572, .T. ) ;
#1226 = CARTESIAN_POINT ( 'NONE',  ( 5.080000000000000959, 0.3809999999999999498, -2.501900000000000901 ) ) ;
#1227 = CARTESIAN_POINT ( 'NONE',  ( -10.15999999999999837, 7.492999999999999439, -2.095500000000001695 ) ) ;
#1228 = VECTOR ( 'NONE', #1176, 1000.000000000000000 ) ;
#1229 = LINE ( 'NONE', #6198, #7153 ) ;
#1230 = SURFACE_STYLE_USAGE ( .BOTH. , #2739 ) ;
#1231 = VERTEX_POINT ( 'NONE', #5951 ) ;
#1232 = CARTESIAN_POINT ( 'NONE',  ( -7.619999999999999218, 0.3809999999999992837, 2.501899999999999125 ) ) ;
#1233 = ORIENTED_EDGE ( 'NONE', *, *, #3771, .F. ) ;
#1234 = DIRECTION ( 'NONE',  ( 1.000000000000000000, 0.000000000000000000, 0.000000000000000000 ) ) ;
#1235 = EDGE_CURVE ( 'NONE', #8026, #6752, #8797, .T. ) ;
#1236 = VECTOR ( 'NONE', #3339, 1000.000000000000000 ) ;
#1237 = DIRECTION ( 'NONE',  ( 0.000000000000000000, -1.733406087350420004E-16, 1.000000000000000000 ) ) ;
#1238 = FACE_OUTER_BOUND ( 'NONE', #4112, .T. ) ;
#1239 = EDGE_CURVE ( 'NONE', #1400, #2987, #8326, .T. ) ;
#1240 = LINE ( 'NONE', #574, #706 ) ;
#1241 = AXIS2_PLACEMENT_3D ( 'NONE', #3084, #5889, #5179 ) ;
#1242 = VERTEX_POINT ( 'NONE', #6376 ) ;
#1243 = LINE ( 'NONE', #5, #7760 ) ;
#1244 = VECTOR ( 'NONE', #160, 1000.000000000000114 ) ;
#1245 = ORIENTED_EDGE ( 'NONE', *, *, #422, .F. ) ;
#1246 = LINE ( 'NONE', #6354, #4407 ) ;
#1247 = DIRECTION ( 'NONE',  ( 1.000000000000000000, 0.000000000000000000, 0.000000000000000000 ) ) ;
#1248 = VERTEX_POINT ( 'NONE', #4182 ) ;
#1249 = VECTOR ( 'NONE', #3, 1000.000000000000000 ) ;
#1250 = LINE ( 'NONE', #4157, #2196 ) ;
#1251 = ORIENTED_EDGE ( 'NONE', *, *, #4992, .F. ) ;
#1252 = VECTOR ( 'NONE', #441, 1000.000000000000000 ) ;
#1253 = DIRECTION ( 'NONE',  ( 1.000000000000000000, 0.000000000000000000, 0.000000000000000000 ) ) ;
#1254 = DIRECTION ( 'NONE',  ( -1.000000000000000000, -0.000000000000000000, -0.000000000000000000 ) ) ;
#1255 = PLANE ( 'NONE',  #4016 ) ;
#1256 = AXIS2_PLACEMENT_3D ( 'NONE', #1879, #5349, #1178 ) ;
#1257 = ORIENTED_EDGE ( 'NONE', *, *, #6901, .T. ) ;
#1258 =( GEOMETRIC_REPRESENTATION_CONTEXT ( 3 ) GLOBAL_UNCERTAINTY_ASSIGNED_CONTEXT ( ( #2596 ) ) GLOBAL_UNIT_ASSIGNED_CONTEXT ( ( #6341, #2034, #2791 ) ) REPRESENTATION_CONTEXT ( 'NONE', 'WORKASPACE' ) );
#1259 = DIRECTION ( 'NONE',  ( -1.000000000000000000, -0.000000000000000000, -0.000000000000000000 ) ) ;
#1260 = CARTESIAN_POINT ( 'NONE',  ( -4.191000000000001613, 6.222999999999998977, -0.8889999999999987912 ) ) ;
#1261 = ORIENTED_EDGE ( 'NONE', *, *, #409, .T. ) ;
#1262 = ORIENTED_EDGE ( 'NONE', *, *, #4443, .F. ) ;
#1263 = CARTESIAN_POINT ( 'NONE',  ( 3.428999999999998050, 6.222999999999998977, -1.650999999999998913 ) ) ;
#1264 = ORIENTED_EDGE ( 'NONE', *, *, #7215, .T. ) ;
#1265 = CIRCLE ( 'NONE', #959, 0.6731000000000000316 ) ;
#1266 = DIRECTION ( 'NONE',  ( 1.000000000000000000, 0.000000000000000000, -0.000000000000000000 ) ) ;
#1267 = ADVANCED_FACE ( 'NONE', ( #4972 ), #1219, .F. ) ;
#1268 = PLANE ( 'NONE',  #1763 ) ;
#1269 = FACE_OUTER_BOUND ( 'NONE', #6303, .T. ) ;
#1270 = PLANE ( 'NONE',  #5728 ) ;
#1271 = ORIENTED_EDGE ( 'NONE', *, *, #1145, .T. ) ;
#1272 = AXIS2_PLACEMENT_3D ( 'NONE', #6592, #7736, #6343 ) ;
#1273 = VECTOR ( 'NONE', #2265, 1000.000000000000000 ) ;
#1274 = LINE ( 'NONE', #6972, #2298 ) ;
#1275 = ORIENTED_EDGE ( 'NONE', *, *, #2375, .F. ) ;
#1276 = CARTESIAN_POINT ( 'NONE',  ( -9.271000000000000796, 6.222999999999998977, -1.650999999999998913 ) ) ;
#1277 = LINE ( 'NONE', #4136, #5688 ) ;
#1278 = VECTOR ( 'NONE', #1982, 1000.000000000000000 ) ;
#1279 = PLANE ( 'NONE',  #2326 ) ;
#1280 = EDGE_CURVE ( 'NONE', #7470, #1231, #7026, .T. ) ;
#1281 = EDGE_CURVE ( 'NONE', #2702, #2247, #1410, .T. ) ;
#1282 = DIRECTION ( 'NONE',  ( 0.000000000000000000, -1.000000000000000000, -2.439149994343092652E-16 ) ) ;
#1283 = DIRECTION ( 'NONE',  ( -1.000000000000000000, 0.000000000000000000, 0.000000000000000000 ) ) ;
#1284 = ORIENTED_EDGE ( 'NONE', *, *, #6116, .T. ) ;
#1285 = LINE ( 'NONE', #7919, #6209 ) ;
#1286 = EDGE_LOOP ( 'NONE', ( #2632, #4335, #3967, #2503, #1996, #2103, #6937, #8853 ) ) ;
#1287 = VECTOR ( 'NONE', #6416, 1000.000000000000000 ) ;
#1288 = PLANE ( 'NONE',  #3107 ) ;
#1289 = DIRECTION ( 'NONE',  ( 1.000000000000000000, 0.000000000000000000, 0.000000000000000000 ) ) ;
#1290 = CARTESIAN_POINT ( 'NONE',  ( 2.540000000000000480, 0.3809999999999992837, 2.501899999999999125 ) ) ;
#1291 = VERTEX_POINT ( 'NONE', #3486 ) ;
#1292 = CARTESIAN_POINT ( 'NONE',  ( -12.25550000000000672, 7.492999999999999439, -2.095500000000001695 ) ) ;
#1293 = CARTESIAN_POINT ( 'NONE',  ( -7.619999999999998330, 0.8889999999999985691, 1.984781810244993228 ) ) ;
#1294 = EDGE_LOOP ( 'NONE', ( #271, #3611, #4355, #8476 ) ) ;
#1295 = DIRECTION ( 'NONE',  ( 1.000000000000000000, 0.000000000000000000, 0.000000000000000000 ) ) ;
#1296 = EDGE_LOOP ( 'NONE', ( #9090, #2413, #6363, #4700 ) ) ;
#1297 = VECTOR ( 'NONE', #7975, 1000.000000000000000 ) ;
#1298 = CARTESIAN_POINT ( 'NONE',  ( -10.15999999999999837, 0.3809999999999999498, -2.501900000000000901 ) ) ;
#1299 = VERTEX_POINT ( 'NONE', #7779 ) ;
#1300 = FACE_OUTER_BOUND ( 'NONE', #5423, .T. ) ;
#1301 = ORIENTED_EDGE ( 'NONE', *, *, #8558, .F. ) ;
#1302 = LINE ( 'NONE', #481, #5506 ) ;
#1303 = AXIS2_PLACEMENT_3D ( 'NONE', #2919, #741, #2961 ) ;
#1304 = EDGE_CURVE ( 'NONE', #6412, #3154, #7066, .T. ) ;
#1305 = DIRECTION ( 'NONE',  ( 0.000000000000000000, -1.733406087350420004E-16, 1.000000000000000000 ) ) ;
#1306 = ORIENTED_EDGE ( 'NONE', *, *, #7944, .F. ) ;
#1307 = DIRECTION ( 'NONE',  ( 0.7071067811865456854, -0.7071067811865494601, -1.225703198915526333E-16 ) ) ;
#1308 = DIRECTION ( 'NONE',  ( 0.000000000000000000, 1.733406087350420251E-16, -1.000000000000000000 ) ) ;
#1309 = EDGE_LOOP ( 'NONE', ( #1366, #5910, #8580, #6631 ) ) ;
#1310 = EDGE_CURVE ( 'NONE', #4838, #3555, #4085, .T. ) ;
#1311 = DIRECTION ( 'NONE',  ( 1.000000000000000000, 0.000000000000000000, 0.000000000000000000 ) ) ;
#1312 = VERTEX_POINT ( 'NONE', #5637 ) ;
#1313 =( NAMED_UNIT ( * ) PLANE_ANGLE_UNIT ( ) SI_UNIT ( $, .RADIAN. ) );
#1314 = VECTOR ( 'NONE', #1254, 1000.000000000000000 ) ;
#1315 = LINE ( 'NONE', #7055, #6065 ) ;
#1316 = ORIENTED_EDGE ( 'NONE', *, *, #2487, .F. ) ;
#1317 = VECTOR ( 'NONE', #7010, 1000.000000000000000 ) ;
#1318 = DIRECTION ( 'NONE',  ( -0.000000000000000000, 1.000000000000000000, 1.733406087350420004E-16 ) ) ;
#1319 = LINE ( 'NONE', #447, #4702 ) ;
#1320 = DIRECTION ( 'NONE',  ( 0.000000000000000000, -1.422837496700139336E-15, 1.000000000000000000 ) ) ;
#1321 = DIRECTION ( 'NONE',  ( 0.000000000000000000, 1.733406087350420004E-16, -1.000000000000000000 ) ) ;
#1322 = DIRECTION ( 'NONE',  ( -0.000000000000000000, -0.7071067811865487940, -0.7071067811865462405 ) ) ;
#1323 = ORIENTED_EDGE ( 'NONE', *, *, #8893, .T. ) ;
#1324 = ADVANCED_FACE ( 'NONE', ( #453 ), #7675, .F. ) ;
#1325 = CARTESIAN_POINT ( 'NONE',  ( 5.968999999999998529, 6.222999999999998977, -0.8889999999999987912 ) ) ;
#1326 = ORIENTED_EDGE ( 'NONE', *, *, #6101, .T. ) ;
#1327 = VERTEX_POINT ( 'NONE', #1926 ) ;
#1328 = ADVANCED_FACE ( 'NONE', ( #7620 ), #6925, .F. ) ;
#1329 = AXIS2_PLACEMENT_3D ( 'NONE', #4467, #8061, #3934 ) ;
#1330 = EDGE_CURVE ( 'NONE', #2877, #6315, #1274, .T. ) ;
#1331 = CARTESIAN_POINT ( 'NONE',  ( 6.730999999999997208, 6.222999999999998977, 1.651000000000001133 ) ) ;
#1332 = LINE ( 'NONE', #459, #1707 ) ;
#1333 = SURFACE_STYLE_FILL_AREA ( #5076 ) ;
#1334 = FILL_AREA_STYLE_COLOUR ( '', #8429 ) ;
#1335 = VECTOR ( 'NONE', #1954, 1000.000000000000114 ) ;
#1336 = VECTOR ( 'NONE', #6138, 1000.000000000000000 ) ;
#1337 = PLANE ( 'NONE',  #6943 ) ;
#1338 = VERTEX_POINT ( 'NONE', #3013 ) ;
#1339 = CARTESIAN_POINT ( 'NONE',  ( -11.81100000000000172, 6.222999999999998977, 1.651000000000001133 ) ) ;
#1340 = DIRECTION ( 'NONE',  ( -1.000000000000000000, -0.000000000000000000, -0.000000000000000000 ) ) ;
#1341 = DIRECTION ( 'NONE',  ( 0.000000000000000000, 1.000000000000000000, 1.733406087350420004E-16 ) ) ;
#1342 = PRESENTATION_LAYER_ASSIGNMENT (  '', '', ( #8055 ) ) ;
#1343 = ORIENTED_EDGE ( 'NONE', *, *, #913, .T. ) ;
#1344 = DIRECTION ( 'NONE',  ( 1.000000000000000000, 0.000000000000000000, 0.000000000000000000 ) ) ;
#1345 = VERTEX_POINT ( 'NONE', #3664 ) ;
#1346 = CARTESIAN_POINT ( 'NONE',  ( 12.95400000000000063, 0.3809999999999988396, 2.120899999999999785 ) ) ;
#1347 = AXIS2_PLACEMENT_3D ( 'NONE', #4904, #13, #4207 ) ;
#1348 = ORIENTED_EDGE ( 'NONE', *, *, #9115, .T. ) ;
#1349 = PLANE ( 'NONE',  #6807 ) ;
#1350 = ORIENTED_EDGE ( 'NONE', *, *, #7996, .T. ) ;
#1351 = EDGE_CURVE ( 'NONE', #526, #1472, #4446, .T. ) ;
#1352 = LINE ( 'NONE', #6905, #1175 ) ;
#1353 = ORIENTED_EDGE ( 'NONE', *, *, #2530, .F. ) ;
#1354 = DIRECTION ( 'NONE',  ( 0.000000000000000000, 1.138269997360111548E-15, 1.000000000000000000 ) ) ;
#1355 = ORIENTED_EDGE ( 'NONE', *, *, #7405, .T. ) ;
#1356 = PLANE ( 'NONE',  #7508 ) ;
#1357 = ORIENTED_EDGE ( 'NONE', *, *, #1094, .T. ) ;
#1358 = FACE_OUTER_BOUND ( 'NONE', #6008, .T. ) ;
#1359 = ORIENTED_EDGE ( 'NONE', *, *, #5830, .F. ) ;
#1360 = EDGE_CURVE ( 'NONE', #3100, #7480, #6506, .T. ) ;
#1361 = LINE ( 'NONE', #4922, #1189 ) ;
#1362 = DIRECTION ( 'NONE',  ( 0.000000000000000000, 0.000000000000000000, 1.000000000000000000 ) ) ;
#1363 = LINE ( 'NONE', #6373, #4168 ) ;
#1364 = LINE ( 'NONE', #2726, #343 ) ;
#1365 = CARTESIAN_POINT ( 'NONE',  ( -6.731000000000001648, 7.048499999999997101, 1.651000000000001355 ) ) ;
#1366 = ORIENTED_EDGE ( 'NONE', *, *, #2490, .T. ) ;
#1367 = ORIENTED_EDGE ( 'NONE', *, *, #7146, .T. ) ;
#1368 = ORIENTED_EDGE ( 'NONE', *, *, #744, .F. ) ;
#1369 = VECTOR ( 'NONE', #184, 1000.000000000000000 ) ;
#1370 = CARTESIAN_POINT ( 'NONE',  ( 12.69999999999999929, 0.8889999999999985691, 1.984781810244993228 ) ) ;
#1371 = FACE_OUTER_BOUND ( 'NONE', #4097, .T. ) ;
#1372 = ADVANCED_FACE ( 'NONE', ( #79 ), #2306, .T. ) ;
#1373 = AXIS2_PLACEMENT_3D ( 'NONE', #1767, #4621, #166 ) ;
#1374 = CARTESIAN_POINT ( 'NONE',  ( 5.080000000000000959, 7.492999999999999439, -0.4444999999999956763 ) ) ;
#1375 = EDGE_CURVE ( 'NONE', #8316, #1849, #2924, .T. ) ;
#1376 = CARTESIAN_POINT ( 'NONE',  ( 8.508999999999998565, 6.222999999999998977, -0.8889999999999987912 ) ) ;
#1377 = VERTEX_POINT ( 'NONE', #3754 ) ;
#1378 = ORIENTED_EDGE ( 'NONE', *, *, #1013, .T. ) ;
#1379 = CARTESIAN_POINT ( 'NONE',  ( 1.734723475976807094E-15, 0.8889999999999985691, 1.984781810244993228 ) ) ;
#1380 = VECTOR ( 'NONE', #3065, 1000.000000000000000 ) ;
#1381 = FACE_OUTER_BOUND ( 'NONE', #3242, .T. ) ;
#1382 = ORIENTED_EDGE ( 'NONE', *, *, #456, .T. ) ;
#1383 = DIRECTION ( 'NONE',  ( 0.000000000000000000, 1.000000000000000000, 1.733406087350420004E-16 ) ) ;
#1384 = LINE ( 'NONE', #720, #1539 ) ;
#1385 = EDGE_LOOP ( 'NONE', ( #693, #6759, #1719, #504 ) ) ;
#1386 = EDGE_CURVE ( 'NONE', #8287, #2935, #171, .T. ) ;
#1387 = CARTESIAN_POINT ( 'NONE',  ( 3.428999999999998050, 7.048499999999997989, -1.650999999999998691 ) ) ;
#1388 = VECTOR ( 'NONE', #4535, 1000.000000000000000 ) ;
#1389 = ORIENTED_EDGE ( 'NONE', *, *, #8525, .F. ) ;
#1390 = ORIENTED_EDGE ( 'NONE', *, *, #4622, .T. ) ;
#1391 = VECTOR ( 'NONE', #6122, 1000.000000000000000 ) ;
#1392 = CARTESIAN_POINT ( 'NONE',  ( 3.428999999999998050, 6.222999999999998977, -1.650999999999998913 ) ) ;
#1393 = LINE ( 'NONE', #3606, #4608 ) ;
#1394 = ADVANCED_FACE ( 'NONE', ( #1589 ), #832, .F. ) ;
#1395 = ORIENTED_EDGE ( 'NONE', *, *, #5262, .T. ) ;
#1396 = PLANE ( 'NONE',  #2148 ) ;
#1397 = VERTEX_POINT ( 'NONE', #2878 ) ;
#1398 = VECTOR ( 'NONE', #5878, 1000.000000000000000 ) ;
#1400 = VERTEX_POINT ( 'NONE', #5070 ) ;
#1399 = ORIENTED_EDGE ( 'NONE', *, *, #2375, .T. ) ;
#1401 = VECTOR ( 'NONE', #4214, 1000.000000000000000 ) ;
#1402 = DIRECTION ( 'NONE',  ( 0.000000000000000000, 0.000000000000000000, 1.000000000000000000 ) ) ;
#1403 = CARTESIAN_POINT ( 'NONE',  ( 7.620000000000001883, 0.3809999999999992837, 2.501899999999999125 ) ) ;
#1404 = ORIENTED_EDGE ( 'NONE', *, *, #1993, .F. ) ;
#1405 = CARTESIAN_POINT ( 'NONE',  ( -9.271000000000000796, 7.048499999999997101, 0.8890000000000012337 ) ) ;
#1406 = PLANE ( 'NONE',  #6993 ) ;
#1407 = AXIS2_PLACEMENT_3D ( 'NONE', #3125, #5961, #5351 ) ;
#1408 = CARTESIAN_POINT ( 'NONE',  ( -2.539999999999998703, 7.492999999999998550, 2.501900000000000901 ) ) ;
#1409 = ORIENTED_EDGE ( 'NONE', *, *, #6920, .F. ) ;
#1410 = LINE ( 'NONE', #4130, #3791 ) ;
#1411 = ORIENTED_EDGE ( 'NONE', *, *, #8346, .T. ) ;
#1412 = ORIENTED_EDGE ( 'NONE', *, *, #2905, .T. ) ;
#1413 = VECTOR ( 'NONE', #1922, 1000.000000000000000 ) ;
#1414 = EDGE_CURVE ( 'NONE', #6197, #7448, #5768, .T. ) ;
#1415 = CARTESIAN_POINT ( 'NONE',  ( 4.635500000000000398, 7.492999999999999439, -0.4444999999999955653 ) ) ;
#1416 = DIRECTION ( 'NONE',  ( 0.000000000000000000, 0.000000000000000000, -1.000000000000000000 ) ) ;
#1417 = FILL_AREA_STYLE_COLOUR ( '', #6757 ) ;
#1418 = EDGE_CURVE ( 'NONE', #1312, #6012, #6549, .T. ) ;
#1419 = DIRECTION ( 'NONE',  ( -0.000000000000000000, -0.7071067811865487940, -0.7071067811865462405 ) ) ;
#1420 = DIRECTION ( 'NONE',  ( 1.000000000000000000, 0.000000000000000000, 0.000000000000000000 ) ) ;
#1421 = ORIENTED_EDGE ( 'NONE', *, *, #3721, .F. ) ;
#1422 =( NAMED_UNIT ( * ) PLANE_ANGLE_UNIT ( ) SI_UNIT ( $, .RADIAN. ) );
#1423 = CARTESIAN_POINT ( 'NONE',  ( 2.984499999999993936, 7.492999999999998550, 0.4444999999999979523 ) ) ;
#1424 = EDGE_CURVE ( 'NONE', #4562, #1231, #7158, .T. ) ;
#1425 = AXIS2_PLACEMENT_3D ( 'NONE', #2344, #8224, #2426 ) ;
#1426 = CARTESIAN_POINT ( 'NONE',  ( -5.079999999999998295, 0.8889999999999985691, 1.984781810244993228 ) ) ;
#1427 = ORIENTED_EDGE ( 'NONE', *, *, #1023, .T. ) ;
#1428 = FACE_OUTER_BOUND ( 'NONE', #7446, .T. ) ;
#1429 = AXIS2_PLACEMENT_3D ( 'NONE', #8608, #2296, #25 ) ;
#1430 = DIRECTION ( 'NONE',  ( 0.000000000000000000, 1.092515224483717628E-16, -1.000000000000000000 ) ) ;
#1431 = ORIENTED_EDGE ( 'NONE', *, *, #1551, .F. ) ;
#1432 = FACE_OUTER_BOUND ( 'NONE', #4767, .T. ) ;
#1433 = ORIENTED_EDGE ( 'NONE', *, *, #3109, .T. ) ;
#1434 = VERTEX_POINT ( 'NONE', #2521 ) ;
#1435 = EDGE_CURVE ( 'NONE', #1511, #7810, #7382, .T. ) ;
#1436 = CARTESIAN_POINT ( 'NONE',  ( -5.079999999999999183, 0.3809999999999993947, -2.120900000000001562 ) ) ;
#1437 = EDGE_CURVE ( 'NONE', #884, #5943, #216, .T. ) ;
#1438 = CARTESIAN_POINT ( 'NONE',  ( -10.15999999999999837, 0.3809999999999999498, -2.501900000000000901 ) ) ;
#1439 = DIRECTION ( 'NONE',  ( 0.000000000000000000, 1.000000000000000000, 1.733406087350420004E-16 ) ) ;
#1440 = ORIENTED_EDGE ( 'NONE', *, *, #6574, .T. ) ;
#1441 = DIRECTION ( 'NONE',  ( -1.000000000000000000, 0.000000000000000000, 0.000000000000000000 ) ) ;
#1442 = ORIENTED_EDGE ( 'NONE', *, *, #2141, .T. ) ;
#1443 = VECTOR ( 'NONE', #8986, 1000.000000000000000 ) ;
#1444 = ORIENTED_EDGE ( 'NONE', *, *, #8944, .F. ) ;
#1445 = CARTESIAN_POINT ( 'NONE',  ( 9.270999999999997243, 6.222999999999998977, -0.8889999999999987912 ) ) ;
#1446 = EDGE_LOOP ( 'NONE', ( #8962, #7655, #6950, #4853 ) ) ;
#1447 = EDGE_CURVE ( 'NONE', #3609, #1866, #6633, .T. ) ;
#1448 = VECTOR ( 'NONE', #4367, 1000.000000000000000 ) ;
#1449 = DIRECTION ( 'NONE',  ( -1.000000000000000000, 0.000000000000000000, 0.000000000000000000 ) ) ;
#1450 = DIRECTION ( 'NONE',  ( 0.000000000000000000, 1.422837496700139336E-15, -1.000000000000000000 ) ) ;
#1451 = CARTESIAN_POINT ( 'NONE',  ( 5.080000000000000959, 0.8889999999999989022, -1.984781810244995004 ) ) ;
#1452 = ORIENTED_EDGE ( 'NONE', *, *, #3661, .T. ) ;
#1453 = CARTESIAN_POINT ( 'NONE',  ( -8.509000000000002117, 6.222999999999998977, 1.651000000000001133 ) ) ;
#1454 = ORIENTED_EDGE ( 'NONE', *, *, #6046, .F. ) ;
#1455 = PLANE ( 'NONE',  #6681 ) ;
#1456 = DIRECTION ( 'NONE',  ( -0.000000000000000000, 1.000000000000000000, 1.092515224483717382E-16 ) ) ;
#1457 = EDGE_LOOP ( 'NONE', ( #2153, #3990, #4245, #3584 ) ) ;
#1458 = LINE ( 'NONE', #7164, #4937 ) ;
#1459 = CARTESIAN_POINT ( 'NONE',  ( -5.969000000000002970, 6.222999999999998977, -0.8889999999999987912 ) ) ;
#1460 = AXIS2_PLACEMENT_3D ( 'NONE', #6488, #8505, #2907 ) ;
#1461 = VECTOR ( 'NONE', #8241, 1000.000000000000114 ) ;
#1462 = DIRECTION ( 'NONE',  ( 0.000000000000000000, -1.000000000000000000, -1.733406087350420004E-16 ) ) ;
#1463 = ORIENTED_EDGE ( 'NONE', *, *, #6920, .T. ) ;
#1464 = ORIENTED_EDGE ( 'NONE', *, *, #1525, .F. ) ;
#1465 = VECTOR ( 'NONE', #8125, 1000.000000000000000 ) ;
#1466 = VECTOR ( 'NONE', #1568, 1000.000000000000000 ) ;
#1467 = CARTESIAN_POINT ( 'NONE',  ( -0.3047999999999999599, -3.611118645726065035E-32, -3.429000000000000270 ) ) ;
#1468 = ADVANCED_FACE ( 'NONE', ( #1065 ), #5984, .F. ) ;
#1469 = LINE ( 'NONE', #6990, #5739 ) ;
#1470 = EDGE_CURVE ( 'NONE', #7868, #5491, #4580, .T. ) ;
#1471 = VECTOR ( 'NONE', #1487, 1000.000000000000000 ) ;
#1472 = VERTEX_POINT ( 'NONE', #2379 ) ;
#1473 = COLOUR_RGB ( '',1.000000000000000000, 0.8117647058823529438, 0.5019607843137254832 ) ;
#1474 =( NAMED_UNIT ( * ) PLANE_ANGLE_UNIT ( ) SI_UNIT ( $, .RADIAN. ) );
#1475 = LINE ( 'NONE', #1516, #5891 ) ;
#1476 = ORIENTED_EDGE ( 'NONE', *, *, #5285, .F. ) ;
#1477 = EDGE_CURVE ( 'NONE', #3485, #5847, #2564, .T. ) ;
#1478 = DIRECTION ( 'NONE',  ( 0.000000000000000000, 1.733406087350420004E-16, -1.000000000000000000 ) ) ;
#1479 = EDGE_CURVE ( 'NONE', #4691, #5212, #1020, .T. ) ;
#1480 = CARTESIAN_POINT ( 'NONE',  ( 5.080000000000000959, 0.3809999999999993947, -2.120900000000001562 ) ) ;
#1481 = DIRECTION ( 'NONE',  ( 0.000000000000000000, -1.000000000000000000, -1.733406087350420004E-16 ) ) ;
#1482 = AXIS2_PLACEMENT_3D ( 'NONE', #2893, #5741, #806 ) ;
#1483 = EDGE_LOOP ( 'NONE', ( #9228, #8613, #3667, #8328 ) ) ;
#1484 = LINE ( 'NONE', #4252, #7771 ) ;
#1485 = LINE ( 'NONE', #1392, #5207 ) ;
#1486 = EDGE_CURVE ( 'NONE', #3208, #488, #3149, .T. ) ;
#1487 = DIRECTION ( 'NONE',  ( 0.000000000000000000, 1.000000000000000000, 0.000000000000000000 ) ) ;
#1488 = VERTEX_POINT ( 'NONE', #1818 ) ;
#1489 = VECTOR ( 'NONE', #8722, 1000.000000000000000 ) ;
#1490 = ADVANCED_FACE ( 'NONE', ( #5942 ), #3101, .F. ) ;
#1491 = CARTESIAN_POINT ( 'NONE',  ( -5.079999999999999183, 0.3809999999999993947, -2.120900000000001562 ) ) ;
#1492 = ORIENTED_EDGE ( 'NONE', *, *, #5050, .F. ) ;
#1493 = EDGE_CURVE ( 'NONE', #7598, #4947, #261, .T. ) ;
#1494 = SURFACE_STYLE_USAGE ( .BOTH. , #6623 ) ;
#1495 = DIRECTION ( 'NONE',  ( 0.000000000000000000, -1.000000000000000000, 0.000000000000000000 ) ) ;
#1496 = ORIENTED_EDGE ( 'NONE', *, *, #4411, .F. ) ;
#1497 = EDGE_CURVE ( 'NONE', #8381, #6124, #2420, .T. ) ;
#1498 = LINE ( 'NONE', #7817, #8620 ) ;
#1499 = PLANE ( 'NONE',  #6413 ) ;
#1500 = ADVANCED_FACE ( 'NONE', ( #6760 ), #5245, .F. ) ;
#1501 = DIRECTION ( 'NONE',  ( 0.000000000000000000, -0.9659258262890700886, 0.2588190451025143002 ) ) ;
#1502 = ORIENTED_EDGE ( 'NONE', *, *, #7878, .F. ) ;
#1503 = ADVANCED_FACE ( 'NONE', ( #8961 ), #1675, .F. ) ;
#1504 = ORIENTED_EDGE ( 'NONE', *, *, #7302, .T. ) ;
#1505 = VERTEX_POINT ( 'NONE', #4537 ) ;
#1506 = PLANE ( 'NONE',  #886 ) ;
#1507 = CARTESIAN_POINT ( 'NONE',  ( 10.16000000000000192, 0.3809999999999999498, -2.501900000000000901 ) ) ;
#1508 = PRESENTATION_STYLE_ASSIGNMENT (( #7875 ) ) ;
#1509 = PLANE ( 'NONE',  #7196 ) ;
#1510 = DIRECTION ( 'NONE',  ( 0.000000000000000000, 0.000000000000000000, -1.000000000000000000 ) ) ;
#1511 = VERTEX_POINT ( 'NONE', #5426 ) ;
#1512 = VECTOR ( 'NONE', #3478, 1000.000000000000000 ) ;
#1513 = CARTESIAN_POINT ( 'NONE',  ( -10.15999999999999837, 0.3809999999999993947, -2.120900000000001562 ) ) ;
#1514 = LINE ( 'NONE', #4370, #4989 ) ;
#1515 = ORIENTED_EDGE ( 'NONE', *, *, #8695, .F. ) ;
#1516 = CARTESIAN_POINT ( 'NONE',  ( -4.191000000000001613, 6.222999999999998977, 1.651000000000001133 ) ) ;
#1517 = ORIENTED_EDGE ( 'NONE', *, *, #8249, .F. ) ;
#1518 = LINE ( 'NONE', #7887, #8144 ) ;
#1519 = EDGE_CURVE ( 'NONE', #7201, #7288, #3290, .T. ) ;
#1520 = PLANE ( 'NONE',  #8634 ) ;
#1521 = DIRECTION ( 'NONE',  ( -1.000000000000000000, -0.000000000000000000, -0.000000000000000000 ) ) ;
#1522 = VECTOR ( 'NONE', #5441, 1000.000000000000000 ) ;
#1523 = EDGE_CURVE ( 'NONE', #1218, #7598, #7426, .T. ) ;
#1524 = EDGE_LOOP ( 'NONE', ( #3375, #5757, #4426, #2553 ) ) ;
#1525 = EDGE_CURVE ( 'NONE', #8085, #6702, #3194, .T. ) ;
#1526 = DIRECTION ( 'NONE',  ( 0.000000000000000000, 0.000000000000000000, -1.000000000000000000 ) ) ;
#1527 = FACE_OUTER_BOUND ( 'NONE', #2052, .T. ) ;
#1528 = AXIS2_PLACEMENT_3D ( 'NONE', #2336, #6031, #966 ) ;
#1529 = VERTEX_POINT ( 'NONE', #4815 ) ;
#1530 = CARTESIAN_POINT ( 'NONE',  ( 0.8889999999999991243, 7.048499999999997989, -0.8889999999999986802 ) ) ;
#1531 = FACE_OUTER_BOUND ( 'NONE', #2770, .T. ) ;
#1532 = CARTESIAN_POINT ( 'NONE',  ( 1.269999999999998463, 0.000000000000000000, 0.000000000000000000 ) ) ;
#1533 = DIRECTION ( 'NONE',  ( 0.000000000000000000, -1.092515224483717628E-16, 1.000000000000000000 ) ) ;
#1534 = VERTEX_POINT ( 'NONE', #7561 ) ;
#1535 = EDGE_CURVE ( 'NONE', #2247, #877, #7053, .T. ) ;
#1536 = VECTOR ( 'NONE', #6282, 1000.000000000000000 ) ;
#1537 = ADVANCED_FACE ( 'NONE', ( #7765 ), #1356, .F. ) ;
#1538 = CARTESIAN_POINT ( 'NONE',  ( 0.8889999999999991243, 7.048499999999997101, 1.651000000000001355 ) ) ;
#1539 = VECTOR ( 'NONE', #626, 1000.000000000000000 ) ;
#1540 = CARTESIAN_POINT ( 'NONE',  ( 10.16000000000000192, 0.3809999999999988396, 2.120899999999999785 ) ) ;
#1541 = ORIENTED_EDGE ( 'NONE', *, *, #5431, .T. ) ;
#1543 = EDGE_LOOP ( 'NONE', ( #2312, #8895, #8041, #2307 ) ) ;
#1542 = ORIENTED_EDGE ( 'NONE', *, *, #2505, .T. ) ;
#1544 = DIRECTION ( 'NONE',  ( 0.000000000000000000, 1.092515224483717628E-16, -1.000000000000000000 ) ) ;
#1545 = ORIENTED_EDGE ( 'NONE', *, *, #1310, .F. ) ;
#1546 = VECTOR ( 'NONE', #43, 1000.000000000000000 ) ;
#1547 = LINE ( 'NONE', #41, #662 ) ;
#1548 = UNCERTAINTY_MEASURE_WITH_UNIT (LENGTH_MEASURE( 1.000000000000000082E-05 ), #4327, 'distance_accuracy_value', 'NONE');
#1549 = SURFACE_STYLE_FILL_AREA ( #6682 ) ;
#1550 = LINE ( 'NONE', #3020, #1974 ) ;
#1551 = EDGE_CURVE ( 'NONE', #364, #38, #4865, .T. ) ;
#1552 = VECTOR ( 'NONE', #8892, 1000.000000000000000 ) ;
#1553 = CARTESIAN_POINT ( 'NONE',  ( 10.16000000000000192, 0.3809999999999999498, -2.501900000000000901 ) ) ;
#1554 = ORIENTED_EDGE ( 'NONE', *, *, #6594, .T. ) ;
#1555 = VECTOR ( 'NONE', #8886, 1000.000000000000000 ) ;
#1556 = SURFACE_STYLE_FILL_AREA ( #3677 ) ;
#1557 = LINE ( 'NONE', #7304, #4796 ) ;
#1558 = EDGE_CURVE ( 'NONE', #9246, #1164, #8412, .T. ) ;
#1559 = EDGE_CURVE ( 'NONE', #7780, #4959, #3474, .T. ) ;
#1560 = PLANE ( 'NONE',  #4533 ) ;
#1561 = AXIS2_PLACEMENT_3D ( 'NONE', #4544, #224, #7338 ) ;
#1562 = CARTESIAN_POINT ( 'NONE',  ( 10.16000000000000192, 7.492999999999998550, 2.501900000000000901 ) ) ;
#1563 = VERTEX_POINT ( 'NONE', #3379 ) ;
#1564 = DIRECTION ( 'NONE',  ( 0.000000000000000000, 1.422837496700139336E-15, -1.000000000000000000 ) ) ;
#1565 = PLANE ( 'NONE',  #4382 ) ;
#1566 = ORIENTED_EDGE ( 'NONE', *, *, #8643, .F. ) ;
#1567 = PLANE ( 'NONE',  #5651 ) ;
#1568 = DIRECTION ( 'NONE',  ( 0.000000000000000000, -1.733406087350420004E-16, 1.000000000000000000 ) ) ;
#1569 = AXIS2_PLACEMENT_3D ( 'NONE', #8965, #1362, #1266 ) ;
#1570 = DIRECTION ( 'NONE',  ( 0.000000000000000000, -0.000000000000000000, -1.000000000000000000 ) ) ;
#1571 = AXIS2_PLACEMENT_3D ( 'NONE', #7594, #3414, #476 ) ;
#1572 = EDGE_LOOP ( 'NONE', ( #6837, #8188, #8353, #1476 ) ) ;
#1573 = CARTESIAN_POINT ( 'NONE',  ( -6.731000000000001648, 6.222999999999998977, -1.650999999999998913 ) ) ;
#1574 = LINE ( 'NONE', #5705, #7000 ) ;
#1575 = ORIENTED_EDGE ( 'NONE', *, *, #4668, .F. ) ;
#1576 = CARTESIAN_POINT ( 'NONE',  ( 1.734723475976807094E-15, 0.3809999999999999498, -2.501900000000000901 ) ) ;
#1577 = DIRECTION ( 'NONE',  ( 0.000000000000000000, 0.000000000000000000, -1.000000000000000000 ) ) ;
#1578 = LINE ( 'NONE', #2294, #3072 ) ;
#1579 = DIRECTION ( 'NONE',  ( -1.000000000000000000, -0.000000000000000000, -0.000000000000000000 ) ) ;
#1580 = ORIENTED_EDGE ( 'NONE', *, *, #5835, .T. ) ;
#1581 = EDGE_CURVE ( 'NONE', #5808, #7868, #2719, .T. ) ;
#1582 = DIRECTION ( 'NONE',  ( -1.000000000000000000, -0.000000000000000000, -0.000000000000000000 ) ) ;
#1583 = CARTESIAN_POINT ( 'NONE',  ( 0.3047999999999999599, 1.275347176632053740E-16, -2.387599999999999945 ) ) ;
#1584 = EDGE_CURVE ( 'NONE', #3609, #374, #4768, .T. ) ;
#1585 = AXIS2_PLACEMENT_3D ( 'NONE', #5653, #6260, #2710 ) ;
#1586 = EDGE_CURVE ( 'NONE', #8746, #4615, #7609, .T. ) ;
#1587 = CARTESIAN_POINT ( 'NONE',  ( 1.734723475976807094E-15, 0.3809999999999988396, 2.120899999999999785 ) ) ;
#1588 = VERTEX_POINT ( 'NONE', #9009 ) ;
#1589 = FACE_OUTER_BOUND ( 'NONE', #5881, .T. ) ;
#1591 = ORIENTED_EDGE ( 'NONE', *, *, #4280, .F. ) ;
#1590 = VERTEX_POINT ( 'NONE', #2669 ) ;
#1592 = CARTESIAN_POINT ( 'NONE',  ( 7.620000000000001883, 0.3809999999999992837, 2.501899999999999125 ) ) ;
#1593 = ORIENTED_EDGE ( 'NONE', *, *, #5655, .T. ) ;
#1594 = AXIS2_PLACEMENT_3D ( 'NONE', #4605, #8072, #1043 ) ;
#1595 = FACE_OUTER_BOUND ( 'NONE', #4392, .T. ) ;
#1596 = DIRECTION ( 'NONE',  ( 1.000000000000000000, 0.000000000000000000, -0.000000000000000000 ) ) ;
#1597 = CARTESIAN_POINT ( 'NONE',  ( 0.3047999999999999599, -3.611118645726065035E-32, -3.429000000000000270 ) ) ;
#1598 = CARTESIAN_POINT ( 'NONE',  ( -8.064499999999998892, 7.492999999999999439, -2.501900000000000901 ) ) ;
#1599 = ORIENTED_EDGE ( 'NONE', *, *, #9004, .F. ) ;
#1600 = EDGE_CURVE ( 'NONE', #8254, #6562, #5527, .T. ) ;
#1601 = DIRECTION ( 'NONE',  ( -1.000000000000000000, -0.000000000000000000, -0.000000000000000000 ) ) ;
#1602 = VERTEX_POINT ( 'NONE', #121 ) ;
#1603 = EDGE_CURVE ( 'NONE', #5894, #6708, #5804, .T. ) ;
#1604 = DIRECTION ( 'NONE',  ( 0.000000000000000000, -1.733406087350420004E-16, 1.000000000000000000 ) ) ;
#1605 = VECTOR ( 'NONE', #7328, 1000.000000000000000 ) ;
#1606 = DIRECTION ( 'NONE',  ( -1.000000000000000000, 0.000000000000000000, -0.000000000000000000 ) ) ;
#1607 = VECTOR ( 'NONE', #2518, 1000.000000000000000 ) ;
#1608 = PLANE ( 'NONE',  #9145 ) ;
#1609 = PLANE ( 'NONE',  #1329 ) ;
#1610 = DIRECTION ( 'NONE',  ( -1.000000000000000000, -0.000000000000000000, -0.000000000000000000 ) ) ;
#1611 = CARTESIAN_POINT ( 'NONE',  ( 9.715500000000002245, 7.492999999999998550, 2.095500000000003915 ) ) ;
#1612 = ORIENTED_EDGE ( 'NONE', *, *, #742, .F. ) ;
#1613 = VECTOR ( 'NONE', #3035, 1000.000000000000000 ) ;
#1614 = LINE ( 'NONE', #5224, #384 ) ;
#1615 = EDGE_CURVE ( 'NONE', #3632, #3961, #4434, .T. ) ;
#1616 = CARTESIAN_POINT ( 'NONE',  ( -0.8890000000000026770, 6.222999999999998977, 0.8890000000000011227 ) ) ;
#1617 = ORIENTED_EDGE ( 'NONE', *, *, #2552, .T. ) ;
#1618 = DIRECTION ( 'NONE',  ( -0.000000000000000000, -1.000000000000000000, -0.000000000000000000 ) ) ;
#1619 = AXIS2_PLACEMENT_3D ( 'NONE', #3957, #2547, #423 ) ;
#1620 = VECTOR ( 'NONE', #3058, 1000.000000000000000 ) ;
#1621 = DIRECTION ( 'NONE',  ( -0.000000000000000000, -0.000000000000000000, 1.000000000000000000 ) ) ;
#1622 = CARTESIAN_POINT ( 'NONE',  ( 4.190999999999997172, 6.222999999999998977, -1.650999999999998913 ) ) ;
#1623 = VERTEX_POINT ( 'NONE', #2868 ) ;
#1624 = CARTESIAN_POINT ( 'NONE',  ( 2.540000000000000480, 7.492999999999998550, 2.501900000000000901 ) ) ;
#1625 = PRESENTATION_LAYER_ASSIGNMENT (  '', '', ( #404 ) ) ;
#1626 = DIRECTION ( 'NONE',  ( 1.000000000000000000, 0.000000000000000000, 0.000000000000000000 ) ) ;
#1627 = CARTESIAN_POINT ( 'NONE',  ( -6.477000000000001201, 6.794499999999998430, 1.143000000000001570 ) ) ;
#1628 = VERTEX_POINT ( 'NONE', #5709 ) ;
#1629 = EDGE_CURVE ( 'NONE', #7470, #7461, #1384, .T. ) ;
#1630 = DIRECTION ( 'NONE',  ( 1.000000000000000000, -0.000000000000000000, -0.000000000000000000 ) ) ;
#1631 = LINE ( 'NONE', #5193, #1747 ) ;
#1632 = AXIS2_PLACEMENT_3D ( 'NONE', #8535, #1344, #3682 ) ;
#1633 = AXIS2_PLACEMENT_3D ( 'NONE', #821, #3696, #5898 ) ;
#1634 = DIRECTION ( 'NONE',  ( -0.000000000000000000, 1.000000000000000000, 1.733406087350420004E-16 ) ) ;
#1635 = CARTESIAN_POINT ( 'NONE',  ( 10.60449999999999626, 7.492999999999998550, 0.4444999999999979523 ) ) ;
#1636 = ORIENTED_EDGE ( 'NONE', *, *, #3710, .F. ) ;
#1637 = DIRECTION ( 'NONE',  ( -1.000000000000000000, -0.000000000000000000, -0.000000000000000000 ) ) ;
#1638 = ORIENTED_EDGE ( 'NONE', *, *, #1581, .F. ) ;
#1639 = PLANE ( 'NONE',  #1766 ) ;
#1640 = AXIS2_PLACEMENT_3D ( 'NONE', #7915, #4453, #7295 ) ;
#1641 = ORIENTED_EDGE ( 'NONE', *, *, #7397, .T. ) ;
#1642 = FACE_OUTER_BOUND ( 'NONE', #3148, .T. ) ;
#1643 = DIRECTION ( 'NONE',  ( 0.000000000000000000, -0.7071067811865492381, 0.7071067811865457964 ) ) ;
#1644 = DIRECTION ( 'NONE',  ( -1.000000000000000000, -0.000000000000000000, -0.000000000000000000 ) ) ;
#1645 = FACE_OUTER_BOUND ( 'NONE', #7839, .T. ) ;
#1646 = ADVANCED_FACE ( 'NONE', ( #8447 ), #2099, .F. ) ;
#1647 = ORIENTED_EDGE ( 'NONE', *, *, #5432, .T. ) ;
#1648 = LINE ( 'NONE', #6519, #4352 ) ;
#1649 = CARTESIAN_POINT ( 'NONE',  ( -8.509000000000002117, 6.222999999999998977, -0.8889999999999987912 ) ) ;
#1650 = ORIENTED_EDGE ( 'NONE', *, *, #4683, .T. ) ;
#1651 = EDGE_CURVE ( 'NONE', #1817, #3835, #7747, .T. ) ;
#1652 =( NAMED_UNIT ( * ) SI_UNIT ( $, .STERADIAN. ) SOLID_ANGLE_UNIT ( ) );
#1653 = LINE ( 'NONE', #188, #330 ) ;
#1654 = ORIENTED_EDGE ( 'NONE', *, *, #9108, .T. ) ;
#1655 = ORIENTED_EDGE ( 'NONE', *, *, #7732, .T. ) ;
#1656 = DIRECTION ( 'NONE',  ( -0.000000000000000000, -0.000000000000000000, 1.000000000000000000 ) ) ;
#1657 = EDGE_LOOP ( 'NONE', ( #419, #1193, #8140, #4548 ) ) ;
#1658 = PLANE ( 'NONE',  #6854 ) ;
#1659 = CARTESIAN_POINT ( 'NONE',  ( 0.1777999999999999858, -3.611118645726067224E-32, 3.429000000000000270 ) ) ;
#1660 = ADVANCED_FACE ( 'NONE', ( #7643 ), #4151, .F. ) ;
#1661 = CARTESIAN_POINT ( 'NONE',  ( 0.3047999999999999599, 0.6730999999999999206, -1.968499999999999694 ) ) ;
#1662 = DIRECTION ( 'NONE',  ( 0.000000000000000000, -1.000000000000000000, -1.733406087350420004E-16 ) ) ;
#1663 = ORIENTED_EDGE ( 'NONE', *, *, #7996, .F. ) ;
#1664 = DIRECTION ( 'NONE',  ( 1.000000000000000000, 0.000000000000000000, -0.000000000000000000 ) ) ;
#1665 = VECTOR ( 'NONE', #5189, 1000.000000000000000 ) ;
#1666 = DIRECTION ( 'NONE',  ( 0.000000000000000000, -0.000000000000000000, -1.000000000000000000 ) ) ;
#1667 = VERTEX_POINT ( 'NONE', #4800 ) ;
#1668 = DIRECTION ( 'NONE',  ( 0.000000000000000000, -1.000000000000000000, -2.439149994343092652E-16 ) ) ;
#1669 = VECTOR ( 'NONE', #7928, 1000.000000000000000 ) ;
#1670 = DIRECTION ( 'NONE',  ( 0.000000000000000000, 1.000000000000000000, 1.733406087350420004E-16 ) ) ;
#1671 = CARTESIAN_POINT ( 'NONE',  ( 11.55699999999999861, 6.794499999999998430, 1.143000000000001570 ) ) ;
#1672 = CARTESIAN_POINT ( 'NONE',  ( -12.95400000000000063, 0.8889999999999989022, -1.984781810244995004 ) ) ;
#1673 =( NAMED_UNIT ( * ) SI_UNIT ( $, .STERADIAN. ) SOLID_ANGLE_UNIT ( ) );
#1674 = ORIENTED_EDGE ( 'NONE', *, *, #144, .F. ) ;
#1675 = PLANE ( 'NONE',  #643 ) ;
#1677 = ORIENTED_EDGE ( 'NONE', *, *, #6503, .F. ) ;
#1676 = ORIENTED_EDGE ( 'NONE', *, *, #2826, .T. ) ;
#1678 = VECTOR ( 'NONE', #7284, 1000.000000000000000 ) ;
#1679 = PLANE ( 'NONE',  #6110 ) ;
#1680 = ORIENTED_EDGE ( 'NONE', *, *, #1128, .F. ) ;
#1681 = VECTOR ( 'NONE', #9080, 1000.000000000000000 ) ;
#1682 = FACE_OUTER_BOUND ( 'NONE', #2404, .T. ) ;
#1683 = EDGE_CURVE ( 'NONE', #1588, #2216, #4106, .T. ) ;
#1684 = VECTOR ( 'NONE', #7369, 1000.000000000000000 ) ;
#1685 = DIRECTION ( 'NONE',  ( 0.000000000000000000, 1.092515224483717628E-16, -1.000000000000000000 ) ) ;
#1686 = PLANE ( 'NONE',  #6740 ) ;
#1687 = ADVANCED_FACE ( 'NONE', ( #2047 ), #1948, .F. ) ;
#1688 = CARTESIAN_POINT ( 'NONE',  ( -2.539999999999998703, 0.3809999999999992837, 2.501899999999999125 ) ) ;
#1689 = ORIENTED_EDGE ( 'NONE', *, *, #7809, .F. ) ;
#1690 = ORIENTED_EDGE ( 'NONE', *, *, #6728, .F. ) ;
#1691 = AXIS2_PLACEMENT_3D ( 'NONE', #1037, #362, #7443 ) ;
#1692 = EDGE_CURVE ( 'NONE', #5924, #4689, #677, .T. ) ;
#1693 = VECTOR ( 'NONE', #592, 1000.000000000000000 ) ;
#1694 = FILL_AREA_STYLE_COLOUR ( '', #6666 ) ;
#1695 = CARTESIAN_POINT ( 'NONE',  ( -0.3047999999999999599, 0.2539999999999996705, 2.387599999999999945 ) ) ;
#1696 = DIRECTION ( 'NONE',  ( 1.000000000000000000, 0.000000000000000000, 0.000000000000000000 ) ) ;
#1697 = EDGE_CURVE ( 'NONE', #5086, #3207, #6394, .T. ) ;
#1698 = LINE ( 'NONE', #3817, #5078 ) ;
#1699 = VECTOR ( 'NONE', #2790, 1000.000000000000000 ) ;
#1700 = FACE_OUTER_BOUND ( 'NONE', #8146, .T. ) ;
#1701 = EDGE_LOOP ( 'NONE', ( #7105, #4035, #5160, #215 ) ) ;
#1702 = EDGE_CURVE ( 'NONE', #690, #8938, #7697, .T. ) ;
#1703 = DIRECTION ( 'NONE',  ( -1.000000000000000000, -0.000000000000000000, -0.000000000000000000 ) ) ;
#1704 = ORIENTED_EDGE ( 'NONE', *, *, #3094, .F. ) ;
#1705 = CARTESIAN_POINT ( 'NONE',  ( -7.619999999999999218, 0.3809999999999993947, -2.120900000000001562 ) ) ;
#1706 = ORIENTED_EDGE ( 'NONE', *, *, #1437, .F. ) ;
#1707 = VECTOR ( 'NONE', #661, 1000.000000000000000 ) ;
#1708 = DIRECTION ( 'NONE',  ( -0.000000000000000000, -0.7071067811865491270, -0.7071067811865460184 ) ) ;
#1709 = CARTESIAN_POINT ( 'NONE',  ( 5.968999999999998529, 7.048499999999997989, -0.8889999999999986802 ) ) ;
#1710 = CARTESIAN_POINT ( 'NONE',  ( -0.3047999999999999599, 0.6730999999999999206, -2.387599999999999945 ) ) ;
#1711 = VERTEX_POINT ( 'NONE', #577 ) ;
#1712 = CARTESIAN_POINT ( 'NONE',  ( -2.539999999999998703, 0.3809999999999999498, -2.501900000000000901 ) ) ;
#1713 = CARTESIAN_POINT ( 'NONE',  ( -10.15999999999999837, 0.000000000000000000, 0.000000000000000000 ) ) ;
#1714 = ORIENTED_EDGE ( 'NONE', *, *, #1061, .T. ) ;
#1715 = ITEM_DEFINED_TRANSFORMATION ( 'NONE', 'NONE', #4187,  #4760 ) ;
#1716 = CARTESIAN_POINT ( 'NONE',  ( 11.04899999999999949, 6.222999999999998977, 1.651000000000001133 ) ) ;
#1717 = VERTEX_POINT ( 'NONE', #6944 ) ;
#1718 = EDGE_CURVE ( 'NONE', #5382, #3691, #6254, .T. ) ;
#1719 = ORIENTED_EDGE ( 'NONE', *, *, #1893, .F. ) ;
#1720 = CARTESIAN_POINT ( 'NONE',  ( -10.15999999999999837, 7.492999999999998550, 2.501900000000000901 ) ) ;
#1721 = PLANE ( 'NONE',  #2966 ) ;
#1722 = PLANE ( 'NONE',  #7431 ) ;
#1723 = CARTESIAN_POINT ( 'NONE',  ( 1.734723475976807094E-15, 0.3809999999999993947, -2.120900000000001562 ) ) ;
#1724 = CARTESIAN_POINT ( 'NONE',  ( -1.651000000000001355, 7.048499999999997101, 0.8890000000000012337 ) ) ;
#1725 = ORIENTED_EDGE ( 'NONE', *, *, #3948, .F. ) ;
#1726 = EDGE_CURVE ( 'NONE', #5314, #8069, #1475, .T. ) ;
#1727 = DIRECTION ( 'NONE',  ( 0.000000000000000000, -1.733406087350420004E-16, 1.000000000000000000 ) ) ;
#1728 = VERTEX_POINT ( 'NONE', #6568 ) ;
#1729 = DIRECTION ( 'NONE',  ( 0.7071067811865452413, -0.7071067811865499042, -1.225703198915527072E-16 ) ) ;
#1730 = EDGE_LOOP ( 'NONE', ( #5366, #3624, #7029, #5701 ) ) ;
#1731 = AXIS2_PLACEMENT_3D ( 'NONE', #1151, #6662, #6624 ) ;
#1732 = CARTESIAN_POINT ( 'NONE',  ( 9.270999999999997243, 6.222999999999998977, 1.651000000000001133 ) ) ;
#1733 = LINE ( 'NONE', #7435, #3338 ) ;
#1734 = ORIENTED_EDGE ( 'NONE', *, *, #702, .F. ) ;
#1735 = ORIENTED_EDGE ( 'NONE', *, *, #2755, .F. ) ;
#1736 = DIRECTION ( 'NONE',  ( 0.000000000000000000, 1.733406087350420004E-16, -1.000000000000000000 ) ) ;
#1737 = FACE_OUTER_BOUND ( 'NONE', #1294, .T. ) ;
#1738 = ADVANCED_FACE ( 'NONE', ( #4472 ), #807, .F. ) ;
#1739 = LINE ( 'NONE', #4643, #1552 ) ;
#1740 = VECTOR ( 'NONE', #3659, 1000.000000000000000 ) ;
#1741 = PRESENTATION_LAYER_ASSIGNMENT (  '', '', ( #8903 ) ) ;
#1742 = FACE_OUTER_BOUND ( 'NONE', #4949, .T. ) ;
#1743 = CARTESIAN_POINT ( 'NONE',  ( 4.190999999999997172, 6.222999999999998977, 1.651000000000001133 ) ) ;
#1744 = ORIENTED_EDGE ( 'NONE', *, *, #2259, .T. ) ;
#1745 = DIRECTION ( 'NONE',  ( 0.000000000000000000, 1.138269997360111548E-15, 1.000000000000000000 ) ) ;
#1746 = ORIENTED_EDGE ( 'NONE', *, *, #3361, .T. ) ;
#1747 = VECTOR ( 'NONE', #2462, 1000.000000000000000 ) ;
#1748 = EDGE_CURVE ( 'NONE', #4386, #1807, #4373, .T. ) ;
#1749 = VECTOR ( 'NONE', #6178, 1000.000000000000000 ) ;
#1750 = FACE_OUTER_BOUND ( 'NONE', #2925, .T. ) ;
#1751 = ORIENTED_EDGE ( 'NONE', *, *, #7433, .T. ) ;
#1752 = EDGE_CURVE ( 'NONE', #9186, #4667, #8587, .T. ) ;
#1753 = DIRECTION ( 'NONE',  ( 0.000000000000000000, 1.092515224483717628E-16, -1.000000000000000000 ) ) ;
#1754 = LINE ( 'NONE', #8156, #7278 ) ;
#1755 = VECTOR ( 'NONE', #7048, 1000.000000000000000 ) ;
#1756 = VECTOR ( 'NONE', #3218, 1000.000000000000000 ) ;
#1757 = ORIENTED_EDGE ( 'NONE', *, *, #3361, .F. ) ;
#1758 = CARTESIAN_POINT ( 'NONE',  ( -5.969000000000002970, 6.222999999999998977, -0.8889999999999987912 ) ) ;
#1759 = DIRECTION ( 'NONE',  ( 0.000000000000000000, 0.000000000000000000, -1.000000000000000000 ) ) ;
#1760 = ORIENTED_EDGE ( 'NONE', *, *, #1895, .T. ) ;
#1761 = LINE ( 'NONE', #4616, #9171 ) ;
#1762 = ITEM_DEFINED_TRANSFORMATION ( 'NONE', 'NONE', #6268,  #4760 ) ;
#1763 = AXIS2_PLACEMENT_3D ( 'NONE', #9016, #9203, #6967 ) ;
#1764 = DIRECTION ( 'NONE',  ( 0.000000000000000000, 1.138269997360111548E-15, 1.000000000000000000 ) ) ;
#1765 = EDGE_LOOP ( 'NONE', ( #2768, #8372, #2653, #143 ) ) ;
#1766 = AXIS2_PLACEMENT_3D ( 'NONE', #7335, #6509, #927 ) ;
#1767 = CARTESIAN_POINT ( 'NONE',  ( 5.080000000000000959, 7.492999999999998550, 2.501900000000000901 ) ) ;
#1768 = DIRECTION ( 'NONE',  ( -1.000000000000000000, -0.000000000000000000, -0.000000000000000000 ) ) ;
#1769 = EDGE_CURVE ( 'NONE', #1051, #993, #7968, .T. ) ;
#1770 = CARTESIAN_POINT ( 'NONE',  ( 11.04899999999999949, 7.048499999999997989, -0.8889999999999986802 ) ) ;
#1771 = VECTOR ( 'NONE', #1305, 1000.000000000000000 ) ;
#1772 = EDGE_CURVE ( 'NONE', #846, #608, #1653, .T. ) ;
#1773 = MECHANICAL_DESIGN_GEOMETRIC_PRESENTATION_REPRESENTATION (  '', ( #5955 ), #5518 ) ;
#1774 = CARTESIAN_POINT ( 'NONE',  ( -4.191000000000001613, 6.222999999999998977, -1.650999999999998913 ) ) ;
#1775 = ORIENTED_EDGE ( 'NONE', *, *, #753, .F. ) ;
#1776 = CARTESIAN_POINT ( 'NONE',  ( -4.191000000000001613, 6.222999999999998977, -1.650999999999998913 ) ) ;
#1777 = VERTEX_POINT ( 'NONE', #5838 ) ;
#1778 = ORIENTED_EDGE ( 'NONE', *, *, #3948, .T. ) ;
#1779 = LINE ( 'NONE', #4634, #2621 ) ;
#1780 = ADVANCED_FACE ( 'NONE', ( #7177 ), #1565, .F. ) ;
#1781 = EDGE_CURVE ( 'NONE', #9078, #7647, #150, .T. ) ;
#1782 = VERTEX_POINT ( 'NONE', #7352 ) ;
#1783 = PLANE ( 'NONE',  #1852 ) ;
#1784 = DIRECTION ( 'NONE',  ( -0.000000000000000000, 1.000000000000000000, 1.733406087350420004E-16 ) ) ;
#1785 = ORIENTED_EDGE ( 'NONE', *, *, #7720, .F. ) ;
#1786 = AXIS2_PLACEMENT_3D ( 'NONE', #8871, #397, #8920 ) ;
#1787 = DIRECTION ( 'NONE',  ( 0.000000000000000000, 1.000000000000000000, -1.138269997360111548E-15 ) ) ;
#1788 = ORIENTED_EDGE ( 'NONE', *, *, #5577, .F. ) ;
#1789 = CARTESIAN_POINT ( 'NONE',  ( -1.651000000000001355, 6.222999999999998977, -0.8889999999999987912 ) ) ;
#1790 =( LENGTH_UNIT ( ) NAMED_UNIT ( * ) SI_UNIT ( .MILLI., .METRE. ) );
#1791 = PLANE ( 'NONE',  #7076 ) ;
#1792 = VERTEX_POINT ( 'NONE', #3027 ) ;
#1793 = CARTESIAN_POINT ( 'NONE',  ( -1.651000000000001355, 7.048499999999997989, -0.8889999999999986802 ) ) ;
#1794 = CARTESIAN_POINT ( 'NONE',  ( 11.04899999999999949, 6.222999999999998977, -0.8889999999999987912 ) ) ;
#1795 = EDGE_LOOP ( 'NONE', ( #8158, #8292, #7591, #1873 ) ) ;
#1796 = CARTESIAN_POINT ( 'NONE',  ( 0.4444999999999952323, 7.492999999999999439, -0.4444999999999955653 ) ) ;
#1797 = ORIENTED_EDGE ( 'NONE', *, *, #3142, .F. ) ;
#1798 = CARTESIAN_POINT ( 'NONE',  ( 3.428999999999998050, 6.222999999999998977, 1.651000000000001133 ) ) ;
#1799 = VERTEX_POINT ( 'NONE', #5222 ) ;
#1800 = DIRECTION ( 'NONE',  ( 0.000000000000000000, 0.2588190451025143002, -0.9659258262890699775 ) ) ;
#1801 = PLANE ( 'NONE',  #8330 ) ;
#1802 = ORIENTED_EDGE ( 'NONE', *, *, #8900, .T. ) ;
#1803 = EDGE_CURVE ( 'NONE', #217, #8537, #8014, .T. ) ;
#1804 = CARTESIAN_POINT ( 'NONE',  ( 1.650999999999998025, 6.222999999999998977, -1.650999999999998913 ) ) ;
#1805 = VERTEX_POINT ( 'NONE', #1611 ) ;
#1806 = CARTESIAN_POINT ( 'NONE',  ( 5.968999999999998529, 6.222999999999998977, 0.8890000000000011227 ) ) ;
#1807 = VERTEX_POINT ( 'NONE', #5128 ) ;
#1808 = DIRECTION ( 'NONE',  ( 0.000000000000000000, 0.000000000000000000, 1.000000000000000000 ) ) ;
#1809 = EDGE_CURVE ( 'NONE', #8221, #2947, #8065, .T. ) ;
#1810 = FACE_OUTER_BOUND ( 'NONE', #5867, .T. ) ;
#1811 = EDGE_LOOP ( 'NONE', ( #787, #3579, #36, #796 ) ) ;
#1812 = ORIENTED_EDGE ( 'NONE', *, *, #429, .T. ) ;
#1813 = EDGE_CURVE ( 'NONE', #2867, #884, #4512, .T. ) ;
#1814 = LINE ( 'NONE', #8736, #2214 ) ;
#1815 = CARTESIAN_POINT ( 'NONE',  ( 12.70000000000000284, 7.492999999999998550, 2.501900000000000901 ) ) ;
#1816 = CARTESIAN_POINT ( 'NONE',  ( -2.539999999999998703, 7.492999999999998550, 0.4444999999999978413 ) ) ;
#1817 = VERTEX_POINT ( 'NONE', #2894 ) ;
#1818 = CARTESIAN_POINT ( 'NONE',  ( -7.619999999999998330, 0.3809999999999988396, 2.120899999999999785 ) ) ;
#1819 = ORIENTED_EDGE ( 'NONE', *, *, #3615, .F. ) ;
#1820 = EDGE_LOOP ( 'NONE', ( #8098, #6606, #7748, #4272 ) ) ;
#1821 = VECTOR ( 'NONE', #769, 1000.000000000000000 ) ;
#1822 = DIRECTION ( 'NONE',  ( 0.000000000000000000, 1.733406087350420004E-16, -1.000000000000000000 ) ) ;
#1823 = CARTESIAN_POINT ( 'NONE',  ( -11.04900000000000304, 7.048499999999997989, -0.8889999999999986802 ) ) ;
#1824 = FACE_BOUND ( 'NONE', #2482, .T. ) ;
#1825 = VECTOR ( 'NONE', #2679, 1000.000000000000000 ) ;
#1826 = CARTESIAN_POINT ( 'NONE',  ( -11.81100000000000172, 7.048499999999997101, 1.651000000000001355 ) ) ;
#1827 = EDGE_LOOP ( 'NONE', ( #8551, #1617, #7565, #2969 ) ) ;
#1828 = ORIENTED_EDGE ( 'NONE', *, *, #4412, .F. ) ;
#1829 = LINE ( 'NONE', #8234, #5872 ) ;
#1830 = VECTOR ( 'NONE', #1943, 1000.000000000000000 ) ;
#1831 = EDGE_CURVE ( 'NONE', #7270, #90, #2318, .T. ) ;
#1832 = VECTOR ( 'NONE', #9192, 1000.000000000000000 ) ;
#1833 = LINE ( 'NONE', #4734, #3358 ) ;
#1834 = LINE ( 'NONE', #8238, #2692 ) ;
#1835 = ORIENTED_EDGE ( 'NONE', *, *, #308, .T. ) ;
#1836 = VECTOR ( 'NONE', #5833, 1000.000000000000000 ) ;
#1837 = DIRECTION ( 'NONE',  ( 0.000000000000000000, 0.000000000000000000, -1.000000000000000000 ) ) ;
#1838 = ORIENTED_EDGE ( 'NONE', *, *, #4284, .T. ) ;
#1839 = VECTOR ( 'NONE', #2164, 1000.000000000000000 ) ;
#1840 = LINE ( 'NONE', #1887, #6252 ) ;
#1841 = EDGE_CURVE ( 'NONE', #846, #5333, #5175, .T. ) ;
#1842 = EDGE_CURVE ( 'NONE', #6315, #3766, #2233, .T. ) ;
#1843 = DIRECTION ( 'NONE',  ( 1.000000000000000000, 0.000000000000000000, 0.000000000000000000 ) ) ;
#1844 = VERTEX_POINT ( 'NONE', #7264 ) ;
#1845 = CARTESIAN_POINT ( 'NONE',  ( 12.70000000000000284, 7.492999999999999439, -0.4444999999999956763 ) ) ;
#1846 = CIRCLE ( 'NONE', #7079, 0.1269999999999999463 ) ;
#1847 = PLANE ( 'NONE',  #2498 ) ;
#1848 = VERTEX_POINT ( 'NONE', #3730 ) ;
#1849 = VERTEX_POINT ( 'NONE', #3167 ) ;
#1850 = DIRECTION ( 'NONE',  ( -0.7071067811865456854, -0.7071067811865494601, -1.225703198915526333E-16 ) ) ;
#1851 = ORIENTED_EDGE ( 'NONE', *, *, #4574, .T. ) ;
#1852 = AXIS2_PLACEMENT_3D ( 'NONE', #2476, #5339, #6867 ) ;
#1853 = SHAPE_DEFINITION_REPRESENTATION ( #8139, #483 ) ;
#1854 = VERTEX_POINT ( 'NONE', #6831 ) ;
#1855 = CARTESIAN_POINT ( 'NONE',  ( 8.508999999999998565, 6.222999999999998977, -0.8889999999999987912 ) ) ;
#1856 = DIRECTION ( 'NONE',  ( 0.000000000000000000, -1.422837496700138942E-15, 1.000000000000000000 ) ) ;
#1857 = EDGE_CURVE ( 'NONE', #6576, #3555, #6005, .T. ) ;
#1858 = VECTOR ( 'NONE', #4936, 1000.000000000000000 ) ;
#1859 = LINE ( 'NONE', #4115, #2085 ) ;
#1860 = AXIS2_PLACEMENT_3D ( 'NONE', #1898, #4755, #6896 ) ;
#1861 = LINE ( 'NONE', #6908, #3648 ) ;
#1862 = DIRECTION ( 'NONE',  ( -1.000000000000000000, 0.000000000000000000, 0.000000000000000000 ) ) ;
#1863 = EDGE_LOOP ( 'NONE', ( #8240, #2166, #594, #8122 ) ) ;
#1864 = CARTESIAN_POINT ( 'NONE',  ( -7.619999999999998330, 7.492999999999998550, 2.501900000000000901 ) ) ;
#1865 = ORIENTED_EDGE ( 'NONE', *, *, #535, .F. ) ;
#1866 = VERTEX_POINT ( 'NONE', #8286 ) ;
#1867 = VECTOR ( 'NONE', #3297, 1000.000000000000000 ) ;
#1868 = ADVANCED_FACE ( 'NONE', ( #2588 ), #8197, .F. ) ;
#1869 = FACE_OUTER_BOUND ( 'NONE', #4901, .T. ) ;
#1870 = ADVANCED_FACE ( 'NONE', ( #5450 ), #3258, .F. ) ;
#1871 = CARTESIAN_POINT ( 'NONE',  ( 7.620000000000001883, 0.3809999999999992837, 2.501899999999999125 ) ) ;
#1872 = CARTESIAN_POINT ( 'NONE',  ( 12.95400000000000063, 0.3809999999999999498, -2.501900000000000901 ) ) ;
#1873 = ORIENTED_EDGE ( 'NONE', *, *, #8544, .T. ) ;
#1874 = PRODUCT_DEFINITION_SHAPE ( 'NONE', 'NONE',  #9257 ) ;
#1875 = CARTESIAN_POINT ( 'NONE',  ( 0.8889999999999991243, 6.222999999999998977, 0.8890000000000011227 ) ) ;
#1876 = ORIENTED_EDGE ( 'NONE', *, *, #2566, .F. ) ;
#1877 = CARTESIAN_POINT ( 'NONE',  ( -8.509000000000002117, 6.222999999999998977, 1.651000000000001133 ) ) ;
#1878 = DIRECTION ( 'NONE',  ( 0.000000000000000000, -0.7071067811865485719, 0.7071067811865465735 ) ) ;
#1879 = CARTESIAN_POINT ( 'NONE',  ( 8.508999999999998565, 7.048499999999997101, 0.8890000000000012337 ) ) ;
#1880 = LINE ( 'NONE', #6934, #8342 ) ;
#1881 = VECTOR ( 'NONE', #4391, 1000.000000000000000 ) ;
#1882 = DIRECTION ( 'NONE',  ( 0.000000000000000000, 1.000000000000000000, 2.439149994343092652E-16 ) ) ;
#1883 = EDGE_CURVE ( 'NONE', #9234, #5121, #3818, .T. ) ;
#1884 = PLANE ( 'NONE',  #551 ) ;
#1886 = ORIENTED_EDGE ( 'NONE', *, *, #2237, .T. ) ;
#1885 = ORIENTED_EDGE ( 'NONE', *, *, #3773, .F. ) ;
#1887 = CARTESIAN_POINT ( 'NONE',  ( 2.540000000000002256, 0.3809999999999999498, -2.501900000000000901 ) ) ;
#1888 = PLANE ( 'NONE',  #4141 ) ;
#1889 = EDGE_LOOP ( 'NONE', ( #2291, #2895, #262, #229 ) ) ;
#1890 = CARTESIAN_POINT ( 'NONE',  ( 10.16000000000000192, 7.492999999999999439, -2.095500000000001695 ) ) ;
#1891 = FACE_OUTER_BOUND ( 'NONE', #6044, .T. ) ;
#1892 = VERTEX_POINT ( 'NONE', #6106 ) ;
#1893 = EDGE_CURVE ( 'NONE', #7477, #372, #8840, .T. ) ;
#1894 = FACE_OUTER_BOUND ( 'NONE', #4077, .T. ) ;
#1895 = EDGE_CURVE ( 'NONE', #5355, #1377, #235, .T. ) ;
#1896 = VERTEX_POINT ( 'NONE', #8100 ) ;
#1897 = ADVANCED_FACE ( 'NONE', ( #1700 ), #4555, .F. ) ;
#1898 = CARTESIAN_POINT ( 'NONE',  ( 0.8889999999999991243, 7.048499999999997101, 1.651000000000001355 ) ) ;
#1899 = VECTOR ( 'NONE', #1604, 1000.000000000000000 ) ;
#1900 = PRESENTATION_LAYER_ASSIGNMENT (  '', '', ( #4889 ) ) ;
#1901 = LINE ( 'NONE', #525, #4161 ) ;
#1902 = ORIENTED_EDGE ( 'NONE', *, *, #6861, .T. ) ;
#1903 = VERTEX_POINT ( 'NONE', #4599 ) ;
#1904 = VERTEX_POINT ( 'NONE', #8804 ) ;
#1905 = AXIS2_PLACEMENT_3D ( 'NONE', #8406, #4808, #1856 ) ;
#1906 = VECTOR ( 'NONE', #5132, 1000.000000000000000 ) ;
#1907 = CARTESIAN_POINT ( 'NONE',  ( -11.81100000000000172, 6.222999999999998977, -1.650999999999998913 ) ) ;
#1908 = DIRECTION ( 'NONE',  ( 1.000000000000000000, 0.000000000000000000, -0.000000000000000000 ) ) ;
#1909 = DIRECTION ( 'NONE',  ( 0.000000000000000000, 1.733406087350420004E-16, -1.000000000000000000 ) ) ;
#1910 = LINE ( 'NONE', #5422, #7566 ) ;
#1911 = EDGE_LOOP ( 'NONE', ( #6810, #6750, #3012, #4632 ) ) ;
#1912 = VECTOR ( 'NONE', #7127, 1000.000000000000114 ) ;
#1913 = EDGE_CURVE ( 'NONE', #1147, #5281, #990, .T. ) ;
#1914 = ORIENTED_EDGE ( 'NONE', *, *, #6954, .T. ) ;
#1915 = AXIS2_PLACEMENT_3D ( 'NONE', #8745, #1729, #4498 ) ;
#1916 = DIRECTION ( 'NONE',  ( 0.000000000000000000, -1.092515224483717382E-16, 1.000000000000000000 ) ) ;
#1917 = CARTESIAN_POINT ( 'NONE',  ( -2.539999999999998703, 0.8889999999999985691, 1.984781810244993228 ) ) ;
#1918 = ORIENTED_EDGE ( 'NONE', *, *, #2616, .T. ) ;
#1919 = CARTESIAN_POINT ( 'NONE',  ( 2.540000000000000480, 0.3809999999999988396, 2.120899999999999785 ) ) ;
#1920 = CIRCLE ( 'NONE', #2986, 0.1269999999999999463 ) ;
#1921 = CARTESIAN_POINT ( 'NONE',  ( -12.95400000000000063, 0.8889999999999989022, -1.984781810244995004 ) ) ;
#1922 = DIRECTION ( 'NONE',  ( -0.000000000000000000, 1.000000000000000000, 1.733406087350420004E-16 ) ) ;
#1923 = EDGE_CURVE ( 'NONE', #2548, #5452, #4645, .T. ) ;
#1924 = DIRECTION ( 'NONE',  ( 1.000000000000000000, 0.000000000000000000, 0.000000000000000000 ) ) ;
#1925 = ORIENTED_EDGE ( 'NONE', *, *, #7267, .F. ) ;
#1926 = CARTESIAN_POINT ( 'NONE',  ( 6.730999999999997208, 6.222999999999998977, -1.650999999999998913 ) ) ;
#1927 = ORIENTED_EDGE ( 'NONE', *, *, #8977, .F. ) ;
#1928 = VECTOR ( 'NONE', #4015, 1000.000000000000000 ) ;
#1929 = CARTESIAN_POINT ( 'NONE',  ( 12.25550000000000317, 7.492999999999998550, 2.095500000000003915 ) ) ;
#1930 = AXIS2_PLACEMENT_3D ( 'NONE', #5239, #7233, #6579 ) ;
#1931 =( LENGTH_UNIT ( ) NAMED_UNIT ( * ) SI_UNIT ( .MILLI., .METRE. ) );
#1932 = EDGE_CURVE ( 'NONE', #2617, #5749, #2131, .T. ) ;
#1933 = FACE_OUTER_BOUND ( 'NONE', #8877, .T. ) ;
#1934 = CARTESIAN_POINT ( 'NONE',  ( -2.539999999999998703, 0.8889999999999985691, 1.984781810244993228 ) ) ;
#1935 = VECTOR ( 'NONE', #1610, 1000.000000000000000 ) ;
#1936 = FACE_OUTER_BOUND ( 'NONE', #3536, .T. ) ;
#1937 = PLANE ( 'NONE',  #3943 ) ;
#1938 = CARTESIAN_POINT ( 'NONE',  ( -2.539999999999998703, 0.3809999999999999498, -2.501900000000000901 ) ) ;
#1939 = VERTEX_POINT ( 'NONE', #6200 ) ;
#1940 = VECTOR ( 'NONE', #3541, 1000.000000000000000 ) ;
#1941 = CARTESIAN_POINT ( 'NONE',  ( 12.69999999999999929, 0.3809999999999992837, 2.501899999999999125 ) ) ;
#1942 = EDGE_CURVE ( 'NONE', #1171, #164, #9073, .T. ) ;
#1943 = DIRECTION ( 'NONE',  ( 0.000000000000000000, -1.000000000000000000, -2.439149994343092652E-16 ) ) ;
#1944 = ADVANCED_FACE ( 'NONE', ( #4193 ), #6983, .F. ) ;
#1945 = DIRECTION ( 'NONE',  ( 1.000000000000000000, 0.000000000000000000, 0.000000000000000000 ) ) ;
#1946 = ORIENTED_EDGE ( 'NONE', *, *, #3276, .T. ) ;
#1947 = CARTESIAN_POINT ( 'NONE',  ( -3.683000000000003826, 6.794499999999999318, -1.396999999999998243 ) ) ;
#1948 = PLANE ( 'NONE',  #5288 ) ;
#1949 = EDGE_LOOP ( 'NONE', ( #4003, #170, #1914, #2602 ) ) ;
#1950 = DIRECTION ( 'NONE',  ( 1.000000000000000000, 0.000000000000000000, 0.000000000000000000 ) ) ;
#1951 = ORIENTED_EDGE ( 'NONE', *, *, #8343, .F. ) ;
#1952 = VERTEX_POINT ( 'NONE', #9215 ) ;
#1953 = DIRECTION ( 'NONE',  ( 1.000000000000000000, 0.000000000000000000, -0.000000000000000000 ) ) ;
#1954 = DIRECTION ( 'NONE',  ( 0.5773502691896273964, 0.5773502691896237327, -0.5773502691896261751 ) ) ;
#1955 = VECTOR ( 'NONE', #8752, 1000.000000000000000 ) ;
#1956 = CARTESIAN_POINT ( 'NONE',  ( -10.15999999999999837, 0.3809999999999992837, 2.501899999999999125 ) ) ;
#1957 = CARTESIAN_POINT ( 'NONE',  ( 12.70000000000000284, 0.8889999999999989022, -1.984781810244995004 ) ) ;
#1958 = VERTEX_POINT ( 'NONE', #2694 ) ;
#1959 = DIRECTION ( 'NONE',  ( 0.5773502691896273964, 0.5773502691896237327, -0.5773502691896261751 ) ) ;
#1960 = ORIENTED_EDGE ( 'NONE', *, *, #4443, .T. ) ;
#1961 = LINE ( 'NONE', #1022, #1336 ) ;
#1962 = CARTESIAN_POINT ( 'NONE',  ( 5.080000000000000959, 7.492999999999998550, 2.501900000000000901 ) ) ;
#1963 = ORIENTED_EDGE ( 'NONE', *, *, #1841, .F. ) ;
#1964 = ADVANCED_FACE ( 'NONE', ( #5593 ), #4142, .F. ) ;
#1965 = EDGE_CURVE ( 'NONE', #280, #5671, #3544, .T. ) ;
#1966 = CARTESIAN_POINT ( 'NONE',  ( 15.24000000000000021, 6.222999999999998977, -2.201425730935033664E-16 ) ) ;
#1967 = DIRECTION ( 'NONE',  ( 0.000000000000000000, -1.138269997360111548E-15, -1.000000000000000000 ) ) ;
#1968 = DIRECTION ( 'NONE',  ( 0.000000000000000000, -1.733406087350420004E-16, 1.000000000000000000 ) ) ;
#1969 = FACE_BOUND ( 'NONE', #4119, .T. ) ;
#1970 = CARTESIAN_POINT ( 'NONE',  ( -10.15999999999999837, 0.3809999999999988396, 2.120899999999999785 ) ) ;
#1971 = ORIENTED_EDGE ( 'NONE', *, *, #5610, .T. ) ;
#1972 = DIRECTION ( 'NONE',  ( -0.000000000000000000, 0.000000000000000000, 1.000000000000000000 ) ) ;
#1973 = ORIENTED_EDGE ( 'NONE', *, *, #6664, .F. ) ;
#1974 = VECTOR ( 'NONE', #44, 1000.000000000000000 ) ;
#1975 = LINE ( 'NONE', #2538, #2730 ) ;
#1976 = MANIFOLD_SOLID_BREP ( 'Mirror1', #5268 ) ;
#1977 = EDGE_CURVE ( 'NONE', #7608, #9240, #6241, .T. ) ;
#1978 = PLANE ( 'NONE',  #6129 ) ;
#1979 = PLANE ( 'NONE',  #5917 ) ;
#1980 = PLANE ( 'NONE',  #4325 ) ;
#1981 = ORIENTED_EDGE ( 'NONE', *, *, #5063, .F. ) ;
#1982 = DIRECTION ( 'NONE',  ( 0.000000000000000000, 1.733406087350420004E-16, -1.000000000000000000 ) ) ;
#1984 = ORIENTED_EDGE ( 'NONE', *, *, #3998, .T. ) ;
#1983 = ORIENTED_EDGE ( 'NONE', *, *, #1692, .F. ) ;
#1985 = AXIS2_PLACEMENT_3D ( 'NONE', #3808, #5254, #5388 ) ;
#1986 = PLANE ( 'NONE',  #5329 ) ;
#1987 = FACE_BOUND ( 'NONE', #6351, .T. ) ;
#1988 = ADVANCED_FACE ( 'NONE', ( #7735 ), #1937, .F. ) ;
#1989 = FACE_OUTER_BOUND ( 'NONE', #6869, .T. ) ;
#1990 = EDGE_CURVE ( 'NONE', #1511, #4615, #7786, .T. ) ;
#1991 = CARTESIAN_POINT ( 'NONE',  ( -11.04900000000000304, 7.048499999999997101, 1.651000000000001355 ) ) ;
#1992 = AXIS2_PLACEMENT_3D ( 'NONE', #3034, #3910, #110 ) ;
#1993 = EDGE_CURVE ( 'NONE', #5512, #1137, #4890, .T. ) ;
#1994 = MANIFOLD_SOLID_BREP ( 'LPattern1[8]', #3634 ) ;
#1995 = ADVANCED_FACE ( 'NONE', ( #794 ), #2244, .F. ) ;
#1996 = ORIENTED_EDGE ( 'NONE', *, *, #3863, .F. ) ;
#1997 = SURFACE_STYLE_USAGE ( .BOTH. , #2704 ) ;
#1998 = VECTOR ( 'NONE', #4116, 1000.000000000000000 ) ;
#1999 = CARTESIAN_POINT ( 'NONE',  ( -7.619999999999998330, 0.3809999999999999498, -2.501900000000000901 ) ) ;
#2000 = EDGE_LOOP ( 'NONE', ( #4568, #6841, #1566, #3886 ) ) ;
#2001 = LINE ( 'NONE', #7645, #7693 ) ;
#2002 = ORIENTED_EDGE ( 'NONE', *, *, #5933, .T. ) ;
#2003 = VECTOR ( 'NONE', #759, 1000.000000000000000 ) ;
#2004 = CARTESIAN_POINT ( 'NONE',  ( 6.730999999999997208, 7.048499999999997101, 1.651000000000001355 ) ) ;
#2005 = VERTEX_POINT ( 'NONE', #707 ) ;
#2006 = VECTOR ( 'NONE', #7332, 1000.000000000000114 ) ;
#2007 = CARTESIAN_POINT ( 'NONE',  ( -6.731000000000001648, 6.222999999999998977, 0.8890000000000011227 ) ) ;
#2008 = PLANE ( 'NONE',  #6986 ) ;
#2009 = CARTESIAN_POINT ( 'NONE',  ( -5.079999999999998295, 0.3809999999999993947, -2.120900000000001562 ) ) ;
#2010 = EDGE_LOOP ( 'NONE', ( #3918, #4759, #2565, #5390 ) ) ;
#2011 = VECTOR ( 'NONE', #4981, 1000.000000000000000 ) ;
#2012 = PLANE ( 'NONE',  #7662 ) ;
#2013 = DIRECTION ( 'NONE',  ( 0.000000000000000000, 0.9659258262890699775, 0.2588190451025143002 ) ) ;
#2014 = ORIENTED_EDGE ( 'NONE', *, *, #2795, .T. ) ;
#2015 = EDGE_CURVE ( 'NONE', #2234, #5921, #7074, .T. ) ;
#2016 = ORIENTED_EDGE ( 'NONE', *, *, #8184, .T. ) ;
#2017 = FACE_OUTER_BOUND ( 'NONE', #4211, .T. ) ;
#2018 = ORIENTED_EDGE ( 'NONE', *, *, #3518, .T. ) ;
#2019 = VECTOR ( 'NONE', #7831, 1000.000000000000000 ) ;
#2020 = AXIS2_PLACEMENT_3D ( 'NONE', #7954, #4406, #5871 ) ;
#2021 = LINE ( 'NONE', #6229, #3105 ) ;
#2022 = PLANE ( 'NONE',  #716 ) ;
#2023 = LINE ( 'NONE', #602, #7684 ) ;
#2024 = DIRECTION ( 'NONE',  ( 0.000000000000000000, 0.000000000000000000, -1.000000000000000000 ) ) ;
#2025 = VERTEX_POINT ( 'NONE', #2084 ) ;
#2026 = VECTOR ( 'NONE', #1822, 1000.000000000000000 ) ;
#2027 = ORIENTED_EDGE ( 'NONE', *, *, #1752, .T. ) ;
#2028 = CARTESIAN_POINT ( 'NONE',  ( 12.70000000000000284, 0.8889999999999985691, 1.984781810244993228 ) ) ;
#2029 = DIRECTION ( 'NONE',  ( 0.000000000000000000, 1.000000000000000000, 0.000000000000000000 ) ) ;
#2030 = DIRECTION ( 'NONE',  ( -1.000000000000000000, -0.000000000000000000, -0.000000000000000000 ) ) ;
#2031 = VECTOR ( 'NONE', #6293, 1000.000000000000000 ) ;
#2032 = DIRECTION ( 'NONE',  ( 0.000000000000000000, 0.000000000000000000, -1.000000000000000000 ) ) ;
#2033 = DIRECTION ( 'NONE',  ( -0.000000000000000000, 1.000000000000000000, 1.733406087350420004E-16 ) ) ;
#2034 =( NAMED_UNIT ( * ) PLANE_ANGLE_UNIT ( ) SI_UNIT ( $, .RADIAN. ) );
#2035 = CARTESIAN_POINT ( 'NONE',  ( -0.3047999999999999599, 1.555301434917136362E-17, 3.302000000000000046 ) ) ;
#2036 = ORIENTED_EDGE ( 'NONE', *, *, #6582, .F. ) ;
#2037 = DIRECTION ( 'NONE',  ( 0.000000000000000000, 1.000000000000000000, 0.000000000000000000 ) ) ;
#2038 = VECTOR ( 'NONE', #3381, 1000.000000000000000 ) ;
#2039 = EDGE_CURVE ( 'NONE', #6670, #4691, #4323, .T. ) ;
#2040 = CARTESIAN_POINT ( 'NONE',  ( -5.969000000000002970, 7.048499999999997989, -1.650999999999998691 ) ) ;
#2041 = LINE ( 'NONE', #5645, #5553 ) ;
#2042 = CARTESIAN_POINT ( 'NONE',  ( 7.620000000000001883, 0.3809999999999992837, 2.501899999999999125 ) ) ;
#2043 = VECTOR ( 'NONE', #5614, 1000.000000000000000 ) ;
#2044 = CARTESIAN_POINT ( 'NONE',  ( 3.428999999999998050, 6.222999999999998977, -0.8889999999999987912 ) ) ;
#2045 = ORIENTED_EDGE ( 'NONE', *, *, #766, .F. ) ;
#2046 = FILL_AREA_STYLE ('',( #1146 ) ) ;
#2047 = FACE_OUTER_BOUND ( 'NONE', #1795, .T. ) ;
#2048 = ORIENTED_EDGE ( 'NONE', *, *, #2108, .F. ) ;
#2049 = FACE_OUTER_BOUND ( 'NONE', #2794, .T. ) ;
#2050 = EDGE_LOOP ( 'NONE', ( #7025, #9193, #7129, #6084 ) ) ;
#2051 = ADVANCED_FACE ( 'NONE', ( #7917 ), #8574, .F. ) ;
#2052 = EDGE_LOOP ( 'NONE', ( #2364, #8208, #3199, #1655 ) ) ;
#2053 = CARTESIAN_POINT ( 'NONE',  ( -1.651000000000001355, 6.222999999999998977, -0.8889999999999987912 ) ) ;
#2054 = VECTOR ( 'NONE', #5014, 1000.000000000000000 ) ;
#2055 = CARTESIAN_POINT ( 'NONE',  ( 4.635500000000000398, 7.492999999999998550, 0.4444999999999979523 ) ) ;
#2056 = ORIENTED_EDGE ( 'NONE', *, *, #3919, .T. ) ;
#2057 = CARTESIAN_POINT ( 'NONE',  ( -1.651000000000001355, 7.048499999999997989, -1.650999999999998691 ) ) ;
#2058 = LINE ( 'NONE', #9050, #1317 ) ;
#2059 = ORIENTED_EDGE ( 'NONE', *, *, #5032, .T. ) ;
#2060 = ORIENTED_EDGE ( 'NONE', *, *, #6574, .F. ) ;
#2061 = FACE_OUTER_BOUND ( 'NONE', #4857, .T. ) ;
#2062 = AXIS2_PLACEMENT_3D ( 'NONE', #7419, #6175, #5519 ) ;
#2063 = CARTESIAN_POINT ( 'NONE',  ( -12.69999999999999929, 0.8889999999999985691, 1.984781810244993228 ) ) ;
#2064 = ORIENTED_EDGE ( 'NONE', *, *, #5283, .T. ) ;
#2065 = VECTOR ( 'NONE', #6152, 1000.000000000000000 ) ;
#2066 = CARTESIAN_POINT ( 'NONE',  ( -5.079999999999999183, 7.492999999999999439, -2.501900000000000901 ) ) ;
#2067 = ADVANCED_FACE ( 'NONE', ( #7734 ), #3543, .F. ) ;
#2068 = EDGE_CURVE ( 'NONE', #9232, #5521, #6340, .T. ) ;
#2069 = PLANE ( 'NONE',  #5019 ) ;
#2070 = EDGE_CURVE ( 'NONE', #488, #1291, #9165, .T. ) ;
#2071 = CARTESIAN_POINT ( 'NONE',  ( 0.8889999999999991243, 6.222999999999998977, 1.651000000000001133 ) ) ;
#2072 = VECTOR ( 'NONE', #2861, 1000.000000000000000 ) ;
#2073 = CARTESIAN_POINT ( 'NONE',  ( -11.30300000000000438, 6.794499999999999318, -1.142999999999999572 ) ) ;
#2074 = DIRECTION ( 'NONE',  ( -0.000000000000000000, 1.000000000000000000, 1.733406087350420004E-16 ) ) ;
#2075 = ORIENTED_EDGE ( 'NONE', *, *, #8575, .T. ) ;
#2076 = ORIENTED_EDGE ( 'NONE', *, *, #1047, .F. ) ;
#2077 = EDGE_CURVE ( 'NONE', #6426, #4350, #2932, .T. ) ;
#2078 = DIRECTION ( 'NONE',  ( 0.000000000000000000, -0.9659258262890700886, 0.2588190451025143002 ) ) ;
#2079 = CARTESIAN_POINT ( 'NONE',  ( 5.080000000000000959, 0.3809999999999993947, -2.120900000000001562 ) ) ;
#2080 = VERTEX_POINT ( 'NONE', #5689 ) ;
#2081 = AXIS2_PLACEMENT_3D ( 'NONE', #7155, #2256, #7239 ) ;
#2082 = DIRECTION ( 'NONE',  ( -1.000000000000000000, -0.000000000000000000, -0.000000000000000000 ) ) ;
#2083 = CARTESIAN_POINT ( 'NONE',  ( -0.3047999999999999599, 0.8890000000000000124, 1.714499999999999913 ) ) ;
#2084 = CARTESIAN_POINT ( 'NONE',  ( -10.60449999999999982, 7.492999999999999439, -0.4444999999999955653 ) ) ;
#2085 = VECTOR ( 'NONE', #6265, 1000.000000000000000 ) ;
#2086 = PLANE ( 'NONE',  #2780 ) ;
#2087 = ORIENTED_EDGE ( 'NONE', *, *, #4803, .T. ) ;
#2088 = EDGE_LOOP ( 'NONE', ( #8232, #7925, #817, #3170 ) ) ;
#2089 = SURFACE_STYLE_USAGE ( .BOTH. , #4414 ) ;
#2090 = LINE ( 'NONE', #1467, #5106 ) ;
#2091 = ADVANCED_FACE ( 'NONE', ( #7785 ), #4235, .F. ) ;
#2092 = DIRECTION ( 'NONE',  ( 0.000000000000000000, 0.9659258262890699775, 0.2588190451025143002 ) ) ;
#2093 = VECTOR ( 'NONE', #187, 1000.000000000000114 ) ;
#2094 = AXIS2_PLACEMENT_3D ( 'NONE', #1532, #3006, #7902 ) ;
#2095 = LINE ( 'NONE', #53, #9068 ) ;
#2096 = MANIFOLD_SOLID_BREP ( 'LPattern1[2]', #4974 ) ;
#2097 = ORIENTED_EDGE ( 'NONE', *, *, #1493, .F. ) ;
#2098 = SURFACE_SIDE_STYLE ('',( #9179 ) ) ;
#2099 = PLANE ( 'NONE',  #9000 ) ;
#2100 = EDGE_LOOP ( 'NONE', ( #3392, #898, #3168, #1350 ) ) ;
#2101 = CARTESIAN_POINT ( 'NONE',  ( 0.3047999999999999599, -3.611118645726067224E-32, 3.429000000000000270 ) ) ;
#2102 = VECTOR ( 'NONE', #3516, 1000.000000000000000 ) ;
#2103 = ORIENTED_EDGE ( 'NONE', *, *, #1103, .F. ) ;
#2104 = ORIENTED_EDGE ( 'NONE', *, *, #867, .F. ) ;
#2105 = EDGE_CURVE ( 'NONE', #7858, #109, #4888, .T. ) ;
#2106 = DIRECTION ( 'NONE',  ( 0.7071067811865456854, -0.7071067811865494601, -1.225703198915526333E-16 ) ) ;
#2107 = CARTESIAN_POINT ( 'NONE',  ( 1.734723475976807094E-15, 0.3809999999999993947, -2.120900000000001562 ) ) ;
#2108 = EDGE_CURVE ( 'NONE', #7715, #1511, #4587, .T. ) ;
#2109 = ORIENTED_EDGE ( 'NONE', *, *, #5305, .T. ) ;
#2110 = CARTESIAN_POINT ( 'NONE',  ( 0.3047999999999999599, 0.8890000000000000124, 1.968499999999999694 ) ) ;
#2111 = EDGE_LOOP ( 'NONE', ( #3275, #5480, #7228, #923 ) ) ;
#2112 = EDGE_CURVE ( 'NONE', #264, #1051, #1846, .T. ) ;
#2113 = ORIENTED_EDGE ( 'NONE', *, *, #1726, .F. ) ;
#2114 =( REPRESENTATION_RELATIONSHIP ('NONE','NONE', #243, #483 ) REPRESENTATION_RELATIONSHIP_WITH_TRANSFORMATION ( #1715 )SHAPE_REPRESENTATION_RELATIONSHIP( ) );
#2115 =( NAMED_UNIT ( * ) PLANE_ANGLE_UNIT ( ) SI_UNIT ( $, .RADIAN. ) );
#2116 = CARTESIAN_POINT ( 'NONE',  ( 12.69999999999999929, 7.492999999999998550, 2.501900000000000901 ) ) ;
#2117 = ORIENTED_EDGE ( 'NONE', *, *, #8523, .T. ) ;
#2118 = CARTESIAN_POINT ( 'NONE',  ( 2.095500000000001695, 7.492999999999999439, -2.501900000000000901 ) ) ;
#2119 = CARTESIAN_POINT ( 'NONE',  ( -1.651000000000001355, 6.222999999999998977, -0.8889999999999987912 ) ) ;
#2120 = CARTESIAN_POINT ( 'NONE',  ( 1.734723475976807094E-15, 0.3809999999999988396, 2.120899999999999785 ) ) ;
#2121 = EDGE_CURVE ( 'NONE', #6852, #7458, #226, .T. ) ;
#2122 = EDGE_CURVE ( 'NONE', #9144, #4849, #3113, .T. ) ;
#2123 = LINE ( 'NONE', #1408, #4523 ) ;
#2124 = ORIENTED_EDGE ( 'NONE', *, *, #2826, .F. ) ;
#2125 = ORIENTED_EDGE ( 'NONE', *, *, #5375, .F. ) ;
#2126 = DIRECTION ( 'NONE',  ( 0.000000000000000000, -1.092515224483717382E-16, 1.000000000000000000 ) ) ;
#2127 = VERTEX_POINT ( 'NONE', #4501 ) ;
#2128 = DIRECTION ( 'NONE',  ( -0.000000000000000000, 0.2588190451025143002, 0.9659258262890700886 ) ) ;
#2129 = DIRECTION ( 'NONE',  ( 0.000000000000000000, 0.000000000000000000, 1.000000000000000000 ) ) ;
#2130 = VECTOR ( 'NONE', #383, 1000.000000000000000 ) ;
#2131 = LINE ( 'NONE', #4837, #2011 ) ;
#2132 = DIRECTION ( 'NONE',  ( 0.000000000000000000, -0.000000000000000000, -1.000000000000000000 ) ) ;
#2133 = ORIENTED_EDGE ( 'NONE', *, *, #730, .T. ) ;
#2134 =( NAMED_UNIT ( * ) PLANE_ANGLE_UNIT ( ) SI_UNIT ( $, .RADIAN. ) );
#2135 = DIRECTION ( 'NONE',  ( 1.000000000000000000, -0.000000000000000000, -0.000000000000000000 ) ) ;
#2136 = CARTESIAN_POINT ( 'NONE',  ( 12.95400000000000063, 0.3809999999999993947, -2.120900000000001562 ) ) ;
#2137 = ORIENTED_EDGE ( 'NONE', *, *, #2077, .T. ) ;
#2138 = LINE ( 'NONE', #5647, #3875 ) ;
#2139 = VERTEX_POINT ( 'NONE', #4546 ) ;
#2140 = DIRECTION ( 'NONE',  ( 0.000000000000000000, -1.000000000000000000, -1.733406087350420004E-16 ) ) ;
#2141 = EDGE_CURVE ( 'NONE', #7289, #3698, #2345, .T. ) ;
#2142 = VECTOR ( 'NONE', #7990, 1000.000000000000114 ) ;
#2143 = CARTESIAN_POINT ( 'NONE',  ( -9.271000000000000796, 7.048499999999997101, 1.651000000000001355 ) ) ;
#2144 = LINE ( 'NONE', #8592, #5167 ) ;
#2145 = VERTEX_POINT ( 'NONE', #7297 ) ;
#2146 = ORIENTED_EDGE ( 'NONE', *, *, #1772, .T. ) ;
#2147 = VECTOR ( 'NONE', #9035, 1000.000000000000000 ) ;
#2148 = AXIS2_PLACEMENT_3D ( 'NONE', #4388, #7855, #8548 ) ;
#2149 = CARTESIAN_POINT ( 'NONE',  ( -12.69999999999999929, 7.492999999999999439, -2.501900000000000901 ) ) ;
#2150 = DIRECTION ( 'NONE',  ( 0.000000000000000000, 1.733406087350420004E-16, -1.000000000000000000 ) ) ;
#2151 = ORIENTED_EDGE ( 'NONE', *, *, #322, .F. ) ;
#2152 = CARTESIAN_POINT ( 'NONE',  ( -2.539999999999998703, 0.3809999999999988396, 2.120899999999999785 ) ) ;
#2153 = ORIENTED_EDGE ( 'NONE', *, *, #381, .T. ) ;
#2154 = ORIENTED_EDGE ( 'NONE', *, *, #1386, .F. ) ;
#2155 = AXIS2_PLACEMENT_3D ( 'NONE', #2967, #699, #6423 ) ;
#2156 = DIRECTION ( 'NONE',  ( 0.5773502691896272854, -0.5773502691896241767, -0.5773502691896257311 ) ) ;
#2157 = EDGE_LOOP ( 'NONE', ( #9111, #4769, #1464, #5988 ) ) ;
#2158 = DIRECTION ( 'NONE',  ( 0.000000000000000000, -0.000000000000000000, -1.000000000000000000 ) ) ;
#2159 = CARTESIAN_POINT ( 'NONE',  ( 0.8889999999999991243, 6.222999999999998977, 0.8890000000000011227 ) ) ;
#2160 = LINE ( 'NONE', #826, #5663 ) ;
#2161 = MECHANICAL_DESIGN_GEOMETRIC_PRESENTATION_REPRESENTATION (  '', ( #940 ), #2439 ) ;
#2162 = DIRECTION ( 'NONE',  ( 0.000000000000000000, 1.092515224483717628E-16, -1.000000000000000000 ) ) ;
#2163 = EDGE_LOOP ( 'NONE', ( #5557, #5008, #430, #8079 ) ) ;
#2164 = DIRECTION ( 'NONE',  ( -1.000000000000000000, -0.000000000000000000, -0.000000000000000000 ) ) ;
#2165 = EDGE_CURVE ( 'NONE', #2987, #971, #6556, .T. ) ;
#2166 = ORIENTED_EDGE ( 'NONE', *, *, #4832, .F. ) ;
#2167 = VERTEX_POINT ( 'NONE', #87 ) ;
#2168 = EDGE_CURVE ( 'NONE', #503, #1854, #932, .T. ) ;
#2169 = AXIS2_PLACEMENT_3D ( 'NONE', #2292, #3040, #4877 ) ;
#2170 = EDGE_CURVE ( 'NONE', #3976, #433, #7254, .T. ) ;
#2171 = MANIFOLD_SOLID_BREP ( 'LPattern1[7]', #7646 ) ;
#2172 = DIRECTION ( 'NONE',  ( 0.000000000000000000, 0.000000000000000000, -1.000000000000000000 ) ) ;
#2173 = FACE_OUTER_BOUND ( 'NONE', #6462, .T. ) ;
#2174 = AXIS2_PLACEMENT_3D ( 'NONE', #5117, #7952, #7252 ) ;
#2175 = CARTESIAN_POINT ( 'NONE',  ( 12.95400000000000063, 0.3809999999999992837, 2.501899999999999125 ) ) ;
#2176 = VECTOR ( 'NONE', #2409, 1000.000000000000000 ) ;
#2177 = DIRECTION ( 'NONE',  ( 0.000000000000000000, -1.000000000000000000, -1.733406087350420004E-16 ) ) ;
#2178 = ORIENTED_EDGE ( 'NONE', *, *, #1092, .F. ) ;
#2179 = ORIENTED_EDGE ( 'NONE', *, *, #4340, .F. ) ;
#2180 = FACE_OUTER_BOUND ( 'NONE', #6832, .T. ) ;
#2181 = LINE ( 'NONE', #5551, #6873 ) ;
#2182 = VECTOR ( 'NONE', #2386, 1000.000000000000000 ) ;
#2183 = CARTESIAN_POINT ( 'NONE',  ( -5.079999999999998295, 0.3809999999999988396, 2.120899999999999785 ) ) ;
#2184 = DIRECTION ( 'NONE',  ( -1.000000000000000000, 0.000000000000000000, -0.000000000000000000 ) ) ;
#2185 = VERTEX_POINT ( 'NONE', #3762 ) ;
#2186 = ADVANCED_FACE ( 'NONE', ( #5825 ), #3019, .F. ) ;
#2187 = DIRECTION ( 'NONE',  ( 0.000000000000000000, 1.733406087350420004E-16, -1.000000000000000000 ) ) ;
#2188 = AXIS2_PLACEMENT_3D ( 'NONE', #1263, #9148, #5572 ) ;
#2189 = CARTESIAN_POINT ( 'NONE',  ( 12.95400000000000063, 0.3809999999999993947, -2.120900000000001562 ) ) ;
#2190 = VERTEX_POINT ( 'NONE', #8748 ) ;
#2191 = DIRECTION ( 'NONE',  ( 1.000000000000000000, 0.000000000000000000, 0.000000000000000000 ) ) ;
#2192 = LINE ( 'NONE', #5042, #3283 ) ;
#2193 = CARTESIAN_POINT ( 'NONE',  ( -10.15999999999999837, 7.492999999999998550, 0.4444999999999978413 ) ) ;
#2194 = EDGE_LOOP ( 'NONE', ( #8087, #3230, #2911, #7867 ) ) ;
#2195 = CARTESIAN_POINT ( 'NONE',  ( -2.539999999999998703, 0.3809999999999999498, -2.501900000000000901 ) ) ;
#2196 = VECTOR ( 'NONE', #632, 1000.000000000000000 ) ;
#2197 = LINE ( 'NONE', #4342, #8829 ) ;
#2198 = ADVANCED_FACE ( 'NONE', ( #2266 ), #5118, .F. ) ;
#2199 = LINE ( 'NONE', #66, #3267 ) ;
#2200 = FACE_OUTER_BOUND ( 'NONE', #5863, .T. ) ;
#2201 = ORIENTED_EDGE ( 'NONE', *, *, #3051, .T. ) ;
#2202 = DIRECTION ( 'NONE',  ( -0.000000000000000000, 1.000000000000000000, 1.092515224483717382E-16 ) ) ;
#2203 = ORIENTED_EDGE ( 'NONE', *, *, #237, .F. ) ;
#2204 = VECTOR ( 'NONE', #6696, 1000.000000000000114 ) ;
#2205 = CARTESIAN_POINT ( 'NONE',  ( -7.619999999999999218, 7.492999999999999439, -2.501900000000000901 ) ) ;
#2206 = DIRECTION ( 'NONE',  ( 0.000000000000000000, 0.9659258262890700886, -0.2588190451025143002 ) ) ;
#2207 = ORIENTED_EDGE ( 'NONE', *, *, #4246, .T. ) ;
#2208 = AXIS2_PLACEMENT_3D ( 'NONE', #3812, #4507, #3944 ) ;
#2209 = LINE ( 'NONE', #2159, #2054 ) ;
#2210 = FACE_OUTER_BOUND ( 'NONE', #3719, .T. ) ;
#2211 = EDGE_CURVE ( 'NONE', #6424, #526, #5163, .T. ) ;
#2212 = DIRECTION ( 'NONE',  ( 1.000000000000000000, 0.000000000000000000, -0.000000000000000000 ) ) ;
#2213 = ORIENTED_EDGE ( 'NONE', *, *, #1559, .T. ) ;
#2214 = VECTOR ( 'NONE', #5284, 1000.000000000000000 ) ;
#2215 = DIRECTION ( 'NONE',  ( 1.000000000000000000, -0.000000000000000000, -0.000000000000000000 ) ) ;
#2216 = VERTEX_POINT ( 'NONE', #1122 ) ;
#2217 = ORIENTED_EDGE ( 'NONE', *, *, #1360, .T. ) ;
#2218 = FACE_OUTER_BOUND ( 'NONE', #3906, .T. ) ;
#2219 = CARTESIAN_POINT ( 'NONE',  ( -7.619999999999999218, 0.3809999999999993947, -2.120900000000001562 ) ) ;
#2220 = ADVANCED_FACE ( 'NONE', ( #1269 ), #1783, .F. ) ;
#2221 = CARTESIAN_POINT ( 'NONE',  ( -2.095500000000005247, 7.492999999999999439, -2.095500000000001695 ) ) ;
#2222 = ADVANCED_FACE ( 'NONE', ( #8185 ), #5535, .F. ) ;
#2223 = ORIENTED_EDGE ( 'NONE', *, *, #4411, .T. ) ;
#2224 = AXIS2_PLACEMENT_3D ( 'NONE', #3190, #4576, #342 ) ;
#2225 = VECTOR ( 'NONE', #7949, 1000.000000000000000 ) ;
#2226 = EDGE_CURVE ( 'NONE', #642, #3909, #4637, .T. ) ;
#2227 = CARTESIAN_POINT ( 'NONE',  ( -2.539999999999998703, 0.3809999999999988396, 2.120899999999999785 ) ) ;
#2228 = LINE ( 'NONE', #572, #182 ) ;
#2229 = VECTOR ( 'NONE', #6942, 1000.000000000000114 ) ;
#2230 = ORIENTED_EDGE ( 'NONE', *, *, #6582, .T. ) ;
#2231 = AXIS2_PLACEMENT_3D ( 'NONE', #5711, #7013, #8607 ) ;
#2232 = LINE ( 'NONE', #8495, #410 ) ;
#2233 = LINE ( 'NONE', #7219, #4993 ) ;
#2234 = VERTEX_POINT ( 'NONE', #1169 ) ;
#2235 = CARTESIAN_POINT ( 'NONE',  ( 1.734723475976807094E-15, 0.8889999999999989022, -1.984781810244995004 ) ) ;
#2236 = DIRECTION ( 'NONE',  ( 0.000000000000000000, -1.422837496700139336E-15, 1.000000000000000000 ) ) ;
#2237 = EDGE_CURVE ( 'NONE', #1602, #5808, #3936, .T. ) ;
#2238 = DIRECTION ( 'NONE',  ( -1.000000000000000000, 0.000000000000000000, 0.000000000000000000 ) ) ;
#2239 = ORIENTED_EDGE ( 'NONE', *, *, #7600, .F. ) ;
#2240 = VECTOR ( 'NONE', #3311, 1000.000000000000000 ) ;
#2241 = DIRECTION ( 'NONE',  ( 0.000000000000000000, -1.000000000000000000, -1.733406087350420004E-16 ) ) ;
#2242 = ORIENTED_EDGE ( 'NONE', *, *, #346, .F. ) ;
#2243 = CARTESIAN_POINT ( 'NONE',  ( -7.619999999999998330, 7.492999999999998550, 2.501900000000000901 ) ) ;
#2244 = PLANE ( 'NONE',  #336 ) ;
#2245 = DIRECTION ( 'NONE',  ( 0.000000000000000000, -1.733406087350420251E-16, 1.000000000000000000 ) ) ;
#2246 = DIRECTION ( 'NONE',  ( 1.000000000000000000, 0.000000000000000000, 0.000000000000000000 ) ) ;
#2247 = VERTEX_POINT ( 'NONE', #3979 ) ;
#2248 = VECTOR ( 'NONE', #1318, 1000.000000000000000 ) ;
#2249 = DIRECTION ( 'NONE',  ( 0.000000000000000000, 0.000000000000000000, -1.000000000000000000 ) ) ;
#2250 = LINE ( 'NONE', #4958, #4239 ) ;
#2251 = CARTESIAN_POINT ( 'NONE',  ( 8.889999999999998792, 0.000000000000000000, 0.000000000000000000 ) ) ;
#2252 = FACE_OUTER_BOUND ( 'NONE', #4218, .T. ) ;
#2253 = ORIENTED_EDGE ( 'NONE', *, *, #32, .F. ) ;
#2254 = LINE ( 'NONE', #1720, #4066 ) ;
#2255 = DIRECTION ( 'NONE',  ( -1.000000000000000000, 0.000000000000000000, -0.000000000000000000 ) ) ;
#2256 = DIRECTION ( 'NONE',  ( 0.000000000000000000, 0.2588190451025143002, -0.9659258262890699775 ) ) ;
#2257 = CARTESIAN_POINT ( 'NONE',  ( 8.064499999999995339, 7.492999999999998550, 0.4444999999999979523 ) ) ;
#2258 = ORIENTED_EDGE ( 'NONE', *, *, #8558, .T. ) ;
#2259 = EDGE_CURVE ( 'NONE', #7001, #8385, #7478, .T. ) ;
#2261 = ORIENTED_EDGE ( 'NONE', *, *, #6402, .F. ) ;
#2260 = EDGE_LOOP ( 'NONE', ( #749, #7056, #7247, #8919 ) ) ;
#2262 = ADVANCED_FACE ( 'NONE', ( #5489 ), #8924, .F. ) ;
#2263 = CARTESIAN_POINT ( 'NONE',  ( 0.1777999999999999858, -3.611118645726065035E-32, -3.429000000000000270 ) ) ;
#2264 = EDGE_LOOP ( 'NONE', ( #7811, #2431, #1517, #6886 ) ) ;
#2265 = DIRECTION ( 'NONE',  ( 1.000000000000000000, 0.000000000000000000, 0.000000000000000000 ) ) ;
#2266 = FACE_OUTER_BOUND ( 'NONE', #8054, .T. ) ;
#2267 = CARTESIAN_POINT ( 'NONE',  ( 11.81099999999999817, 7.048499999999997101, 1.651000000000001355 ) ) ;
#2268 = ORIENTED_EDGE ( 'NONE', *, *, #7970, .F. ) ;
#2269 = ORIENTED_EDGE ( 'NONE', *, *, #8267, .T. ) ;
#2270 = VECTOR ( 'NONE', #8387, 1000.000000000000000 ) ;
#2271 = DIRECTION ( 'NONE',  ( 1.000000000000000000, 0.000000000000000000, -0.000000000000000000 ) ) ;
#2272 = CARTESIAN_POINT ( 'NONE',  ( -12.69999999999999929, 7.492999999999998550, 2.501900000000000901 ) ) ;
#2273 = CARTESIAN_POINT ( 'NONE',  ( -10.15999999999999837, 0.8889999999999985691, 1.984781810244993228 ) ) ;
#2274 = DIRECTION ( 'NONE',  ( 0.000000000000000000, 1.000000000000000000, 2.439149994343092652E-16 ) ) ;
#2275 = ORIENTED_EDGE ( 'NONE', *, *, #409, .F. ) ;
#2276 = PLANE ( 'NONE',  #1482 ) ;
#2277 = DIRECTION ( 'NONE',  ( -0.000000000000000000, -0.7071067811865491270, -0.7071067811865460184 ) ) ;
#2278 = ORIENTED_EDGE ( 'NONE', *, *, #3724, .F. ) ;
#2279 = CARTESIAN_POINT ( 'NONE',  ( -5.969000000000002970, 6.222999999999998977, -1.650999999999998913 ) ) ;
#2280 = LINE ( 'NONE', #8636, #305 ) ;
#2281 = EDGE_CURVE ( 'NONE', #6926, #7769, #8370, .T. ) ;
#2282 = AXIS2_PLACEMENT_3D ( 'NONE', #860, #3687, #2993 ) ;
#2283 = ORIENTED_EDGE ( 'NONE', *, *, #7741, .F. ) ;
#2284 = LINE ( 'NONE', #3737, #321 ) ;
#2285 =( REPRESENTATION_RELATIONSHIP ('NONE','NONE', #243, #483 ) REPRESENTATION_RELATIONSHIP_WITH_TRANSFORMATION ( #6899 )SHAPE_REPRESENTATION_RELATIONSHIP( ) );
#2286 = CARTESIAN_POINT ( 'NONE',  ( 1.734723475976807094E-15, 7.492999999999999439, -2.501900000000000901 ) ) ;
#2287 = EDGE_CURVE ( 'NONE', #1952, #5924, #2573, .T. ) ;
#2288 = LINE ( 'NONE', #3741, #873 ) ;
#2289 = EDGE_CURVE ( 'NONE', #6761, #7078, #1216, .T. ) ;
#2290 = VECTOR ( 'NONE', #5341, 1000.000000000000000 ) ;
#2291 = ORIENTED_EDGE ( 'NONE', *, *, #5442, .T. ) ;
#2292 = CARTESIAN_POINT ( 'NONE',  ( -11.81100000000000172, 7.048499999999997989, -0.8889999999999986802 ) ) ;
#2293 = LINE ( 'NONE', #1491, #6026 ) ;
#2294 = CARTESIAN_POINT ( 'NONE',  ( 0.3047999999999999599, 0.2539999999999991709, -2.387599999999999945 ) ) ;
#2295 = DIRECTION ( 'NONE',  ( 0.000000000000000000, 0.000000000000000000, 1.000000000000000000 ) ) ;
#2296 = DIRECTION ( 'NONE',  ( 1.000000000000000000, 0.000000000000000000, 0.000000000000000000 ) ) ;
#2297 = ORIENTED_EDGE ( 'NONE', *, *, #1584, .T. ) ;
#2298 = VECTOR ( 'NONE', #5112, 1000.000000000000000 ) ;
#2299 = EDGE_CURVE ( 'NONE', #756, #24, #4030, .T. ) ;
#2300 = DIRECTION ( 'NONE',  ( -1.000000000000000000, -0.000000000000000000, -0.000000000000000000 ) ) ;
#2301 = AXIS2_PLACEMENT_3D ( 'NONE', #5957, #5999, #277 ) ;
#2302 = ADVANCED_FACE ( 'NONE', ( #4675 ), #400, .F. ) ;
#2303 = VECTOR ( 'NONE', #4629, 1000.000000000000114 ) ;
#2304 = LINE ( 'NONE', #882, #2142 ) ;
#2305 = EDGE_LOOP ( 'NONE', ( #4283, #1797, #5777, #8997 ) ) ;
#2306 = PLANE ( 'NONE',  #792 ) ;
#2307 = ORIENTED_EDGE ( 'NONE', *, *, #614, .T. ) ;
#2308 = LINE ( 'NONE', #8131, #4011 ) ;
#2309 = EDGE_LOOP ( 'NONE', ( #5821, #4156, #5612, #5430 ) ) ;
#2310 = CARTESIAN_POINT ( 'NONE',  ( -12.95400000000000063, 0.000000000000000000, 0.000000000000000000 ) ) ;
#2311 = DIRECTION ( 'NONE',  ( -0.5773502691896273964, -0.5773502691896236216, -0.5773502691896262862 ) ) ;
#2312 = ORIENTED_EDGE ( 'NONE', *, *, #8893, .F. ) ;
#2313 = ORIENTED_EDGE ( 'NONE', *, *, #3372, .F. ) ;
#2314 = LINE ( 'NONE', #5124, #7187 ) ;
#2315 = PLANE ( 'NONE',  #3941 ) ;
#2316 = VECTOR ( 'NONE', #3138, 1000.000000000000000 ) ;
#2317 = CARTESIAN_POINT ( 'NONE',  ( 4.190999999999997172, 6.222999999999998977, 1.651000000000001133 ) ) ;
#2318 = LINE ( 'NONE', #4420, #325 ) ;
#2319 = ORIENTED_EDGE ( 'NONE', *, *, #5420, .F. ) ;
#2320 = ADVANCED_FACE ( 'NONE', ( #1969, #1824, #8275 ), #6722, .F. ) ;
#2321 = LINE ( 'NONE', #810, #393 ) ;
#2322 = ORIENTED_EDGE ( 'NONE', *, *, #6487, .T. ) ;
#2323 = LINE ( 'NONE', #8848, #5130 ) ;
#2324 = DIRECTION ( 'NONE',  ( 0.5773502691896272854, -0.5773502691896241767, -0.5773502691896257311 ) ) ;
#2325 = PLANE ( 'NONE',  #6686 ) ;
#2326 = AXIS2_PLACEMENT_3D ( 'NONE', #2789, #5641, #4137 ) ;
#2327 = ORIENTED_EDGE ( 'NONE', *, *, #6295, .F. ) ;
#2328 = DIRECTION ( 'NONE',  ( 0.000000000000000000, -0.9659258262890700886, 0.2588190451025143002 ) ) ;
#2329 = LINE ( 'NONE', #5184, #3203 ) ;
#2330 = DIRECTION ( 'NONE',  ( 0.000000000000000000, 0.000000000000000000, 1.000000000000000000 ) ) ;
#2331 = EDGE_CURVE ( 'NONE', #1312, #4461, #3299, .T. ) ;
#2332 = DIRECTION ( 'NONE',  ( -0.7071067811865452413, -0.7071067811865499042, -1.225703198915527072E-16 ) ) ;
#2333 = ORIENTED_EDGE ( 'NONE', *, *, #8280, .T. ) ;
#2334 = CARTESIAN_POINT ( 'NONE',  ( 11.04899999999999949, 6.222999999999998977, 0.8890000000000011227 ) ) ;
#2335 = DIRECTION ( 'NONE',  ( -1.000000000000000000, -0.000000000000000000, -0.000000000000000000 ) ) ;
#2336 = CARTESIAN_POINT ( 'NONE',  ( 0.3047999999999999599, 0.8890000000000000124, 1.714499999999999913 ) ) ;
#2337 = ORIENTED_EDGE ( 'NONE', *, *, #7790, .F. ) ;
#2338 = ORIENTED_EDGE ( 'NONE', *, *, #6977, .F. ) ;
#2339 = CARTESIAN_POINT ( 'NONE',  ( -11.81100000000000172, 7.048499999999997989, -0.8889999999999986802 ) ) ;
#2340 = VERTEX_POINT ( 'NONE', #8875 ) ;
#2341 = VECTOR ( 'NONE', #3824, 1000.000000000000000 ) ;
#2342 = EDGE_CURVE ( 'NONE', #4985, #8031, #7522, .T. ) ;
#2343 = DIRECTION ( 'NONE',  ( -0.000000000000000000, 1.000000000000000000, 1.422837496700138942E-15 ) ) ;
#2344 = CARTESIAN_POINT ( 'NONE',  ( 20.32000000000000028, 6.222999999999998977, -2.201425730935033664E-16 ) ) ;
#2345 = LINE ( 'NONE', #3156, #485 ) ;
#2346 = LINE ( 'NONE', #6516, #8690 ) ;
#2347 = ORIENTED_EDGE ( 'NONE', *, *, #6464, .F. ) ;
#2348 = DIRECTION ( 'NONE',  ( 0.000000000000000000, -1.000000000000000000, 0.000000000000000000 ) ) ;
#2349 = LINE ( 'NONE', #3023, #1398 ) ;
#2350 = LINE ( 'NONE', #5172, #6250 ) ;
#2351 = CARTESIAN_POINT ( 'NONE',  ( -0.1777999999999999858, 0.2539999999999993929, -3.302000000000000046 ) ) ;
#2352 = CARTESIAN_POINT ( 'NONE',  ( 3.428999999999998050, 7.048499999999997989, -1.650999999999998691 ) ) ;
#2353 = EDGE_LOOP ( 'NONE', ( #1650, #8507, #7473, #1902 ) ) ;
#2354 = AXIS2_PLACEMENT_3D ( 'NONE', #8810, #8344, #520 ) ;
#2355 = ORIENTED_EDGE ( 'NONE', *, *, #7602, .F. ) ;
#2356 = EDGE_CURVE ( 'NONE', #454, #5512, #6232, .T. ) ;
#2357 = EDGE_CURVE ( 'NONE', #7533, #433, #354, .T. ) ;
#2358 = CARTESIAN_POINT ( 'NONE',  ( -10.60449999999999982, 7.492999999999998550, 2.095500000000003915 ) ) ;
#2359 = ORIENTED_EDGE ( 'NONE', *, *, #141, .F. ) ;
#2360 = CARTESIAN_POINT ( 'NONE',  ( 10.16000000000000192, 7.492999999999998550, 2.501900000000000901 ) ) ;
#2361 = VECTOR ( 'NONE', #7864, 1000.000000000000000 ) ;
#2362 = CARTESIAN_POINT ( 'NONE',  ( -10.15999999999999837, 0.3809999999999992837, 2.501899999999999125 ) ) ;
#2363 = SURFACE_STYLE_USAGE ( .BOTH. , #3782 ) ;
#2364 = ORIENTED_EDGE ( 'NONE', *, *, #8482, .T. ) ;
#2365 = DIRECTION ( 'NONE',  ( 0.000000000000000000, 0.000000000000000000, 1.000000000000000000 ) ) ;
#2366 = AXIS2_PLACEMENT_3D ( 'NONE', #8601, #4385, #4430 ) ;
#2367 = VECTOR ( 'NONE', #8179, 1000.000000000000000 ) ;
#2368 = FACE_OUTER_BOUND ( 'NONE', #6610, .T. ) ;
#2369 =( NAMED_UNIT ( * ) SI_UNIT ( $, .STERADIAN. ) SOLID_ANGLE_UNIT ( ) );
#2370 = ORIENTED_EDGE ( 'NONE', *, *, #1769, .T. ) ;
#2371 = ADVANCED_FACE ( 'NONE', ( #8423 ), #818, .F. ) ;
#2372 = DIRECTION ( 'NONE',  ( 0.000000000000000000, -1.000000000000000000, 0.000000000000000000 ) ) ;
#2373 = VECTOR ( 'NONE', #8147, 1000.000000000000000 ) ;
#2374 = CARTESIAN_POINT ( 'NONE',  ( -12.69999999999999929, 7.492999999999998550, 2.501900000000000901 ) ) ;
#2375 = EDGE_CURVE ( 'NONE', #7753, #4677, #2023, .T. ) ;
#2376 = CARTESIAN_POINT ( 'NONE',  ( -5.079999999999998295, 7.492999999999998550, 0.4444999999999978413 ) ) ;
#2377 = CARTESIAN_POINT ( 'NONE',  ( 2.540000000000000480, 0.3809999999999993947, -2.120900000000001562 ) ) ;
#2378 = ORIENTED_EDGE ( 'NONE', *, *, #7240, .F. ) ;
#2379 = CARTESIAN_POINT ( 'NONE',  ( -8.509000000000002117, 6.222999999999998977, 0.8890000000000011227 ) ) ;
#2380 = VERTEX_POINT ( 'NONE', #1576 ) ;
#2381 = CARTESIAN_POINT ( 'NONE',  ( 0.8889999999999991243, 7.048499999999997101, 0.8890000000000012337 ) ) ;
#2382 = VECTOR ( 'NONE', #5395, 1000.000000000000000 ) ;
#2383 = DIRECTION ( 'NONE',  ( 0.000000000000000000, 1.138269997360111548E-15, 1.000000000000000000 ) ) ;
#2384 = ORIENTED_EDGE ( 'NONE', *, *, #5005, .F. ) ;
#2385 = EDGE_CURVE ( 'NONE', #2522, #703, #7981, .T. ) ;
#2386 = DIRECTION ( 'NONE',  ( 0.000000000000000000, -1.138269997360111548E-15, -1.000000000000000000 ) ) ;
#2387 = ADVANCED_FACE ( 'NONE', ( #5854 ), #3439, .F. ) ;
#2388 = PRESENTATION_STYLE_ASSIGNMENT (( #3716 ) ) ;
#2389 = ADVANCED_FACE ( 'NONE', ( #3692 ), #8684, .F. ) ;
#2390 = DIRECTION ( 'NONE',  ( -1.000000000000000000, -0.000000000000000000, -0.000000000000000000 ) ) ;
#2391 = VERTEX_POINT ( 'NONE', #8027 ) ;
#2392 = LINE ( 'NONE', #984, #4584 ) ;
#2393 = FACE_OUTER_BOUND ( 'NONE', #6395, .T. ) ;
#2394 = ADVANCED_FACE ( 'NONE', ( #8473 ), #4387, .F. ) ;
#2395 = PLANE ( 'NONE',  #7964 ) ;
#2396 = VERTEX_POINT ( 'NONE', #871 ) ;
#2397 = LINE ( 'NONE', #6646, #1180 ) ;
#2398 = EDGE_CURVE ( 'NONE', #5894, #7533, #1364, .T. ) ;
#2399 = DIRECTION ( 'NONE',  ( -0.000000000000000000, 1.000000000000000000, 1.733406087350420004E-16 ) ) ;
#2400 = ORIENTED_EDGE ( 'NONE', *, *, #1418, .T. ) ;
#2401 = EDGE_CURVE ( 'NONE', #2025, #7647, #4222, .T. ) ;
#2402 = ORIENTED_EDGE ( 'NONE', *, *, #2070, .T. ) ;
#2403 = CARTESIAN_POINT ( 'NONE',  ( 7.620000000000001883, 7.492999999999998550, 2.501900000000000901 ) ) ;
#2404 = EDGE_LOOP ( 'NONE', ( #4591, #5995, #6685, #5370 ) ) ;
#2405 = CARTESIAN_POINT ( 'NONE',  ( 2.540000000000002256, 0.3809999999999993947, -2.120900000000001562 ) ) ;
#2406 = CARTESIAN_POINT ( 'NONE',  ( 6.730999999999997208, 6.222999999999998977, 1.651000000000001133 ) ) ;
#2407 = DIRECTION ( 'NONE',  ( 0.000000000000000000, 0.000000000000000000, 1.000000000000000000 ) ) ;
#2408 = ORIENTED_EDGE ( 'NONE', *, *, #499, .F. ) ;
#2409 = DIRECTION ( 'NONE',  ( -1.000000000000000000, -0.000000000000000000, -0.000000000000000000 ) ) ;
#2410 = CARTESIAN_POINT ( 'NONE',  ( -0.1777999999999999858, 0.2539999999999996150, 3.429000000000000270 ) ) ;
#2411 = EDGE_LOOP ( 'NONE', ( #3871, #3441, #3428, #3513 ) ) ;
#2412 = CARTESIAN_POINT ( 'NONE',  ( 10.16000000000000192, 0.3809999999999999498, -2.501900000000000901 ) ) ;
#2413 = ORIENTED_EDGE ( 'NONE', *, *, #4787, .F. ) ;
#2414 = CLOSED_SHELL ( 'NONE', ( #6875, #2186, #5693, #4110, #7823, #8456, #4319, #2067, #4138, #5024, #3404, #6325 ) ) ;
#2415 = DIRECTION ( 'NONE',  ( 0.000000000000000000, 1.000000000000000000, 0.000000000000000000 ) ) ;
#2416 = DIRECTION ( 'NONE',  ( 0.000000000000000000, -0.9659258262890699775, -0.2588190451025143002 ) ) ;
#2417 = DIRECTION ( 'NONE',  ( 0.000000000000000000, 1.733406087350420004E-16, -1.000000000000000000 ) ) ;
#2418 = EDGE_LOOP ( 'NONE', ( #5460, #6941, #4819, #9130 ) ) ;
#2419 = EDGE_CURVE ( 'NONE', #4828, #6761, #3744, .T. ) ;
#2420 = LINE ( 'NONE', #8866, #2303 ) ;
#2421 = ORIENTED_EDGE ( 'NONE', *, *, #5252, .T. ) ;
#2422 = VECTOR ( 'NONE', #4444, 1000.000000000000114 ) ;
#2423 = LINE ( 'NONE', #8086, #1620 ) ;
#2424 = ORIENTED_EDGE ( 'NONE', *, *, #7307, .T. ) ;
#2425 = AXIS2_PLACEMENT_3D ( 'NONE', #369, #5738, #6476 ) ;
#2426 = DIRECTION ( 'NONE',  ( 0.000000000000000000, -0.000000000000000000, -1.000000000000000000 ) ) ;
#2427 = VECTOR ( 'NONE', #6313, 1000.000000000000000 ) ;
#2428 =( NAMED_UNIT ( * ) PLANE_ANGLE_UNIT ( ) SI_UNIT ( $, .RADIAN. ) );
#2429 = EDGE_CURVE ( 'NONE', #6907, #6358, #6577, .T. ) ;
#2430 = DIRECTION ( 'NONE',  ( 0.000000000000000000, 0.000000000000000000, -1.000000000000000000 ) ) ;
#2431 = ORIENTED_EDGE ( 'NONE', *, *, #4861, .F. ) ;
#2432 = EDGE_CURVE ( 'NONE', #583, #2935, #4179, .T. ) ;
#2433 = PLANE ( 'NONE',  #2890 ) ;
#2434 = VECTOR ( 'NONE', #4994, 1000.000000000000000 ) ;
#2435 = FILL_AREA_STYLE ('',( #1694 ) ) ;
#2436 = CARTESIAN_POINT ( 'NONE',  ( 7.620000000000001883, 0.8889999999999985691, 1.984781810244993228 ) ) ;
#2437 = DIRECTION ( 'NONE',  ( 0.000000000000000000, 0.000000000000000000, -1.000000000000000000 ) ) ;
#2438 = DIRECTION ( 'NONE',  ( 0.000000000000000000, 1.733406087350420004E-16, -1.000000000000000000 ) ) ;
#2439 =( GEOMETRIC_REPRESENTATION_CONTEXT ( 3 ) GLOBAL_UNCERTAINTY_ASSIGNED_CONTEXT ( ( #4945 ) ) GLOBAL_UNIT_ASSIGNED_CONTEXT ( ( #3400, #7832, #7207 ) ) REPRESENTATION_CONTEXT ( 'NONE', 'WORKASPACE' ) );
#2440 = ORIENTED_EDGE ( 'NONE', *, *, #4424, .F. ) ;
#2441 = DIRECTION ( 'NONE',  ( 0.000000000000000000, 1.000000000000000000, -1.138269997360111548E-15 ) ) ;
#2442 = ORIENTED_EDGE ( 'NONE', *, *, #1519, .T. ) ;
#2443 = EDGE_CURVE ( 'NONE', #7608, #3639, #4127, .T. ) ;
#2444 = LINE ( 'NONE', #4517, #527 ) ;
#2445 = ORIENTED_EDGE ( 'NONE', *, *, #2670, .F. ) ;
#2446 = EDGE_CURVE ( 'NONE', #3419, #6576, #3482, .T. ) ;
#2447 = VECTOR ( 'NONE', #7722, 1000.000000000000000 ) ;
#2448 = CARTESIAN_POINT ( 'NONE',  ( -4.191000000000001613, 6.222999999999998977, -0.8889999999999987912 ) ) ;
#2449 = EDGE_CURVE ( 'NONE', #2145, #5103, #6326, .T. ) ;
#2450 = LINE ( 'NONE', #2286, #8176 ) ;
#2451 = PRESENTATION_STYLE_ASSIGNMENT (( #2363 ) ) ;
#2452 = ORIENTED_EDGE ( 'NONE', *, *, #7532, .F. ) ;
#2453 = PLANE ( 'NONE',  #3955 ) ;
#2454 = VECTOR ( 'NONE', #5592, 1000.000000000000114 ) ;
#2455 = AXIS2_PLACEMENT_3D ( 'NONE', #4004, #6844, #8396 ) ;
#2456 = CARTESIAN_POINT ( 'NONE',  ( -7.619999999999999218, 0.3809999999999988396, 2.120899999999999785 ) ) ;
#2457 = ORIENTED_EDGE ( 'NONE', *, *, #7727, .F. ) ;
#2458 = FACE_OUTER_BOUND ( 'NONE', #1911, .T. ) ;
#2459 = EDGE_LOOP ( 'NONE', ( #3008, #5054, #2384, #733 ) ) ;
#2460 = EDGE_LOOP ( 'NONE', ( #4913, #683, #7084, #7814 ) ) ;
#2461 = CARTESIAN_POINT ( 'NONE',  ( 7.620000000000001883, 0.8889999999999985691, 1.984781810244993228 ) ) ;
#2462 = DIRECTION ( 'NONE',  ( 0.000000000000000000, 0.000000000000000000, -1.000000000000000000 ) ) ;
#2463 = PRODUCT_DEFINITION_SHAPE ( 'NONE', 'NONE',  #9260 ) ;
#2464 = DIRECTION ( 'NONE',  ( 0.000000000000000000, 1.138269997360111548E-15, 1.000000000000000000 ) ) ;
#2465 = ADVANCED_FACE ( 'NONE', ( #9155 ), #550, .F. ) ;
#2466 = CARTESIAN_POINT ( 'NONE',  ( 7.620000000000001883, 0.3809999999999993947, -2.120900000000001562 ) ) ;
#2467 = ORIENTED_EDGE ( 'NONE', *, *, #6342, .F. ) ;
#2468 = CARTESIAN_POINT ( 'NONE',  ( -11.04900000000000304, 6.222999999999998977, -0.8889999999999987912 ) ) ;
#2469 = EDGE_LOOP ( 'NONE', ( #3382, #5941, #3184, #5400 ) ) ;
#2470 = VECTOR ( 'NONE', #2840, 1000.000000000000000 ) ;
#2471 = DIRECTION ( 'NONE',  ( 0.000000000000000000, 0.000000000000000000, -1.000000000000000000 ) ) ;
#2472 = VERTEX_POINT ( 'NONE', #7936 ) ;
#2473 = PLANE ( 'NONE',  #1786 ) ;
#2474 = CIRCLE ( 'NONE', #2635, 0.1269999999999999463 ) ;
#2475 = CARTESIAN_POINT ( 'NONE',  ( -2.539999999999998703, 0.3809999999999988396, 2.120899999999999785 ) ) ;
#2476 = CARTESIAN_POINT ( 'NONE',  ( 1.734723475976807094E-15, 0.3809999999999988396, 2.120899999999999785 ) ) ;
#2477 = DIRECTION ( 'NONE',  ( 0.5773502691896272854, -0.5773502691896241767, -0.5773502691896257311 ) ) ;
#2478 = ORIENTED_EDGE ( 'NONE', *, *, #8523, .F. ) ;
#2479 = CARTESIAN_POINT ( 'NONE',  ( 8.508999999999998565, 7.048499999999997989, -0.8889999999999986802 ) ) ;
#2480 = ORIENTED_EDGE ( 'NONE', *, *, #2068, .F. ) ;
#2481 = VECTOR ( 'NONE', #6989, 1000.000000000000000 ) ;
#2482 = EDGE_LOOP ( 'NONE', ( #3137, #3950, #5023, #6380 ) ) ;
#2483 = FACE_OUTER_BOUND ( 'NONE', #9042, .T. ) ;
#2484 = ADVANCED_FACE ( 'NONE', ( #5634 ), #3004, .F. ) ;
#2485 = CARTESIAN_POINT ( 'NONE',  ( 1.734723475976807094E-15, 7.492999999999998550, 2.501900000000000901 ) ) ;
#2486 = EDGE_LOOP ( 'NONE', ( #1676, #2752, #7629, #5765 ) ) ;
#2487 = EDGE_CURVE ( 'NONE', #3054, #8498, #2551, .T. ) ;
#2488 = FACE_OUTER_BOUND ( 'NONE', #3525, .T. ) ;
#2489 = VERTEX_POINT ( 'NONE', #1806 ) ;
#2490 = EDGE_CURVE ( 'NONE', #1628, #402, #1265, .T. ) ;
#2491 = LINE ( 'NONE', #8070, #5666 ) ;
#2492 = MECHANICAL_DESIGN_GEOMETRIC_PRESENTATION_REPRESENTATION (  '', ( #8170 ), #240 ) ;
#2493 = FACE_OUTER_BOUND ( 'NONE', #2050, .T. ) ;
#2494 = ORIENTED_EDGE ( 'NONE', *, *, #8998, .F. ) ;
#2495 = EDGE_CURVE ( 'NONE', #38, #846, #3962, .T. ) ;
#2496 = DIRECTION ( 'NONE',  ( 0.000000000000000000, 1.733406087350420004E-16, -1.000000000000000000 ) ) ;
#2497 = DIRECTION ( 'NONE',  ( 0.000000000000000000, -1.733406087350420004E-16, 1.000000000000000000 ) ) ;
#2498 = AXIS2_PLACEMENT_3D ( 'NONE', #4697, #1098, #1945 ) ;
#2499 = EDGE_CURVE ( 'NONE', #3891, #6702, #6795, .T. ) ;
#2500 = UNCERTAINTY_MEASURE_WITH_UNIT (LENGTH_MEASURE( 1.000000000000000082E-05 ), #1790, 'distance_accuracy_value', 'NONE');
#2501 = VECTOR ( 'NONE', #1041, 1000.000000000000114 ) ;
#2502 = CARTESIAN_POINT ( 'NONE',  ( 5.080000000000000959, 0.8889999999999989022, -1.984781810244995004 ) ) ;
#2503 = ORIENTED_EDGE ( 'NONE', *, *, #2648, .F. ) ;
#2504 = CARTESIAN_POINT ( 'NONE',  ( -5.079999999999998295, 0.3809999999999999498, -2.501900000000000901 ) ) ;
#2505 = EDGE_CURVE ( 'NONE', #2935, #4667, #7503, .T. ) ;
#2506 = PLANE ( 'NONE',  #6913 ) ;
#2507 = ORIENTED_EDGE ( 'NONE', *, *, #570, .F. ) ;
#2508 = ORIENTED_EDGE ( 'NONE', *, *, #4704, .T. ) ;
#2509 = CONTEXT_DEPENDENT_SHAPE_REPRESENTATION ( #5814, #1874 ) ;
#2510 = AXIS2_PLACEMENT_3D ( 'NONE', #1562, #8670, #2274 ) ;
#2511 = ORIENTED_EDGE ( 'NONE', *, *, #2039, .F. ) ;
#2512 = VECTOR ( 'NONE', #9112, 1000.000000000000000 ) ;
#2513 = DIRECTION ( 'NONE',  ( 1.000000000000000000, 0.000000000000000000, 0.000000000000000000 ) ) ;
#2514 = CARTESIAN_POINT ( 'NONE',  ( -4.191000000000001613, 7.048499999999997989, -1.650999999999998691 ) ) ;
#2515 = VECTOR ( 'NONE', #7605, 1000.000000000000000 ) ;
#2516 = AXIS2_PLACEMENT_3D ( 'NONE', #8028, #875, #252 ) ;
#2517 = CARTESIAN_POINT ( 'NONE',  ( 4.190999999999997172, 7.048499999999997101, 1.651000000000001355 ) ) ;
#2518 = DIRECTION ( 'NONE',  ( -1.000000000000000000, 0.000000000000000000, 0.000000000000000000 ) ) ;
#2519 = ORIENTED_EDGE ( 'NONE', *, *, #5864, .F. ) ;
#2520 = EDGE_CURVE ( 'NONE', #7856, #364, #956, .T. ) ;
#2521 = CARTESIAN_POINT ( 'NONE',  ( -10.15999999999999837, 7.492999999999999439, -2.501900000000000901 ) ) ;
#2522 = VERTEX_POINT ( 'NONE', #250 ) ;
#2523 = ORIENTED_EDGE ( 'NONE', *, *, #3329, .T. ) ;
#2524 = STYLED_ITEM ( 'NONE', ( #4850 ), #5139 ) ;
#2525 = ADVANCED_FACE ( 'NONE', ( #7148 ), #6962, .F. ) ;
#2526 = CARTESIAN_POINT ( 'NONE',  ( 0.4444999999999952323, 7.492999999999998550, 0.4444999999999979523 ) ) ;
#2527 = CARTESIAN_POINT ( 'NONE',  ( 1.650999999999998025, 7.048499999999997989, -0.8889999999999986802 ) ) ;
#2528 = EDGE_CURVE ( 'NONE', #698, #6083, #3090, .T. ) ;
#2529 = CARTESIAN_POINT ( 'NONE',  ( -0.3047999999999999599, 0.6731000000000003647, 1.714499999999999913 ) ) ;
#2530 = EDGE_CURVE ( 'NONE', #8258, #4971, #3831, .T. ) ;
#2531 = LINE ( 'NONE', #3247, #2574 ) ;
#2532 = ORIENTED_EDGE ( 'NONE', *, *, #2446, .T. ) ;
#2533 = VECTOR ( 'NONE', #7531, 1000.000000000000114 ) ;
#2534 = EDGE_CURVE ( 'NONE', #3607, #2472, #8077, .T. ) ;
#2535 = DIRECTION ( 'NONE',  ( -0.000000000000000000, -0.7071067811865487940, -0.7071067811865462405 ) ) ;
#2536 = ORIENTED_EDGE ( 'NONE', *, *, #7741, .T. ) ;
#2537 = ORIENTED_EDGE ( 'NONE', *, *, #4871, .F. ) ;
#2538 = CARTESIAN_POINT ( 'NONE',  ( -11.04900000000000304, 6.222999999999998977, 1.651000000000001133 ) ) ;
#2539 = DIRECTION ( 'NONE',  ( -0.5773502691896270633, 0.5773502691896240657, -0.5773502691896261751 ) ) ;
#2540 = FACE_BOUND ( 'NONE', #9146, .T. ) ;
#2541 = LINE ( 'NONE', #5500, #8060 ) ;
#2542 = DIRECTION ( 'NONE',  ( 0.000000000000000000, -1.000000000000000000, -1.733406087350420004E-16 ) ) ;
#2543 = VERTEX_POINT ( 'NONE', #4569 ) ;
#2544 = DIRECTION ( 'NONE',  ( -1.000000000000000000, -0.000000000000000000, -0.000000000000000000 ) ) ;
#2545 = ORIENTED_EDGE ( 'NONE', *, *, #7587, .F. ) ;
#2546 = CARTESIAN_POINT ( 'NONE',  ( -7.619999999999998330, 0.8889999999999989022, -1.984781810244995004 ) ) ;
#2547 = DIRECTION ( 'NONE',  ( -1.000000000000000000, -0.000000000000000000, 0.000000000000000000 ) ) ;
#2548 = VERTEX_POINT ( 'NONE', #1006 ) ;
#2549 = CARTESIAN_POINT ( 'NONE',  ( -10.15999999999999837, 7.492999999999998550, 2.501900000000000901 ) ) ;
#2550 = EDGE_LOOP ( 'NONE', ( #6173, #6353, #6642, #8788 ) ) ;
#2551 = LINE ( 'NONE', #1758, #52 ) ;
#2552 = EDGE_CURVE ( 'NONE', #1327, #1400, #3273, .T. ) ;
#2553 = ORIENTED_EDGE ( 'NONE', *, *, #3869, .T. ) ;
#2554 =( NAMED_UNIT ( * ) SI_UNIT ( $, .STERADIAN. ) SOLID_ANGLE_UNIT ( ) );
#2555 = AXIS2_PLACEMENT_3D ( 'NONE', #3070, #3768, #50 ) ;
#2556 = PLANE ( 'NONE',  #4134 ) ;
#2557 = VERTEX_POINT ( 'NONE', #4486 ) ;
#2558 = VERTEX_POINT ( 'NONE', #1624 ) ;
#2559 = PLANE ( 'NONE',  #6100 ) ;
#2560 = DIRECTION ( 'NONE',  ( -0.000000000000000000, 0.2588190451025143002, 0.9659258262890700886 ) ) ;
#2561 = FACE_OUTER_BOUND ( 'NONE', #4892, .T. ) ;
#2562 = DIRECTION ( 'NONE',  ( 1.000000000000000000, 0.000000000000000000, 0.000000000000000000 ) ) ;
#2563 = VERTEX_POINT ( 'NONE', #1712 ) ;
#2564 = LINE ( 'NONE', #1776, #6030 ) ;
#2565 = ORIENTED_EDGE ( 'NONE', *, *, #1535, .F. ) ;
#2566 = EDGE_CURVE ( 'NONE', #7270, #3665, #3872, .T. ) ;
#2567 = CARTESIAN_POINT ( 'NONE',  ( 10.16000000000000192, 7.492999999999998550, 2.095500000000003915 ) ) ;
#2568 = VERTEX_POINT ( 'NONE', #8772 ) ;
#2569 = DIRECTION ( 'NONE',  ( 0.000000000000000000, -1.733406087350420004E-16, 1.000000000000000000 ) ) ;
#2570 = CARTESIAN_POINT ( 'NONE',  ( -10.15999999999999837, 0.3809999999999993947, -2.120900000000001562 ) ) ;
#2571 = ADVANCED_FACE ( 'NONE', ( #8209 ), #8854, .F. ) ;
#2572 = DIRECTION ( 'NONE',  ( 0.000000000000000000, -0.9659258262890699775, -0.2588190451025143002 ) ) ;
#2573 = LINE ( 'NONE', #7671, #8585 ) ;
#2574 = VECTOR ( 'NONE', #4638, 1000.000000000000000 ) ;
#2575 = DIRECTION ( 'NONE',  ( 1.000000000000000000, 0.000000000000000000, 0.000000000000000000 ) ) ;
#2576 = ORIENTED_EDGE ( 'NONE', *, *, #2566, .T. ) ;
#2577 = CARTESIAN_POINT ( 'NONE',  ( 11.04899999999999949, 6.222999999999998977, -0.8889999999999987912 ) ) ;
#2578 = ORIENTED_EDGE ( 'NONE', *, *, #6658, .F. ) ;
#2579 = CARTESIAN_POINT ( 'NONE',  ( 3.428999999999998050, 6.222999999999998977, 1.651000000000001133 ) ) ;
#2580 = VECTOR ( 'NONE', #2594, 1000.000000000000000 ) ;
#2581 = CARTESIAN_POINT ( 'NONE',  ( 11.04899999999999949, 7.048499999999997101, 1.651000000000001355 ) ) ;
#2582 = EDGE_CURVE ( 'NONE', #8671, #5121, #7323, .T. ) ;
#2583 = EDGE_CURVE ( 'NONE', #3698, #955, #5306, .T. ) ;
#2584 = VECTOR ( 'NONE', #5465, 1000.000000000000000 ) ;
#2585 = PLANE ( 'NONE',  #8118 ) ;
#2586 = DIRECTION ( 'NONE',  ( 0.000000000000000000, 1.000000000000000000, 0.000000000000000000 ) ) ;
#2587 = ADVANCED_FACE ( 'NONE', ( #4612 ), #2453, .F. ) ;
#2588 = FACE_OUTER_BOUND ( 'NONE', #1483, .T. ) ;
#2589 = PLANE ( 'NONE',  #2662 ) ;
#2590 = ORIENTED_EDGE ( 'NONE', *, *, #7587, .T. ) ;
#2591 = VECTOR ( 'NONE', #1959, 1000.000000000000114 ) ;
#2592 = FACE_OUTER_BOUND ( 'NONE', #7147, .T. ) ;
#2593 = EDGE_LOOP ( 'NONE', ( #4409, #5113, #5455, #8815 ) ) ;
#2594 = DIRECTION ( 'NONE',  ( 0.000000000000000000, 1.733406087350420004E-16, -1.000000000000000000 ) ) ;
#2595 = VECTOR ( 'NONE', #119, 1000.000000000000114 ) ;
#2596 = UNCERTAINTY_MEASURE_WITH_UNIT (LENGTH_MEASURE( 1.000000000000000082E-05 ), #6341, 'distance_accuracy_value', 'NONE');
#2597 = STYLED_ITEM ( 'NONE', ( #2388 ), #2171 ) ;
#2598 = FACE_OUTER_BOUND ( 'NONE', #4145, .T. ) ;
#2599 = EDGE_LOOP ( 'NONE', ( #7612, #4727, #1734, #6587 ) ) ;
#2600 = EDGE_CURVE ( 'NONE', #4615, #8952, #5975, .T. ) ;
#2601 = LINE ( 'NONE', #1947, #2229 ) ;
#2602 = ORIENTED_EDGE ( 'NONE', *, *, #892, .F. ) ;
#2603 = DIRECTION ( 'NONE',  ( -1.000000000000000000, -0.000000000000000000, -0.000000000000000000 ) ) ;
#2604 = LINE ( 'NONE', #3416, #2584 ) ;
#2605 = ORIENTED_EDGE ( 'NONE', *, *, #6608, .T. ) ;
#2606 = CARTESIAN_POINT ( 'NONE',  ( -12.69999999999999929, 0.3809999999999993947, -2.120900000000001562 ) ) ;
#2607 = AXIS2_PLACEMENT_3D ( 'NONE', #7569, #309, #9017 ) ;
#2608 = PRODUCT_CONTEXT ( 'NONE', #5091, 'mechanical' ) ;
#2609 = ORIENTED_EDGE ( 'NONE', *, *, #2068, .T. ) ;
#2610 = LINE ( 'NONE', #1907, #1314 ) ;
#2611 = PLANE ( 'NONE',  #7751 ) ;
#2612 = VECTOR ( 'NONE', #3228, 1000.000000000000000 ) ;
#2613 = CARTESIAN_POINT ( 'NONE',  ( -7.619999999999998330, 0.3809999999999988396, 2.120899999999999785 ) ) ;
#2614 = DIRECTION ( 'NONE',  ( 0.000000000000000000, -1.733406087350420004E-16, 1.000000000000000000 ) ) ;
#2615 = EDGE_LOOP ( 'NONE', ( #7331, #5439, #9209, #8130 ) ) ;
#2616 = EDGE_CURVE ( 'NONE', #4581, #1064, #8160, .T. ) ;
#2618 = VERTEX_POINT ( 'NONE', #3511 ) ;
#2617 = VERTEX_POINT ( 'NONE', #1346 ) ;
#2619 = CYLINDRICAL_SURFACE ( 'NONE', #5470, 0.4191000000000008052 ) ;
#2620 = ORIENTED_EDGE ( 'NONE', *, *, #8249, .T. ) ;
#2621 = VECTOR ( 'NONE', #7476, 1000.000000000000114 ) ;
#2622 = CARTESIAN_POINT ( 'NONE',  ( -9.271000000000000796, 6.222999999999998977, -1.650999999999998913 ) ) ;
#2623 = EDGE_CURVE ( 'NONE', #4, #8381, #4899, .T. ) ;
#2624 = DIRECTION ( 'NONE',  ( -0.5773502691896273964, 0.5773502691896237327, -0.5773502691896261751 ) ) ;
#2625 = LINE ( 'NONE', #4823, #4008 ) ;
#2626 = EDGE_CURVE ( 'NONE', #3846, #2145, #6256, .T. ) ;
#2627 = CARTESIAN_POINT ( 'NONE',  ( 0.3047999999999999599, 0.2539999999999993929, 2.387599999999999945 ) ) ;
#2628 = FACE_OUTER_BOUND ( 'NONE', #3002, .T. ) ;
#2629 = ORIENTED_EDGE ( 'NONE', *, *, #8528, .F. ) ;
#2630 = PRODUCT_DEFINITION_SHAPE ( 'NONE', 'NONE',  #9258 ) ;
#2631 = DIRECTION ( 'NONE',  ( -0.000000000000000000, -0.000000000000000000, 1.000000000000000000 ) ) ;
#2632 = ORIENTED_EDGE ( 'NONE', *, *, #1558, .F. ) ;
#2633 = EDGE_CURVE ( 'NONE', #6358, #4380, #2001, .T. ) ;
#2634 = CARTESIAN_POINT ( 'NONE',  ( -3.429000000000003379, 6.222999999999998977, 1.651000000000001133 ) ) ;
#2635 = AXIS2_PLACEMENT_3D ( 'NONE', #6074, #8817, #7416 ) ;
#2636 = CARTESIAN_POINT ( 'NONE',  ( 12.70000000000000284, 0.3809999999999988396, 2.120899999999999785 ) ) ;
#2637 = CARTESIAN_POINT ( 'NONE',  ( -9.715500000000005798, 7.492999999999999439, -0.4444999999999955653 ) ) ;
#2638 = DIRECTION ( 'NONE',  ( 0.5773502691896270633, 0.5773502691896240657, -0.5773502691896261751 ) ) ;
#2639 = ADVANCED_FACE ( 'NONE', ( #2804 ), #3322, .F. ) ;
#2640 = CARTESIAN_POINT ( 'NONE',  ( -11.81100000000000172, 7.048499999999997989, -1.650999999999998691 ) ) ;
#2641 = VECTOR ( 'NONE', #3315, 1000.000000000000000 ) ;
#2642 = SURFACE_STYLE_FILL_AREA ( #6880 ) ;
#2643 = ORIENTED_EDGE ( 'NONE', *, *, #7764, .T. ) ;
#2644 = DIRECTION ( 'NONE',  ( 0.000000000000000000, -1.733406087350420004E-16, 1.000000000000000000 ) ) ;
#2646 = ORIENTED_EDGE ( 'NONE', *, *, #9071, .T. ) ;
#2645 = ORIENTED_EDGE ( 'NONE', *, *, #6788, .F. ) ;
#2647 = EDGE_CURVE ( 'NONE', #8743, #5302, #5609, .T. ) ;
#2648 = EDGE_CURVE ( 'NONE', #2190, #7965, #3462, .T. ) ;
#2649 = LINE ( 'NONE', #8244, #4577 ) ;
#2650 = PRESENTATION_LAYER_ASSIGNMENT (  '', '', ( #7412 ) ) ;
#2651 = CARTESIAN_POINT ( 'NONE',  ( 9.270999999999997243, 6.222999999999998977, -0.8889999999999987912 ) ) ;
#2652 = DIRECTION ( 'NONE',  ( 0.7071067811865456854, -0.7071067811865494601, -1.225703198915526333E-16 ) ) ;
#2653 = ORIENTED_EDGE ( 'NONE', *, *, #499, .T. ) ;
#2654 = CARTESIAN_POINT ( 'NONE',  ( 12.70000000000000107, 6.222999999999998977, -2.201425730935033664E-16 ) ) ;
#2655 = VERTEX_POINT ( 'NONE', #428 ) ;
#2656 = PLANE ( 'NONE',  #3236 ) ;
#2657 = VECTOR ( 'NONE', #5622, 1000.000000000000000 ) ;
#2658 = EDGE_CURVE ( 'NONE', #5914, #7480, #4108, .T. ) ;
#2659 = ORIENTED_EDGE ( 'NONE', *, *, #2168, .T. ) ;
#2660 = ORIENTED_EDGE ( 'NONE', *, *, #7032, .T. ) ;
#2661 = VECTOR ( 'NONE', #5233, 1000.000000000000000 ) ;
#2662 = AXIS2_PLACEMENT_3D ( 'NONE', #8338, #6202, #8200 ) ;
#2663 = DIRECTION ( 'NONE',  ( -1.000000000000000000, -0.000000000000000000, -0.000000000000000000 ) ) ;
#2664 = DIRECTION ( 'NONE',  ( 0.000000000000000000, 0.000000000000000000, -1.000000000000000000 ) ) ;
#2665 = DIRECTION ( 'NONE',  ( 0.000000000000000000, 0.000000000000000000, -1.000000000000000000 ) ) ;
#2666 = CARTESIAN_POINT ( 'NONE',  ( -0.3047999999999999599, 0.2539999999999993929, -3.302000000000000046 ) ) ;
#2667 = EDGE_LOOP ( 'NONE', ( #4660, #3179, #1378, #444 ) ) ;
#2668 = VECTOR ( 'NONE', #3049, 1000.000000000000114 ) ;
#2669 = CARTESIAN_POINT ( 'NONE',  ( -5.524499999999998856, 7.492999999999998550, 2.095500000000003915 ) ) ;
#2670 = EDGE_CURVE ( 'NONE', #7220, #2145, #1246, .T. ) ;
#2671 = ORIENTED_EDGE ( 'NONE', *, *, #381, .F. ) ;
#2672 = PLANE ( 'NONE',  #5316 ) ;
#2673 = ORIENTED_EDGE ( 'NONE', *, *, #3811, .F. ) ;
#2674 = DIRECTION ( 'NONE',  ( -0.5773502691896270633, 0.5773502691896240657, -0.5773502691896261751 ) ) ;
#2675 = PLANE ( 'NONE',  #8869 ) ;
#2676 = EDGE_CURVE ( 'NONE', #4997, #6412, #6998, .T. ) ;
#2677 = DIRECTION ( 'NONE',  ( 0.000000000000000000, -1.138269997360111548E-15, -1.000000000000000000 ) ) ;
#2678 = DIRECTION ( 'NONE',  ( 1.000000000000000000, 0.000000000000000000, 0.000000000000000000 ) ) ;
#2679 = DIRECTION ( 'NONE',  ( 0.000000000000000000, 0.9659258262890700886, -0.2588190451025143002 ) ) ;
#2680 = ORIENTED_EDGE ( 'NONE', *, *, #8050, .F. ) ;
#2681 = DIRECTION ( 'NONE',  ( 0.000000000000000000, -1.733406087350420004E-16, 1.000000000000000000 ) ) ;
#2682 = ADVANCED_FACE ( 'NONE', ( #3364 ), #2753, .F. ) ;
#2683 = VERTEX_POINT ( 'NONE', #8253 ) ;
#2684 = VECTOR ( 'NONE', #7545, 1000.000000000000000 ) ;
#2685 = LINE ( 'NONE', #6151, #8237 ) ;
#2686 = AXIS2_PLACEMENT_3D ( 'NONE', #3655, #4348, #5186 ) ;
#2687 = EDGE_CURVE ( 'NONE', #4365, #6317, #9088, .T. ) ;
#2688 = CARTESIAN_POINT ( 'NONE',  ( 11.04899999999999949, 7.048499999999997101, 1.651000000000001355 ) ) ;
#2689 = DIRECTION ( 'NONE',  ( 0.000000000000000000, 1.733406087350420004E-16, -1.000000000000000000 ) ) ;
#2690 = FACE_OUTER_BOUND ( 'NONE', #7562, .T. ) ;
#2691 = EDGE_CURVE ( 'NONE', #1849, #4365, #6211, .T. ) ;
#2692 = VECTOR ( 'NONE', #1282, 1000.000000000000000 ) ;
#2693 = CARTESIAN_POINT ( 'NONE',  ( 5.080000000000000959, 7.492999999999998550, 2.501900000000000901 ) ) ;
#2694 = CARTESIAN_POINT ( 'NONE',  ( -2.539999999999998703, 7.492999999999998550, 2.501900000000000901 ) ) ;
#2695 = CARTESIAN_POINT ( 'NONE',  ( 11.04899999999999949, 6.222999999999998977, -1.650999999999998913 ) ) ;
#2696 = VERTEX_POINT ( 'NONE', #8449 ) ;
#2697 = CARTESIAN_POINT ( 'NONE',  ( -0.3047999999999999599, 0.6731000000000003647, 2.387599999999999945 ) ) ;
#2698 = LINE ( 'NONE', #5552, #2904 ) ;
#2699 = ADVANCED_FACE ( 'NONE', ( #2049 ), #7043, .F. ) ;
#2700 = UNCERTAINTY_MEASURE_WITH_UNIT (LENGTH_MEASURE( 1.000000000000000082E-05 ), #7366, 'distance_accuracy_value', 'NONE');
#2701 = FACE_OUTER_BOUND ( 'NONE', #4310, .T. ) ;
#2702 = VERTEX_POINT ( 'NONE', #1196 ) ;
#2703 = EDGE_CURVE ( 'NONE', #1844, #5275, #4701, .T. ) ;
#2704 = SURFACE_SIDE_STYLE ('',( #9084 ) ) ;
#2705 = ORIENTED_EDGE ( 'NONE', *, *, #8555, .F. ) ;
#2706 = DIRECTION ( 'NONE',  ( 0.000000000000000000, -0.9659258262890699775, -0.2588190451025143002 ) ) ;
#2707 = ADVANCED_FACE ( 'NONE', ( #1148 ), #8995, .F. ) ;
#2708 = ADVANCED_FACE ( 'NONE', ( #9041 ), #2656, .F. ) ;
#2709 = VERTEX_POINT ( 'NONE', #3686 ) ;
#2710 = DIRECTION ( 'NONE',  ( 0.000000000000000000, -1.000000000000000000, -1.733406087350420004E-16 ) ) ;
#2711 = ORIENTED_EDGE ( 'NONE', *, *, #7630, .T. ) ;
#2712 = DIRECTION ( 'NONE',  ( 0.000000000000000000, 1.092515224483717628E-16, -1.000000000000000000 ) ) ;
#2713 = FACE_OUTER_BOUND ( 'NONE', #2469, .T. ) ;
#2714 = FACE_OUTER_BOUND ( 'NONE', #6625, .T. ) ;
#2715 = VECTOR ( 'NONE', #6917, 1000.000000000000000 ) ;
#2716 = LINE ( 'NONE', #8958, #3928 ) ;
#2717 = FACE_OUTER_BOUND ( 'NONE', #1572, .T. ) ;
#2718 = ORIENTED_EDGE ( 'NONE', *, *, #3517, .F. ) ;
#2719 = LINE ( 'NONE', #9195, #6921 ) ;
#2720 = VERTEX_POINT ( 'NONE', #4249 ) ;
#2721 = DIRECTION ( 'NONE',  ( 0.000000000000000000, 1.092515224483717628E-16, -1.000000000000000000 ) ) ;
#2722 = ORIENTED_EDGE ( 'NONE', *, *, #173, .F. ) ;
#2723 = DIRECTION ( 'NONE',  ( 1.000000000000000000, 0.000000000000000000, 0.000000000000000000 ) ) ;
#2724 = FACE_OUTER_BOUND ( 'NONE', #7512, .T. ) ;
#2725 = DIRECTION ( 'NONE',  ( 0.000000000000000000, -0.000000000000000000, -1.000000000000000000 ) ) ;
#2726 = CARTESIAN_POINT ( 'NONE',  ( -11.81100000000000172, 6.222999999999998977, 0.8890000000000011227 ) ) ;
#2727 = PLANE ( 'NONE',  #7057 ) ;
#2728 = ORIENTED_EDGE ( 'NONE', *, *, #5481, .F. ) ;
#2729 = ORIENTED_EDGE ( 'NONE', *, *, #828, .T. ) ;
#2730 = VECTOR ( 'NONE', #1223, 1000.000000000000000 ) ;
#2731 = CARTESIAN_POINT ( 'NONE',  ( 5.080000000000000959, 0.3809999999999988396, 2.120899999999999785 ) ) ;
#2732 = FACE_OUTER_BOUND ( 'NONE', #862, .T. ) ;
#2733 = CARTESIAN_POINT ( 'NONE',  ( -0.3047999999999999599, 1.555301434917134821E-17, -3.302000000000000046 ) ) ;
#2734 = LINE ( 'NONE', #5685, #9250 ) ;
#2735 = DIRECTION ( 'NONE',  ( -1.000000000000000000, -0.000000000000000000, -0.000000000000000000 ) ) ;
#2736 = VECTOR ( 'NONE', #5764, 1000.000000000000000 ) ;
#2737 = DIRECTION ( 'NONE',  ( 0.000000000000000000, 2.439149994343092652E-16, -1.000000000000000000 ) ) ;
#2738 = ADVANCED_FACE ( 'NONE', ( #5745 ), #5785, .F. ) ;
#2739 = SURFACE_SIDE_STYLE ('',( #2642 ) ) ;
#2740 = ORIENTED_EDGE ( 'NONE', *, *, #2982, .T. ) ;
#2741 = ADVANCED_FACE ( 'NONE', ( #8 ), #2896, .F. ) ;
#2742 = CARTESIAN_POINT ( 'NONE',  ( 5.080000000000000959, 0.8889999999999989022, -1.984781810244995004 ) ) ;
#2743 = VERTEX_POINT ( 'NONE', #8589 ) ;
#2744 = CARTESIAN_POINT ( 'NONE',  ( -7.619999999999998330, 0.3809999999999993947, -2.120900000000001562 ) ) ;
#2745 = VECTOR ( 'NONE', #5330, 1000.000000000000000 ) ;
#2746 = SURFACE_STYLE_FILL_AREA ( #6296 ) ;
#2747 = PLANE ( 'NONE',  #3646 ) ;
#2748 = VECTOR ( 'NONE', #1753, 1000.000000000000000 ) ;
#2749 = VERTEX_POINT ( 'NONE', #1387 ) ;
#2750 = SURFACE_STYLE_FILL_AREA ( #2046 ) ;
#2751 = AXIS2_PLACEMENT_3D ( 'NONE', #6155, #6056, #5396 ) ;
#2752 = ORIENTED_EDGE ( 'NONE', *, *, #5772, .T. ) ;
#2753 = PLANE ( 'NONE',  #1571 ) ;
#2754 = CARTESIAN_POINT ( 'NONE',  ( 0.8889999999999991243, 6.222999999999998977, 1.651000000000001133 ) ) ;
#2755 = EDGE_CURVE ( 'NONE', #8666, #164, #7088, .T. ) ;
#2756 = ORIENTED_EDGE ( 'NONE', *, *, #5526, .F. ) ;
#2757 = VECTOR ( 'NONE', #5259, 1000.000000000000000 ) ;
#2758 = ORIENTED_EDGE ( 'NONE', *, *, #8569, .T. ) ;
#2759 = VECTOR ( 'NONE', #4278, 1000.000000000000000 ) ;
#2760 = CARTESIAN_POINT ( 'NONE',  ( -0.1777999999999999858, 0.2539999999999993929, -3.302000000000000046 ) ) ;
#2761 = FACE_OUTER_BOUND ( 'NONE', #5547, .T. ) ;
#2762 = CARTESIAN_POINT ( 'NONE',  ( -5.969000000000002970, 6.222999999999998977, -0.8889999999999987912 ) ) ;
#2763 = EDGE_CURVE ( 'NONE', #7190, #5702, #2946, .T. ) ;
#2764 = VERTEX_POINT ( 'NONE', #765 ) ;
#2765 = AXIS2_PLACEMENT_3D ( 'NONE', #1597, #8663, #6639 ) ;
#2766 = DIRECTION ( 'NONE',  ( 0.000000000000000000, -0.9659258262890699775, -0.2588190451025143002 ) ) ;
#2767 = DIRECTION ( 'NONE',  ( -0.000000000000000000, 1.000000000000000000, 1.733406087350420004E-16 ) ) ;
#2768 = ORIENTED_EDGE ( 'NONE', *, *, #8226, .T. ) ;
#2769 = ADVANCED_FACE ( 'NONE', ( #103 ), #3640, .F. ) ;
#2770 = EDGE_LOOP ( 'NONE', ( #332, #1412, #2899, #6634 ) ) ;
#2771 =( REPRESENTATION_RELATIONSHIP ('NONE','NONE', #243, #483 ) REPRESENTATION_RELATIONSHIP_WITH_TRANSFORMATION ( #3324 )SHAPE_REPRESENTATION_RELATIONSHIP( ) );
#2772 =( NAMED_UNIT ( * ) SI_UNIT ( $, .STERADIAN. ) SOLID_ANGLE_UNIT ( ) );
#2773 = CARTESIAN_POINT ( 'NONE',  ( 5.080000000000000959, 0.8889999999999985691, 1.984781810244993228 ) ) ;
#2774 = VERTEX_POINT ( 'NONE', #3554 ) ;
#2775 = FACE_OUTER_BOUND ( 'NONE', #4896, .T. ) ;
#2776 = PLANE ( 'NONE',  #5947 ) ;
#2777 = DIRECTION ( 'NONE',  ( 0.000000000000000000, -1.733406087350420004E-16, 1.000000000000000000 ) ) ;
#2778 = CARTESIAN_POINT ( 'NONE',  ( -8.509000000000002117, 6.222999999999998977, 1.651000000000001133 ) ) ;
#2779 = ORIENTED_EDGE ( 'NONE', *, *, #8335, .T. ) ;
#2780 = AXIS2_PLACEMENT_3D ( 'NONE', #5643, #7077, #1420 ) ;
#2781 = VECTOR ( 'NONE', #6277, 1000.000000000000000 ) ;
#2782 = DIRECTION ( 'NONE',  ( 0.000000000000000000, 1.733406087350420004E-16, -1.000000000000000000 ) ) ;
#2783 = ORIENTED_EDGE ( 'NONE', *, *, #1651, .F. ) ;
#2784 = ADVANCED_FACE ( 'NONE', ( #7843 ), #4996, .F. ) ;
#2785 = VECTOR ( 'NONE', #6020, 1000.000000000000000 ) ;
#2786 = ORIENTED_EDGE ( 'NONE', *, *, #4653, .F. ) ;
#2787 = DIRECTION ( 'NONE',  ( -0.000000000000000000, 1.000000000000000000, 1.733406087350420004E-16 ) ) ;
#2788 = AXIS2_PLACEMENT_3D ( 'NONE', #6040, #6814, #7564 ) ;
#2789 = CARTESIAN_POINT ( 'NONE',  ( 10.16000000000000192, 0.3809999999999988396, 2.120899999999999785 ) ) ;
#2790 = DIRECTION ( 'NONE',  ( 0.000000000000000000, -1.000000000000000000, -2.439149994343092652E-16 ) ) ;
#2791 =( NAMED_UNIT ( * ) SI_UNIT ( $, .STERADIAN. ) SOLID_ANGLE_UNIT ( ) );
#2792 = DIRECTION ( 'NONE',  ( -1.000000000000000000, 0.000000000000000000, 0.000000000000000000 ) ) ;
#2793 = ORIENTED_EDGE ( 'NONE', *, *, #1942, .F. ) ;
#2794 = EDGE_LOOP ( 'NONE', ( #3410, #7599, #4084, #377 ) ) ;
#2795 = EDGE_CURVE ( 'NONE', #7715, #8746, #7926, .T. ) ;
#2796 = PRESENTATION_STYLE_ASSIGNMENT (( #2089 ) ) ;
#2797 = CARTESIAN_POINT ( 'NONE',  ( -9.271000000000000796, 6.222999999999998977, -1.650999999999998913 ) ) ;
#2798 = DIRECTION ( 'NONE',  ( 1.000000000000000000, 0.000000000000000000, 0.000000000000000000 ) ) ;
#2799 = EDGE_CURVE ( 'NONE', #8410, #698, #1518, .T. ) ;
#2800 = VERTEX_POINT ( 'NONE', #7221 ) ;
#2801 = CARTESIAN_POINT ( 'NONE',  ( 1.734723475976807094E-15, 0.8889999999999989022, -1.984781810244995004 ) ) ;
#2802 = CARTESIAN_POINT ( 'NONE',  ( 8.508999999999998565, 6.222999999999998977, 0.8890000000000011227 ) ) ;
#2803 = ORIENTED_EDGE ( 'NONE', *, *, #3094, .T. ) ;
#2804 = FACE_OUTER_BOUND ( 'NONE', #1949, .T. ) ;
#2805 = EDGE_LOOP ( 'NONE', ( #634, #3039, #2783, #3171 ) ) ;
#2806 = EDGE_CURVE ( 'NONE', #703, #5504, #5649, .T. ) ;
#2807 = EDGE_LOOP ( 'NONE', ( #523, #4801, #777, #1206 ) ) ;
#2808 = ORIENTED_EDGE ( 'NONE', *, *, #3959, .F. ) ;
#2809 = FACE_OUTER_BOUND ( 'NONE', #8345, .T. ) ;
#2810 = CARTESIAN_POINT ( 'NONE',  ( 0.3047999999999999599, 0.6731000000000003647, 2.387599999999999945 ) ) ;
#2811 = EDGE_CURVE ( 'NONE', #6442, #320, #4336, .T. ) ;
#2812 = DIRECTION ( 'NONE',  ( -0.000000000000000000, 1.000000000000000000, 1.733406087350420004E-16 ) ) ;
#2813 = ORIENTED_EDGE ( 'NONE', *, *, #28, .T. ) ;
#2814 = ADVANCED_FACE ( 'NONE', ( #1432 ), #4291, .T. ) ;
#2815 = LINE ( 'NONE', #5661, #178 ) ;
#2816 = ORIENTED_EDGE ( 'NONE', *, *, #7585, .T. ) ;
#2817 = DIRECTION ( 'NONE',  ( -0.000000000000000000, -0.000000000000000000, 1.000000000000000000 ) ) ;
#2818 = ORIENTED_EDGE ( 'NONE', *, *, #2108, .T. ) ;
#2819 = AXIS2_PLACEMENT_3D ( 'NONE', #6754, #6028, #1670 ) ;
#2820 = CARTESIAN_POINT ( 'NONE',  ( -9.271000000000000796, 6.222999999999998977, -0.8889999999999987912 ) ) ;
#2821 = VERTEX_POINT ( 'NONE', #2856 ) ;
#2822 = VECTOR ( 'NONE', #4912, 1000.000000000000000 ) ;
#2823 = EDGE_CURVE ( 'NONE', #7946, #3207, #722, .T. ) ;
#2824 = CARTESIAN_POINT ( 'NONE',  ( -7.619999999999999218, 0.8889999999999985691, 1.984781810244993228 ) ) ;
#2825 = DIRECTION ( 'NONE',  ( -0.5773502691896273964, -0.5773502691896236216, -0.5773502691896262862 ) ) ;
#2826 = EDGE_CURVE ( 'NONE', #4318, #2167, #6339, .T. ) ;
#2827 = CARTESIAN_POINT ( 'NONE',  ( -2.539999999999998703, 0.3809999999999992837, 2.501899999999999125 ) ) ;
#2828 = ADVANCED_FACE ( 'NONE', ( #2690 ), #561, .F. ) ;
#2829 = VECTOR ( 'NONE', #866, 1000.000000000000000 ) ;
#2830 = ADVANCED_FACE ( 'NONE', ( #1371 ), #1979, .F. ) ;
#2831 = VECTOR ( 'NONE', #6609, 1000.000000000000000 ) ;
#2832 = FACE_OUTER_BOUND ( 'NONE', #6233, .T. ) ;
#2833 = ORIENTED_EDGE ( 'NONE', *, *, #1386, .T. ) ;
#2834 = ORIENTED_EDGE ( 'NONE', *, *, #7732, .F. ) ;
#2835 = LINE ( 'NONE', #6635, #7139 ) ;
#2836 = ORIENTED_EDGE ( 'NONE', *, *, #440, .F. ) ;
#2837 = VECTOR ( 'NONE', #6091, 1000.000000000000000 ) ;
#2838 = AXIS2_PLACEMENT_3D ( 'NONE', #2028, #7160, #2126 ) ;
#2839 = CARTESIAN_POINT ( 'NONE',  ( -9.271000000000000796, 7.048499999999997989, -0.8889999999999986802 ) ) ;
#2840 = DIRECTION ( 'NONE',  ( -1.000000000000000000, 0.000000000000000000, 0.000000000000000000 ) ) ;
#2841 = ADVANCED_FACE ( 'NONE', ( #1179 ), #8527, .F. ) ;
#2842 = EDGE_CURVE ( 'NONE', #3557, #7806, #1332, .T. ) ;
#2843 = CARTESIAN_POINT ( 'NONE',  ( -9.271000000000000796, 7.048499999999997101, 1.651000000000001355 ) ) ;
#2844 = SURFACE_STYLE_USAGE ( .BOTH. , #664 ) ;
#2845 = CARTESIAN_POINT ( 'NONE',  ( 22.86000000000000298, 6.222999999999998977, -2.201425730935033664E-16 ) ) ;
#2846 = ORIENTED_EDGE ( 'NONE', *, *, #4793, .F. ) ;
#2847 = PLANE ( 'NONE',  #5192 ) ;
#2848 = CARTESIAN_POINT ( 'NONE',  ( -8.509000000000002117, 7.048499999999997101, 1.651000000000001355 ) ) ;
#2849 = DIRECTION ( 'NONE',  ( 0.000000000000000000, 1.733406087350420004E-16, -1.000000000000000000 ) ) ;
#2850 = COLOUR_RGB ( '',0.2509803921568627416, 0.2509803921568627416, 0.2509803921568627416 ) ;
#2851 = AXIS2_PLACEMENT_3D ( 'NONE', #8732, #123, #162 ) ;
#2852 = PLANE ( 'NONE',  #111 ) ;
#2853 = VERTEX_POINT ( 'NONE', #3445 ) ;
#2854 = DIRECTION ( 'NONE',  ( 0.000000000000000000, -1.733406087350420004E-16, 1.000000000000000000 ) ) ;
#2855 = ORIENTED_EDGE ( 'NONE', *, *, #1977, .T. ) ;
#2856 = CARTESIAN_POINT ( 'NONE',  ( 5.080000000000000959, 0.3809999999999992837, 2.501899999999999125 ) ) ;
#2857 = VECTOR ( 'NONE', #5507, 1000.000000000000114 ) ;
#2858 = EDGE_LOOP ( 'NONE', ( #6677, #6434, #3521, #4583 ) ) ;
#2859 = ORIENTED_EDGE ( 'NONE', *, *, #5978, .T. ) ;
#2860 = CARTESIAN_POINT ( 'NONE',  ( -7.619999999999998330, 0.8889999999999985691, 1.984781810244993228 ) ) ;
#2861 = DIRECTION ( 'NONE',  ( 0.000000000000000000, 0.9659258262890700886, -0.2588190451025143002 ) ) ;
#2862 = EDGE_CURVE ( 'NONE', #2702, #1892, #9026, .T. ) ;
#2863 = DIRECTION ( 'NONE',  ( -0.000000000000000000, 1.000000000000000000, 1.092515224483717382E-16 ) ) ;
#2864 = ORIENTED_EDGE ( 'NONE', *, *, #6765, .F. ) ;
#2865 = ADVANCED_FACE ( 'NONE', ( #4884 ), #612, .T. ) ;
#2866 = FACE_OUTER_BOUND ( 'NONE', #4965, .T. ) ;
#2867 = VERTEX_POINT ( 'NONE', #6290 ) ;
#2868 = CARTESIAN_POINT ( 'NONE',  ( 1.650999999999998025, 6.222999999999998977, -0.8889999999999987912 ) ) ;
#2869 = ORIENTED_EDGE ( 'NONE', *, *, #1375, .F. ) ;
#2870 = DIRECTION ( 'NONE',  ( 0.000000000000000000, 0.9659258262890699775, 0.2588190451025143002 ) ) ;
#2871 = LINE ( 'NONE', #5712, #6959 ) ;
#2872 = ORIENTED_EDGE ( 'NONE', *, *, #5456, .T. ) ;
#2873 = PLANE ( 'NONE',  #7166 ) ;
#2874 = DIRECTION ( 'NONE',  ( 0.000000000000000000, 1.733406087350420004E-16, -1.000000000000000000 ) ) ;
#2875 = DIRECTION ( 'NONE',  ( 0.000000000000000000, 1.000000000000000000, -1.138269997360111548E-15 ) ) ;
#2876 = LINE ( 'NONE', #5815, #6902 ) ;
#2877 = VERTEX_POINT ( 'NONE', #9164 ) ;
#2878 = CARTESIAN_POINT ( 'NONE',  ( 9.270999999999997243, 6.222999999999998977, 1.651000000000001133 ) ) ;
#2879 = ORIENTED_EDGE ( 'NONE', *, *, #2670, .T. ) ;
#2880 = DIRECTION ( 'NONE',  ( -1.000000000000000000, -0.000000000000000000, -0.000000000000000000 ) ) ;
#2881 = ORIENTED_EDGE ( 'NONE', *, *, #308, .F. ) ;
#2882 = ADVANCED_FACE ( 'NONE', ( #6877 ), #1279, .F. ) ;
#2883 = FACE_OUTER_BOUND ( 'NONE', #8252, .T. ) ;
#2884 = DIRECTION ( 'NONE',  ( 0.000000000000000000, 1.000000000000000000, 2.439149994343092652E-16 ) ) ;
#2885 = SURFACE_SIDE_STYLE ('',( #1333 ) ) ;
#2886 = CARTESIAN_POINT ( 'NONE',  ( -0.3047999999999999599, 0.6731000000000003647, 2.387599999999999945 ) ) ;
#2887 = LINE ( 'NONE', #7687, #3822 ) ;
#2888 = EDGE_LOOP ( 'NONE', ( #7067, #8699, #7766, #9119 ) ) ;
#2889 = DIRECTION ( 'NONE',  ( -0.000000000000000000, -1.224646799147353700E-16, -1.000000000000000000 ) ) ;
#2890 = AXIS2_PLACEMENT_3D ( 'NONE', #1789, #4641, #1481 ) ;
#2891 = FACE_OUTER_BOUND ( 'NONE', #3442, .T. ) ;
#2892 = ORIENTED_EDGE ( 'NONE', *, *, #3483, .F. ) ;
#2893 = CARTESIAN_POINT ( 'NONE',  ( -3.429000000000003379, 6.222999999999998977, 1.651000000000001133 ) ) ;
#2894 = CARTESIAN_POINT ( 'NONE',  ( 8.508999999999998565, 6.222999999999998977, 1.651000000000001133 ) ) ;
#2895 = ORIENTED_EDGE ( 'NONE', *, *, #4024, .F. ) ;
#2896 = PLANE ( 'NONE',  #4416 ) ;
#2897 = AXIS2_PLACEMENT_3D ( 'NONE', #7168, #1419, #4279 ) ;
#2898 = DIRECTION ( 'NONE',  ( -1.000000000000000000, 0.000000000000000000, -0.000000000000000000 ) ) ;
#2899 = ORIENTED_EDGE ( 'NONE', *, *, #1523, .F. ) ;
#2900 = PLANE ( 'NONE',  #6081 ) ;
#2901 = ORIENTED_EDGE ( 'NONE', *, *, #1497, .F. ) ;
#2902 = CARTESIAN_POINT ( 'NONE',  ( 6.730999999999997208, 6.222999999999998977, 0.8890000000000011227 ) ) ;
#2903 = LINE ( 'NONE', #8543, #6456 ) ;
#2904 = VECTOR ( 'NONE', #8389, 1000.000000000000000 ) ;
#2905 = EDGE_CURVE ( 'NONE', #1844, #7598, #8481, .T. ) ;
#2906 = AXIS2_PLACEMENT_3D ( 'NONE', #8408, #6219, #2665 ) ;
#2907 = DIRECTION ( 'NONE',  ( 0.000000000000000000, 0.000000000000000000, -1.000000000000000000 ) ) ;
#2908 = PLANE ( 'NONE',  #2366 ) ;
#2909 = EDGE_LOOP ( 'NONE', ( #5555, #1971, #3651, #8744 ) ) ;
#2910 = CARTESIAN_POINT ( 'NONE',  ( 8.508999999999998565, 7.048499999999997989, -1.650999999999998691 ) ) ;
#2911 = ORIENTED_EDGE ( 'NONE', *, *, #8624, .F. ) ;
#2912 = AXIS2_PLACEMENT_3D ( 'NONE', #7347, #7962, #3814 ) ;
#2913 = ORIENTED_EDGE ( 'NONE', *, *, #752, .T. ) ;
#2914 = VECTOR ( 'NONE', #4960, 1000.000000000000000 ) ;
#2915 =( LENGTH_UNIT ( ) NAMED_UNIT ( * ) SI_UNIT ( .MILLI., .METRE. ) );
#2916 = LINE ( 'NONE', #5759, #519 ) ;
#2917 = ORIENTED_EDGE ( 'NONE', *, *, #6430, .F. ) ;
#2918 = EDGE_CURVE ( 'NONE', #3331, #728, #8378, .T. ) ;
#2919 = CARTESIAN_POINT ( 'NONE',  ( -9.271000000000000796, 6.222999999999998977, 0.8890000000000011227 ) ) ;
#2920 = EDGE_CURVE ( 'NONE', #7769, #7997, #6239, .T. ) ;
#2921 = DIRECTION ( 'NONE',  ( 1.000000000000000000, 0.000000000000000000, 0.000000000000000000 ) ) ;
#2922 = CARTESIAN_POINT ( 'NONE',  ( -9.017000000000001236, 6.794499999999999318, -1.396999999999998243 ) ) ;
#2923 = ORIENTED_EDGE ( 'NONE', *, *, #283, .F. ) ;
#2924 = LINE ( 'NONE', #4398, #6337 ) ;
#2925 = EDGE_LOOP ( 'NONE', ( #7011, #9048, #22, #5977 ) ) ;
#2926 = VERTEX_POINT ( 'NONE', #3542 ) ;
#2927 = AXIS2_PLACEMENT_3D ( 'NONE', #5686, #8431, #9212 ) ;
#2928 =( GEOMETRIC_REPRESENTATION_CONTEXT ( 3 ) GLOBAL_UNCERTAINTY_ASSIGNED_CONTEXT ( ( #7637 ) ) GLOBAL_UNIT_ASSIGNED_CONTEXT ( ( #8051, #2428, #179 ) ) REPRESENTATION_CONTEXT ( 'NONE', 'WORKASPACE' ) );
#2929 = CARTESIAN_POINT ( 'NONE',  ( -12.95400000000000063, 0.8889999999999985691, 1.984781810244993228 ) ) ;
#2930 = LINE ( 'NONE', #2219, #6499 ) ;
#2931 = EDGE_CURVE ( 'NONE', #1242, #911, #3348, .T. ) ;
#2932 = LINE ( 'NONE', #8621, #1699 ) ;
#2933 = CARTESIAN_POINT ( 'NONE',  ( -5.969000000000002970, 7.048499999999997101, 1.651000000000001355 ) ) ;
#2934 = EDGE_CURVE ( 'NONE', #1807, #5521, #511, .T. ) ;
#2935 = VERTEX_POINT ( 'NONE', #6382 ) ;
#2936 = VECTOR ( 'NONE', #2383, 1000.000000000000000 ) ;
#2937 = CARTESIAN_POINT ( 'NONE',  ( 2.540000000000002256, 7.492999999999998550, 2.501900000000000901 ) ) ;
#2938 = VECTOR ( 'NONE', #1967, 1000.000000000000000 ) ;
#2939 = CARTESIAN_POINT ( 'NONE',  ( 9.270999999999997243, 7.048499999999997101, 1.651000000000001355 ) ) ;
#2940 = VERTEX_POINT ( 'NONE', #4735 ) ;
#2941 = EDGE_CURVE ( 'NONE', #9064, #1211, #5497, .T. ) ;
#2942 = PRESENTATION_STYLE_ASSIGNMENT (( #674 ) ) ;
#2943 = VECTOR ( 'NONE', #6273, 1000.000000000000000 ) ;
#2944 = DIRECTION ( 'NONE',  ( -1.000000000000000000, 0.000000000000000000, 0.000000000000000000 ) ) ;
#2945 = ORIENTED_EDGE ( 'NONE', *, *, #2281, .T. ) ;
#2946 = LINE ( 'NONE', #809, #5770 ) ;
#2947 = VERTEX_POINT ( 'NONE', #7784 ) ;
#2948 = ORIENTED_EDGE ( 'NONE', *, *, #2121, .F. ) ;
#2949 = LINE ( 'NONE', #2243, #1489 ) ;
#2950 = CARTESIAN_POINT ( 'NONE',  ( 2.540000000000002256, 7.492999999999999439, -2.501900000000000901 ) ) ;
#2951 = EDGE_CURVE ( 'NONE', #7480, #1529, #7073, .T. ) ;
#2952 = CARTESIAN_POINT ( 'NONE',  ( 1.734723475976807094E-15, 0.3809999999999993947, -2.120900000000001562 ) ) ;
#2953 = ORIENTED_EDGE ( 'NONE', *, *, #7094, .F. ) ;
#2954 = DIRECTION ( 'NONE',  ( -1.000000000000000000, -0.000000000000000000, -0.000000000000000000 ) ) ;
#2955 = DIRECTION ( 'NONE',  ( -0.5773502691896272854, -0.5773502691896241767, -0.5773502691896257311 ) ) ;
#2956 = VECTOR ( 'NONE', #7404, 1000.000000000000000 ) ;
#2957 = ORIENTED_EDGE ( 'NONE', *, *, #3078, .F. ) ;
#2958 = DIRECTION ( 'NONE',  ( 1.000000000000000000, 0.000000000000000000, 0.000000000000000000 ) ) ;
#2959 = FACE_OUTER_BOUND ( 'NONE', #8462, .T. ) ;
#2960 = ORIENTED_EDGE ( 'NONE', *, *, #6342, .T. ) ;
#2961 = DIRECTION ( 'NONE',  ( 0.000000000000000000, 1.000000000000000000, 1.733406087350420004E-16 ) ) ;
#2962 = CARTESIAN_POINT ( 'NONE',  ( 3.428999999999998050, 7.048499999999997989, -1.650999999999998691 ) ) ;
#2963 = EDGE_CURVE ( 'NONE', #5121, #2743, #7626, .T. ) ;
#2964 = DIRECTION ( 'NONE',  ( -1.000000000000000000, -0.000000000000000000, -0.000000000000000000 ) ) ;
#2965 = ORIENTED_EDGE ( 'NONE', *, *, #4125, .F. ) ;
#2966 = AXIS2_PLACEMENT_3D ( 'NONE', #3749, #3143, #6583 ) ;
#2967 = CARTESIAN_POINT ( 'NONE',  ( 7.620000000000001883, 7.492999999999998550, 2.501900000000000901 ) ) ;
#2969 = ORIENTED_EDGE ( 'NONE', *, *, #387, .T. ) ;
#2968 = ORIENTED_EDGE ( 'NONE', *, *, #4934, .F. ) ;
#2970 = AXIS2_PLACEMENT_3D ( 'NONE', #2688, #1878, #7576 ) ;
#2971 = CARTESIAN_POINT ( 'NONE',  ( 2.540000000000002256, 0.000000000000000000, 0.000000000000000000 ) ) ;
#2972 = VERTEX_POINT ( 'NONE', #5773 ) ;
#2973 = CARTESIAN_POINT ( 'NONE',  ( 5.968999999999998529, 7.048499999999997101, 0.8890000000000012337 ) ) ;
#2974 = CARTESIAN_POINT ( 'NONE',  ( 5.080000000000000959, 0.3809999999999988396, 2.120899999999999785 ) ) ;
#2975 = AXIS2_PLACEMENT_3D ( 'NONE', #2810, #4383, #1526 ) ;
#2976 = VECTOR ( 'NONE', #4005, 1000.000000000000000 ) ;
#2977 = ADVANCED_FACE ( 'NONE', ( #6466 ), #3587, .F. ) ;
#2978 = CARTESIAN_POINT ( 'NONE',  ( -4.191000000000001613, 6.222999999999998977, -0.8889999999999987912 ) ) ;
#2979 = ORIENTED_EDGE ( 'NONE', *, *, #6619, .T. ) ;
#2980 = ORIENTED_EDGE ( 'NONE', *, *, #7225, .T. ) ;
#2981 = VECTOR ( 'NONE', #3726, 1000.000000000000000 ) ;
#2982 = EDGE_CURVE ( 'NONE', #2247, #8741, #8000, .T. ) ;
#2983 = DIRECTION ( 'NONE',  ( 0.000000000000000000, 1.733406087350420004E-16, -1.000000000000000000 ) ) ;
#2984 = LINE ( 'NONE', #5171, #2757 ) ;
#2985 = DIRECTION ( 'NONE',  ( 0.000000000000000000, -1.000000000000000000, -2.439149994343092652E-16 ) ) ;
#2986 = AXIS2_PLACEMENT_3D ( 'NONE', #7409, #5893, #4610 ) ;
#2987 = VERTEX_POINT ( 'NONE', #5912 ) ;
#2988 = DIRECTION ( 'NONE',  ( 0.000000000000000000, 1.000000000000000000, 0.000000000000000000 ) ) ;
#2989 = EDGE_LOOP ( 'NONE', ( #5188, #2705, #4756, #2643 ) ) ;
#2990 = CARTESIAN_POINT ( 'NONE',  ( 0.8889999999999991243, 6.222999999999998977, -0.8889999999999987912 ) ) ;
#2991 = CARTESIAN_POINT ( 'NONE',  ( -4.191000000000001613, 7.048499999999997989, -0.8889999999999986802 ) ) ;
#2992 = EDGE_CURVE ( 'NONE', #3835, #6742, #2997, .T. ) ;
#2993 = DIRECTION ( 'NONE',  ( 0.000000000000000000, 1.733406087350420004E-16, -1.000000000000000000 ) ) ;
#2994 = CIRCLE ( 'NONE', #8653, 0.1269999999999999463 ) ;
#2995 = CARTESIAN_POINT ( 'NONE',  ( -7.619999999999998330, 0.3809999999999992837, 2.501899999999999125 ) ) ;
#2996 = EDGE_LOOP ( 'NONE', ( #1746, #345, #5511, #3789 ) ) ;
#2997 = LINE ( 'NONE', #8619, #1273 ) ;
#2998 = CARTESIAN_POINT ( 'NONE',  ( 6.730999999999997208, 7.048499999999997989, -0.8889999999999986802 ) ) ;
#2999 = EDGE_CURVE ( 'NONE', #4667, #4715, #1547, .T. ) ;
#3000 = DIRECTION ( 'NONE',  ( -0.000000000000000000, 1.000000000000000000, 1.733406087350420004E-16 ) ) ;
#3001 = LINE ( 'NONE', #4255, #5822 ) ;
#3002 = EDGE_LOOP ( 'NONE', ( #4149, #1751, #5389, #6715 ) ) ;
#3003 = VECTOR ( 'NONE', #9200, 1000.000000000000000 ) ;
#3004 = PLANE ( 'NONE',  #5755 ) ;
#3005 = DIRECTION ( 'NONE',  ( 0.000000000000000000, 1.733406087350420004E-16, -1.000000000000000000 ) ) ;
#3006 = DIRECTION ( 'NONE',  ( 0.000000000000000000, 0.000000000000000000, 1.000000000000000000 ) ) ;
#3007 = LINE ( 'NONE', #8733, #6513 ) ;
#3008 = ORIENTED_EDGE ( 'NONE', *, *, #7032, .F. ) ;
#3009 = DIRECTION ( 'NONE',  ( 0.000000000000000000, 1.000000000000000000, -0.000000000000000000 ) ) ;
#3010 = CARTESIAN_POINT ( 'NONE',  ( -3.429000000000003379, 7.048499999999997989, -0.8889999999999986802 ) ) ;
#3011 = CARTESIAN_POINT ( 'NONE',  ( 0.4444999999999952323, 7.492999999999999439, -2.095500000000001695 ) ) ;
#3012 = ORIENTED_EDGE ( 'NONE', *, *, #4202, .F. ) ;
#3013 = CARTESIAN_POINT ( 'NONE',  ( -8.509000000000002117, 6.222999999999998977, -1.650999999999998913 ) ) ;
#3014 = ORIENTED_EDGE ( 'NONE', *, *, #4359, .T. ) ;
#3015 = PLANE ( 'NONE',  #1915 ) ;
#3016 = ORIENTED_EDGE ( 'NONE', *, *, #5718, .T. ) ;
#3017 = DIRECTION ( 'NONE',  ( 0.7071067811865452413, -0.7071067811865499042, -1.225703198915527072E-16 ) ) ;
#3018 = EDGE_CURVE ( 'NONE', #7965, #90, #2930, .T. ) ;
#3019 = PLANE ( 'NONE',  #2765 ) ;
#3020 = CARTESIAN_POINT ( 'NONE',  ( -5.969000000000002970, 7.048499999999997101, 1.651000000000001355 ) ) ;
#3021 = EDGE_LOOP ( 'NONE', ( #4263, #4483, #761, #6294 ) ) ;
#3022 = CARTESIAN_POINT ( 'NONE',  ( 10.16000000000000192, 7.492999999999999439, -2.501900000000000901 ) ) ;
#3023 = CARTESIAN_POINT ( 'NONE',  ( -12.69999999999999929, 0.3809999999999999498, -2.501900000000000901 ) ) ;
#3024 = LINE ( 'NONE', #4510, #8182 ) ;
#3025 = ADVANCED_FACE ( 'NONE', ( #177 ), #5075, .F. ) ;
#3026 = DIRECTION ( 'NONE',  ( 0.000000000000000000, 1.000000000000000000, 0.000000000000000000 ) ) ;
#3027 = CARTESIAN_POINT ( 'NONE',  ( 12.69999999999999929, 7.492999999999999439, -2.501900000000000901 ) ) ;
#3028 = ORIENTED_EDGE ( 'NONE', *, *, #4412, .T. ) ;
#3029 = DIRECTION ( 'NONE',  ( 0.000000000000000000, 1.733406087350420004E-16, -1.000000000000000000 ) ) ;
#3030 = DIRECTION ( 'NONE',  ( -0.000000000000000000, 0.000000000000000000, 1.000000000000000000 ) ) ;
#3031 = CLOSED_SHELL ( 'NONE', ( #4886, #1870, #7634, #2220, #7351, #2784, #5384, #4694, #581, #6884, #3187, #948, #4358, #4969, #3658, #7320, #74, #3434, #1062, #4502, #2394, #8331, #2769, #2699, #5108, #953, #3745, #5405 ) ) ;
#3032 = CARTESIAN_POINT ( 'NONE',  ( 7.175500000000001322, 7.492999999999998550, 2.095500000000003915 ) ) ;
#3033 = EDGE_LOOP ( 'NONE', ( #4371, #6320, #746, #6158 ) ) ;
#3034 = CARTESIAN_POINT ( 'NONE',  ( 8.508999999999998565, 6.222999999999998977, 1.651000000000001133 ) ) ;
#3035 = DIRECTION ( 'NONE',  ( -1.000000000000000000, -0.000000000000000000, -0.000000000000000000 ) ) ;
#3036 = ADVANCED_FACE ( 'NONE', ( #2173 ), #7205, .F. ) ;
#3037 = DIRECTION ( 'NONE',  ( 0.000000000000000000, -1.733406087350420004E-16, 1.000000000000000000 ) ) ;
#3038 = AXIS2_PLACEMENT_3D ( 'NONE', #7618, #1217, #4083 ) ;
#3039 = ORIENTED_EDGE ( 'NONE', *, *, #908, .T. ) ;
#3040 = DIRECTION ( 'NONE',  ( 0.000000000000000000, -0.7071067811865492381, 0.7071067811865457964 ) ) ;
#3041 = ADVANCED_FACE ( 'NONE', ( #751 ), #3670, .T. ) ;
#3042 = EDGE_CURVE ( 'NONE', #4461, #3972, #7873, .T. ) ;
#3043 = CARTESIAN_POINT ( 'NONE',  ( 7.620000000000001883, 0.3809999999999988396, 2.120899999999999785 ) ) ;
#3044 =( LENGTH_UNIT ( ) NAMED_UNIT ( * ) SI_UNIT ( .MILLI., .METRE. ) );
#3045 = CARTESIAN_POINT ( 'NONE',  ( -12.95400000000000063, 0.8889999999999985691, 1.984781810244993228 ) ) ;
#3046 = ORIENTED_EDGE ( 'NONE', *, *, #1142, .F. ) ;
#3047 = VECTOR ( 'NONE', #6331, 1000.000000000000000 ) ;
#3048 = FACE_OUTER_BOUND ( 'NONE', #6613, .T. ) ;
#3049 = DIRECTION ( 'NONE',  ( 0.5773502691896272854, -0.5773502691896241767, -0.5773502691896257311 ) ) ;
#3050 = VECTOR ( 'NONE', #5036, 1000.000000000000000 ) ;
#3051 = EDGE_CURVE ( 'NONE', #7235, #7544, #86, .T. ) ;
#3052 = VECTOR ( 'NONE', #7472, 1000.000000000000000 ) ;
#3053 = CARTESIAN_POINT ( 'NONE',  ( 0.3047999999999999599, 1.275347176632054726E-16, 2.387599999999999945 ) ) ;
#3054 = VERTEX_POINT ( 'NONE', #1459 ) ;
#3055 = CARTESIAN_POINT ( 'NONE',  ( -12.95400000000000063, 0.3809999999999988396, 2.120899999999999785 ) ) ;
#3057 = ORIENTED_EDGE ( 'NONE', *, *, #8327, .T. ) ;
#3056 = VERTEX_POINT ( 'NONE', #8661 ) ;
#3058 = DIRECTION ( 'NONE',  ( -1.000000000000000000, -0.000000000000000000, -0.000000000000000000 ) ) ;
#3059 = EDGE_LOOP ( 'NONE', ( #5240, #591, #8947, #8006 ) ) ;
#3060 = VECTOR ( 'NONE', #3807, 1000.000000000000000 ) ;
#3061 = CARTESIAN_POINT ( 'NONE',  ( -2.539999999999998703, 0.3809999999999993947, -2.120900000000001562 ) ) ;
#3062 = CARTESIAN_POINT ( 'NONE',  ( 0.3047999999999999599, 0.000000000000000000, 3.302000000000000046 ) ) ;
#3063 = CARTESIAN_POINT ( 'NONE',  ( -11.81100000000000172, 7.048499999999997101, 1.651000000000001355 ) ) ;
#3064 = ADVANCED_FACE ( 'NONE', ( #138 ), #4405, .F. ) ;
#3065 = DIRECTION ( 'NONE',  ( 1.000000000000000000, 0.000000000000000000, 0.000000000000000000 ) ) ;
#3066 = ORIENTED_EDGE ( 'NONE', *, *, #8905, .F. ) ;
#3067 = ORIENTED_EDGE ( 'NONE', *, *, #7343, .F. ) ;
#3068 = ORIENTED_EDGE ( 'NONE', *, *, #5445, .T. ) ;
#3069 = DIRECTION ( 'NONE',  ( -0.000000000000000000, 1.000000000000000000, 1.733406087350420004E-16 ) ) ;
#3070 = CARTESIAN_POINT ( 'NONE',  ( 12.70000000000000107, 6.222999999999998977, -2.201425730935033664E-16 ) ) ;
#3071 = DIRECTION ( 'NONE',  ( 1.000000000000000000, 0.000000000000000000, 0.000000000000000000 ) ) ;
#3072 = VECTOR ( 'NONE', #6245, 1000.000000000000000 ) ;
#3073 = AXIS2_PLACEMENT_3D ( 'NONE', #2310, #5026, #2129 ) ;
#3074 = CARTESIAN_POINT ( 'NONE',  ( -2.539999999999998703, 0.8889999999999989022, -1.984781810244995004 ) ) ;
#3075 = LINE ( 'NONE', #6691, #128 ) ;
#3076 = DIRECTION ( 'NONE',  ( 0.000000000000000000, 1.000000000000000000, -0.000000000000000000 ) ) ;
#3077 = ORIENTED_EDGE ( 'NONE', *, *, #6728, .T. ) ;
#3078 = EDGE_CURVE ( 'NONE', #5528, #7289, #838, .T. ) ;
#3079 = CARTESIAN_POINT ( 'NONE',  ( -10.15999999999999837, 0.3809999999999992837, 2.501899999999999125 ) ) ;
#3080 = ORIENTED_EDGE ( 'NONE', *, *, #742, .T. ) ;
#3081 = PRODUCT_DEFINITION_SHAPE ( 'NONE', 'NONE',  #9263 ) ;
#3082 = DIRECTION ( 'NONE',  ( -1.000000000000000000, -0.000000000000000000, -0.000000000000000000 ) ) ;
#3083 = ORIENTED_EDGE ( 'NONE', *, *, #867, .T. ) ;
#3084 = CARTESIAN_POINT ( 'NONE',  ( 11.04899999999999949, 7.048499999999997101, 1.651000000000001355 ) ) ;
#3085 = ADVANCED_FACE ( 'NONE', ( #4322 ), #3712, .F. ) ;
#3086 = VECTOR ( 'NONE', #3697, 1000.000000000000000 ) ;
#3087 = LINE ( 'NONE', #3911, #4744 ) ;
#3088 = CARTESIAN_POINT ( 'NONE',  ( -11.04900000000000304, 6.222999999999998977, -1.650999999999998913 ) ) ;
#3089 = EDGE_LOOP ( 'NONE', ( #392, #2253, #2917, #7547 ) ) ;
#3090 = LINE ( 'NONE', #4656, #5457 ) ;
#3091 = ADVANCED_FACE ( 'NONE', ( #7296 ), #889, .T. ) ;
#3092 = CARTESIAN_POINT ( 'NONE',  ( 11.42999999999999972, 0.000000000000000000, 0.000000000000000000 ) ) ;
#3093 = VERTEX_POINT ( 'NONE', #4277 ) ;
#3094 = EDGE_CURVE ( 'NONE', #4350, #472, #7165, .T. ) ;
#3095 = DIRECTION ( 'NONE',  ( -1.000000000000000000, -0.000000000000000000, -0.000000000000000000 ) ) ;
#3096 = CARTESIAN_POINT ( 'NONE',  ( -2.539999999999998703, 0.3809999999999993947, -2.120900000000001562 ) ) ;
#3097 = VECTOR ( 'NONE', #9248, 1000.000000000000000 ) ;
#3098 = LINE ( 'NONE', #169, #931 ) ;
#3099 = PLANE ( 'NONE',  #4449 ) ;
#3100 = VERTEX_POINT ( 'NONE', #2475 ) ;
#3101 = PLANE ( 'NONE',  #5436 ) ;
#3103 = ORIENTED_EDGE ( 'NONE', *, *, #9124, .T. ) ;
#3102 = ORIENTED_EDGE ( 'NONE', *, *, #283, .T. ) ;
#3104 = LINE ( 'NONE', #5203, #2225 ) ;
#3105 = VECTOR ( 'NONE', #8367, 1000.000000000000000 ) ;
#3106 = ORIENTED_EDGE ( 'NONE', *, *, #3724, .T. ) ;
#3107 = AXIS2_PLACEMENT_3D ( 'NONE', #9079, #6885, #1237 ) ;
#3108 = ADVANCED_FACE ( 'NONE', ( #3932 ), #398, .F. ) ;
#3109 = EDGE_CURVE ( 'NONE', #8588, #8413, #6638, .T. ) ;
#3110 = DIRECTION ( 'NONE',  ( 0.000000000000000000, -0.000000000000000000, -1.000000000000000000 ) ) ;
#3111 = DIRECTION ( 'NONE',  ( 0.000000000000000000, 0.000000000000000000, -1.000000000000000000 ) ) ;
#3112 = ADVANCED_FACE ( 'NONE', ( #1682 ), #3848, .F. ) ;
#3113 = LINE ( 'NONE', #1029, #6622 ) ;
#3114 = AXIS2_PLACEMENT_3D ( 'NONE', #4090, #8235, #4685 ) ;
#3115 = LINE ( 'NONE', #4589, #629 ) ;
#3116 = DIRECTION ( 'NONE',  ( -0.000000000000000000, 1.000000000000000000, 1.733406087350420004E-16 ) ) ;
#3117 = ORIENTED_EDGE ( 'NONE', *, *, #6186, .F. ) ;
#3118 = FACE_OUTER_BOUND ( 'NONE', #9184, .T. ) ;
#3119 = VECTOR ( 'NONE', #7408, 1000.000000000000000 ) ;
#3120 = DIRECTION ( 'NONE',  ( 0.000000000000000000, 1.092515224483717628E-16, -1.000000000000000000 ) ) ;
#3121 = ADVANCED_FACE ( 'NONE', ( #3202 ), #6720, .F. ) ;
#3122 = VECTOR ( 'NONE', #5923, 1000.000000000000000 ) ;
#3123 = CARTESIAN_POINT ( 'NONE',  ( 1.650999999999998025, 6.222999999999998977, 1.651000000000001133 ) ) ;
#3124 = CARTESIAN_POINT ( 'NONE',  ( -2.984499999999999265, 7.492999999999999439, -2.095500000000001695 ) ) ;
#3125 = CARTESIAN_POINT ( 'NONE',  ( -4.191000000000001613, 7.048499999999997989, -0.8889999999999986802 ) ) ;
#3126 = ORIENTED_EDGE ( 'NONE', *, *, #3986, .F. ) ;
#3127 = VECTOR ( 'NONE', #1111, 1000.000000000000114 ) ;
#3128 = VECTOR ( 'NONE', #134, 1000.000000000000000 ) ;
#3129 = LINE ( 'NONE', #5964, #7281 ) ;
#3130 = ORIENTED_EDGE ( 'NONE', *, *, #5060, .T. ) ;
#3131 = CARTESIAN_POINT ( 'NONE',  ( -0.8890000000000026770, 6.222999999999998977, 1.651000000000001133 ) ) ;
#3132 = EDGE_LOOP ( 'NONE', ( #4778, #9008, #290, #6179 ) ) ;
#3133 = FACE_OUTER_BOUND ( 'NONE', #9091, .T. ) ;
#3134 = MECHANICAL_DESIGN_GEOMETRIC_PRESENTATION_REPRESENTATION (  '', ( #404 ), #9075 ) ;
#3135 = LINE ( 'NONE', #1661, #1613 ) ;
#3136 = DIRECTION ( 'NONE',  ( -1.000000000000000000, -0.000000000000000000, 0.000000000000000000 ) ) ;
#3137 = ORIENTED_EDGE ( 'NONE', *, *, #6503, .T. ) ;
#3138 = DIRECTION ( 'NONE',  ( -0.000000000000000000, 1.000000000000000000, 1.733406087350420004E-16 ) ) ;
#3139 = VECTOR ( 'NONE', #9027, 1000.000000000000000 ) ;
#3140 = DIRECTION ( 'NONE',  ( 0.7071067811865452413, -0.7071067811865499042, -1.225703198915527072E-16 ) ) ;
#3141 = ORIENTED_EDGE ( 'NONE', *, *, #839, .F. ) ;
#3142 = EDGE_CURVE ( 'NONE', #3313, #6956, #7389, .T. ) ;
#3143 = DIRECTION ( 'NONE',  ( 0.000000000000000000, -1.000000000000000000, 0.000000000000000000 ) ) ;
#3144 = CARTESIAN_POINT ( 'NONE',  ( -10.15999999999999837, 0.8889999999999989022, -1.984781810244995004 ) ) ;
#3145 = EDGE_CURVE ( 'NONE', #971, #6459, #5338, .T. ) ;
#3146 = LINE ( 'NONE', #1816, #1074 ) ;
#3147 = DIRECTION ( 'NONE',  ( -1.000000000000000000, 0.000000000000000000, 0.000000000000000000 ) ) ;
#3148 = EDGE_LOOP ( 'NONE', ( #538, #6460, #5858, #5122 ) ) ;
#3149 = LINE ( 'NONE', #8916, #4674 ) ;
#3151 = EDGE_LOOP ( 'NONE', ( #5270, #1152, #1005, #5652 ) ) ;
#3150 = ORIENTED_EDGE ( 'NONE', *, *, #3580, .F. ) ;
#3152 = PLANE ( 'NONE',  #4602 ) ;
#3153 = VECTOR ( 'NONE', #7317, 1000.000000000000000 ) ;
#3154 = VERTEX_POINT ( 'NONE', #8049 ) ;
#3155 = CARTESIAN_POINT ( 'NONE',  ( -1.651000000000001355, 6.222999999999998977, -0.8889999999999987912 ) ) ;
#3156 = CARTESIAN_POINT ( 'NONE',  ( 0.3047999999999999599, 0.6730999999999999206, -1.714499999999999913 ) ) ;
#3157 = LINE ( 'NONE', #5994, #4234 ) ;
#3158 = FACE_OUTER_BOUND ( 'NONE', #8128, .T. ) ;
#3159 = ORIENTED_EDGE ( 'NONE', *, *, #8327, .F. ) ;
#3160 = EDGE_CURVE ( 'NONE', #3909, #5894, #6817, .T. ) ;
#3161 = SURFACE_STYLE_FILL_AREA ( #2435 ) ;
#3162 = DIRECTION ( 'NONE',  ( 0.7071067811865452413, -0.7071067811865499042, -1.225703198915527072E-16 ) ) ;
#3163 = DIRECTION ( 'NONE',  ( 1.000000000000000000, 0.000000000000000000, 0.000000000000000000 ) ) ;
#3164 = EDGE_CURVE ( 'NONE', #8015, #2127, #7430, .T. ) ;
#3165 = ORIENTED_EDGE ( 'NONE', *, *, #326, .F. ) ;
#3166 = DIRECTION ( 'NONE',  ( 0.000000000000000000, 1.733406087350420004E-16, -1.000000000000000000 ) ) ;
#3167 = CARTESIAN_POINT ( 'NONE',  ( -2.539999999999998703, 0.8889999999999989022, -1.984781810244995004 ) ) ;
#3168 = ORIENTED_EDGE ( 'NONE', *, *, #4729, .T. ) ;
#3169 = PLANE ( 'NONE',  #7888 ) ;
#3171 = ORIENTED_EDGE ( 'NONE', *, *, #4013, .F. ) ;
#3170 = ORIENTED_EDGE ( 'NONE', *, *, #7546, .F. ) ;
#3172 = EDGE_CURVE ( 'NONE', #4959, #2005, #6764, .T. ) ;
#3173 = DIRECTION ( 'NONE',  ( 0.000000000000000000, -1.733406087350420004E-16, 1.000000000000000000 ) ) ;
#3174 = ORIENTED_EDGE ( 'NONE', *, *, #3540, .T. ) ;
#3175 = FACE_OUTER_BOUND ( 'NONE', #2305, .T. ) ;
#3176 = DIRECTION ( 'NONE',  ( -0.5773502691896272854, -0.5773502691896241767, -0.5773502691896257311 ) ) ;
#3177 = CARTESIAN_POINT ( 'NONE',  ( 0.1777999999999999858, 0.000000000000000000, -3.302000000000000046 ) ) ;
#3178 = LINE ( 'NONE', #7500, #8191 ) ;
#3179 = ORIENTED_EDGE ( 'NONE', *, *, #6680, .F. ) ;
#3180 = CARTESIAN_POINT ( 'NONE',  ( 2.540000000000002256, 0.3809999999999999498, -2.501900000000000901 ) ) ;
#3181 = VECTOR ( 'NONE', #7208, 1000.000000000000000 ) ;
#3182 = EDGE_LOOP ( 'NONE', ( #4364, #3681, #7899, #4870 ) ) ;
#3183 = DIRECTION ( 'NONE',  ( 0.000000000000000000, -1.000000000000000000, 0.000000000000000000 ) ) ;
#3184 = ORIENTED_EDGE ( 'NONE', *, *, #5262, .F. ) ;
#3185 = DIRECTION ( 'NONE',  ( 0.000000000000000000, 0.9659258262890700886, -0.2588190451025143002 ) ) ;
#3186 = EDGE_LOOP ( 'NONE', ( #8248, #5004, #1056, #6697 ) ) ;
#3187 = ADVANCED_FACE ( 'NONE', ( #6090 ), #4673, .F. ) ;
#3188 = VECTOR ( 'NONE', #6458, 1000.000000000000000 ) ;
#3189 = CARTESIAN_POINT ( 'NONE',  ( -9.715500000000005798, 7.492999999999998550, 0.4444999999999979523 ) ) ;
#3190 = CARTESIAN_POINT ( 'NONE',  ( 12.95400000000000063, 0.3809999999999988396, 2.120899999999999785 ) ) ;
#3191 = LINE ( 'NONE', #6669, #6321 ) ;
#3192 = LINE ( 'NONE', #214, #5052 ) ;
#3193 = ORIENTED_EDGE ( 'NONE', *, *, #5589, .T. ) ;
#3194 = LINE ( 'NONE', #6035, #2006 ) ;
#3195 = ADVANCED_FACE ( 'NONE', ( #5946 ), #8830, .F. ) ;
#3196 = EDGE_LOOP ( 'NONE', ( #3709, #4021, #2957, #5958 ) ) ;
#3197 = AXIS2_PLACEMENT_3D ( 'NONE', #3853, #1787, #3249 ) ;
#3198 = CARTESIAN_POINT ( 'NONE',  ( -2.539999999999998703, 7.492999999999998550, 2.501900000000000901 ) ) ;
#3199 = ORIENTED_EDGE ( 'NONE', *, *, #3383, .F. ) ;
#3200 = EDGE_CURVE ( 'NONE', #4976, #3891, #5251, .T. ) ;
#3201 = DIRECTION ( 'NONE',  ( -0.5773502691896273964, -0.5773502691896236216, -0.5773502691896262862 ) ) ;
#3202 = FACE_OUTER_BOUND ( 'NONE', #1296, .T. ) ;
#3203 = VECTOR ( 'NONE', #4487, 1000.000000000000000 ) ;
#3204 = ORIENTED_EDGE ( 'NONE', *, *, #7840, .F. ) ;
#3205 = CARTESIAN_POINT ( 'NONE',  ( 2.540000000000002256, 7.492999999999998550, 2.501900000000000901 ) ) ;
#3206 = LINE ( 'NONE', #1123, #5877 ) ;
#3207 = VERTEX_POINT ( 'NONE', #2526 ) ;
#3208 = VERTEX_POINT ( 'NONE', #8134 ) ;
#3209 = AXIS2_PLACEMENT_3D ( 'NONE', #6437, #6390, #2849 ) ;
#3210 = CARTESIAN_POINT ( 'NONE',  ( 2.540000000000002256, 0.8889999999999989022, -1.984781810244995004 ) ) ;
#3211 = VECTOR ( 'NONE', #2817, 1000.000000000000000 ) ;
#3212 = SURFACE_SIDE_STYLE ('',( #3161 ) ) ;
#3213 = EDGE_CURVE ( 'NONE', #1397, #7750, #7519, .T. ) ;
#3214 = FACE_OUTER_BOUND ( 'NONE', #6798, .T. ) ;
#3215 = EDGE_CURVE ( 'NONE', #282, #698, #8872, .T. ) ;
#3216 = VECTOR ( 'NONE', #1283, 1000.000000000000000 ) ;
#3217 = ORIENTED_EDGE ( 'NONE', *, *, #5111, .T. ) ;
#3218 = DIRECTION ( 'NONE',  ( -0.000000000000000000, -0.000000000000000000, 1.000000000000000000 ) ) ;
#3219 = ORIENTED_EDGE ( 'NONE', *, *, #7215, .F. ) ;
#3220 = EDGE_CURVE ( 'NONE', #8678, #4947, #1779, .T. ) ;
#3221 = CARTESIAN_POINT ( 'NONE',  ( -10.15999999999999837, 0.8889999999999989022, -1.984781810244995004 ) ) ;
#3222 = ORIENTED_EDGE ( 'NONE', *, *, #2687, .F. ) ;
#3223 = CARTESIAN_POINT ( 'NONE',  ( 2.540000000000002256, 7.492999999999998550, 2.095500000000003915 ) ) ;
#3224 = ADVANCED_FACE ( 'NONE', ( #3977 ), #1070, .F. ) ;
#3225 = DIRECTION ( 'NONE',  ( 0.000000000000000000, -0.7071067811865492381, 0.7071067811865457964 ) ) ;
#3226 = PLANE ( 'NONE',  #4468 ) ;
#3227 = VERTEX_POINT ( 'NONE', #4124 ) ;
#3228 = DIRECTION ( 'NONE',  ( 0.000000000000000000, 1.138269997360111548E-15, 1.000000000000000000 ) ) ;
#3229 = VECTOR ( 'NONE', #6304, 1000.000000000000000 ) ;
#3230 = ORIENTED_EDGE ( 'NONE', *, *, #2499, .F. ) ;
#3231 = ITEM_DEFINED_TRANSFORMATION ( 'NONE', 'NONE', #7008,  #4760 ) ;
#3232 = PLANE ( 'NONE',  #6073 ) ;
#3233 = EDGE_LOOP ( 'NONE', ( #2980, #6733, #3992, #8211 ) ) ;
#3234 = CARTESIAN_POINT ( 'NONE',  ( -6.731000000000001648, 6.222999999999998977, 1.651000000000001133 ) ) ;
#3235 = EDGE_CURVE ( 'NONE', #955, #2618, #1166, .T. ) ;
#3236 = AXIS2_PLACEMENT_3D ( 'NONE', #5513, #8349, #1950 ) ;
#3237 = CARTESIAN_POINT ( 'NONE',  ( 12.95400000000000063, 7.492999999999998550, 2.501900000000000901 ) ) ;
#3238 = EDGE_CURVE ( 'NONE', #6191, #8104, #1319, .T. ) ;
#3239 = FACE_OUTER_BOUND ( 'NONE', #2667, .T. ) ;
#3240 = CARTESIAN_POINT ( 'NONE',  ( -4.635500000000005727, 7.492999999999998550, 0.4444999999999979523 ) ) ;
#3241 = ORIENTED_EDGE ( 'NONE', *, *, #6784, .T. ) ;
#3242 = EDGE_LOOP ( 'NONE', ( #8475, #2333, #5662, #5926 ) ) ;
#3243 = ORIENTED_EDGE ( 'NONE', *, *, #8063, .T. ) ;
#3244 = CARTESIAN_POINT ( 'NONE',  ( -11.81100000000000172, 6.222999999999998977, 0.8890000000000011227 ) ) ;
#3245 = DIRECTION ( 'NONE',  ( 0.000000000000000000, 1.733406087350420004E-16, -1.000000000000000000 ) ) ;
#3246 = CARTESIAN_POINT ( 'NONE',  ( -11.81100000000000172, 7.048499999999997101, 1.651000000000001355 ) ) ;
#3247 = CARTESIAN_POINT ( 'NONE',  ( -0.8890000000000026770, 6.222999999999998977, 1.651000000000001133 ) ) ;
#3248 = ORIENTED_EDGE ( 'NONE', *, *, #5035, .F. ) ;
#3249 = DIRECTION ( 'NONE',  ( 0.000000000000000000, 1.138269997360111548E-15, 1.000000000000000000 ) ) ;
#3250 = ORIENTED_EDGE ( 'NONE', *, *, #2211, .T. ) ;
#3251 = LINE ( 'NONE', #1276, #4078 ) ;
#3252 = CARTESIAN_POINT ( 'NONE',  ( 11.81099999999999817, 6.222999999999998977, 0.8890000000000011227 ) ) ;
#3253 = CARTESIAN_POINT ( 'NONE',  ( 11.81099999999999817, 7.048499999999997101, 1.651000000000001355 ) ) ;
#3254 = VECTOR ( 'NONE', #4531, 1000.000000000000000 ) ;
#3255 = ADVANCED_FACE ( 'NONE', ( #2775 ), #7020, .F. ) ;
#3256 =( GEOMETRIC_REPRESENTATION_CONTEXT ( 3 ) GLOBAL_UNCERTAINTY_ASSIGNED_CONTEXT ( ( #5234 ) ) GLOBAL_UNIT_ASSIGNED_CONTEXT ( ( #1035, #7303, #4642 ) ) REPRESENTATION_CONTEXT ( 'NONE', 'WORKASPACE' ) );
#3257 = DIRECTION ( 'NONE',  ( -1.000000000000000000, 0.000000000000000000, -0.000000000000000000 ) ) ;
#3258 = PLANE ( 'NONE',  #1090 ) ;
#3259 = ORIENTED_EDGE ( 'NONE', *, *, #4424, .T. ) ;
#3260 = ADVANCED_FACE ( 'NONE', ( #9059 ), #7568, .F. ) ;
#3261 = DIRECTION ( 'NONE',  ( 0.000000000000000000, 1.000000000000000000, 0.000000000000000000 ) ) ;
#3262 = ORIENTED_EDGE ( 'NONE', *, *, #265, .T. ) ;
#3263 = LINE ( 'NONE', #7315, #6228 ) ;
#3264 = ORIENTED_EDGE ( 'NONE', *, *, #7993, .F. ) ;
#3265 = LINE ( 'NONE', #1191, #7354 ) ;
#3266 = CARTESIAN_POINT ( 'NONE',  ( 5.080000000000000959, 7.492999999999998550, 2.501900000000000901 ) ) ;
#3267 = VECTOR ( 'NONE', #5752, 1000.000000000000000 ) ;
#3268 = ORIENTED_EDGE ( 'NONE', *, *, #2419, .F. ) ;
#3269 = AXIS2_PLACEMENT_3D ( 'NONE', #6482, #3029, #4475 ) ;
#3270 = EDGE_CURVE ( 'NONE', #6299, #6261, #4774, .T. ) ;
#3271 = ORIENTED_EDGE ( 'NONE', *, *, #5305, .F. ) ;
#3272 = ADVANCED_FACE ( 'NONE', ( #1869 ), #3385, .F. ) ;
#3273 = LINE ( 'NONE', #5408, #2176 ) ;
#3274 = ADVANCED_FACE ( 'NONE', ( #2724 ), #2675, .F. ) ;
#3275 = ORIENTED_EDGE ( 'NONE', *, *, #4732, .T. ) ;
#3276 = EDGE_CURVE ( 'NONE', #5261, #1185, #7615, .T. ) ;
#3277 = CONTEXT_DEPENDENT_SHAPE_REPRESENTATION ( #4366, #2630 ) ;
#3278 = VECTOR ( 'NONE', #1215, 1000.000000000000000 ) ;
#3279 = LINE ( 'NONE', #8214, #8148 ) ;
#3280 = ORIENTED_EDGE ( 'NONE', *, *, #5796, .F. ) ;
#3281 = ADVANCED_FACE ( 'NONE', ( #6918 ), #9015, .F. ) ;
#3282 = ORIENTED_EDGE ( 'NONE', *, *, #7720, .T. ) ;
#3283 = VECTOR ( 'NONE', #6738, 1000.000000000000000 ) ;
#3284 = CYLINDRICAL_SURFACE ( 'NONE', #5347, 0.1269999999999999463 ) ;
#3285 = CARTESIAN_POINT ( 'NONE',  ( 10.16000000000000192, 0.3809999999999992837, 2.501899999999999125 ) ) ;
#3286 = VECTOR ( 'NONE', #4522, 1000.000000000000000 ) ;
#3287 = CARTESIAN_POINT ( 'NONE',  ( 0.8889999999999991243, 6.222999999999998977, 1.651000000000001133 ) ) ;
#3288 = DIRECTION ( 'NONE',  ( -0.000000000000000000, 0.000000000000000000, 1.000000000000000000 ) ) ;
#3289 = ORIENTED_EDGE ( 'NONE', *, *, #8346, .F. ) ;
#3290 = LINE ( 'NONE', #8177, #480 ) ;
#3291 = EDGE_LOOP ( 'NONE', ( #991, #8426, #9052, #9121 ) ) ;
#3292 = ADVANCED_FACE ( 'NONE', ( #600 ), #5533, .F. ) ;
#3293 = VERTEX_POINT ( 'NONE', #9152 ) ;
#3294 = AXIS2_PLACEMENT_3D ( 'NONE', #6301, #1194, #576 ) ;
#3295 = EDGE_LOOP ( 'NONE', ( #4215, #191, #3117, #7154 ) ) ;
#3296 = CARTESIAN_POINT ( 'NONE',  ( -7.619999999999999218, 0.3809999999999988396, 2.120899999999999785 ) ) ;
#3297 = DIRECTION ( 'NONE',  ( 1.000000000000000000, 0.000000000000000000, 0.000000000000000000 ) ) ;
#3298 = DIRECTION ( 'NONE',  ( 0.000000000000000000, 1.733406087350420004E-16, -1.000000000000000000 ) ) ;
#3299 = LINE ( 'NONE', #2627, #7518 ) ;
#3300 = CARTESIAN_POINT ( 'NONE',  ( 12.70000000000000284, 0.3809999999999992837, 2.501899999999999125 ) ) ;
#3301 = ORIENTED_EDGE ( 'NONE', *, *, #679, .T. ) ;
#3302 = AXIS2_PLACEMENT_3D ( 'NONE', #6338, #2082, #6289 ) ;
#3303 = LINE ( 'NONE', #981, #7063 ) ;
#3304 = ORIENTED_EDGE ( 'NONE', *, *, #7729, .F. ) ;
#3305 = LINE ( 'NONE', #4273, #255 ) ;
#3306 = LINE ( 'NONE', #1877, #4820 ) ;
#3307 = LINE ( 'NONE', #1177, #2065 ) ;
#3308 = ADVANCED_FACE ( 'NONE', ( #647 ), #2069, .F. ) ;
#3309 = DIRECTION ( 'NONE',  ( 0.000000000000000000, -1.000000000000000000, -2.439149994343092652E-16 ) ) ;
#3310 = EDGE_LOOP ( 'NONE', ( #6002, #6763, #2953, #8062, #3695, #3876, #2965, #299 ) ) ;
#3311 = DIRECTION ( 'NONE',  ( -0.000000000000000000, 1.000000000000000000, 1.733406087350420004E-16 ) ) ;
#3312 = CARTESIAN_POINT ( 'NONE',  ( -4.191000000000001613, 6.222999999999998977, 0.8890000000000011227 ) ) ;
#3313 = VERTEX_POINT ( 'NONE', #2570 ) ;
#3314 = LINE ( 'NONE', #8984, #7745 ) ;
#3315 = DIRECTION ( 'NONE',  ( -0.000000000000000000, 1.000000000000000000, 1.733406087350420004E-16 ) ) ;
#3316 = ORIENTED_EDGE ( 'NONE', *, *, #5549, .T. ) ;
#3317 = LINE ( 'NONE', #5401, #6607 ) ;
#3318 = DIRECTION ( 'NONE',  ( -0.7071067811865452413, -0.7071067811865499042, -1.225703198915527072E-16 ) ) ;
#3319 = EDGE_LOOP ( 'NONE', ( #7200, #2319, #1876, #236 ) ) ;
#3320 = LINE ( 'NONE', #7746, #8796 ) ;
#3321 = ORIENTED_EDGE ( 'NONE', *, *, #4024, .T. ) ;
#3322 = PLANE ( 'NONE',  #2455 ) ;
#3323 = EDGE_LOOP ( 'NONE', ( #9190, #2133, #2048, #3141 ) ) ;
#3324 = ITEM_DEFINED_TRANSFORMATION ( 'NONE', 'NONE', #6561,  #4760 ) ;
#3325 = ORIENTED_EDGE ( 'NONE', *, *, #2520, .F. ) ;
#3326 = LINE ( 'NONE', #2053, #7425 ) ;
#3327 = EDGE_CURVE ( 'NONE', #764, #5275, #8272, .T. ) ;
#3328 = LINE ( 'NONE', #6855, #1771 ) ;
#3329 = EDGE_CURVE ( 'NONE', #1848, #8410, #5486, .T. ) ;
#3330 = LINE ( 'NONE', #4911, #4833 ) ;
#3331 = VERTEX_POINT ( 'NONE', #1919 ) ;
#3332 = ORIENTED_EDGE ( 'NONE', *, *, #1225, .T. ) ;
#3333 = ORIENTED_EDGE ( 'NONE', *, *, #4403, .F. ) ;
#3334 = CLOSED_SHELL ( 'NONE', ( #4980, #9230, #1072, #1027, #4914, #4269, #5676, #5844, #9191, #3308, #5170, #1490, #1324, #729, #16, #7493, #359, #4186, #869, #407, #2828, #4053, #4631, #2302, #4520, #8320, #4551, #1897 ) ) ;
#3335 = DIRECTION ( 'NONE',  ( 1.000000000000000000, 0.000000000000000000, 0.000000000000000000 ) ) ;
#3336 = DIRECTION ( 'NONE',  ( 0.000000000000000000, 0.9659258262890700886, -0.2588190451025143002 ) ) ;
#3337 = DIRECTION ( 'NONE',  ( 0.000000000000000000, 0.9659258262890700886, -0.2588190451025143002 ) ) ;
#3338 = VECTOR ( 'NONE', #6821, 1000.000000000000000 ) ;
#3339 = DIRECTION ( 'NONE',  ( -0.000000000000000000, 1.000000000000000000, 1.733406087350420004E-16 ) ) ;
#3340 = EDGE_LOOP ( 'NONE', ( #4320, #3102, #2892, #3552 ) ) ;
#3341 = DIRECTION ( 'NONE',  ( -1.000000000000000000, 0.000000000000000000, -0.000000000000000000 ) ) ;
#3342 = ORIENTED_EDGE ( 'NONE', *, *, #8161, .T. ) ;
#3343 = DIRECTION ( 'NONE',  ( -0.000000000000000000, 1.000000000000000000, 1.733406087350420004E-16 ) ) ;
#3344 = AXIS2_PLACEMENT_3D ( 'NONE', #2546, #1800, #6206 ) ;
#3345 = DIRECTION ( 'NONE',  ( 0.000000000000000000, -1.000000000000000000, 0.000000000000000000 ) ) ;
#3346 = VECTOR ( 'NONE', #640, 1000.000000000000000 ) ;
#3347 = FACE_OUTER_BOUND ( 'NONE', #2100, .T. ) ;
#3348 = LINE ( 'NONE', #8334, #6048 ) ;
#3349 = LINE ( 'NONE', #2693, #5974 ) ;
#3350 = CARTESIAN_POINT ( 'NONE',  ( -10.15999999999999837, 0.3809999999999988396, 2.120899999999999785 ) ) ;
#3351 = VECTOR ( 'NONE', #2092, 1000.000000000000114 ) ;
#3352 = DIRECTION ( 'NONE',  ( 0.000000000000000000, 0.000000000000000000, 1.000000000000000000 ) ) ;
#3353 = ORIENTED_EDGE ( 'NONE', *, *, #8419, .T. ) ;
#3354 = AXIS2_PLACEMENT_3D ( 'NONE', #7513, #8220, #8787 ) ;
#3355 = CARTESIAN_POINT ( 'NONE',  ( 12.70000000000000284, 7.492999999999998550, 2.501900000000000901 ) ) ;
#3356 = DIRECTION ( 'NONE',  ( -1.000000000000000000, 0.000000000000000000, -0.000000000000000000 ) ) ;
#3357 = DIRECTION ( 'NONE',  ( 0.000000000000000000, -1.000000000000000000, -2.439149994343092652E-16 ) ) ;
#3358 = VECTOR ( 'NONE', #3396, 1000.000000000000114 ) ;
#3359 = PLANE ( 'NONE',  #1167 ) ;
#3360 = ORIENTED_EDGE ( 'NONE', *, *, #1493, .T. ) ;
#3361 = EDGE_CURVE ( 'NONE', #6497, #4930, #4822, .T. ) ;
#3362 =( LENGTH_UNIT ( ) NAMED_UNIT ( * ) SI_UNIT ( .MILLI., .METRE. ) );
#3363 = ORIENTED_EDGE ( 'NONE', *, *, #5085, .F. ) ;
#3364 = FACE_OUTER_BOUND ( 'NONE', #8230, .T. ) ;
#3365 = DIRECTION ( 'NONE',  ( 0.000000000000000000, 1.092515224483717628E-16, -1.000000000000000000 ) ) ;
#3366 = VECTOR ( 'NONE', #1478, 1000.000000000000000 ) ;
#3367 = EDGE_LOOP ( 'NONE', ( #529, #853, #6097, #6842 ) ) ;
#3368 = VECTOR ( 'NONE', #2678, 1000.000000000000000 ) ;
#3369 = EDGE_LOOP ( 'NONE', ( #2508, #1946, #917, #6210 ) ) ;
#3370 = DIRECTION ( 'NONE',  ( -1.000000000000000000, -0.000000000000000000, -0.000000000000000000 ) ) ;
#3371 = AXIS2_PLACEMENT_3D ( 'NONE', #4454, #3017, #5161 ) ;
#3372 = EDGE_CURVE ( 'NONE', #5314, #8741, #2021, .T. ) ;
#3373 = PLANE ( 'NONE',  #4764 ) ;
#3374 = AXIS2_PLACEMENT_3D ( 'NONE', #6657, #912, #3785 ) ;
#3375 = ORIENTED_EDGE ( 'NONE', *, *, #7093, .T. ) ;
#3376 = CARTESIAN_POINT ( 'NONE',  ( -1.651000000000001355, 6.222999999999998977, 1.651000000000001133 ) ) ;
#3377 = CARTESIAN_POINT ( 'NONE',  ( 4.190999999999997172, 6.222999999999998977, -0.8889999999999987912 ) ) ;
#3378 = ORIENTED_EDGE ( 'NONE', *, *, #9087, .T. ) ;
#3379 = CARTESIAN_POINT ( 'NONE',  ( -5.969000000000002970, 6.222999999999998977, 0.8890000000000011227 ) ) ;
#3380 = EDGE_LOOP ( 'NONE', ( #3546, #6201, #1636, #6453 ) ) ;
#3381 = DIRECTION ( 'NONE',  ( -0.000000000000000000, -0.000000000000000000, 1.000000000000000000 ) ) ;
#3382 = ORIENTED_EDGE ( 'NONE', *, *, #1841, .T. ) ;
#3383 = EDGE_CURVE ( 'NONE', #1248, #4997, #4312, .T. ) ;
#3384 = LINE ( 'NONE', #5532, #8202 ) ;
#3385 = PLANE ( 'NONE',  #7236 ) ;
#3386 = LINE ( 'NONE', #4177, #7743 ) ;
#3387 = DIRECTION ( 'NONE',  ( 0.000000000000000000, 1.000000000000000000, 2.439149994343092652E-16 ) ) ;
#3388 = VECTOR ( 'NONE', #680, 1000.000000000000000 ) ;
#3389 = LINE ( 'NONE', #3701, #2736 ) ;
#3390 = ORIENTED_EDGE ( 'NONE', *, *, #6039, .F. ) ;
#3391 = CARTESIAN_POINT ( 'NONE',  ( -11.81100000000000172, 6.222999999999998977, -0.8889999999999987912 ) ) ;
#3392 = ORIENTED_EDGE ( 'NONE', *, *, #2487, .T. ) ;
#3393 = CARTESIAN_POINT ( 'NONE',  ( -12.25550000000000672, 7.492999999999999439, -2.501900000000000901 ) ) ;
#3394 = LINE ( 'NONE', #4783, #6534 ) ;
#3395 = EDGE_CURVE ( 'NONE', #1042, #4226, #8610, .T. ) ;
#3396 = DIRECTION ( 'NONE',  ( 0.000000000000000000, -0.9659258262890699775, -0.2588190451025143002 ) ) ;
#3397 = CARTESIAN_POINT ( 'NONE',  ( 2.540000000000000480, 0.3809999999999988396, 2.120899999999999785 ) ) ;
#3398 = ORIENTED_EDGE ( 'NONE', *, *, #1965, .F. ) ;
#3399 = DIRECTION ( 'NONE',  ( -1.000000000000000000, 0.000000000000000000, 0.000000000000000000 ) ) ;
#3400 =( LENGTH_UNIT ( ) NAMED_UNIT ( * ) SI_UNIT ( .MILLI., .METRE. ) );
#3401 = ORIENTED_EDGE ( 'NONE', *, *, #1351, .T. ) ;
#3402 = CARTESIAN_POINT ( 'NONE',  ( 12.70000000000000284, 0.3809999999999999498, -2.501900000000000901 ) ) ;
#3403 = ORIENTED_EDGE ( 'NONE', *, *, #8446, .F. ) ;
#3404 = ADVANCED_FACE ( 'NONE', ( #5064 ), #127, .T. ) ;
#3405 = CARTESIAN_POINT ( 'NONE',  ( -12.95400000000000063, 0.8889999999999985691, 1.984781810244993228 ) ) ;
#3406 = AXIS2_PLACEMENT_3D ( 'NONE', #2119, #2255, #75 ) ;
#3407 = PRODUCT_RELATED_PRODUCT_CATEGORY ( 'part', '', ( #7540 ) ) ;
#3408 = CARTESIAN_POINT ( 'NONE',  ( 2.984499999999993936, 7.492999999999999439, -2.501900000000000901 ) ) ;
#3409 = FACE_OUTER_BOUND ( 'NONE', #8115, .T. ) ;
#3410 = ORIENTED_EDGE ( 'NONE', *, *, #1435, .T. ) ;
#3411 = LINE ( 'NONE', #4002, #7906 ) ;
#3412 = DIRECTION ( 'NONE',  ( -0.000000000000000000, 1.000000000000000000, 1.733406087350420004E-16 ) ) ;
#3413 = ORIENTED_EDGE ( 'NONE', *, *, #7602, .T. ) ;
#3414 = DIRECTION ( 'NONE',  ( 0.000000000000000000, -1.733406087350420004E-16, 1.000000000000000000 ) ) ;
#3415 = AXIS2_PLACEMENT_3D ( 'NONE', #6270, #1158, #2013 ) ;
#3416 = CARTESIAN_POINT ( 'NONE',  ( 3.428999999999998050, 6.222999999999998977, 1.651000000000001133 ) ) ;
#3417 = ORIENTED_EDGE ( 'NONE', *, *, #8525, .T. ) ;
#3418 = LINE ( 'NONE', #9185, #4427 ) ;
#3419 = VERTEX_POINT ( 'NONE', #5860 ) ;
#3420 = PLANE ( 'NONE',  #7482 ) ;
#3421 = VECTOR ( 'NONE', #4907, 1000.000000000000000 ) ;
#3422 = VECTOR ( 'NONE', #1703, 1000.000000000000000 ) ;
#3423 = LINE ( 'NONE', #5564, #1001 ) ;
#3424 = LINE ( 'NONE', #587, #6839 ) ;
#3425 = ORIENTED_EDGE ( 'NONE', *, *, #3451, .T. ) ;
#3426 = DIRECTION ( 'NONE',  ( -0.5773502691896272854, -0.5773502691896241767, -0.5773502691896257311 ) ) ;
#3427 = DIRECTION ( 'NONE',  ( 0.7071067811865456854, -0.7071067811865494601, -1.225703198915526333E-16 ) ) ;
#3428 = ORIENTED_EDGE ( 'NONE', *, *, #1857, .F. ) ;
#3429 = AXIS2_PLACEMENT_3D ( 'NONE', #8780, #8956, #3793 ) ;
#3430 = ORIENTED_EDGE ( 'NONE', *, *, #3933, .T. ) ;
#3431 = PLANE ( 'NONE',  #3589 ) ;
#3432 = CARTESIAN_POINT ( 'NONE',  ( -11.81100000000000172, 7.048499999999997101, 0.8890000000000012337 ) ) ;
#3433 = ORIENTED_EDGE ( 'NONE', *, *, #7640, .F. ) ;
#3434 = ADVANCED_FACE ( 'NONE', ( #7942 ), #4267, .F. ) ;
#3435 = DIRECTION ( 'NONE',  ( 1.000000000000000000, 0.000000000000000000, 0.000000000000000000 ) ) ;
#3436 = VECTOR ( 'NONE', #8445, 1000.000000000000000 ) ;
#3437 = VECTOR ( 'NONE', #9011, 1000.000000000000000 ) ;
#3438 = CARTESIAN_POINT ( 'NONE',  ( 0.3047999999999999599, 0.8890000000000000124, 1.968499999999999694 ) ) ;
#3439 = PLANE ( 'NONE',  #8723 ) ;
#3440 = PLANE ( 'NONE',  #6467 ) ;
#3441 = ORIENTED_EDGE ( 'NONE', *, *, #1310, .T. ) ;
#3442 = EDGE_LOOP ( 'NONE', ( #1068, #8609, #2519, #7665 ) ) ;
#3443 = DIRECTION ( 'NONE',  ( -1.000000000000000000, -0.000000000000000000, -0.000000000000000000 ) ) ;
#3444 = PLANE ( 'NONE',  #3883 ) ;
#3445 = CARTESIAN_POINT ( 'NONE',  ( -10.15999999999999837, 0.3809999999999988396, 2.120899999999999785 ) ) ;
#3446 = VECTOR ( 'NONE', #3201, 1000.000000000000114 ) ;
#3447 = EDGE_CURVE ( 'NONE', #6650, #2940, #1498, .T. ) ;
#3448 = CARTESIAN_POINT ( 'NONE',  ( 11.04899999999999949, 6.222999999999998977, -0.8889999999999987912 ) ) ;
#3449 = FILL_AREA_STYLE ('',( #1334 ) ) ;
#3450 = EDGE_LOOP ( 'NONE', ( #37, #6617, #564, #7991 ) ) ;
#3451 = EDGE_CURVE ( 'NONE', #6652, #653, #5104, .T. ) ;
#3452 = CARTESIAN_POINT ( 'NONE',  ( -0.8890000000000026770, 7.048499999999997101, 1.651000000000001355 ) ) ;
#3453 = ORIENTED_EDGE ( 'NONE', *, *, #2121, .T. ) ;
#3454 = DIRECTION ( 'NONE',  ( 0.000000000000000000, -0.9659258262890700886, 0.2588190451025142447 ) ) ;
#3455 = DIRECTION ( 'NONE',  ( -1.000000000000000000, 0.000000000000000000, 0.000000000000000000 ) ) ;
#3456 = CARTESIAN_POINT ( 'NONE',  ( 10.16000000000000192, 7.492999999999999439, -2.501900000000000901 ) ) ;
#3457 = CARTESIAN_POINT ( 'NONE',  ( 0.3047999999999999599, 0.2539999999999991709, -2.387599999999999945 ) ) ;
#3458 = ORIENTED_EDGE ( 'NONE', *, *, #9024, .T. ) ;
#3459 = CARTESIAN_POINT ( 'NONE',  ( -6.731000000000001648, 7.048499999999997101, 1.651000000000001355 ) ) ;
#3460 = ORIENTED_EDGE ( 'NONE', *, *, #7787, .T. ) ;
#3461 = EDGE_CURVE ( 'NONE', #6576, #7728, #2209, .T. ) ;
#3462 = LINE ( 'NONE', #9183, #8730 ) ;
#3463 = ORIENTED_EDGE ( 'NONE', *, *, #358, .F. ) ;
#3464 = DIRECTION ( 'NONE',  ( -1.000000000000000000, -0.000000000000000000, -0.000000000000000000 ) ) ;
#3465 = ORIENTED_EDGE ( 'NONE', *, *, #6300, .F. ) ;
#3466 = FACE_OUTER_BOUND ( 'NONE', #2309, .T. ) ;
#3467 = CARTESIAN_POINT ( 'NONE',  ( -0.3047999999999999599, 0.6731000000000003647, 1.968499999999999694 ) ) ;
#3468 = EDGE_CURVE ( 'NONE', #8219, #8085, #7197, .T. ) ;
#3469 = ORIENTED_EDGE ( 'NONE', *, *, #1718, .F. ) ;
#3470 = AXIS2_PLACEMENT_3D ( 'NONE', #3022, #7345, #4464 ) ;
#3471 = PLANE ( 'NONE',  #5282 ) ;
#3472 = CARTESIAN_POINT ( 'NONE',  ( 10.16000000000000192, 7.492999999999999439, -0.4444999999999956763 ) ) ;
#3473 = EDGE_LOOP ( 'NONE', ( #8734, #7356, #6690, #2370 ) ) ;
#3474 = LINE ( 'NONE', #6911, #1401 ) ;
#3475 = EDGE_LOOP ( 'NONE', ( #1357, #1431, #3325, #1788 ) ) ;
#3476 = FACE_OUTER_BOUND ( 'NONE', #2353, .T. ) ;
#3477 = ORIENTED_EDGE ( 'NONE', *, *, #1076, .T. ) ;
#3478 = DIRECTION ( 'NONE',  ( 0.000000000000000000, 1.092515224483717628E-16, -1.000000000000000000 ) ) ;
#3479 = VECTOR ( 'NONE', #2723, 1000.000000000000000 ) ;
#3480 = DIRECTION ( 'NONE',  ( 0.000000000000000000, 1.733406087350420004E-16, -1.000000000000000000 ) ) ;
#3481 = FACE_OUTER_BOUND ( 'NONE', #8657, .T. ) ;
#3482 = LINE ( 'NONE', #6968, #804 ) ;
#3483 = EDGE_CURVE ( 'NONE', #1563, #4957, #4967, .T. ) ;
#3484 = CARTESIAN_POINT ( 'NONE',  ( 1.734723475976807094E-15, 7.492999999999998550, 2.501900000000000901 ) ) ;
#3485 = VERTEX_POINT ( 'NONE', #8517 ) ;
#3486 = CARTESIAN_POINT ( 'NONE',  ( -7.619999999999998330, 7.492999999999999439, -2.501900000000000901 ) ) ;
#3487 = ORIENTED_EDGE ( 'NONE', *, *, #6131, .T. ) ;
#3488 = VECTOR ( 'NONE', #1736, 1000.000000000000000 ) ;
#3489 = CARTESIAN_POINT ( 'NONE',  ( -5.079999999999998295, 0.3809999999999988396, 2.120899999999999785 ) ) ;
#3490 = ORIENTED_EDGE ( 'NONE', *, *, #3383, .T. ) ;
#3491 = EDGE_CURVE ( 'NONE', #133, #8254, #783, .T. ) ;
#3492 = DIRECTION ( 'NONE',  ( 0.5773502691896272854, -0.5773502691896241767, -0.5773502691896257311 ) ) ;
#3493 = DIRECTION ( 'NONE',  ( 0.000000000000000000, 0.000000000000000000, -1.000000000000000000 ) ) ;
#3494 = VECTOR ( 'NONE', #6768, 1000.000000000000000 ) ;
#3495 =( NAMED_UNIT ( * ) PLANE_ANGLE_UNIT ( ) SI_UNIT ( $, .RADIAN. ) );
#3496 = DIRECTION ( 'NONE',  ( -1.000000000000000000, 0.000000000000000000, -0.000000000000000000 ) ) ;
#3497 = CARTESIAN_POINT ( 'NONE',  ( 5.968999999999998529, 6.222999999999998977, 1.651000000000001133 ) ) ;
#3498 = ORIENTED_EDGE ( 'NONE', *, *, #2039, .T. ) ;
#3499 = EDGE_CURVE ( 'NONE', #6146, #6215, #4440, .T. ) ;
#3500 = ADVANCED_FACE ( 'NONE', ( #7110 ), #29, .F. ) ;
#3501 = AXIS2_PLACEMENT_3D ( 'NONE', #313, #1077, #6049 ) ;
#3502 = CARTESIAN_POINT ( 'NONE',  ( -1.651000000000001355, 6.222999999999998977, -0.8889999999999987912 ) ) ;
#3503 = DIRECTION ( 'NONE',  ( -1.000000000000000000, -0.000000000000000000, -0.000000000000000000 ) ) ;
#3504 = EDGE_CURVE ( 'NONE', #5671, #7288, #3531, .T. ) ;
#3505 = CARTESIAN_POINT ( 'NONE',  ( -6.731000000000001648, 6.222999999999998977, -1.650999999999998913 ) ) ;
#3506 = ORIENTED_EDGE ( 'NONE', *, *, #1210, .F. ) ;
#3507 = DIRECTION ( 'NONE',  ( -0.7071067811865456854, -0.7071067811865494601, -1.225703198915526333E-16 ) ) ;
#3508 = VECTOR ( 'NONE', #4289, 1000.000000000000000 ) ;
#3509 = DIRECTION ( 'NONE',  ( 1.000000000000000000, 0.000000000000000000, 0.000000000000000000 ) ) ;
#3510 = EDGE_LOOP ( 'NONE', ( #6266, #2230, #7170, #3833 ) ) ;
#3511 = CARTESIAN_POINT ( 'NONE',  ( 0.3047999999999999599, 1.555301434917134821E-17, -3.302000000000000046 ) ) ;
#3512 = LINE ( 'NONE', #6355, #6546 ) ;
#3513 = ORIENTED_EDGE ( 'NONE', *, *, #2446, .F. ) ;
#3514 = LINE ( 'NONE', #528, #2043 ) ;
#3515 = ORIENTED_EDGE ( 'NONE', *, *, #114, .T. ) ;
#3516 = DIRECTION ( 'NONE',  ( 0.000000000000000000, 0.000000000000000000, -1.000000000000000000 ) ) ;
#3517 = EDGE_CURVE ( 'NONE', #2472, #7549, #695, .T. ) ;
#3518 = EDGE_CURVE ( 'NONE', #5626, #1248, #3573, .T. ) ;
#3519 = LINE ( 'NONE', #9188, #2072 ) ;
#3520 = LINE ( 'NONE', #5472, #2515 ) ;
#3521 = ORIENTED_EDGE ( 'NONE', *, *, #4285, .F. ) ;
#3522 = AXIS2_PLACEMENT_3D ( 'NONE', #7061, #5183, #69 ) ;
#3523 = CARTESIAN_POINT ( 'NONE',  ( 12.70000000000000284, 7.492999999999999439, -2.501900000000000901 ) ) ;
#3524 = EDGE_LOOP ( 'NONE', ( #710, #5204, #2203, #9254 ) ) ;
#3525 = EDGE_LOOP ( 'NONE', ( #6505, #5935, #1301, #8021 ) ) ;
#3526 = LINE ( 'NONE', #2063, #361 ) ;
#3527 = EDGE_LOOP ( 'NONE', ( #1138, #7144, #7826, #5789, #7882, #4447, #5721, #8542 ) ) ;
#3528 = EDGE_CURVE ( 'NONE', #5512, #1896, #9252, .T. ) ;
#3529 = EDGE_CURVE ( 'NONE', #2720, #136, #5674, .T. ) ;
#3530 = DIRECTION ( 'NONE',  ( 0.000000000000000000, -1.422837496700138942E-15, 1.000000000000000000 ) ) ;
#3531 = LINE ( 'NONE', #6372, #7725 ) ;
#3532 = CARTESIAN_POINT ( 'NONE',  ( 10.16000000000000192, 0.3809999999999992837, 2.501899999999999125 ) ) ;
#3533 = CARTESIAN_POINT ( 'NONE',  ( -12.69999999999999929, 7.492999999999999439, -2.501900000000000901 ) ) ;
#3534 = ORIENTED_EDGE ( 'NONE', *, *, #715, .T. ) ;
#3535 = AXIS2_PLACEMENT_3D ( 'NONE', #5992, #8921, #3111 ) ;
#3536 = EDGE_LOOP ( 'NONE', ( #1118, #2445, #8451, #2117 ) ) ;
#3537 = DIRECTION ( 'NONE',  ( 0.000000000000000000, 1.733406087350420004E-16, -1.000000000000000000 ) ) ;
#3538 = CARTESIAN_POINT ( 'NONE',  ( -0.8890000000000026770, 6.222999999999998977, -0.8889999999999987912 ) ) ;
#3539 = EDGE_LOOP ( 'NONE', ( #1124, #6588, #1851, #2511 ) ) ;
#3540 = EDGE_CURVE ( 'NONE', #2655, #2380, #4623, .T. ) ;
#3541 = DIRECTION ( 'NONE',  ( 0.000000000000000000, 0.000000000000000000, -1.000000000000000000 ) ) ;
#3542 = CARTESIAN_POINT ( 'NONE',  ( 11.81099999999999817, 6.222999999999998977, -1.650999999999998913 ) ) ;
#3543 = PLANE ( 'NONE',  #5604 ) ;
#3544 = LINE ( 'NONE', #5545, #797 ) ;
#3545 = LINE ( 'NONE', #4281, #6360 ) ;
#3546 = ORIENTED_EDGE ( 'NONE', *, *, #5028, .F. ) ;
#3547 = FACE_BOUND ( 'NONE', #3033, .T. ) ;
#3548 = ADVANCED_FACE ( 'NONE', ( #3048 ), #3837, .F. ) ;
#3549 = CARTESIAN_POINT ( 'NONE',  ( 12.25550000000000317, 7.492999999999999439, -0.4444999999999955653 ) ) ;
#3550 = ORIENTED_EDGE ( 'NONE', *, *, #4225, .T. ) ;
#3551 = CARTESIAN_POINT ( 'NONE',  ( 5.080000000000000959, 7.492999999999998550, 0.4444999999999978413 ) ) ;
#3552 = ORIENTED_EDGE ( 'NONE', *, *, #3604, .F. ) ;
#3553 = EDGE_CURVE ( 'NONE', #4689, #6191, #6627, .T. ) ;
#3554 = CARTESIAN_POINT ( 'NONE',  ( 3.428999999999998050, 6.222999999999998977, -1.650999999999998913 ) ) ;
#3555 = VERTEX_POINT ( 'NONE', #8860 ) ;
#3556 = DIRECTION ( 'NONE',  ( 0.000000000000000000, 0.000000000000000000, -1.000000000000000000 ) ) ;
#3557 = VERTEX_POINT ( 'NONE', #7465 ) ;
#3558 = LINE ( 'NONE', #8502, #2102 ) ;
#3559 = LINE ( 'NONE', #772, #8489 ) ;
#3560 = VECTOR ( 'NONE', #5392, 1000.000000000000114 ) ;
#3561 = CARTESIAN_POINT ( 'NONE',  ( 5.080000000000000959, 0.3809999999999992837, 2.501899999999999125 ) ) ;
#3562 = AXIS2_PLACEMENT_3D ( 'NONE', #5123, #5033, #7960 ) ;
#3563 = ORIENTED_EDGE ( 'NONE', *, *, #4529, .T. ) ;
#3564 = EDGE_CURVE ( 'NONE', #2618, #2764, #1059, .T. ) ;
#3565 = FACE_OUTER_BOUND ( 'NONE', #8935, .T. ) ;
#3566 = VERTEX_POINT ( 'NONE', #167 ) ;
#3567 = ADVANCED_FACE ( 'NONE', ( #209 ), #8034, .F. ) ;
#3568 = ORIENTED_EDGE ( 'NONE', *, *, #2582, .T. ) ;
#3569 = VECTOR ( 'NONE', #7695, 1000.000000000000000 ) ;
#3570 = CARTESIAN_POINT ( 'NONE',  ( -5.079999999999998295, 7.492999999999998550, 2.501900000000000901 ) ) ;
#3571 = ORIENTED_EDGE ( 'NONE', *, *, #5447, .T. ) ;
#3572 = CARTESIAN_POINT ( 'NONE',  ( 11.04899999999999949, 7.048499999999997101, 1.651000000000001355 ) ) ;
#3573 = LINE ( 'NONE', #3617, #4894 ) ;
#3574 = CARTESIAN_POINT ( 'NONE',  ( 0.3047999999999999599, 0.2539999999999996150, 3.302000000000000046 ) ) ;
#3575 = VECTOR ( 'NONE', #5051, 1000.000000000000000 ) ;
#3576 = EDGE_CURVE ( 'NONE', #5539, #6761, #1814, .T. ) ;
#3577 = VECTOR ( 'NONE', #6783, 1000.000000000000000 ) ;
#3578 = LINE ( 'NONE', #1540, #7948 ) ;
#3579 = ORIENTED_EDGE ( 'NONE', *, *, #3616, .T. ) ;
#3580 = EDGE_CURVE ( 'NONE', #1799, #5671, #5372, .T. ) ;
#3581 = DIRECTION ( 'NONE',  ( 0.000000000000000000, 0.000000000000000000, -1.000000000000000000 ) ) ;
#3582 = ORIENTED_EDGE ( 'NONE', *, *, #6349, .F. ) ;
#3583 = DIRECTION ( 'NONE',  ( 0.000000000000000000, 1.422837496700139336E-15, -1.000000000000000000 ) ) ;
#3584 = ORIENTED_EDGE ( 'NONE', *, *, #2357, .F. ) ;
#3585 = AXIS2_PLACEMENT_3D ( 'NONE', #3010, #5861, #7989 ) ;
#3586 = CARTESIAN_POINT ( 'NONE',  ( 9.270999999999997243, 7.048499999999997989, -0.8889999999999986802 ) ) ;
#3587 = PLANE ( 'NONE',  #9020 ) ;
#3588 = PLANE ( 'NONE',  #2897 ) ;
#3589 = AXIS2_PLACEMENT_3D ( 'NONE', #7812, #4216, #2870 ) ;
#3590 = CARTESIAN_POINT ( 'NONE',  ( -11.81100000000000172, 6.222999999999998977, -1.650999999999998913 ) ) ;
#3591 = ORIENTED_EDGE ( 'NONE', *, *, #6487, .F. ) ;
#3592 = CARTESIAN_POINT ( 'NONE',  ( 2.984499999999993936, 7.492999999999998550, 2.095500000000003915 ) ) ;
#3593 = FACE_OUTER_BOUND ( 'NONE', #8384, .T. ) ;
#3594 = DIRECTION ( 'NONE',  ( -0.000000000000000000, 0.000000000000000000, 1.000000000000000000 ) ) ;
#3595 = EDGE_LOOP ( 'NONE', ( #7122, #6281, #2327, #5244 ) ) ;
#3596 = DIRECTION ( 'NONE',  ( -1.000000000000000000, 0.000000000000000000, 0.000000000000000000 ) ) ;
#3597 = CARTESIAN_POINT ( 'NONE',  ( 9.270999999999997243, 6.222999999999998977, 1.651000000000001133 ) ) ;
#3598 = VERTEX_POINT ( 'NONE', #3189 ) ;
#3599 = CARTESIAN_POINT ( 'NONE',  ( 1.143000000000000016, 6.794499999999998430, 1.143000000000001570 ) ) ;
#3600 = VECTOR ( 'NONE', #5673, 1000.000000000000000 ) ;
#3601 = LINE ( 'NONE', #6444, #918 ) ;
#3602 = FACE_OUTER_BOUND ( 'NONE', #8436, .T. ) ;
#3603 = ORIENTED_EDGE ( 'NONE', *, *, #2015, .F. ) ;
#3604 = EDGE_CURVE ( 'NONE', #7477, #1563, #1631, .T. ) ;
#3605 = CARTESIAN_POINT ( 'NONE',  ( -8.509000000000002117, 7.048499999999997101, 1.651000000000001355 ) ) ;
#3606 = CARTESIAN_POINT ( 'NONE',  ( 11.04899999999999949, 7.048499999999997989, -0.8889999999999986802 ) ) ;
#3607 = VERTEX_POINT ( 'NONE', #5327 ) ;
#3608 = PLANE ( 'NONE',  #6611 ) ;
#3609 = VERTEX_POINT ( 'NONE', #2334 ) ;
#3611 = ORIENTED_EDGE ( 'NONE', *, *, #7764, .F. ) ;
#3610 = ORIENTED_EDGE ( 'NONE', *, *, #5687, .T. ) ;
#3612 = DIRECTION ( 'NONE',  ( 1.000000000000000000, 0.000000000000000000, 0.000000000000000000 ) ) ;
#3613 = LINE ( 'NONE', #5857, #7705 ) ;
#3614 = ORIENTED_EDGE ( 'NONE', *, *, #2331, .T. ) ;
#3615 = EDGE_CURVE ( 'NONE', #5504, #1952, #5241, .T. ) ;
#3616 = EDGE_CURVE ( 'NONE', #1338, #5968, #8779, .T. ) ;
#3617 = CARTESIAN_POINT ( 'NONE',  ( -12.95400000000000063, 7.492999999999999439, -2.501900000000000901 ) ) ;
#3618 = FACE_OUTER_BOUND ( 'NONE', #5819, .T. ) ;
#3619 = VECTOR ( 'NONE', #2348, 1000.000000000000000 ) ;
#3620 = CARTESIAN_POINT ( 'NONE',  ( -7.619999999999998330, 7.492999999999999439, -2.501900000000000901 ) ) ;
#3621 = EDGE_LOOP ( 'NONE', ( #7526, #4524, #8066, #4518 ) ) ;
#3622 = CARTESIAN_POINT ( 'NONE',  ( 7.620000000000001883, 0.8889999999999985691, 1.984781810244993228 ) ) ;
#3623 = ORIENTED_EDGE ( 'NONE', *, *, #4099, .T. ) ;
#3624 = ORIENTED_EDGE ( 'NONE', *, *, #3740, .F. ) ;
#3625 = CIRCLE ( 'NONE', #1054, 0.1269999999999999463 ) ;
#3626 = DIRECTION ( 'NONE',  ( -0.7071067811865452413, -0.7071067811865499042, -1.225703198915527072E-16 ) ) ;
#3627 = CARTESIAN_POINT ( 'NONE',  ( 10.16000000000000192, 0.3809999999999992837, 2.501899999999999125 ) ) ;
#3628 = EDGE_CURVE ( 'NONE', #433, #5491, #8171, .T. ) ;
#3629 = CARTESIAN_POINT ( 'NONE',  ( 9.270999999999997243, 6.222999999999998977, -0.8889999999999987912 ) ) ;
#3630 = VECTOR ( 'NONE', #8598, 1000.000000000000000 ) ;
#3631 = CARTESIAN_POINT ( 'NONE',  ( 5.968999999999998529, 6.222999999999998977, -0.8889999999999987912 ) ) ;
#3632 = VERTEX_POINT ( 'NONE', #8216 ) ;
#3633 = SURFACE_STYLE_FILL_AREA ( #8490 ) ;
#3634 = CLOSED_SHELL ( 'NONE', ( #6000, #4244, #4633, #2882, #5684, #4469, #5214, #3025, #3091, #2830, #1646, #2371, #6469, #4402, #7674, #7550, #7180, #613, #2091, #3195, #8399, #6960, #4751, #5169, #5246, #6463, #6700, #7388 ) ) ;
#3635 = CARTESIAN_POINT ( 'NONE',  ( -11.81100000000000172, 6.222999999999998977, 1.651000000000001133 ) ) ;
#3636 = ORIENTED_EDGE ( 'NONE', *, *, #7758, .T. ) ;
#3637 = DIRECTION ( 'NONE',  ( 0.000000000000000000, -1.422837496700138942E-15, 1.000000000000000000 ) ) ;
#3638 = DIRECTION ( 'NONE',  ( -0.5773502691896273964, -0.5773502691896236216, -0.5773502691896262862 ) ) ;
#3639 = VERTEX_POINT ( 'NONE', #4662 ) ;
#3640 = PLANE ( 'NONE',  #7700 ) ;
#3641 = LINE ( 'NONE', #3774, #2831 ) ;
#3642 = VECTOR ( 'NONE', #6082, 1000.000000000000000 ) ;
#3643 = LINE ( 'NONE', #6483, #8833 ) ;
#3644 = ORIENTED_EDGE ( 'NONE', *, *, #1437, .T. ) ;
#3645 = CARTESIAN_POINT ( 'NONE',  ( -11.81100000000000172, 7.048499999999997101, 0.8890000000000012337 ) ) ;
#3646 = AXIS2_PLACEMENT_3D ( 'NONE', #3505, #7126, #1341 ) ;
#3647 = ADVANCED_FACE ( 'NONE', ( #8123 ), #1721, .F. ) ;
#3648 = VECTOR ( 'NONE', #2766, 1000.000000000000114 ) ;
#3649 = DIRECTION ( 'NONE',  ( 0.000000000000000000, 1.092515224483717628E-16, -1.000000000000000000 ) ) ;
#3650 = CARTESIAN_POINT ( 'NONE',  ( -7.175500000000005763, 7.492999999999999439, -0.4444999999999955653 ) ) ;
#3651 = ORIENTED_EDGE ( 'NONE', *, *, #951, .F. ) ;
#3652 = CARTESIAN_POINT ( 'NONE',  ( 3.428999999999998050, 7.048499999999997101, 1.651000000000001355 ) ) ;
#3653 = LINE ( 'NONE', #2910, #8105 ) ;
#3654 = VECTOR ( 'NONE', #5743, 1000.000000000000000 ) ;
#3655 = CARTESIAN_POINT ( 'NONE',  ( 3.809999999999997389, 0.000000000000000000, 0.000000000000000000 ) ) ;
#3656 = FACE_OUTER_BOUND ( 'NONE', #788, .T. ) ;
#3657 = ORIENTED_EDGE ( 'NONE', *, *, #4545, .T. ) ;
#3658 = ADVANCED_FACE ( 'NONE', ( #3792 ), #5937, .F. ) ;
#3659 = DIRECTION ( 'NONE',  ( -0.000000000000000000, 1.000000000000000000, 1.733406087350420004E-16 ) ) ;
#3660 = DIRECTION ( 'NONE',  ( 0.000000000000000000, 1.138269997360111548E-15, 1.000000000000000000 ) ) ;
#3661 = EDGE_CURVE ( 'NONE', #3766, #4828, #7377, .T. ) ;
#3662 = CARTESIAN_POINT ( 'NONE',  ( -7.619999999999998330, 0.8889999999999985691, 1.984781810244993228 ) ) ;
#3663 = ORIENTED_EDGE ( 'NONE', *, *, #7467, .F. ) ;
#3664 = CARTESIAN_POINT ( 'NONE',  ( -5.079999999999999183, 7.492999999999999439, -2.501900000000000901 ) ) ;
#3665 = VERTEX_POINT ( 'NONE', #5979 ) ;
#3666 = FACE_OUTER_BOUND ( 'NONE', #3755, .T. ) ;
#3667 = ORIENTED_EDGE ( 'NONE', *, *, #9174, .F. ) ;
#3668 = VECTOR ( 'NONE', #8969, 1000.000000000000000 ) ;
#3669 = CARTESIAN_POINT ( 'NONE',  ( 0.3047999999999999599, 0.2539999999999996150, 3.429000000000000270 ) ) ;
#3670 = PLANE ( 'NONE',  #3073 ) ;
#3671 = VECTOR ( 'NONE', #9077, 1000.000000000000000 ) ;
#3672 = CARTESIAN_POINT ( 'NONE',  ( 5.968999999999998529, 7.048499999999997989, -1.650999999999998691 ) ) ;
#3673 = CARTESIAN_POINT ( 'NONE',  ( -9.271000000000000796, 6.222999999999998977, 1.651000000000001133 ) ) ;
#3674 = EDGE_LOOP ( 'NONE', ( #8348, #4961, #4973, #1411 ) ) ;
#3675 = ADVANCED_FACE ( 'NONE', ( #8819 ), #4575, .F. ) ;
#3676 = EDGE_CURVE ( 'NONE', #5059, #7257, #2610, .T. ) ;
#3677 = FILL_AREA_STYLE ('',( #799 ) ) ;
#3678 = DIRECTION ( 'NONE',  ( 0.000000000000000000, -1.733406087350420004E-16, 1.000000000000000000 ) ) ;
#3679 = DIRECTION ( 'NONE',  ( -1.000000000000000000, -0.000000000000000000, -0.000000000000000000 ) ) ;
#3680 = LINE ( 'NONE', #8227, #6679 ) ;
#3681 = ORIENTED_EDGE ( 'NONE', *, *, #5886, .F. ) ;
#3682 = DIRECTION ( 'NONE',  ( 0.000000000000000000, 0.000000000000000000, -1.000000000000000000 ) ) ;
#3683 = VECTOR ( 'NONE', #8416, 1000.000000000000000 ) ;
#3684 = DIRECTION ( 'NONE',  ( 0.000000000000000000, 0.9659258262890700886, 0.2588190451025143002 ) ) ;
#3685 = ORIENTED_EDGE ( 'NONE', *, *, #5830, .T. ) ;
#3686 = CARTESIAN_POINT ( 'NONE',  ( -6.731000000000001648, 7.048499999999997101, 1.651000000000001355 ) ) ;
#3687 = DIRECTION ( 'NONE',  ( 0.000000000000000000, -1.000000000000000000, -1.733406087350420004E-16 ) ) ;
#3688 = VERTEX_POINT ( 'NONE', #6853 ) ;
#3689 = FACE_OUTER_BOUND ( 'NONE', #6284, .T. ) ;
#3690 = DIRECTION ( 'NONE',  ( 0.000000000000000000, 1.733406087350420004E-16, -1.000000000000000000 ) ) ;
#3691 = VERTEX_POINT ( 'NONE', #7603 ) ;
#3692 = FACE_OUTER_BOUND ( 'NONE', #5247, .T. ) ;
#3693 = DIRECTION ( 'NONE',  ( -0.000000000000000000, 0.2588190451025143002, 0.9659258262890700886 ) ) ;
#3694 = VECTOR ( 'NONE', #1656, 1000.000000000000000 ) ;
#3695 = ORIENTED_EDGE ( 'NONE', *, *, #7397, .F. ) ;
#3696 = DIRECTION ( 'NONE',  ( 0.000000000000000000, 0.000000000000000000, 1.000000000000000000 ) ) ;
#3697 = DIRECTION ( 'NONE',  ( -0.5773502691896270633, 0.5773502691896240657, -0.5773502691896261751 ) ) ;
#3698 = VERTEX_POINT ( 'NONE', #7509 ) ;
#3699 = CARTESIAN_POINT ( 'NONE',  ( 11.81099999999999817, 7.048499999999997989, -0.8889999999999986802 ) ) ;
#3700 = DIRECTION ( 'NONE',  ( 1.000000000000000000, 0.000000000000000000, 0.000000000000000000 ) ) ;
#3701 = CARTESIAN_POINT ( 'NONE',  ( 4.190999999999997172, 6.222999999999998977, 1.651000000000001133 ) ) ;
#3702 = ORIENTED_EDGE ( 'NONE', *, *, #4332, .F. ) ;
#3703 = DIRECTION ( 'NONE',  ( -1.000000000000000000, -0.000000000000000000, -0.000000000000000000 ) ) ;
#3704 = ADVANCED_FACE ( 'NONE', ( #9093 ), #3284, .T. ) ;
#3706 = ORIENTED_EDGE ( 'NONE', *, *, #7929, .T. ) ;
#3705 = ORIENTED_EDGE ( 'NONE', *, *, #5196, .F. ) ;
#3707 = DIRECTION ( 'NONE',  ( -1.000000000000000000, -0.000000000000000000, -0.000000000000000000 ) ) ;
#3708 = CARTESIAN_POINT ( 'NONE',  ( -7.619999999999998330, 0.3809999999999993947, -2.120900000000001562 ) ) ;
#3709 = ORIENTED_EDGE ( 'NONE', *, *, #4173, .T. ) ;
#3710 = EDGE_CURVE ( 'NONE', #320, #7159, #5200, .T. ) ;
#3711 = DIRECTION ( 'NONE',  ( -1.000000000000000000, 0.000000000000000000, -0.000000000000000000 ) ) ;
#3712 = PLANE ( 'NONE',  #3371 ) ;
#3713 = EDGE_CURVE ( 'NONE', #2557, #4615, #6953, .T. ) ;
#3714 = VECTOR ( 'NONE', #7188, 1000.000000000000000 ) ;
#3715 = VECTOR ( 'NONE', #3261, 1000.000000000000000 ) ;
#3716 = SURFACE_STYLE_USAGE ( .BOTH. , #8794 ) ;
#3717 = DIRECTION ( 'NONE',  ( -0.000000000000000000, -0.7071067811865487940, -0.7071067811865462405 ) ) ;
#3718 = CARTESIAN_POINT ( 'NONE',  ( 0.3047999999999999599, 0.8889999999999995683, -1.714499999999999913 ) ) ;
#3719 = EDGE_LOOP ( 'NONE', ( #2836, #3705, #4197, #7410 ) ) ;
#3720 = VECTOR ( 'NONE', #1968, 1000.000000000000000 ) ;
#3721 = EDGE_CURVE ( 'NONE', #4107, #6061, #8457, .T. ) ;
#3722 = DIRECTION ( 'NONE',  ( -0.5773502691896270633, 0.5773502691896240657, -0.5773502691896261751 ) ) ;
#3723 = PLANE ( 'NONE',  #2912 ) ;
#3724 = EDGE_CURVE ( 'NONE', #2696, #3093, #8355, .T. ) ;
#3725 = EDGE_CURVE ( 'NONE', #3691, #8015, #3326, .T. ) ;
#3726 = DIRECTION ( 'NONE',  ( -0.000000000000000000, -0.000000000000000000, 1.000000000000000000 ) ) ;
#3727 = VECTOR ( 'NONE', #115, 1000.000000000000000 ) ;
#3728 = EDGE_CURVE ( 'NONE', #1866, #5754, #3423, .T. ) ;
#3729 = DIRECTION ( 'NONE',  ( 0.000000000000000000, -1.000000000000000000, 0.000000000000000000 ) ) ;
#3730 = CARTESIAN_POINT ( 'NONE',  ( 2.540000000000002256, 0.3809999999999992837, 2.501899999999999125 ) ) ;
#3731 = ORIENTED_EDGE ( 'NONE', *, *, #3042, .T. ) ;
#3732 = LINE ( 'NONE', #1088, #1003 ) ;
#3733 = CARTESIAN_POINT ( 'NONE',  ( 0.1777999999999999858, 0.2539999999999993929, -3.429000000000000270 ) ) ;
#3734 = ADVANCED_FACE ( 'NONE', ( #8307 ), #2008, .F. ) ;
#3735 = DIRECTION ( 'NONE',  ( -1.000000000000000000, -0.000000000000000000, -0.000000000000000000 ) ) ;
#3736 = ORIENTED_EDGE ( 'NONE', *, *, #7125, .T. ) ;
#3737 = CARTESIAN_POINT ( 'NONE',  ( -0.3047999999999999599, 0.6730999999999999206, -1.714499999999999913 ) ) ;
#3738 = ADVANCED_FACE ( 'NONE', ( #4064 ), #6903, .F. ) ;
#3739 = CARTESIAN_POINT ( 'NONE',  ( -11.04900000000000304, 6.222999999999998977, 0.8890000000000011227 ) ) ;
#3740 = EDGE_CURVE ( 'NONE', #5156, #1529, #7652, .T. ) ;
#3741 = CARTESIAN_POINT ( 'NONE',  ( 5.080000000000000959, 0.3809999999999988396, 2.120899999999999785 ) ) ;
#3742 = ORIENTED_EDGE ( 'NONE', *, *, #3327, .T. ) ;
#3743 = VECTOR ( 'NONE', #5542, 1000.000000000000000 ) ;
#3744 = LINE ( 'NONE', #6491, #2447 ) ;
#3745 = ADVANCED_FACE ( 'NONE', ( #2713 ), #1109, .F. ) ;
#3746 = LINE ( 'NONE', #7939, #1881 ) ;
#3747 = ORIENTED_EDGE ( 'NONE', *, *, #6148, .T. ) ;
#3748 = EDGE_CURVE ( 'NONE', #273, #2489, #1302, .T. ) ;
#3749 = CARTESIAN_POINT ( 'NONE',  ( 2.540000000000000036, 6.222999999999998977, -2.201425730935033664E-16 ) ) ;
#3750 = PRODUCT_DEFINITION_SHAPE ( 'NONE', 'NONE',  #9265 ) ;
#3751 = LINE ( 'NONE', #7907, #559 ) ;
#3752 = CARTESIAN_POINT ( 'NONE',  ( 2.540000000000000480, 0.8889999999999985691, 1.984781810244993228 ) ) ;
#3753 = ORIENTED_EDGE ( 'NONE', *, *, #3798, .F. ) ;
#3754 = CARTESIAN_POINT ( 'NONE',  ( 4.190999999999997172, 6.222999999999998977, 0.8890000000000011227 ) ) ;
#3756 = ORIENTED_EDGE ( 'NONE', *, *, #8354, .F. ) ;
#3755 = EDGE_LOOP ( 'NONE', ( #155, #1515, #6508, #7744 ) ) ;
#3757 = CARTESIAN_POINT ( 'NONE',  ( -9.715500000000005798, 7.492999999999998550, 2.095500000000003915 ) ) ;
#3758 = ORIENTED_EDGE ( 'NONE', *, *, #522, .T. ) ;
#3759 = FACE_OUTER_BOUND ( 'NONE', #3940, .T. ) ;
#3760 = CARTESIAN_POINT ( 'NONE',  ( 10.16000000000000192, 0.000000000000000000, 0.000000000000000000 ) ) ;
#3761 = ADVANCED_FACE ( 'NONE', ( #3466 ), #6309, .F. ) ;
#3762 = CARTESIAN_POINT ( 'NONE',  ( -5.524499999999998856, 7.492999999999999439, -0.4444999999999955653 ) ) ;
#3763 = DIRECTION ( 'NONE',  ( 0.000000000000000000, -1.733406087350420004E-16, 1.000000000000000000 ) ) ;
#3764 = ADVANCED_FACE ( 'NONE', ( #2761 ), #2559, .F. ) ;
#3765 = ORIENTED_EDGE ( 'NONE', *, *, #1558, .T. ) ;
#3766 = VERTEX_POINT ( 'NONE', #1155 ) ;
#3767 = DIRECTION ( 'NONE',  ( -1.000000000000000000, -0.000000000000000000, -0.000000000000000000 ) ) ;
#3768 = DIRECTION ( 'NONE',  ( 0.000000000000000000, -1.000000000000000000, 0.000000000000000000 ) ) ;
#3769 = PLANE ( 'NONE',  #2301 ) ;
#3770 = LINE ( 'NONE', #6604, #7007 ) ;
#3771 = EDGE_CURVE ( 'NONE', #5725, #5962, #4014, .T. ) ;
#3772 = ORIENTED_EDGE ( 'NONE', *, *, #1702, .T. ) ;
#3773 = EDGE_CURVE ( 'NONE', #2743, #2025, #6446, .T. ) ;
#3774 = CARTESIAN_POINT ( 'NONE',  ( 10.16000000000000192, 0.3809999999999992837, 2.501899999999999125 ) ) ;
#3775 = VERTEX_POINT ( 'NONE', #17 ) ;
#3776 = EDGE_CURVE ( 'NONE', #2749, #7854, #7851, .T. ) ;
#3777 = AXIS2_PLACEMENT_3D ( 'NONE', #8881, #7889, #1570 ) ;
#3778 = DIRECTION ( 'NONE',  ( -1.000000000000000000, -0.000000000000000000, -0.000000000000000000 ) ) ;
#3779 = ORIENTED_EDGE ( 'NONE', *, *, #7532, .T. ) ;
#3780 = DIRECTION ( 'NONE',  ( 0.000000000000000000, 1.000000000000000000, -1.138269997360111548E-15 ) ) ;
#3781 = DIRECTION ( 'NONE',  ( -1.000000000000000000, -0.000000000000000000, -0.000000000000000000 ) ) ;
#3782 = SURFACE_SIDE_STYLE ('',( #910 ) ) ;
#3783 = VECTOR ( 'NONE', #8229, 1000.000000000000000 ) ;
#3784 = ORIENTED_EDGE ( 'NONE', *, *, #1551, .T. ) ;
#3785 = DIRECTION ( 'NONE',  ( 0.000000000000000000, 0.000000000000000000, 1.000000000000000000 ) ) ;
#3786 = EDGE_CURVE ( 'NONE', #7946, #7157, #8545, .T. ) ;
#3787 = VECTOR ( 'NONE', #8766, 1000.000000000000000 ) ;
#3788 = CARTESIAN_POINT ( 'NONE',  ( -11.81100000000000172, 6.222999999999998977, -0.8889999999999987912 ) ) ;
#3789 = ORIENTED_EDGE ( 'NONE', *, *, #5791, .T. ) ;
#3790 = ADVANCED_FACE ( 'NONE', ( #637 ), #8641, .F. ) ;
#3791 = VECTOR ( 'NONE', #4929, 1000.000000000000000 ) ;
#3792 = FACE_OUTER_BOUND ( 'NONE', #6271, .T. ) ;
#3793 = DIRECTION ( 'NONE',  ( 0.000000000000000000, -0.000000000000000000, -1.000000000000000000 ) ) ;
#3794 = VECTOR ( 'NONE', #4039, 1000.000000000000000 ) ;
#3795 = VECTOR ( 'NONE', #763, 1000.000000000000000 ) ;
#3796 = CARTESIAN_POINT ( 'NONE',  ( -6.731000000000001648, 6.222999999999998977, 1.651000000000001133 ) ) ;
#3797 = ORIENTED_EDGE ( 'NONE', *, *, #2112, .T. ) ;
#3798 = EDGE_CURVE ( 'NONE', #5725, #8448, #815, .T. ) ;
#3799 = VERTEX_POINT ( 'NONE', #2149 ) ;
#3800 = DIRECTION ( 'NONE',  ( -1.000000000000000000, 0.000000000000000000, 0.000000000000000000 ) ) ;
#3801 = DIRECTION ( 'NONE',  ( -1.000000000000000000, -0.000000000000000000, -0.000000000000000000 ) ) ;
#3802 = ORIENTED_EDGE ( 'NONE', *, *, #4704, .F. ) ;
#3803 = VECTOR ( 'NONE', #820, 1000.000000000000114 ) ;
#3804 = ADVANCED_FACE ( 'NONE', ( #3689 ), #9238, .T. ) ;
#3805 = AXIS2_PLACEMENT_3D ( 'NONE', #7033, #3496, #4042 ) ;
#3806 = DIRECTION ( 'NONE',  ( 0.000000000000000000, 0.2588190451025143002, -0.9659258262890700886 ) ) ;
#3807 = DIRECTION ( 'NONE',  ( 0.000000000000000000, -1.733406087350420004E-16, 1.000000000000000000 ) ) ;
#3808 = CARTESIAN_POINT ( 'NONE',  ( 7.620000000000000107, 6.222999999999998977, -2.201425730935033664E-16 ) ) ;
#3809 = EDGE_LOOP ( 'NONE', ( #3413, #721, #2258, #2855, #1778, #7980, #5295, #3262 ) ) ;
#3810 = ORIENTED_EDGE ( 'NONE', *, *, #2806, .T. ) ;
#3811 = EDGE_CURVE ( 'NONE', #7078, #6660, #3519, .T. ) ;
#3812 = CARTESIAN_POINT ( 'NONE',  ( -5.079999999999998295, 0.3809999999999988396, 2.120899999999999785 ) ) ;
#3813 = DIRECTION ( 'NONE',  ( -1.000000000000000000, 0.000000000000000000, 0.000000000000000000 ) ) ;
#3814 = DIRECTION ( 'NONE',  ( 0.000000000000000000, -2.082201214683127315E-16, -1.000000000000000000 ) ) ;
#3815 = VECTOR ( 'NONE', #6555, 1000.000000000000000 ) ;
#3816 = UNCERTAINTY_MEASURE_WITH_UNIT (LENGTH_MEASURE( 1.000000000000000082E-05 ), #4372, 'distance_accuracy_value', 'NONE');
#3817 = CARTESIAN_POINT ( 'NONE',  ( 11.81099999999999817, 6.222999999999998977, -0.8889999999999987912 ) ) ;
#3818 = LINE ( 'NONE', #1039, #8708 ) ;
#3819 = EDGE_LOOP ( 'NONE', ( #3958, #2036, #7046, #5072 ) ) ;
#3820 = LINE ( 'NONE', #2991, #6102 ) ;
#3821 = ORIENTED_EDGE ( 'NONE', *, *, #6981, .F. ) ;
#3822 = VECTOR ( 'NONE', #7631, 1000.000000000000000 ) ;
#3823 = ADVANCED_FACE ( 'NONE', ( #5704 ), #7226, .F. ) ;
#3824 = DIRECTION ( 'NONE',  ( -0.000000000000000000, 1.000000000000000000, 1.733406087350420004E-16 ) ) ;
#3825 = ORIENTED_EDGE ( 'NONE', *, *, #1330, .T. ) ;
#3826 = ADVANCED_FACE ( 'NONE', ( #4955 ), #6406, .F. ) ;
#3827 = CARTESIAN_POINT ( 'NONE',  ( -9.271000000000000796, 6.222999999999998977, 1.651000000000001133 ) ) ;
#3828 = DIRECTION ( 'NONE',  ( 1.000000000000000000, 0.000000000000000000, 0.000000000000000000 ) ) ;
#3829 = DIRECTION ( 'NONE',  ( 0.000000000000000000, 1.733406087350420004E-16, -1.000000000000000000 ) ) ;
#3830 = ORIENTED_EDGE ( 'NONE', *, *, #6975, .F. ) ;
#3831 = LINE ( 'NONE', #375, #2316 ) ;
#3832 = LINE ( 'NONE', #8078, #1244 ) ;
#3833 = ORIENTED_EDGE ( 'NONE', *, *, #2356, .T. ) ;
#3834 = SURFACE_STYLE_FILL_AREA ( #5856 ) ;
#3835 = VERTEX_POINT ( 'NONE', #113 ) ;
#3836 = CARTESIAN_POINT ( 'NONE',  ( 7.620000000000001883, 7.492999999999999439, -2.095500000000001695 ) ) ;
#3837 = PLANE ( 'NONE',  #2819 ) ;
#3838 = EDGE_CURVE ( 'NONE', #2774, #2749, #1485, .T. ) ;
#3839 = DIRECTION ( 'NONE',  ( 0.000000000000000000, 1.092515224483717628E-16, -1.000000000000000000 ) ) ;
#3840 = EDGE_CURVE ( 'NONE', #6562, #6692, #2199, .T. ) ;
#3841 = DIRECTION ( 'NONE',  ( 0.000000000000000000, -1.733406087350420004E-16, 1.000000000000000000 ) ) ;
#3842 = ORIENTED_EDGE ( 'NONE', *, *, #7517, .F. ) ;
#3843 = CARTESIAN_POINT ( 'NONE',  ( -11.30300000000000438, 6.794499999999997542, 1.397000000000001130 ) ) ;
#3844 = ORIENTED_EDGE ( 'NONE', *, *, #3200, .T. ) ;
#3845 = LINE ( 'NONE', #5866, #9226 ) ;
#3846 = VERTEX_POINT ( 'NONE', #4298 ) ;
#3847 = EDGE_CURVE ( 'NONE', #6652, #7235, #7140, .T. ) ;
#3848 = PLANE ( 'NONE',  #1561 ) ;
#3849 = CARTESIAN_POINT ( 'NONE',  ( -1.651000000000001355, 6.222999999999998977, 0.8890000000000011227 ) ) ;
#3850 = VECTOR ( 'NONE', #1862, 1000.000000000000000 ) ;
#3851 = DIRECTION ( 'NONE',  ( 0.000000000000000000, -0.7071067811865492381, 0.7071067811865457964 ) ) ;
#3852 = ORIENTED_EDGE ( 'NONE', *, *, #2963, .T. ) ;
#3853 = CARTESIAN_POINT ( 'NONE',  ( -12.95400000000000063, 0.3809999999999988396, 2.120899999999999785 ) ) ;
#3854 = ORIENTED_EDGE ( 'NONE', *, *, #6345, .T. ) ;
#3855 = PRESENTATION_STYLE_ASSIGNMENT (( #8057 ) ) ;
#3856 = VECTOR ( 'NONE', #4254, 1000.000000000000000 ) ;
#3857 = DIRECTION ( 'NONE',  ( 0.000000000000000000, -1.733406087350420251E-16, 1.000000000000000000 ) ) ;
#3858 = CARTESIAN_POINT ( 'NONE',  ( -11.81100000000000172, 6.222999999999998977, 0.8890000000000011227 ) ) ;
#3859 = VERTEX_POINT ( 'NONE', #685 ) ;
#3860 = LINE ( 'NONE', #6003, #6425 ) ;
#3861 = ORIENTED_EDGE ( 'NONE', *, *, #3518, .F. ) ;
#3862 = AXIS2_PLACEMENT_3D ( 'NONE', #3285, #6628, #2464 ) ;
#3863 = EDGE_CURVE ( 'NONE', #5731, #2190, #3559, .T. ) ;
#3864 = PLANE ( 'NONE',  #5208 ) ;
#3865 = ORIENTED_EDGE ( 'NONE', *, *, #3847, .T. ) ;
#3866 = CARTESIAN_POINT ( 'NONE',  ( -2.539999999999998703, 0.3809999999999988396, 2.120899999999999785 ) ) ;
#3867 = EDGE_LOOP ( 'NONE', ( #6517, #1262, #3465, #6824 ) ) ;
#3868 = CARTESIAN_POINT ( 'NONE',  ( -5.079999999999999183, 0.8889999999999985691, 1.984781810244993228 ) ) ;
#3869 = EDGE_CURVE ( 'NONE', #8215, #6124, #5795, .T. ) ;
#3870 = FACE_OUTER_BOUND ( 'NONE', #6180, .T. ) ;
#3871 = ORIENTED_EDGE ( 'NONE', *, *, #8446, .T. ) ;
#3872 = LINE ( 'NONE', #2504, #351 ) ;
#3873 = FACE_OUTER_BOUND ( 'NONE', #982, .T. ) ;
#3874 = EDGE_CURVE ( 'NONE', #6215, #2234, #7933, .T. ) ;
#3875 = VECTOR ( 'NONE', #7085, 1000.000000000000000 ) ;
#3876 = ORIENTED_EDGE ( 'NONE', *, *, #5310, .F. ) ;
#3877 = CARTESIAN_POINT ( 'NONE',  ( 0.000000000000000000, 6.222999999999998977, -2.201425730935033664E-16 ) ) ;
#3878 = ORIENTED_EDGE ( 'NONE', *, *, #6101, .F. ) ;
#3879 = APPLICATION_PROTOCOL_DEFINITION ( 'draft international standard', 'automotive_design', 1998, #6037 ) ;
#3880 = CARTESIAN_POINT ( 'NONE',  ( -1.651000000000001355, 6.222999999999998977, 0.8890000000000011227 ) ) ;
#3881 = ORIENTED_EDGE ( 'NONE', *, *, #1477, .T. ) ;
#3882 = CARTESIAN_POINT ( 'NONE',  ( 12.95400000000000063, 0.3809999999999993947, -2.120900000000001562 ) ) ;
#3883 = AXIS2_PLACEMENT_3D ( 'NONE', #5640, #2128, #7117 ) ;
#3884 = FACE_OUTER_BOUND ( 'NONE', #5352, .T. ) ;
#3885 = LINE ( 'NONE', #2376, #4671 ) ;
#3886 = ORIENTED_EDGE ( 'NONE', *, *, #8018, .F. ) ;
#3887 = EDGE_CURVE ( 'NONE', #8026, #8402, #7756, .T. ) ;
#3888 = DIRECTION ( 'NONE',  ( 1.000000000000000000, 0.000000000000000000, 0.000000000000000000 ) ) ;
#3889 = VERTEX_POINT ( 'NONE', #8726 ) ;
#3890 = PLANE ( 'NONE',  #122 ) ;
#3891 = VERTEX_POINT ( 'NONE', #4429 ) ;
#3892 = PLANE ( 'NONE',  #4191 ) ;
#3893 = DIRECTION ( 'NONE',  ( 0.000000000000000000, 1.000000000000000000, 1.422837496700139533E-15 ) ) ;
#3894 = ORIENTED_EDGE ( 'NONE', *, *, #3725, .F. ) ;
#3895 = CARTESIAN_POINT ( 'NONE',  ( -11.04900000000000304, 6.222999999999998977, -0.8889999999999987912 ) ) ;
#3896 = ORIENTED_EDGE ( 'NONE', *, *, #3564, .T. ) ;
#3897 = PRODUCT ( 'Pin - Gold', 'Pin - Gold', '', ( #8255 ) ) ;
#3898 = ORIENTED_EDGE ( 'NONE', *, *, #858, .F. ) ;
#3899 = LINE ( 'NONE', #3733, #6897 ) ;
#3900 =( NAMED_UNIT ( * ) SI_UNIT ( $, .STERADIAN. ) SOLID_ANGLE_UNIT ( ) );
#3901 = LINE ( 'NONE', #2485, #8713 ) ;
#3902 = CARTESIAN_POINT ( 'NONE',  ( -12.69999999999999929, 0.3809999999999988396, 2.120899999999999785 ) ) ;
#3903 = DIRECTION ( 'NONE',  ( 0.000000000000000000, -1.733406087350420251E-16, 1.000000000000000000 ) ) ;
#3904 = ORIENTED_EDGE ( 'NONE', *, *, #2842, .T. ) ;
#3905 = LINE ( 'NONE', #2754, #6405 ) ;
#3906 = EDGE_LOOP ( 'NONE', ( #6572, #9197, #9206, #5800 ) ) ;
#3907 = ADVANCED_FACE ( 'NONE', ( #7455 ), #8113, .F. ) ;
#3908 = EDGE_CURVE ( 'NONE', #6708, #642, #1754, .T. ) ;
#3909 = VERTEX_POINT ( 'NONE', #3739 ) ;
#3910 = DIRECTION ( 'NONE',  ( -1.000000000000000000, 0.000000000000000000, -0.000000000000000000 ) ) ;
#3911 = CARTESIAN_POINT ( 'NONE',  ( -10.15999999999999837, 0.8889999999999985691, 1.984781810244993228 ) ) ;
#3912 = LINE ( 'NONE', #6067, #5073 ) ;
#3913 = EDGE_LOOP ( 'NONE', ( #6900, #1107, #8586, #6994 ) ) ;
#3914 = DIRECTION ( 'NONE',  ( -0.5773502691896273964, 0.5773502691896237327, -0.5773502691896261751 ) ) ;
#3915 = CLOSED_SHELL ( 'NONE', ( #47, #1537, #3675, #939, #6359, #6533, #7062, #1687, #7575, #3272, #8186, #284, #5394, #3500, #3647, #6846, #2682, #7827, #6108, #225, #3790, #382, #2741, #8825, #3274, #1154, #4058, #5605 ) ) ;
#3916 = ORIENTED_EDGE ( 'NONE', *, *, #2931, .T. ) ;
#3917 = ORIENTED_EDGE ( 'NONE', *, *, #2691, .F. ) ;
#3918 = ORIENTED_EDGE ( 'NONE', *, *, #2862, .T. ) ;
#3919 = EDGE_CURVE ( 'NONE', #1590, #372, #8767, .T. ) ;
#3920 = VECTOR ( 'NONE', #8655, 1000.000000000000000 ) ;
#3921 = CARTESIAN_POINT ( 'NONE',  ( 12.70000000000000284, 0.3809999999999993947, -2.120900000000001562 ) ) ;
#3922 = PLANE ( 'NONE',  #3429 ) ;
#3923 = CARTESIAN_POINT ( 'NONE',  ( 0.3047999999999999599, 0.6731000000000003647, 2.387599999999999945 ) ) ;
#3924 = ORIENTED_EDGE ( 'NONE', *, *, #96, .T. ) ;
#3925 = VECTOR ( 'NONE', #421, 1000.000000000000000 ) ;
#3926 = CARTESIAN_POINT ( 'NONE',  ( 5.968999999999998529, 7.048499999999997101, 1.651000000000001355 ) ) ;
#3927 = ORIENTED_EDGE ( 'NONE', *, *, #6017, .F. ) ;
#3928 = VECTOR ( 'NONE', #9142, 1000.000000000000000 ) ;
#3929 = ORIENTED_EDGE ( 'NONE', *, *, #2287, .T. ) ;
#3930 = ADVANCED_FACE ( 'NONE', ( #4566 ), #4609, .F. ) ;
#3931 = VECTOR ( 'NONE', #5849, 1000.000000000000000 ) ;
#3932 = FACE_OUTER_BOUND ( 'NONE', #314, .T. ) ;
#3933 = EDGE_CURVE ( 'NONE', #7795, #7322, #245, .T. ) ;
#3934 = DIRECTION ( 'NONE',  ( 0.000000000000000000, 1.000000000000000000, 2.439149994343092652E-16 ) ) ;
#3935 = VECTOR ( 'NONE', #7286, 1000.000000000000000 ) ;
#3936 = LINE ( 'NONE', #8323, #3668 ) ;
#3937 = DIRECTION ( 'NONE',  ( 0.000000000000000000, -1.092515224483717382E-16, 1.000000000000000000 ) ) ;
#3938 = ORIENTED_EDGE ( 'NONE', *, *, #8315, .F. ) ;
#3939 = PLANE ( 'NONE',  #4377 ) ;
#3940 = EDGE_LOOP ( 'NONE', ( #7434, #239, #335, #8996 ) ) ;
#3941 = AXIS2_PLACEMENT_3D ( 'NONE', #3123, #1696, #851 ) ;
#3942 = CARTESIAN_POINT ( 'NONE',  ( -11.81100000000000172, 7.048499999999997989, -1.650999999999998691 ) ) ;
#3943 = AXIS2_PLACEMENT_3D ( 'NONE', #563, #8380, #7685 ) ;
#3944 = DIRECTION ( 'NONE',  ( 0.000000000000000000, -0.9659258262890700886, 0.2588190451025143002 ) ) ;
#3945 = PLANE ( 'NONE',  #1691 ) ;
#3946 = DIRECTION ( 'NONE',  ( 0.000000000000000000, -0.9659258262890699775, -0.2588190451025143002 ) ) ;
#3947 = CARTESIAN_POINT ( 'NONE',  ( 1.650999999999998025, 6.222999999999998977, 0.8890000000000011227 ) ) ;
#3948 = EDGE_CURVE ( 'NONE', #9240, #7858, #3087, .T. ) ;
#3949 = DIRECTION ( 'NONE',  ( 1.000000000000000000, 0.000000000000000000, 0.000000000000000000 ) ) ;
#3951 = ORIENTED_EDGE ( 'NONE', *, *, #5949, .T. ) ;
#3950 = ORIENTED_EDGE ( 'NONE', *, *, #6680, .T. ) ;
#3952 = DIRECTION ( 'NONE',  ( 0.000000000000000000, -1.733406087350420004E-16, 1.000000000000000000 ) ) ;
#3953 = EDGE_LOOP ( 'NONE', ( #585, #6057, #2846, #5906 ) ) ;
#3954 = VECTOR ( 'NONE', #6514, 1000.000000000000000 ) ;
#3955 = AXIS2_PLACEMENT_3D ( 'NONE', #4525, #7368, #6618 ) ;
#3956 = DIRECTION ( 'NONE',  ( 0.000000000000000000, -1.138269997360111548E-15, -1.000000000000000000 ) ) ;
#3957 = CARTESIAN_POINT ( 'NONE',  ( 0.3047999999999999599, 0.6730999999999999206, -2.387599999999999945 ) ) ;
#3958 = ORIENTED_EDGE ( 'NONE', *, *, #3776, .T. ) ;
#3959 = EDGE_CURVE ( 'NONE', #9019, #2234, #7319, .T. ) ;
#3960 = AXIS2_PLACEMENT_3D ( 'NONE', #2744, #9170, #5322 ) ;
#3961 = VERTEX_POINT ( 'NONE', #3868 ) ;
#3962 = LINE ( 'NONE', #5238, #7987 ) ;
#3963 = ORIENTED_EDGE ( 'NONE', *, *, #7420, .F. ) ;
#3964 = EDGE_CURVE ( 'NONE', #4303, #6559, #3135, .T. ) ;
#3965 = CONTEXT_DEPENDENT_SHAPE_REPRESENTATION ( #276, #4711 ) ;
#3966 = DIRECTION ( 'NONE',  ( -0.5773502691896272854, -0.5773502691896241767, -0.5773502691896257311 ) ) ;
#3967 = ORIENTED_EDGE ( 'NONE', *, *, #3018, .F. ) ;
#3968 = AXIS2_PLACEMENT_3D ( 'NONE', #5628, #9198, #542 ) ;
#3969 = DIRECTION ( 'NONE',  ( -1.000000000000000000, -0.000000000000000000, -0.000000000000000000 ) ) ;
#3970 = CARTESIAN_POINT ( 'NONE',  ( -1.651000000000001355, 7.048499999999997101, 1.651000000000001355 ) ) ;
#3971 = DIRECTION ( 'NONE',  ( -1.000000000000000000, 0.000000000000000000, 0.000000000000000000 ) ) ;
#3972 = VERTEX_POINT ( 'NONE', #5272 ) ;
#3973 = DIRECTION ( 'NONE',  ( -0.7071067811865456854, -0.7071067811865494601, -1.225703198915526333E-16 ) ) ;
#3974 = ORIENTED_EDGE ( 'NONE', *, *, #6330, .F. ) ;
#3975 = LINE ( 'NONE', #6813, #2367 ) ;
#3976 = VERTEX_POINT ( 'NONE', #8851 ) ;
#3977 = FACE_OUTER_BOUND ( 'NONE', #6507, .T. ) ;
#3978 = LINE ( 'NONE', #1823, #5353 ) ;
#3979 = CARTESIAN_POINT ( 'NONE',  ( -4.191000000000001613, 7.048499999999997101, 0.8890000000000012337 ) ) ;
#3980 = CARTESIAN_POINT ( 'NONE',  ( 4.635500000000000398, 7.492999999999999439, -2.095500000000001695 ) ) ;
#3981 = ORIENTED_EDGE ( 'NONE', *, *, #7492, .F. ) ;
#3982 = CARTESIAN_POINT ( 'NONE',  ( 9.016999999999997684, 6.794499999999999318, -1.396999999999998243 ) ) ;
#3983 = ORIENTED_EDGE ( 'NONE', *, *, #3798, .T. ) ;
#3984 = AXIS2_PLACEMENT_3D ( 'NONE', #4476, #3778, #8153 ) ;
#3985 = FACE_OUTER_BOUND ( 'NONE', #1811, .T. ) ;
#3986 = EDGE_CURVE ( 'NONE', #5962, #555, #2450, .T. ) ;
#3987 = FILL_AREA_STYLE ('',( #5541 ) ) ;
#3988 = LINE ( 'NONE', #9069, #8110 ) ;
#3989 = CARTESIAN_POINT ( 'NONE',  ( -2.539999999999998703, 7.492999999999998550, 2.501900000000000901 ) ) ;
#3990 = ORIENTED_EDGE ( 'NONE', *, *, #210, .F. ) ;
#3991 = DIRECTION ( 'NONE',  ( 0.5773502691896270633, 0.5773502691896240657, -0.5773502691896261751 ) ) ;
#3992 = ORIENTED_EDGE ( 'NONE', *, *, #824, .F. ) ;
#3993 = LINE ( 'NONE', #7938, #3803 ) ;
#3994 = CARTESIAN_POINT ( 'NONE',  ( 12.70000000000000284, 0.000000000000000000, 0.000000000000000000 ) ) ;
#3995 = ORIENTED_EDGE ( 'NONE', *, *, #8930, .F. ) ;
#3996 = CARTESIAN_POINT ( 'NONE',  ( 8.508999999999998565, 7.048499999999997989, -0.8889999999999986802 ) ) ;
#3997 = CARTESIAN_POINT ( 'NONE',  ( 2.540000000000002256, 7.492999999999999439, -0.4444999999999956763 ) ) ;
#3998 = EDGE_CURVE ( 'NONE', #3056, #503, #7978, .T. ) ;
#3999 = FACE_OUTER_BOUND ( 'NONE', #4046, .T. ) ;
#4000 = ORIENTED_EDGE ( 'NONE', *, *, #8888, .F. ) ;
#4001 = AXIS2_PLACEMENT_3D ( 'NONE', #7489, #3949, #1837 ) ;
#4002 = CARTESIAN_POINT ( 'NONE',  ( 7.620000000000001883, 0.3809999999999999498, -2.501900000000000901 ) ) ;
#4003 = ORIENTED_EDGE ( 'NONE', *, *, #4790, .T. ) ;
#4004 = CARTESIAN_POINT ( 'NONE',  ( 5.968999999999998529, 7.048499999999997989, -0.8889999999999986802 ) ) ;
#4005 = DIRECTION ( 'NONE',  ( 0.000000000000000000, 0.000000000000000000, -1.000000000000000000 ) ) ;
#4006 = ORIENTED_EDGE ( 'NONE', *, *, #3773, .T. ) ;
#4007 = ITEM_DEFINED_TRANSFORMATION ( 'NONE', 'NONE', #2094,  #4760 ) ;
#4008 = VECTOR ( 'NONE', #1320, 1000.000000000000000 ) ;
#4009 = DIRECTION ( 'NONE',  ( -1.000000000000000000, -0.000000000000000000, -0.000000000000000000 ) ) ;
#4010 = ORIENTED_EDGE ( 'NONE', *, *, #5100, .F. ) ;
#4011 = VECTOR ( 'NONE', #1544, 1000.000000000000000 ) ;
#4012 = EDGE_CURVE ( 'NONE', #6197, #1534, #5892, .T. ) ;
#4013 = EDGE_CURVE ( 'NONE', #1588, #1817, #8023, .T. ) ;
#4014 = LINE ( 'NONE', #2950, #3856 ) ;
#4015 = DIRECTION ( 'NONE',  ( -0.000000000000000000, -0.000000000000000000, 1.000000000000000000 ) ) ;
#4016 = AXIS2_PLACEMENT_3D ( 'NONE', #9003, #8407, #4909 ) ;
#4017 = CARTESIAN_POINT ( 'NONE',  ( -11.81100000000000172, 6.222999999999998977, -1.650999999999998913 ) ) ;
#4018 = PLANE ( 'NONE',  #8024 ) ;
#4019 = ORIENTED_EDGE ( 'NONE', *, *, #6171, .T. ) ;
#4020 = CARTESIAN_POINT ( 'NONE',  ( 11.04899999999999949, 6.222999999999998977, 1.651000000000001133 ) ) ;
#4021 = ORIENTED_EDGE ( 'NONE', *, *, #5502, .F. ) ;
#4022 = DIRECTION ( 'NONE',  ( 0.000000000000000000, 0.000000000000000000, -1.000000000000000000 ) ) ;
#4023 = ORIENTED_EDGE ( 'NONE', *, *, #5285, .T. ) ;
#4024 = EDGE_CURVE ( 'NONE', #1231, #1505, #5928, .T. ) ;
#4025 = EDGE_CURVE ( 'NONE', #9134, #2618, #1160, .T. ) ;
#4026 = STYLED_ITEM ( 'NONE', ( #6119 ), #5107 ) ;
#4027 = PRODUCT_DEFINITION_FORMATION_WITH_SPECIFIED_SOURCE ( 'ANY', '', #3897, .NOT_KNOWN. ) ;
#4028 = DIRECTION ( 'NONE',  ( 0.000000000000000000, -1.000000000000000000, -1.733406087350420004E-16 ) ) ;
#4029 = CARTESIAN_POINT ( 'NONE',  ( -5.079999999999999183, 0.8889999999999989022, -1.984781810244995004 ) ) ;
#4030 = LINE ( 'NONE', #8228, #5449 ) ;
#4031 = DIRECTION ( 'NONE',  ( 1.000000000000000000, 0.000000000000000000, 0.000000000000000000 ) ) ;
#4032 = ORIENTED_EDGE ( 'NONE', *, *, #4300, .T. ) ;
#4033 = VECTOR ( 'NONE', #6830, 1000.000000000000000 ) ;
#4034 = CARTESIAN_POINT ( 'NONE',  ( 7.620000000000001883, 0.3809999999999988396, 2.120899999999999785 ) ) ;
#4035 = ORIENTED_EDGE ( 'NONE', *, *, #4861, .T. ) ;
#4036 = DIRECTION ( 'NONE',  ( -0.000000000000000000, 1.000000000000000000, 1.733406087350420004E-16 ) ) ;
#4037 =( NAMED_UNIT ( * ) PLANE_ANGLE_UNIT ( ) SI_UNIT ( $, .RADIAN. ) );
#4038 = EDGE_CURVE ( 'NONE', #8498, #3056, #4479, .T. ) ;
#4039 = DIRECTION ( 'NONE',  ( 0.5773502691896270633, 0.5773502691896240657, -0.5773502691896261751 ) ) ;
#4040 = CARTESIAN_POINT ( 'NONE',  ( -12.69999999999999929, 0.000000000000000000, 0.000000000000000000 ) ) ;
#4041 = DIRECTION ( 'NONE',  ( -0.000000000000000000, 1.000000000000000000, 1.733406087350420004E-16 ) ) ;
#4042 = DIRECTION ( 'NONE',  ( -0.000000000000000000, 0.000000000000000000, 1.000000000000000000 ) ) ;
#4043 = ORIENTED_EDGE ( 'NONE', *, *, #913, .F. ) ;
#4044 = EDGE_CURVE ( 'NONE', #7724, #8868, #6616, .T. ) ;
#4045 = FACE_OUTER_BOUND ( 'NONE', #6537, .T. ) ;
#4046 = EDGE_LOOP ( 'NONE', ( #1126, #1638, #5129, #3898 ) ) ;
#4047 = LINE ( 'NONE', #3355, #8777 ) ;
#4048 = CARTESIAN_POINT ( 'NONE',  ( 5.080000000000000959, 0.3809999999999993947, -2.120900000000001562 ) ) ;
#4049 = ORIENTED_EDGE ( 'NONE', *, *, #8136, .T. ) ;
#4050 = EDGE_CURVE ( 'NONE', #894, #2853, #7365, .T. ) ;
#4051 = LINE ( 'NONE', #8246, #470 ) ;
#4052 = CARTESIAN_POINT ( 'NONE',  ( 2.540000000000000480, 0.8889999999999989022, -1.984781810244995004 ) ) ;
#4053 = ADVANCED_FACE ( 'NONE', ( #952 ), #5970, .F. ) ;
#4054 = ORIENTED_EDGE ( 'NONE', *, *, #921, .T. ) ;
#4055 = DIRECTION ( 'NONE',  ( 0.000000000000000000, -1.000000000000000000, -2.439149994343092652E-16 ) ) ;
#4056 = ORIENTED_EDGE ( 'NONE', *, *, #5562, .T. ) ;
#4057 = DIRECTION ( 'NONE',  ( 0.5773502691896273964, 0.5773502691896237327, -0.5773502691896261751 ) ) ;
#4058 = ADVANCED_FACE ( 'NONE', ( #8247 ), #1847, .F. ) ;
#4059 = EDGE_CURVE ( 'NONE', #4640, #8743, #6117, .T. ) ;
#4060 = ORIENTED_EDGE ( 'NONE', *, *, #7970, .T. ) ;
#4061 = FACE_OUTER_BOUND ( 'NONE', #6726, .T. ) ;
#4062 = PRODUCT_CONTEXT ( 'NONE', #6037, 'mechanical' ) ;
#4063 = EDGE_LOOP ( 'NONE', ( #8865, #9131, #3301, #7185 ) ) ;
#4064 = FACE_OUTER_BOUND ( 'NONE', #631, .T. ) ;
#4065 = FACE_OUTER_BOUND ( 'NONE', #4287, .T. ) ;
#4066 = VECTOR ( 'NONE', #1668, 1000.000000000000000 ) ;
#4067 = EDGE_LOOP ( 'NONE', ( #6242, #8549, #7115, #3825 ) ) ;
#4068 = EDGE_CURVE ( 'NONE', #1472, #6477, #1240, .T. ) ;
#4069 = DIRECTION ( 'NONE',  ( 0.000000000000000000, -1.733406087350420004E-16, 1.000000000000000000 ) ) ;
#4070 = PLANE ( 'NONE',  #850 ) ;
#4071 = ORIENTED_EDGE ( 'NONE', *, *, #5848, .F. ) ;
#4072 = EDGE_CURVE ( 'NONE', #8637, #2821, #4103, .T. ) ;
#4074 = ORIENTED_EDGE ( 'NONE', *, *, #2168, .F. ) ;
#4073 = ORIENTED_EDGE ( 'NONE', *, *, #3200, .F. ) ;
#4075 = PLANE ( 'NONE',  #5677 ) ;
#4076 = DIRECTION ( 'NONE',  ( -0.7071067811865452413, -0.7071067811865499042, -1.225703198915527072E-16 ) ) ;
#4077 = EDGE_LOOP ( 'NONE', ( #1963, #8512, #4804, #5415 ) ) ;
#4078 = VECTOR ( 'NONE', #360, 1000.000000000000000 ) ;
#4079 = CARTESIAN_POINT ( 'NONE',  ( 1.734723475976807094E-15, 0.8889999999999989022, -1.984781810244995004 ) ) ;
#4080 = LINE ( 'NONE', #9242, #8493 ) ;
#4081 = CARTESIAN_POINT ( 'NONE',  ( -4.191000000000001613, 7.048499999999997101, 1.651000000000001355 ) ) ;
#4082 = VECTOR ( 'NONE', #7866, 1000.000000000000114 ) ;
#4083 = DIRECTION ( 'NONE',  ( 0.000000000000000000, 0.000000000000000000, -1.000000000000000000 ) ) ;
#4084 = ORIENTED_EDGE ( 'NONE', *, *, #3713, .T. ) ;
#4085 = LINE ( 'NONE', #6870, #5133 ) ;
#4086 = ORIENTED_EDGE ( 'NONE', *, *, #6933, .F. ) ;
#4087 = PLANE ( 'NONE',  #8742 ) ;
#4088 = PLANE ( 'NONE',  #6461 ) ;
#4089 = AXIS2_PLACEMENT_3D ( 'NONE', #8109, #1708, #999 ) ;
#4090 = CARTESIAN_POINT ( 'NONE',  ( 3.428999999999998050, 7.048499999999997101, 1.651000000000001355 ) ) ;
#4091 = AXIS2_PLACEMENT_3D ( 'NONE', #70, #2202, #5055 ) ;
#4092 = FACE_BOUND ( 'NONE', #844, .T. ) ;
#4093 = DIRECTION ( 'NONE',  ( 1.000000000000000000, 0.000000000000000000, 0.000000000000000000 ) ) ;
#4094 = DIRECTION ( 'NONE',  ( -1.000000000000000000, 0.000000000000000000, 0.000000000000000000 ) ) ;
#4095 = PRESENTATION_STYLE_ASSIGNMENT (( #2844 ) ) ;
#4096 = DIRECTION ( 'NONE',  ( 1.000000000000000000, 0.000000000000000000, 0.000000000000000000 ) ) ;
#4097 = EDGE_LOOP ( 'NONE', ( #5570, #540, #7174, #2901, #4347, #2673, #5953, #3268 ) ) ;
#4098 = VECTOR ( 'NONE', #1311, 1000.000000000000000 ) ;
#4099 = EDGE_CURVE ( 'NONE', #5660, #5713, #6940, .T. ) ;
#4100 = CARTESIAN_POINT ( 'NONE',  ( -7.619999999999999218, 0.3809999999999999498, -2.501900000000000901 ) ) ;
#4101 = CARTESIAN_POINT ( 'NONE',  ( 12.25550000000000317, 7.492999999999999439, -2.095500000000001695 ) ) ;
#4102 = VECTOR ( 'NONE', #8883, 1000.000000000000114 ) ;
#4103 = LINE ( 'NONE', #3266, #3569 ) ;
#4104 = ORIENTED_EDGE ( 'NONE', *, *, #7656, .F. ) ;
#4105 = FILL_AREA_STYLE_COLOUR ( '', #5682 ) ;
#4106 = LINE ( 'NONE', #2802, #9147 ) ;
#4107 = VERTEX_POINT ( 'NONE', #7543 ) ;
#4108 = LINE ( 'NONE', #7699, #8441 ) ;
#4109 = ORIENTED_EDGE ( 'NONE', *, *, #4059, .T. ) ;
#4110 = ADVANCED_FACE ( 'NONE', ( #3409 ), #371, .F. ) ;
#4111 = VECTOR ( 'NONE', #2954, 1000.000000000000000 ) ;
#4112 = EDGE_LOOP ( 'NONE', ( #8417, #8841, #8982, #8373 ) ) ;
#4113 = CARTESIAN_POINT ( 'NONE',  ( 3.428999999999998050, 7.048499999999997989, -0.8889999999999986802 ) ) ;
#4114 = DIRECTION ( 'NONE',  ( 0.000000000000000000, 0.000000000000000000, -1.000000000000000000 ) ) ;
#4115 = CARTESIAN_POINT ( 'NONE',  ( 8.508999999999998565, 6.222999999999998977, -1.650999999999998913 ) ) ;
#4116 = DIRECTION ( 'NONE',  ( -0.000000000000000000, 1.000000000000000000, 1.733406087350420004E-16 ) ) ;
#4117 = CARTESIAN_POINT ( 'NONE',  ( 2.540000000000000480, 7.492999999999999439, -2.501900000000000901 ) ) ;
#4118 = ORIENTED_EDGE ( 'NONE', *, *, #7237, .T. ) ;
#4119 = EDGE_LOOP ( 'NONE', ( #8899, #6259, #8392, #4746 ) ) ;
#4120 = FILL_AREA_STYLE_COLOUR ( '', #8648 ) ;
#4121 = DIRECTION ( 'NONE',  ( 0.000000000000000000, 1.138269997360111548E-15, 1.000000000000000000 ) ) ;
#4122 = ORIENTED_EDGE ( 'NONE', *, *, #4300, .F. ) ;
#4123 = ADVANCED_FACE ( 'NONE', ( #2701 ), #5402, .F. ) ;
#4124 = CARTESIAN_POINT ( 'NONE',  ( -8.509000000000002117, 7.048499999999997989, -1.650999999999998691 ) ) ;
#4125 = EDGE_CURVE ( 'NONE', #833, #3639, #6992, .T. ) ;
#4126 = CARTESIAN_POINT ( 'NONE',  ( -1.651000000000001355, 6.222999999999998977, 1.651000000000001133 ) ) ;
#4127 = LINE ( 'NONE', #7023, #4111 ) ;
#4128 = DIRECTION ( 'NONE',  ( -1.000000000000000000, 0.000000000000000000, -0.000000000000000000 ) ) ;
#4129 = VERTEX_POINT ( 'NONE', #3457 ) ;
#4130 = CARTESIAN_POINT ( 'NONE',  ( -4.191000000000001613, 7.048499999999997101, 0.8890000000000012337 ) ) ;
#4131 = ORIENTED_EDGE ( 'NONE', *, *, #9219, .T. ) ;
#4132 = ADVANCED_FACE ( 'NONE', ( #3999 ), #6790, .F. ) ;
#4133 = LINE ( 'NONE', #3393, #1228 ) ;
#4134 = AXIS2_PLACEMENT_3D ( 'NONE', #4572, #6125, #960 ) ;
#4135 = CARTESIAN_POINT ( 'NONE',  ( 11.81099999999999817, 7.048499999999997989, -1.650999999999998691 ) ) ;
#4136 = CARTESIAN_POINT ( 'NONE',  ( -3.429000000000003379, 6.222999999999998977, -0.8889999999999987912 ) ) ;
#4137 = DIRECTION ( 'NONE',  ( 0.000000000000000000, -0.9659258262890700886, 0.2588190451025143002 ) ) ;
#4138 = ADVANCED_FACE ( 'NONE', ( #2598 ), #9082, .F. ) ;
#4139 = PLANE ( 'NONE',  #268 ) ;
#4140 = EDGE_CURVE ( 'NONE', #653, #3331, #4847, .T. ) ;
#4141 = AXIS2_PLACEMENT_3D ( 'NONE', #4048, #1139, #4843 ) ;
#4142 = PLANE ( 'NONE',  #3805 ) ;
#4143 = EDGE_LOOP ( 'NONE', ( #9136, #6713, #3316, #5030 ) ) ;
#4144 = CARTESIAN_POINT ( 'NONE',  ( -5.079999999999998295, 7.492999999999999439, -0.4444999999999956763 ) ) ;
#4145 = EDGE_LOOP ( 'NONE', ( #7224, #3896, #73, #4056, #303, #8183, #1442, #8494 ) ) ;
#4146 = LINE ( 'NONE', #5454, #2481 ) ;
#4147 = LINE ( 'NONE', #2136, #3351 ) ;
#4148 = FACE_OUTER_BOUND ( 'NONE', #3819, .T. ) ;
#4149 = ORIENTED_EDGE ( 'NONE', *, *, #8343, .T. ) ;
#4150 = DIRECTION ( 'NONE',  ( 0.000000000000000000, -0.9659258262890699775, -0.2588190451025143002 ) ) ;
#4151 = PLANE ( 'NONE',  #39 ) ;
#4152 = ORIENTED_EDGE ( 'NONE', *, *, #6599, .T. ) ;
#4153 = AXIS2_PLACEMENT_3D ( 'NONE', #1014, #2372, #8080 ) ;
#4154 = CARTESIAN_POINT ( 'NONE',  ( 10.16000000000000192, 0.8889999999999989022, -1.984781810244995004 ) ) ;
#4155 = VECTOR ( 'NONE', #3345, 1000.000000000000000 ) ;
#4156 = ORIENTED_EDGE ( 'NONE', *, *, #3628, .T. ) ;
#4157 = CARTESIAN_POINT ( 'NONE',  ( 0.3047999999999999599, 0.6730999999999999206, -1.714499999999999913 ) ) ;
#4158 = ORIENTED_EDGE ( 'NONE', *, *, #7702, .T. ) ;
#4159 = VECTOR ( 'NONE', #3781, 1000.000000000000000 ) ;
#4160 = ADVANCED_FACE ( 'NONE', ( #4148 ), #3359, .F. ) ;
#4161 = VECTOR ( 'NONE', #3365, 1000.000000000000000 ) ;
#4162 = DIRECTION ( 'NONE',  ( 1.000000000000000000, 0.000000000000000000, 0.000000000000000000 ) ) ;
#4163 = CARTESIAN_POINT ( 'NONE',  ( 5.968999999999998529, 7.048499999999997101, 1.651000000000001355 ) ) ;
#4164 = ORIENTED_EDGE ( 'NONE', *, *, #7828, .T. ) ;
#4165 = CARTESIAN_POINT ( 'NONE',  ( 8.508999999999998565, 6.222999999999998977, -1.650999999999998913 ) ) ;
#4166 = CARTESIAN_POINT ( 'NONE',  ( -7.619999999999998330, 7.492999999999998550, 2.501900000000000901 ) ) ;
#4167 = ORIENTED_EDGE ( 'NONE', *, *, #1913, .T. ) ;
#4168 = VECTOR ( 'NONE', #8368, 1000.000000000000000 ) ;
#4169 = CARTESIAN_POINT ( 'NONE',  ( -7.619999999999999218, 7.492999999999999439, -2.501900000000000901 ) ) ;
#4170 = ORIENTED_EDGE ( 'NONE', *, *, #2443, .T. ) ;
#4171 = PLANE ( 'NONE',  #9032 ) ;
#4172 = VERTEX_POINT ( 'NONE', #4052 ) ;
#4173 = EDGE_CURVE ( 'NONE', #5414, #7593, #469, .T. ) ;
#4174 = LINE ( 'NONE', #497, #7018 ) ;
#4175 = CARTESIAN_POINT ( 'NONE',  ( -6.731000000000001648, 6.222999999999998977, 0.8890000000000011227 ) ) ;
#4176 = VECTOR ( 'NONE', #8727, 1000.000000000000000 ) ;
#4177 = CARTESIAN_POINT ( 'NONE',  ( -8.763000000000003453, 6.794499999999999318, -1.396999999999998243 ) ) ;
#4178 = ADVANCED_FACE ( 'NONE', ( #8206 ), #1801, .F. ) ;
#4179 = LINE ( 'NONE', #651, #659 ) ;
#4180 = FACE_OUTER_BOUND ( 'NONE', #3369, .T. ) ;
#4181 = ORIENTED_EDGE ( 'NONE', *, *, #4613, .F. ) ;
#4182 = CARTESIAN_POINT ( 'NONE',  ( -12.95400000000000063, 0.3809999999999999498, -2.501900000000000901 ) ) ;
#4183 = ORIENTED_EDGE ( 'NONE', *, *, #976, .T. ) ;
#4184 = AXIS2_PLACEMENT_3D ( 'NONE', #854, #3729, #149 ) ;
#4185 = ORIENTED_EDGE ( 'NONE', *, *, #6954, .F. ) ;
#4186 = ADVANCED_FACE ( 'NONE', ( #1891 ), #4748, .F. ) ;
#4187 = AXIS2_PLACEMENT_3D ( 'NONE', #2251, #7324, #915 ) ;
#4188 = CARTESIAN_POINT ( 'NONE',  ( -10.15999999999999837, 7.492999999999999439, -0.4444999999999956763 ) ) ;
#4189 = CARTESIAN_POINT ( 'NONE',  ( -3.683000000000003826, 6.794499999999998430, 1.143000000000001570 ) ) ;
#4190 = ADVANCED_FACE ( 'NONE', ( #9176 ), #2852, .F. ) ;
#4191 = AXIS2_PLACEMENT_3D ( 'NONE', #7567, #6141, #6089 ) ;
#4192 = DIRECTION ( 'NONE',  ( 0.000000000000000000, 1.733406087350420004E-16, -1.000000000000000000 ) ) ;
#4193 = FACE_OUTER_BOUND ( 'NONE', #1220, .T. ) ;
#4194 = DIRECTION ( 'NONE',  ( 0.000000000000000000, 1.733406087350420004E-16, -1.000000000000000000 ) ) ;
#4195 = ORIENTED_EDGE ( 'NONE', *, *, #5131, .F. ) ;
#4196 = PLANE ( 'NONE',  #3209 ) ;
#4197 = ORIENTED_EDGE ( 'NONE', *, *, #5062, .F. ) ;
#4198 =( REPRESENTATION_RELATIONSHIP ('NONE','NONE', #243, #483 ) REPRESENTATION_RELATIONSHIP_WITH_TRANSFORMATION ( #4007 )SHAPE_REPRESENTATION_RELATIONSHIP( ) );
#4199 = ORIENTED_EDGE ( 'NONE', *, *, #8335, .F. ) ;
#4200 = DIRECTION ( 'NONE',  ( -1.000000000000000000, -0.000000000000000000, -0.000000000000000000 ) ) ;
#4201 = EDGE_CURVE ( 'NONE', #2139, #6299, #2095, .T. ) ;
#4202 = EDGE_CURVE ( 'NONE', #4630, #7789, #4946, .T. ) ;
#4203 = ORIENTED_EDGE ( 'NONE', *, *, #753, .T. ) ;
#4204 = ORIENTED_EDGE ( 'NONE', *, *, #5498, .T. ) ;
#4205 = CARTESIAN_POINT ( 'NONE',  ( 10.16000000000000192, 7.492999999999999439, -2.501900000000000901 ) ) ;
#4206 = ORIENTED_EDGE ( 'NONE', *, *, #5062, .T. ) ;
#4207 = DIRECTION ( 'NONE',  ( 0.000000000000000000, 1.733406087350420497E-16, -1.000000000000000000 ) ) ;
#4208 = DIRECTION ( 'NONE',  ( -0.000000000000000000, 1.000000000000000000, 1.733406087350420004E-16 ) ) ;
#4209 = CARTESIAN_POINT ( 'NONE',  ( 12.95400000000000063, 0.8889999999999989022, -1.984781810244995004 ) ) ;
#4210 = FACE_OUTER_BOUND ( 'NONE', #3621, .T. ) ;
#4211 = EDGE_LOOP ( 'NONE', ( #8190, #5440, #8971, #8914 ) ) ;
#4212 = CARTESIAN_POINT ( 'NONE',  ( 5.080000000000000959, 0.3809999999999999498, -2.501900000000000901 ) ) ;
#4213 = ORIENTED_EDGE ( 'NONE', *, *, #6536, .F. ) ;
#4214 = DIRECTION ( 'NONE',  ( -1.000000000000000000, 0.000000000000000000, 0.000000000000000000 ) ) ;
#4215 = ORIENTED_EDGE ( 'NONE', *, *, #6498, .T. ) ;
#4216 = DIRECTION ( 'NONE',  ( 0.000000000000000000, 0.2588190451025143002, -0.9659258262890699775 ) ) ;
#4217 = CARTESIAN_POINT ( 'NONE',  ( 8.508999999999998565, 7.048499999999997989, -0.8889999999999986802 ) ) ;
#4218 = EDGE_LOOP ( 'NONE', ( #3014, #295, #3460, #8689, #3772, #3217, #805, #2402 ) ) ;
#4219 = DIRECTION ( 'NONE',  ( 0.000000000000000000, 1.733406087350420004E-16, -1.000000000000000000 ) ) ;
#4220 = DIRECTION ( 'NONE',  ( 0.000000000000000000, 1.000000000000000000, 1.733406087350420004E-16 ) ) ;
#4221 = CARTESIAN_POINT ( 'NONE',  ( -10.15999999999999837, 7.492999999999999439, -2.501900000000000901 ) ) ;
#4222 = LINE ( 'NONE', #2073, #8863 ) ;
#4223 = CARTESIAN_POINT ( 'NONE',  ( 9.270999999999997243, 6.222999999999998977, -1.650999999999998913 ) ) ;
#4224 = EDGE_LOOP ( 'NONE', ( #2421, #1264, #7584, #5040 ) ) ;
#4225 = EDGE_CURVE ( 'NONE', #2557, #7810, #4331, .T. ) ;
#4226 = VERTEX_POINT ( 'NONE', #5385 ) ;
#4227 = VECTOR ( 'NONE', #4036, 1000.000000000000000 ) ;
#4228 = CARTESIAN_POINT ( 'NONE',  ( 12.95400000000000063, 0.8889999999999985691, 1.984781810244993228 ) ) ;
#4229 = ORIENTED_EDGE ( 'NONE', *, *, #5283, .F. ) ;
#4230 = EDGE_CURVE ( 'NONE', #7647, #2683, #3978, .T. ) ;
#4231 = CARTESIAN_POINT ( 'NONE',  ( -11.04900000000000304, 7.048499999999997101, 1.651000000000001355 ) ) ;
#4232 = CARTESIAN_POINT ( 'NONE',  ( -2.539999999999998703, 7.492999999999999439, -0.4444999999999956763 ) ) ;
#4233 = CARTESIAN_POINT ( 'NONE',  ( -10.60449999999999982, 7.492999999999998550, 0.4444999999999979523 ) ) ;
#4234 = VECTOR ( 'NONE', #1924, 1000.000000000000000 ) ;
#4235 = PLANE ( 'NONE',  #6194 ) ;
#4236 = FACE_OUTER_BOUND ( 'NONE', #5469, .T. ) ;
#4237 = ORIENTED_EDGE ( 'NONE', *, *, #5386, .F. ) ;
#4238 = VECTOR ( 'NONE', #1141, 1000.000000000000000 ) ;
#4239 = VECTOR ( 'NONE', #5855, 1000.000000000000114 ) ;
#4240 = LINE ( 'NONE', #5831, #1448 ) ;
#4241 = LINE ( 'NONE', #5034, #4786 ) ;
#4242 = CARTESIAN_POINT ( 'NONE',  ( 2.540000000000002256, 0.3809999999999993947, -2.120900000000001562 ) ) ;
#4243 = EDGE_CURVE ( 'NONE', #4628, #5382, #3024, .T. ) ;
#4244 = ADVANCED_FACE ( 'NONE', ( #8011 ), #7963, .F. ) ;
#4245 = ORIENTED_EDGE ( 'NONE', *, *, #2170, .T. ) ;
#4246 = EDGE_CURVE ( 'NONE', #8245, #1844, #7308, .T. ) ;
#4247 = VECTOR ( 'NONE', #6441, 1000.000000000000000 ) ;
#4248 = ORIENTED_EDGE ( 'NONE', *, *, #5904, .T. ) ;
#4249 = CARTESIAN_POINT ( 'NONE',  ( 12.95400000000000063, 0.3809999999999993947, -2.120900000000001562 ) ) ;
#4250 = EDGE_LOOP ( 'NONE', ( #5199, #2154, #9244, #7362 ) ) ;
#4251 = ORIENTED_EDGE ( 'NONE', *, *, #1087, .F. ) ;
#4252 = CARTESIAN_POINT ( 'NONE',  ( 0.3047999999999999599, 0.6731000000000003647, 1.968499999999999694 ) ) ;
#4253 = VECTOR ( 'NONE', #8485, 1000.000000000000000 ) ;
#4254 = DIRECTION ( 'NONE',  ( -1.000000000000000000, -0.000000000000000000, -0.000000000000000000 ) ) ;
#4255 = CARTESIAN_POINT ( 'NONE',  ( -10.15999999999999837, 7.492999999999999439, -2.501900000000000901 ) ) ;
#4256 = ORIENTED_EDGE ( 'NONE', *, *, #192, .F. ) ;
#4257 = EDGE_CURVE ( 'NONE', #7931, #1777, #3680, .T. ) ;
#4258 = DIRECTION ( 'NONE',  ( 0.000000000000000000, 1.000000000000000000, 0.000000000000000000 ) ) ;
#4259 = ORIENTED_EDGE ( 'NONE', *, *, #3919, .F. ) ;
#4260 = ORIENTED_EDGE ( 'NONE', *, *, #5138, .F. ) ;
#4261 = DIRECTION ( 'NONE',  ( 0.000000000000000000, 2.439149994343092652E-16, -1.000000000000000000 ) ) ;
#4262 = LINE ( 'NONE', #6963, #4276 ) ;
#4263 = ORIENTED_EDGE ( 'NONE', *, *, #1883, .T. ) ;
#4264 = AXIS2_PLACEMENT_3D ( 'NONE', #3877, #3183, #1666 ) ;
#4265 = VECTOR ( 'NONE', #3914, 1000.000000000000114 ) ;
#4266 = CARTESIAN_POINT ( 'NONE',  ( 2.540000000000000480, 7.492999999999998550, 2.501900000000000901 ) ) ;
#4267 = PLANE ( 'NONE',  #3406 ) ;
#4268 = LINE ( 'NONE', #8559, #4758 ) ;
#4269 = ADVANCED_FACE ( 'NONE', ( #8712 ), #6143, .F. ) ;
#4270 = CARTESIAN_POINT ( 'NONE',  ( -12.95400000000000063, 7.492999999999999439, -2.501900000000000901 ) ) ;
#4271 = EDGE_LOOP ( 'NONE', ( #8656, #5046, #7195, #8510 ) ) ;
#4272 = ORIENTED_EDGE ( 'NONE', *, *, #3553, .T. ) ;
#4273 = CARTESIAN_POINT ( 'NONE',  ( 1.734723475976807094E-15, 7.492999999999999439, -2.501900000000000901 ) ) ;
#4274 = EDGE_LOOP ( 'NONE', ( #3929, #9030, #2711, #2881 ) ) ;
#4275 = CARTESIAN_POINT ( 'NONE',  ( 3.428999999999998050, 7.048499999999997989, -0.8889999999999986802 ) ) ;
#4276 = VECTOR ( 'NONE', #6370, 1000.000000000000000 ) ;
#4277 = CARTESIAN_POINT ( 'NONE',  ( 2.540000000000000480, 7.492999999999999439, -2.501900000000000901 ) ) ;
#4278 = DIRECTION ( 'NONE',  ( 0.000000000000000000, -1.733406087350420004E-16, 1.000000000000000000 ) ) ;
#4279 = DIRECTION ( 'NONE',  ( -1.000000000000000000, 0.000000000000000000, 0.000000000000000000 ) ) ;
#4280 = EDGE_CURVE ( 'NONE', #6650, #292, #6602, .T. ) ;
#4281 = CARTESIAN_POINT ( 'NONE',  ( 5.080000000000000959, 0.3809999999999988396, 2.120899999999999785 ) ) ;
#4282 = ORIENTED_EDGE ( 'NONE', *, *, #942, .T. ) ;
#4283 = ORIENTED_EDGE ( 'NONE', *, *, #8781, .T. ) ;
#4284 = EDGE_CURVE ( 'NONE', #555, #282, #2350, .T. ) ;
#4285 = EDGE_CURVE ( 'NONE', #4, #8215, #8923, .T. ) ;
#4286 = CARTESIAN_POINT ( 'NONE',  ( 10.16000000000000192, 7.492999999999999439, -2.501900000000000901 ) ) ;
#4287 = EDGE_LOOP ( 'NONE', ( #4399, #339, #1927, #1316 ) ) ;
#4288 = CARTESIAN_POINT ( 'NONE',  ( 11.04899999999999949, 6.222999999999998977, 0.8890000000000011227 ) ) ;
#4289 = DIRECTION ( 'NONE',  ( 1.000000000000000000, 0.000000000000000000, 0.000000000000000000 ) ) ;
#4290 = EDGE_LOOP ( 'NONE', ( #6910, #3248, #627, #934, #2578, #7090, #2239, #1706 ) ) ;
#4291 = PLANE ( 'NONE',  #6492 ) ;
#4292 = LINE ( 'NONE', #5134, #5067 ) ;
#4293 = ORIENTED_EDGE ( 'NONE', *, *, #4832, .T. ) ;
#4294 = EDGE_CURVE ( 'NONE', #1377, #2396, #5219, .T. ) ;
#4295 = CARTESIAN_POINT ( 'NONE',  ( -2.095500000000005247, 7.492999999999998550, 0.4444999999999979523 ) ) ;
#4296 = ORIENTED_EDGE ( 'NONE', *, *, #8573, .F. ) ;
#4297 = CARTESIAN_POINT ( 'NONE',  ( 2.540000000000000480, 0.3809999999999999498, -2.501900000000000901 ) ) ;
#4298 = CARTESIAN_POINT ( 'NONE',  ( -2.539999999999998703, 0.3809999999999993947, -2.120900000000001562 ) ) ;
#4299 = CARTESIAN_POINT ( 'NONE',  ( 5.524499999999994415, 7.492999999999998550, 2.095500000000003915 ) ) ;
#4300 = EDGE_CURVE ( 'NONE', #7257, #8844, #5836, .T. ) ;
#4301 = EDGE_LOOP ( 'NONE', ( #6895, #6226, #3802, #324 ) ) ;
#4302 = FACE_OUTER_BOUND ( 'NONE', #7333, .T. ) ;
#4303 = VERTEX_POINT ( 'NONE', #148 ) ;
#4305 = ORIENTED_EDGE ( 'NONE', *, *, #3051, .F. ) ;
#4304 = ORIENTED_EDGE ( 'NONE', *, *, #1351, .F. ) ;
#4306 = ADVANCED_FACE ( 'NONE', ( #1071 ), #1609, .F. ) ;
#4307 = SURFACE_STYLE_USAGE ( .BOTH. , #595 ) ;
#4308 = AXIS2_PLACEMENT_3D ( 'NONE', #1143, #4651, #4797 ) ;
#4309 = CARTESIAN_POINT ( 'NONE',  ( 7.620000000000001883, 7.492999999999999439, -2.501900000000000901 ) ) ;
#4310 = EDGE_LOOP ( 'NONE', ( #3685, #1159, #4032, #8991 ) ) ;
#4311 = EDGE_CURVE ( 'NONE', #7923, #136, #2625, .T. ) ;
#4312 = LINE ( 'NONE', #5153, #8308 ) ;
#4313 = DIRECTION ( 'NONE',  ( -1.000000000000000000, -0.000000000000000000, -0.000000000000000000 ) ) ;
#4314 = AXIS2_PLACEMENT_3D ( 'NONE', #8172, #5328, #6755 ) ;
#4315 = LINE ( 'NONE', #3620, #310 ) ;
#4316 = EDGE_LOOP ( 'NONE', ( #5178, #1689, #2076, #3222, #125, #7334, #1245, #1735 ) ) ;
#4317 = CARTESIAN_POINT ( 'NONE',  ( 7.620000000000001883, 0.000000000000000000, 0.000000000000000000 ) ) ;
#4318 = VERTEX_POINT ( 'NONE', #6187 ) ;
#4319 = ADVANCED_FACE ( 'NONE', ( #548 ), #2776, .F. ) ;
#4320 = ORIENTED_EDGE ( 'NONE', *, *, #1893, .T. ) ;
#4321 = CARTESIAN_POINT ( 'NONE',  ( 0.3047999999999999599, 0.8889999999999995683, -1.968499999999999694 ) ) ;
#4322 = FACE_OUTER_BOUND ( 'NONE', #7846, .T. ) ;
#4323 = LINE ( 'NONE', #6515, #2759 ) ;
#4324 = DIRECTION ( 'NONE',  ( -0.5773502691896270633, 0.5773502691896240657, -0.5773502691896261751 ) ) ;
#4325 = AXIS2_PLACEMENT_3D ( 'NONE', #363, #3257, #1086 ) ;
#4326 = ORIENTED_EDGE ( 'NONE', *, *, #5031, .F. ) ;
#4327 =( LENGTH_UNIT ( ) NAMED_UNIT ( * ) SI_UNIT ( .MILLI., .METRE. ) );
#4328 = LINE ( 'NONE', #619, #8350 ) ;
#4329 = LINE ( 'NONE', #5779, #4389 ) ;
#4330 = AXIS2_PLACEMENT_3D ( 'NONE', #8582, #6436, #3455 ) ;
#4331 = LINE ( 'NONE', #760, #9224 ) ;
#4332 = EDGE_CURVE ( 'NONE', #3227, #4380, #3386, .T. ) ;
#4333 = VERTEX_POINT ( 'NONE', #5633 ) ;
#4334 = CARTESIAN_POINT ( 'NONE',  ( 12.70000000000000284, 7.492999999999998550, 2.095500000000003915 ) ) ;
#4335 = ORIENTED_EDGE ( 'NONE', *, *, #8045, .F. ) ;
#4336 = LINE ( 'NONE', #2101, #8584 ) ;
#4337 = CARTESIAN_POINT ( 'NONE',  ( 2.540000000000002256, 0.3809999999999988396, 2.120899999999999785 ) ) ;
#4338 = VECTOR ( 'NONE', #2787, 1000.000000000000000 ) ;
#4339 = CARTESIAN_POINT ( 'NONE',  ( -7.619999999999999218, 0.3809999999999999498, -2.501900000000000901 ) ) ;
#4340 = EDGE_CURVE ( 'NONE', #7696, #1590, #7060, .T. ) ;
#4341 = ORIENTED_EDGE ( 'NONE', *, *, #3213, .T. ) ;
#4342 = CARTESIAN_POINT ( 'NONE',  ( 12.95400000000000063, 0.3809999999999999498, -2.501900000000000901 ) ) ;
#4343 = CARTESIAN_POINT ( 'NONE',  ( 5.080000000000000959, 0.3809999999999992837, 2.501899999999999125 ) ) ;
#4344 = CARTESIAN_POINT ( 'NONE',  ( 0.8889999999999991243, 6.222999999999998977, -0.8889999999999987912 ) ) ;
#4345 = ORIENTED_EDGE ( 'NONE', *, *, #7624, .F. ) ;
#4346 = CARTESIAN_POINT ( 'NONE',  ( 0.8889999999999991243, 6.222999999999998977, -1.650999999999998913 ) ) ;
#4347 = ORIENTED_EDGE ( 'NONE', *, *, #6104, .F. ) ;
#4348 = DIRECTION ( 'NONE',  ( 0.000000000000000000, 0.000000000000000000, 1.000000000000000000 ) ) ;
#4349 = CARTESIAN_POINT ( 'NONE',  ( -6.731000000000001648, 7.048499999999997989, -0.8889999999999986802 ) ) ;
#4350 = VERTEX_POINT ( 'NONE', #3532 ) ;
#4351 = CARTESIAN_POINT ( 'NONE',  ( 1.734723475976807094E-15, 0.3809999999999988396, 2.120899999999999785 ) ) ;
#4352 = VECTOR ( 'NONE', #2983, 1000.000000000000000 ) ;
#4353 = CARTESIAN_POINT ( 'NONE',  ( 10.16000000000000192, 0.8889999999999985691, 1.984781810244993228 ) ) ;
#4354 = ORIENTED_EDGE ( 'NONE', *, *, #8382, .T. ) ;
#4355 = ORIENTED_EDGE ( 'NONE', *, *, #4506, .F. ) ;
#4356 = ORIENTED_EDGE ( 'NONE', *, *, #3908, .T. ) ;
#4357 = CARTESIAN_POINT ( 'NONE',  ( 0.3047999999999999599, 0.8890000000000000124, 1.968499999999999694 ) ) ;
#4358 = ADVANCED_FACE ( 'NONE', ( #6278 ), #4875, .F. ) ;
#4359 = EDGE_CURVE ( 'NONE', #1291, #5256, #1363, .T. ) ;
#4360 = UNCERTAINTY_MEASURE_WITH_UNIT (LENGTH_MEASURE( 1.000000000000000082E-05 ), #7036, 'distance_accuracy_value', 'NONE');
#4361 =( LENGTH_UNIT ( ) NAMED_UNIT ( * ) SI_UNIT ( .MILLI., .METRE. ) );
#4362 = CIRCLE ( 'NONE', #9128, 0.4191000000000008052 ) ;
#4363 = DIRECTION ( 'NONE',  ( 0.000000000000000000, -1.733406087350420004E-16, 1.000000000000000000 ) ) ;
#4364 = ORIENTED_EDGE ( 'NONE', *, *, #7640, .T. ) ;
#4365 = VERTEX_POINT ( 'NONE', #4029 ) ;
#4366 =( REPRESENTATION_RELATIONSHIP ('NONE','NONE', #243, #483 ) REPRESENTATION_RELATIONSHIP_WITH_TRANSFORMATION ( #6751 )SHAPE_REPRESENTATION_RELATIONSHIP( ) );
#4367 = DIRECTION ( 'NONE',  ( -0.000000000000000000, 1.000000000000000000, 1.733406087350420004E-16 ) ) ;
#4368 = CARTESIAN_POINT ( 'NONE',  ( 2.540000000000000480, 0.8889999999999985691, 1.984781810244993228 ) ) ;
#4369 = VECTOR ( 'NONE', #1063, 1000.000000000000000 ) ;
#4370 = CARTESIAN_POINT ( 'NONE',  ( 7.620000000000001883, 0.3809999999999992837, 2.501899999999999125 ) ) ;
#4371 = ORIENTED_EDGE ( 'NONE', *, *, #9194, .T. ) ;
#4372 =( LENGTH_UNIT ( ) NAMED_UNIT ( * ) SI_UNIT ( .MILLI., .METRE. ) );
#4373 = LINE ( 'NONE', #7312, #8259 ) ;
#4374 = VERTEX_POINT ( 'NONE', #601 ) ;
#4375 = DIRECTION ( 'NONE',  ( -1.000000000000000000, -0.000000000000000000, -0.000000000000000000 ) ) ;
#4376 = CARTESIAN_POINT ( 'NONE',  ( 10.60449999999999626, 7.492999999999998550, 2.095500000000003915 ) ) ;
#4377 = AXIS2_PLACEMENT_3D ( 'NONE', #6771, #2535, #6823 ) ;
#4378 = PLANE ( 'NONE',  #8332 ) ;
#4379 = CARTESIAN_POINT ( 'NONE',  ( -6.731000000000001648, 6.222999999999998977, 1.651000000000001133 ) ) ;
#4380 = VERTEX_POINT ( 'NONE', #6919 ) ;
#4381 = DIRECTION ( 'NONE',  ( -1.000000000000000000, 0.000000000000000000, 0.000000000000000000 ) ) ;
#4382 = AXIS2_PLACEMENT_3D ( 'NONE', #2352, #2277, #6523 ) ;
#4383 = DIRECTION ( 'NONE',  ( 1.000000000000000000, 0.000000000000000000, 0.000000000000000000 ) ) ;
#4384 = ADVANCED_FACE ( 'NONE', ( #6230, #8471, #3481 ), #6323, .F. ) ;
#4385 = DIRECTION ( 'NONE',  ( 0.000000000000000000, -1.000000000000000000, 0.000000000000000000 ) ) ;
#4386 = VERTEX_POINT ( 'NONE', #5678 ) ;
#4387 = PLANE ( 'NONE',  #6935 ) ;
#4388 = CARTESIAN_POINT ( 'NONE',  ( 7.620000000000001883, 0.3809999999999993947, -2.120900000000001562 ) ) ;
#4389 = VECTOR ( 'NONE', #8627, 1000.000000000000114 ) ;
#4390 = VECTOR ( 'NONE', #3703, 1000.000000000000000 ) ;
#4391 = DIRECTION ( 'NONE',  ( 1.000000000000000000, 0.000000000000000000, 0.000000000000000000 ) ) ;
#4392 = EDGE_LOOP ( 'NONE', ( #5371, #3758, #1951, #5143 ) ) ;
#4393 = DIRECTION ( 'NONE',  ( -0.5773502691896272854, -0.5773502691896241767, -0.5773502691896257311 ) ) ;
#4394 = DIRECTION ( 'NONE',  ( 0.000000000000000000, 1.733406087350420004E-16, -1.000000000000000000 ) ) ;
#4395 = PRESENTATION_LAYER_ASSIGNMENT (  '', '', ( #940 ) ) ;
#4396 = CARTESIAN_POINT ( 'NONE',  ( 4.190999999999997172, 7.048499999999997101, 1.651000000000001355 ) ) ;
#4397 = ORIENTED_EDGE ( 'NONE', *, *, #212, .T. ) ;
#4398 = CARTESIAN_POINT ( 'NONE',  ( -2.539999999999998703, 0.8889999999999985691, 1.984781810244993228 ) ) ;
#4399 = ORIENTED_EDGE ( 'NONE', *, *, #8212, .T. ) ;
#4400 = CARTESIAN_POINT ( 'NONE',  ( -11.81100000000000172, 7.048499999999997101, 1.651000000000001355 ) ) ;
#4401 = VERTEX_POINT ( 'NONE', #2071 ) ;
#4402 = ADVANCED_FACE ( 'NONE', ( #7775 ), #1268, .F. ) ;
#4403 = EDGE_CURVE ( 'NONE', #1171, #6068, #9061, .T. ) ;
#4404 = LINE ( 'NONE', #929, #8659 ) ;
#4405 = PLANE ( 'NONE',  #2174 ) ;
#4406 = DIRECTION ( 'NONE',  ( -0.000000000000000000, 1.000000000000000000, 1.422837496700138942E-15 ) ) ;
#4407 = VECTOR ( 'NONE', #6946, 1000.000000000000000 ) ;
#4408 = LINE ( 'NONE', #5029, #7941 ) ;
#4409 = ORIENTED_EDGE ( 'NONE', *, *, #7520, .T. ) ;
#4410 = VERTEX_POINT ( 'NONE', #7721 ) ;
#4411 = EDGE_CURVE ( 'NONE', #1782, #5914, #8518, .T. ) ;
#4412 = EDGE_CURVE ( 'NONE', #1042, #7997, #8321, .T. ) ;
#4413 = AXIS2_PLACEMENT_3D ( 'NONE', #7869, #1456, #7162 ) ;
#4414 = SURFACE_SIDE_STYLE ('',( #1556 ) ) ;
#4415 = DIRECTION ( 'NONE',  ( 0.000000000000000000, 1.422837496700139336E-15, -1.000000000000000000 ) ) ;
#4416 = AXIS2_PLACEMENT_3D ( 'NONE', #7179, #58, #8633 ) ;
#4417 = DIRECTION ( 'NONE',  ( 1.000000000000000000, 0.000000000000000000, 0.000000000000000000 ) ) ;
#4418 = DIRECTION ( 'NONE',  ( 0.000000000000000000, 0.9659258262890699775, 0.2588190451025143002 ) ) ;
#4419 = FACE_OUTER_BOUND ( 'NONE', #8101, .T. ) ;
#4420 = CARTESIAN_POINT ( 'NONE',  ( -5.079999999999998295, 0.3809999999999999498, -2.501900000000000901 ) ) ;
#4421 = ORIENTED_EDGE ( 'NONE', *, *, #1304, .F. ) ;
#4422 = DIRECTION ( 'NONE',  ( -0.000000000000000000, 1.000000000000000000, 1.733406087350420004E-16 ) ) ;
#4423 = FACE_BOUND ( 'NONE', #7044, .T. ) ;
#4424 = EDGE_CURVE ( 'NONE', #5462, #9157, #448, .T. ) ;
#4425 = ADVANCED_FACE ( 'NONE', ( #8421 ), #2022, .F. ) ;
#4426 = ORIENTED_EDGE ( 'NONE', *, *, #5852, .F. ) ;
#4427 = VECTOR ( 'NONE', #4009, 1000.000000000000000 ) ;
#4428 = CARTESIAN_POINT ( 'NONE',  ( 2.540000000000002256, 0.3809999999999992837, 2.501899999999999125 ) ) ;
#4429 = CARTESIAN_POINT ( 'NONE',  ( -7.175500000000005763, 7.492999999999999439, -2.095500000000001695 ) ) ;
#4430 = DIRECTION ( 'NONE',  ( 0.000000000000000000, -0.000000000000000000, -1.000000000000000000 ) ) ;
#4431 = ORIENTED_EDGE ( 'NONE', *, *, #4793, .T. ) ;
#4432 = DIRECTION ( 'NONE',  ( 0.7071067811865456854, -0.7071067811865494601, -1.225703198915526333E-16 ) ) ;
#4433 = VECTOR ( 'NONE', #7703, 1000.000000000000000 ) ;
#4434 = LINE ( 'NONE', #7104, #8112 ) ;
#4435 = FILL_AREA_STYLE_COLOUR ( '', #1473 ) ;
#4436 = DIRECTION ( 'NONE',  ( 1.000000000000000000, 0.000000000000000000, 0.000000000000000000 ) ) ;
#4437 = EDGE_LOOP ( 'NONE', ( #4183, #151, #6445, #2097 ) ) ;
#4438 = EDGE_CURVE ( 'NONE', #1400, #4917, #4775, .T. ) ;
#4439 = VECTOR ( 'NONE', #3069, 1000.000000000000000 ) ;
#4440 = LINE ( 'NONE', #1405, #8159 ) ;
#4441 = EDGE_CURVE ( 'NONE', #9186, #484, #4080, .T. ) ;
#4442 = DIRECTION ( 'NONE',  ( 0.000000000000000000, 1.000000000000000000, 2.439149994343092652E-16 ) ) ;
#4443 = EDGE_CURVE ( 'NONE', #681, #4172, #3751, .T. ) ;
#4444 = DIRECTION ( 'NONE',  ( -0.5773502691896273964, 0.5773502691896237327, -0.5773502691896261751 ) ) ;
#4445 = ORIENTED_EDGE ( 'NONE', *, *, #424, .F. ) ;
#4446 = LINE ( 'NONE', #1453, #7959 ) ;
#4448 = EDGE_LOOP ( 'NONE', ( #5665, #2359, #1690, #172 ) ) ;
#4447 = ORIENTED_EDGE ( 'NONE', *, *, #6775, .T. ) ;
#4449 = AXIS2_PLACEMENT_3D ( 'NONE', #1724, #1018, #6032 ) ;
#4450 = DIRECTION ( 'NONE',  ( -1.000000000000000000, -0.000000000000000000, -0.000000000000000000 ) ) ;
#4451 = DIRECTION ( 'NONE',  ( -1.000000000000000000, -0.000000000000000000, -0.000000000000000000 ) ) ;
#4452 = ORIENTED_EDGE ( 'NONE', *, *, #8884, .T. ) ;
#4453 = DIRECTION ( 'NONE',  ( 0.000000000000000000, -1.733406087350420004E-16, 1.000000000000000000 ) ) ;
#4454 = CARTESIAN_POINT ( 'NONE',  ( 11.81099999999999817, 7.048499999999997989, -0.8889999999999986802 ) ) ;
#4455 = VECTOR ( 'NONE', #157, 1000.000000000000000 ) ;
#4456 = VECTOR ( 'NONE', #859, 1000.000000000000114 ) ;
#4457 = CARTESIAN_POINT ( 'NONE',  ( -0.1777999999999999858, 0.000000000000000000, -3.302000000000000046 ) ) ;
#4458 = EDGE_CURVE ( 'NONE', #5086, #7157, #7198, .T. ) ;
#4459 = CARTESIAN_POINT ( 'NONE',  ( 3.428999999999998050, 7.048499999999997101, 0.8890000000000012337 ) ) ;
#4460 = ADVANCED_FACE ( 'NONE', ( #784 ), #7943, .F. ) ;
#4461 = VERTEX_POINT ( 'NONE', #3574 ) ;
#4462 = AXIS2_PLACEMENT_3D ( 'NONE', #7590, #2184, #3594 ) ;
#4463 = PLANE ( 'NONE',  #2208 ) ;
#4464 = DIRECTION ( 'NONE',  ( 0.000000000000000000, 1.733406087350420004E-16, -1.000000000000000000 ) ) ;
#4465 = ADVANCED_FACE ( 'NONE', ( #6420 ), #5154, .F. ) ;
#4466 = CARTESIAN_POINT ( 'NONE',  ( 0.3047999999999999599, 0.6730999999999999206, -2.387599999999999945 ) ) ;
#4467 = CARTESIAN_POINT ( 'NONE',  ( -10.15999999999999837, 7.492999999999998550, 2.501900000000000901 ) ) ;
#4468 = AXIS2_PLACEMENT_3D ( 'NONE', #1710, #3136, #2407 ) ;
#4469 = ADVANCED_FACE ( 'NONE', ( #76 ), #7111, .F. ) ;
#4470 = CIRCLE ( 'NONE', #7754, 0.6731000000000002537 ) ;
#4471 = DIRECTION ( 'NONE',  ( 0.000000000000000000, 0.000000000000000000, -1.000000000000000000 ) ) ;
#4472 = FACE_OUTER_BOUND ( 'NONE', #5403, .T. ) ;
#4473 = ORIENTED_EDGE ( 'NONE', *, *, #3461, .F. ) ;
#4474 = ADVANCED_FACE ( 'NONE', ( #696 ), #1499, .F. ) ;
#4475 = DIRECTION ( 'NONE',  ( 0.000000000000000000, 1.000000000000000000, 1.733406087350420004E-16 ) ) ;
#4476 = CARTESIAN_POINT ( 'NONE',  ( 0.3047999999999999599, 0.6730999999999999206, -2.387599999999999945 ) ) ;
#4477 = ORIENTED_EDGE ( 'NONE', *, *, #839, .T. ) ;
#4478 = DIRECTION ( 'NONE',  ( 0.000000000000000000, 1.138269997360111548E-15, 1.000000000000000000 ) ) ;
#4479 = LINE ( 'NONE', #909, #4159 ) ;
#4480 = EDGE_CURVE ( 'NONE', #4559, #2563, #2160, .T. ) ;
#4481 = CARTESIAN_POINT ( 'NONE',  ( -12.95400000000000063, 0.3809999999999993947, -2.120900000000001562 ) ) ;
#4482 = EDGE_CURVE ( 'NONE', #1782, #3100, #130, .T. ) ;
#4483 = ORIENTED_EDGE ( 'NONE', *, *, #2582, .F. ) ;
#4484 = EDGE_CURVE ( 'NONE', #8031, #2749, #168, .T. ) ;
#4485 = AXIS2_PLACEMENT_3D ( 'NONE', #6864, #446, #6184 ) ;
#4486 = CARTESIAN_POINT ( 'NONE',  ( -2.095500000000005247, 7.492999999999998550, 2.095500000000003915 ) ) ;
#4487 = DIRECTION ( 'NONE',  ( -1.000000000000000000, -0.000000000000000000, -0.000000000000000000 ) ) ;
#4488 = VERTEX_POINT ( 'NONE', #6544 ) ;
#4489 = DIRECTION ( 'NONE',  ( 1.000000000000000000, 0.000000000000000000, 0.000000000000000000 ) ) ;
#4490 = DIRECTION ( 'NONE',  ( 0.000000000000000000, -0.9659258262890700886, 0.2588190451025143002 ) ) ;
#4491 = ORIENTED_EDGE ( 'NONE', *, *, #4992, .T. ) ;
#4492 = DIRECTION ( 'NONE',  ( 0.000000000000000000, 1.733406087350420497E-16, -1.000000000000000000 ) ) ;
#4493 = PLANE ( 'NONE',  #7893 ) ;
#4494 = DIRECTION ( 'NONE',  ( 0.000000000000000000, -1.092515224483717628E-16, 1.000000000000000000 ) ) ;
#4495 = ORIENTED_EDGE ( 'NONE', *, *, #6739, .T. ) ;
#4496 = DIRECTION ( 'NONE',  ( -0.000000000000000000, 1.000000000000000000, 1.733406087350420004E-16 ) ) ;
#4497 = ORIENTED_EDGE ( 'NONE', *, *, #7293, .T. ) ;
#4498 = DIRECTION ( 'NONE',  ( 0.000000000000000000, 1.733406087350420004E-16, -1.000000000000000000 ) ) ;
#4499 = ORIENTED_EDGE ( 'NONE', *, *, #2616, .F. ) ;
#4500 = CARTESIAN_POINT ( 'NONE',  ( 5.524499999999994415, 7.492999999999999439, -2.501900000000000901 ) ) ;
#4501 = CARTESIAN_POINT ( 'NONE',  ( -1.651000000000001355, 7.048499999999997989, -0.8889999999999986802 ) ) ;
#4502 = ADVANCED_FACE ( 'NONE', ( #5811 ), #1406, .F. ) ;
#4503 = CARTESIAN_POINT ( 'NONE',  ( -5.079999999999999183, 0.3809999999999992837, 2.501899999999999125 ) ) ;
#4504 = ORIENTED_EDGE ( 'NONE', *, *, #2432, .F. ) ;
#4505 = EDGE_LOOP ( 'NONE', ( #3433, #8204, #8304, #1545 ) ) ;
#4506 = EDGE_CURVE ( 'NONE', #3313, #490, #743, .T. ) ;
#4507 = DIRECTION ( 'NONE',  ( -0.000000000000000000, 0.2588190451025143002, 0.9659258262890700886 ) ) ;
#4508 = PLANE ( 'NONE',  #8679 ) ;
#4509 = PLANE ( 'NONE',  #8256 ) ;
#4510 = CARTESIAN_POINT ( 'NONE',  ( -0.8890000000000026770, 6.222999999999998977, -0.8889999999999987912 ) ) ;
#4511 = CARTESIAN_POINT ( 'NONE',  ( -5.079999999999998295, 0.3809999999999993947, -2.120900000000001562 ) ) ;
#4512 = LINE ( 'NONE', #6, #3795 ) ;
#4513 = ORIENTED_EDGE ( 'NONE', *, *, #8575, .F. ) ;
#4514 = DIRECTION ( 'NONE',  ( 0.000000000000000000, 0.2588190451025143002, -0.9659258262890699775 ) ) ;
#4515 = ORIENTED_EDGE ( 'NONE', *, *, #5456, .F. ) ;
#4516 = VECTOR ( 'NONE', #8677, 1000.000000000000000 ) ;
#4517 = CARTESIAN_POINT ( 'NONE',  ( -6.731000000000001648, 6.222999999999998977, -0.8889999999999987912 ) ) ;
#4518 = ORIENTED_EDGE ( 'NONE', *, *, #8262, .T. ) ;
#4519 = CARTESIAN_POINT ( 'NONE',  ( 0.3047999999999999599, 0.8889999999999995683, -1.968499999999999694 ) ) ;
#4520 = ADVANCED_FACE ( 'NONE', ( #2210 ), #5717, .F. ) ;
#4521 = CARTESIAN_POINT ( 'NONE',  ( -3.429000000000003379, 6.222999999999998977, -0.8889999999999987912 ) ) ;
#4522 = DIRECTION ( 'NONE',  ( 0.000000000000000000, 1.138269997360111548E-15, 1.000000000000000000 ) ) ;
#4523 = VECTOR ( 'NONE', #8562, 1000.000000000000000 ) ;
#4524 = ORIENTED_EDGE ( 'NONE', *, *, #837, .F. ) ;
#4525 = CARTESIAN_POINT ( 'NONE',  ( 11.81099999999999817, 6.222999999999998977, 1.651000000000001133 ) ) ;
#4526 = ORIENTED_EDGE ( 'NONE', *, *, #5375, .T. ) ;
#4527 = CARTESIAN_POINT ( 'NONE',  ( -3.810000000000002718, 0.000000000000000000, 0.000000000000000000 ) ) ;
#4528 = EDGE_LOOP ( 'NONE', ( #887, #5561, #8178, #2879 ) ) ;
#4529 = EDGE_CURVE ( 'NONE', #955, #402, #5763, .T. ) ;
#4530 = AXIS2_PLACEMENT_3D ( 'NONE', #3376, #6177, #9006 ) ;
#4531 = DIRECTION ( 'NONE',  ( -1.000000000000000000, 0.000000000000000000, 0.000000000000000000 ) ) ;
#4532 = DIRECTION ( 'NONE',  ( 0.5773502691896270633, 0.5773502691896240657, -0.5773502691896261751 ) ) ;
#4533 = AXIS2_PLACEMENT_3D ( 'NONE', #6645, #4417, #6565 ) ;
#4534 = AXIS2_PLACEMENT_3D ( 'NONE', #8084, #3973, #1727 ) ;
#4535 = DIRECTION ( 'NONE',  ( -1.000000000000000000, -0.000000000000000000, -0.000000000000000000 ) ) ;
#4536 = EDGE_LOOP ( 'NONE', ( #4054, #6126, #4639, #4122 ) ) ;
#4537 = CARTESIAN_POINT ( 'NONE',  ( -8.509000000000002117, 7.048499999999997989, -0.8889999999999986802 ) ) ;
#4539 = ORIENTED_EDGE ( 'NONE', *, *, #3887, .T. ) ;
#4538 = ORIENTED_EDGE ( 'NONE', *, *, #1447, .F. ) ;
#4540 = DIRECTION ( 'NONE',  ( -1.000000000000000000, 0.000000000000000000, 0.000000000000000000 ) ) ;
#4541 = VERTEX_POINT ( 'NONE', #7818 ) ;
#4542 = VECTOR ( 'NONE', #7578, 1000.000000000000114 ) ;
#4543 = VECTOR ( 'NONE', #4688, 1000.000000000000000 ) ;
#4544 = CARTESIAN_POINT ( 'NONE',  ( 5.968999999999998529, 6.222999999999998977, -0.8889999999999987912 ) ) ;
#4545 = EDGE_CURVE ( 'NONE', #4677, #4828, #4268, .T. ) ;
#4546 = CARTESIAN_POINT ( 'NONE',  ( 11.04899999999999949, 6.222999999999998977, -1.650999999999998913 ) ) ;
#4547 = PLANE ( 'NONE',  #5274 ) ;
#4548 = ORIENTED_EDGE ( 'NONE', *, *, #1239, .F. ) ;
#4549 = VECTOR ( 'NONE', #5387, 1000.000000000000000 ) ;
#4550 = DIRECTION ( 'NONE',  ( 0.000000000000000000, 1.000000000000000000, 1.733406087350420004E-16 ) ) ;
#4551 = ADVANCED_FACE ( 'NONE', ( #3618 ), #6457, .F. ) ;
#4552 = FACE_OUTER_BOUND ( 'NONE', #3953, .T. ) ;
#4553 = VECTOR ( 'NONE', #8089, 1000.000000000000000 ) ;
#4554 = ORIENTED_EDGE ( 'NONE', *, *, #1809, .T. ) ;
#4555 = PLANE ( 'NONE',  #1407 ) ;
#4556 = EDGE_LOOP ( 'NONE', ( #2803, #6815, #5548, #7704 ) ) ;
#4557 = EDGE_CURVE ( 'NONE', #4715, #8588, #8911, .T. ) ;
#4558 = LINE ( 'NONE', #3079, #3122 ) ;
#4559 = VERTEX_POINT ( 'NONE', #3096 ) ;
#4560 = ADVANCED_FACE ( 'NONE', ( #4663 ), #6080, .F. ) ;
#4561 = CARTESIAN_POINT ( 'NONE',  ( 12.69999999999999929, 0.3809999999999999498, -2.501900000000000901 ) ) ;
#4562 = VERTEX_POINT ( 'NONE', #8036 ) ;
#4563 = ADVANCED_FACE ( 'NONE', ( #386 ), #211, .F. ) ;
#4564 = LINE ( 'NONE', #7407, #7958 ) ;
#4565 = AXIS2_PLACEMENT_3D ( 'NONE', #1403, #7664, #4121 ) ;
#4566 = FACE_OUTER_BOUND ( 'NONE', #5639, .T. ) ;
#4567 = FACE_OUTER_BOUND ( 'NONE', #8056, .T. ) ;
#4568 = ORIENTED_EDGE ( 'NONE', *, *, #903, .T. ) ;
#4569 = CARTESIAN_POINT ( 'NONE',  ( -0.3047999999999999599, 1.275347176632054726E-16, 2.387599999999999945 ) ) ;
#4570 = DIRECTION ( 'NONE',  ( 1.000000000000000000, 0.000000000000000000, 0.000000000000000000 ) ) ;
#4571 = ORIENTED_EDGE ( 'NONE', *, *, #9071, .F. ) ;
#4572 = CARTESIAN_POINT ( 'NONE',  ( 4.190999999999997172, 6.222999999999998977, 1.651000000000001133 ) ) ;
#4573 = EDGE_LOOP ( 'NONE', ( #2269, #961, #2813, #1011 ) ) ;
#4574 = EDGE_CURVE ( 'NONE', #4959, #4691, #7510, .T. ) ;
#4575 = PLANE ( 'NONE',  #2062 ) ;
#4576 = DIRECTION ( 'NONE',  ( 0.000000000000000000, 1.000000000000000000, -1.138269997360111548E-15 ) ) ;
#4577 = VECTOR ( 'NONE', #517, 1000.000000000000000 ) ;
#4578 = CARTESIAN_POINT ( 'NONE',  ( -5.524499999999998856, 7.492999999999999439, -2.501900000000000901 ) ) ;
#4579 = EDGE_LOOP ( 'NONE', ( #4750, #2478, #4513, #1173 ) ) ;
#4580 = LINE ( 'NONE', #3843, #6188 ) ;
#4581 = VERTEX_POINT ( 'NONE', #920 ) ;
#4582 = DIRECTION ( 'NONE',  ( 0.000000000000000000, 0.000000000000000000, 1.000000000000000000 ) ) ;
#4583 = ORIENTED_EDGE ( 'NONE', *, *, #2623, .T. ) ;
#4584 = VECTOR ( 'NONE', #8882, 1000.000000000000000 ) ;
#4585 = CARTESIAN_POINT ( 'NONE',  ( -12.69999999999999929, 7.492999999999999439, -2.501900000000000901 ) ) ;
#4586 = EDGE_LOOP ( 'NONE', ( #3534, #5596, #8501, #4646 ) ) ;
#4587 = LINE ( 'NONE', #3849, #649 ) ;
#4588 = VECTOR ( 'NONE', #1208, 1000.000000000000000 ) ;
#4589 = CARTESIAN_POINT ( 'NONE',  ( -3.683000000000003826, 6.794499999999999318, -1.142999999999999572 ) ) ;
#4590 = PRODUCT_RELATED_PRODUCT_CATEGORY ( 'part', '', ( #3897 ) ) ;
#4591 = ORIENTED_EDGE ( 'NONE', *, *, #2165, .T. ) ;
#4592 = FACE_OUTER_BOUND ( 'NONE', #194, .T. ) ;
#4593 = AXIS2_PLACEMENT_3D ( 'NONE', #1709, #3225, #3828 ) ;
#4594 = PLANE ( 'NONE',  #6161 ) ;
#4595 = APPLICATION_CONTEXT ( 'automotive_design' ) ;
#4596 = DIRECTION ( 'NONE',  ( -0.000000000000000000, 1.000000000000000000, 1.092515224483717382E-16 ) ) ;
#4597 = ORIENTED_EDGE ( 'NONE', *, *, #420, .F. ) ;
#4598 = DIRECTION ( 'NONE',  ( 0.000000000000000000, 0.000000000000000000, -1.000000000000000000 ) ) ;
#4599 = CARTESIAN_POINT ( 'NONE',  ( -3.429000000000003379, 6.222999999999998977, 0.8890000000000011227 ) ) ;
#4600 = ORIENTED_EDGE ( 'NONE', *, *, #5734, .F. ) ;
#4601 = VECTOR ( 'NONE', #8217, 1000.000000000000000 ) ;
#4602 = AXIS2_PLACEMENT_3D ( 'NONE', #835, #4582, #5987 ) ;
#4603 = LINE ( 'NONE', #7449, #2501 ) ;
#4604 = ORIENTED_EDGE ( 'NONE', *, *, #3676, .F. ) ;
#4605 = CARTESIAN_POINT ( 'NONE',  ( -11.81100000000000172, 7.048499999999997101, 1.651000000000001355 ) ) ;
#4606 = ORIENTED_EDGE ( 'NONE', *, *, #5442, .F. ) ;
#4607 = FACE_OUTER_BOUND ( 'NONE', #2805, .T. ) ;
#4608 = VECTOR ( 'NONE', #2246, 1000.000000000000000 ) ;
#4609 = PLANE ( 'NONE',  #8775 ) ;
#4610 = DIRECTION ( 'NONE',  ( 0.000000000000000000, 0.000000000000000000, -1.000000000000000000 ) ) ;
#4611 = ORIENTED_EDGE ( 'NONE', *, *, #4557, .T. ) ;
#4612 = FACE_OUTER_BOUND ( 'NONE', #4928, .T. ) ;
#4613 = EDGE_CURVE ( 'NONE', #1021, #133, #7421, .T. ) ;
#4614 = PRESENTATION_LAYER_ASSIGNMENT (  '', '', ( #4026 ) ) ;
#4615 = VERTEX_POINT ( 'NONE', #3970 ) ;
#4616 = CARTESIAN_POINT ( 'NONE',  ( 7.620000000000001883, 0.3809999999999993947, -2.120900000000001562 ) ) ;
#4617 = ITEM_DEFINED_TRANSFORMATION ( 'NONE', 'NONE', #1930,  #4760 ) ;
#4618 = LINE ( 'NONE', #6024, #223 ) ;
#4619 = EDGE_LOOP ( 'NONE', ( #7091, #7383, #5069, #6329, #6871, #2400 ) ) ;
#4620 = ADVANCED_FACE ( 'NONE', ( #3239 ), #4493, .F. ) ;
#4621 = DIRECTION ( 'NONE',  ( 0.000000000000000000, 2.439149994343092652E-16, -1.000000000000000000 ) ) ;
#4622 = EDGE_CURVE ( 'NONE', #7778, #6907, #6711, .T. ) ;
#4623 = LINE ( 'NONE', #8910, #541 ) ;
#4624 = VECTOR ( 'NONE', #7730, 1000.000000000000000 ) ;
#4625 = PLANE ( 'NONE',  #3862 ) ;
#4626 = DIRECTION ( 'NONE',  ( 0.000000000000000000, 1.733406087350420004E-16, -1.000000000000000000 ) ) ;
#4627 =( NAMED_UNIT ( * ) PLANE_ANGLE_UNIT ( ) SI_UNIT ( $, .RADIAN. ) );
#4628 = VERTEX_POINT ( 'NONE', #5938 ) ;
#4629 = DIRECTION ( 'NONE',  ( 0.000000000000000000, -0.9659258262890699775, -0.2588190451025143002 ) ) ;
#4630 = VERTEX_POINT ( 'NONE', #6029 ) ;
#4631 = ADVANCED_FACE ( 'NONE', ( #7329 ), #1722, .F. ) ;
#4632 = ORIENTED_EDGE ( 'NONE', *, *, #42, .F. ) ;
#4633 = ADVANCED_FACE ( 'NONE', ( #3884 ), #4625, .F. ) ;
#4634 = CARTESIAN_POINT ( 'NONE',  ( 0.8889999999999991243, 7.048499999999997989, -0.8889999999999986802 ) ) ;
#4635 = ADVANCED_FACE ( 'NONE', ( #1060 ), #3922, .F. ) ;
#4636 = ORIENTED_EDGE ( 'NONE', *, *, #5250, .T. ) ;
#4637 = LINE ( 'NONE', #6045, #8271 ) ;
#4638 = DIRECTION ( 'NONE',  ( 0.000000000000000000, 0.000000000000000000, -1.000000000000000000 ) ) ;
#4639 = ORIENTED_EDGE ( 'NONE', *, *, #5774, .F. ) ;
#4640 = VERTEX_POINT ( 'NONE', #2514 ) ;
#4641 = DIRECTION ( 'NONE',  ( 0.000000000000000000, -1.733406087350420004E-16, 1.000000000000000000 ) ) ;
#4642 =( NAMED_UNIT ( * ) SI_UNIT ( $, .STERADIAN. ) SOLID_ANGLE_UNIT ( ) );
#4643 = CARTESIAN_POINT ( 'NONE',  ( -6.731000000000001648, 6.222999999999998977, 1.651000000000001133 ) ) ;
#4644 = CARTESIAN_POINT ( 'NONE',  ( -0.8890000000000026770, 6.222999999999998977, -1.650999999999998913 ) ) ;
#4645 = LINE ( 'NONE', #7488, #7836 ) ;
#4646 = ORIENTED_EDGE ( 'NONE', *, *, #8942, .T. ) ;
#4647 = CARTESIAN_POINT ( 'NONE',  ( -6.731000000000001648, 7.048499999999997989, -0.8889999999999986802 ) ) ;
#4648 = ORIENTED_EDGE ( 'NONE', *, *, #192, .T. ) ;
#4649 = CARTESIAN_POINT ( 'NONE',  ( 12.95400000000000063, 0.8889999999999989022, -1.984781810244995004 ) ) ;
#4650 = LINE ( 'NONE', #3997, #7210 ) ;
#4651 = DIRECTION ( 'NONE',  ( 0.000000000000000000, -1.000000000000000000, 0.000000000000000000 ) ) ;
#4652 = EDGE_LOOP ( 'NONE', ( #8175, #8289, #356, #1663 ) ) ;
#4653 = EDGE_CURVE ( 'NONE', #6083, #6497, #5194, .T. ) ;
#4654 = LINE ( 'NONE', #8207, #4176 ) ;
#4655 = ORIENTED_EDGE ( 'NONE', *, *, #5410, .T. ) ;
#4656 = CARTESIAN_POINT ( 'NONE',  ( 1.734723475976807094E-15, 0.3809999999999988396, 2.120899999999999785 ) ) ;
#4657 = AXIS2_PLACEMENT_3D ( 'NONE', #4379, #5043, #3030 ) ;
#4658 = ORIENTED_EDGE ( 'NONE', *, *, #1085, .F. ) ;
#4659 = CONTEXT_DEPENDENT_SHAPE_REPRESENTATION ( #2285, #6710 ) ;
#4660 = ORIENTED_EDGE ( 'NONE', *, *, #3270, .T. ) ;
#4661 = CIRCLE ( 'NONE', #8837, 0.6731000000000002537 ) ;
#4662 = CARTESIAN_POINT ( 'NONE',  ( -12.69999999999999929, 0.3809999999999988396, 2.120899999999999785 ) ) ;
#4663 = FACE_OUTER_BOUND ( 'NONE', #6948, .T. ) ;
#4664 = EDGE_CURVE ( 'NONE', #7427, #689, #5374, .T. ) ;
#4665 = DIRECTION ( 'NONE',  ( 1.000000000000000000, 0.000000000000000000, 0.000000000000000000 ) ) ;
#4666 = CARTESIAN_POINT ( 'NONE',  ( 9.270999999999997243, 7.048499999999997989, -1.650999999999998691 ) ) ;
#4667 = VERTEX_POINT ( 'NONE', #5242 ) ;
#4668 = EDGE_CURVE ( 'NONE', #4971, #3688, #8081, .T. ) ;
#4669 = DIRECTION ( 'NONE',  ( 0.000000000000000000, -1.733406087350420004E-16, 1.000000000000000000 ) ) ;
#4670 = ORIENTED_EDGE ( 'NONE', *, *, #4856, .F. ) ;
#4671 = VECTOR ( 'NONE', #1112, 1000.000000000000000 ) ;
#4672 = EDGE_LOOP ( 'NONE', ( #3963, #8465, #3644, #6409 ) ) ;
#4673 = PLANE ( 'NONE',  #3535 ) ;
#4674 = VECTOR ( 'NONE', #6672, 1000.000000000000000 ) ;
#4675 = FACE_OUTER_BOUND ( 'NONE', #4143, .T. ) ;
#4676 = CARTESIAN_POINT ( 'NONE',  ( -0.3047999999999999599, 1.275347176632053740E-16, -2.387599999999999945 ) ) ;
#4677 = VERTEX_POINT ( 'NONE', #7378 ) ;
#4678 = CARTESIAN_POINT ( 'NONE',  ( -7.619999999999999218, 7.492999999999998550, 2.501900000000000901 ) ) ;
#4679 = ORIENTED_EDGE ( 'NONE', *, *, #4683, .F. ) ;
#4680 = EDGE_CURVE ( 'NONE', #7858, #3313, #257, .T. ) ;
#4681 = CARTESIAN_POINT ( 'NONE',  ( -7.619999999999998330, 0.8889999999999989022, -1.984781810244995004 ) ) ;
#4682 = DIRECTION ( 'NONE',  ( 0.000000000000000000, 1.224646799147354686E-16, -1.000000000000000000 ) ) ;
#4683 = EDGE_CURVE ( 'NONE', #2821, #260, #5286, .T. ) ;
#4684 = VECTOR ( 'NONE', #1644, 1000.000000000000000 ) ;
#4685 = DIRECTION ( 'NONE',  ( 0.000000000000000000, -1.733406087350420004E-16, 1.000000000000000000 ) ) ;
#4686 = LINE ( 'NONE', #8333, #1096 ) ;
#4687 = CARTESIAN_POINT ( 'NONE',  ( -8.763000000000003453, 6.794499999999999318, -1.142999999999999572 ) ) ;
#4688 = DIRECTION ( 'NONE',  ( -0.000000000000000000, 1.000000000000000000, 1.733406087350420004E-16 ) ) ;
#4689 = VERTEX_POINT ( 'NONE', #2055 ) ;
#4690 = LINE ( 'NONE', #3312, #5657 ) ;
#4691 = VERTEX_POINT ( 'NONE', #4163 ) ;
#4692 = DIRECTION ( 'NONE',  ( 0.000000000000000000, 0.2588190451025142447, 0.9659258262890700886 ) ) ;
#4693 = VERTEX_POINT ( 'NONE', #482 ) ;
#4694 = ADVANCED_FACE ( 'NONE', ( #7555 ), #3373, .F. ) ;
#4695 = AXIS2_PLACEMENT_3D ( 'NONE', #628, #1850, #8299 ) ;
#4696 = CARTESIAN_POINT ( 'NONE',  ( 1.734723475976807094E-15, 0.8889999999999989022, -1.984781810244995004 ) ) ;
#4697 = CARTESIAN_POINT ( 'NONE',  ( -9.271000000000000796, 7.048499999999997989, -0.8889999999999986802 ) ) ;
#4698 = ORIENTED_EDGE ( 'NONE', *, *, #2122, .T. ) ;
#4699 = DIRECTION ( 'NONE',  ( 0.7071067811865452413, -0.7071067811865499042, -1.225703198915527072E-16 ) ) ;
#4700 = ORIENTED_EDGE ( 'NONE', *, *, #2676, .T. ) ;
#4701 = LINE ( 'NONE', #7548, #5911 ) ;
#4702 = VECTOR ( 'NONE', #7774, 1000.000000000000000 ) ;
#4703 = VECTOR ( 'NONE', #5089, 1000.000000000000000 ) ;
#4704 = EDGE_CURVE ( 'NONE', #911, #5261, #1859, .T. ) ;
#4705 = ORIENTED_EDGE ( 'NONE', *, *, #3616, .F. ) ;
#4706 = VERTEX_POINT ( 'NONE', #7757 ) ;
#4707 = VECTOR ( 'NONE', #2792, 1000.000000000000000 ) ;
#4708 = CARTESIAN_POINT ( 'NONE',  ( 1.734723475976807094E-15, 0.3809999999999999498, -2.501900000000000901 ) ) ;
#4709 = VECTOR ( 'NONE', #6443, 1000.000000000000000 ) ;
#4710 = DIRECTION ( 'NONE',  ( -0.000000000000000000, 0.2588190451025143002, 0.9659258262890700886 ) ) ;
#4711 = PRODUCT_DEFINITION_SHAPE ( 'NONE', 'NONE',  #9255 ) ;
#4712 = DIRECTION ( 'NONE',  ( -0.000000000000000000, 1.000000000000000000, 1.733406087350420004E-16 ) ) ;
#4713 = DIRECTION ( 'NONE',  ( -0.000000000000000000, 1.000000000000000000, 1.733406087350420004E-16 ) ) ;
#4714 = CARTESIAN_POINT ( 'NONE',  ( -2.984499999999999265, 7.492999999999999439, -2.501900000000000901 ) ) ;
#4715 = VERTEX_POINT ( 'NONE', #6176 ) ;
#4716 = AXIS2_PLACEMENT_3D ( 'NONE', #4349, #2332, #6580 ) ;
#4717 = ADVANCED_FACE ( 'NONE', ( #4065 ), #2611, .F. ) ;
#4718 = ORIENTED_EDGE ( 'NONE', *, *, #3220, .F. ) ;
#4719 = FACE_OUTER_BOUND ( 'NONE', #312, .T. ) ;
#4720 = FACE_OUTER_BOUND ( 'NONE', #2194, .T. ) ;
#4721 = ORIENTED_EDGE ( 'NONE', *, *, #1726, .T. ) ;
#4722 = CARTESIAN_POINT ( 'NONE',  ( 2.540000000000002256, 7.492999999999999439, -2.095500000000001695 ) ) ;
#4723 = EDGE_CURVE ( 'NONE', #4628, #5333, #5419, .T. ) ;
#4724 = DIRECTION ( 'NONE',  ( -1.000000000000000000, 0.000000000000000000, 0.000000000000000000 ) ) ;
#4725 = DIRECTION ( 'NONE',  ( 0.000000000000000000, -0.7071067811865485719, 0.7071067811865465735 ) ) ;
#4726 = DIRECTION ( 'NONE',  ( -1.000000000000000000, 0.000000000000000000, 0.000000000000000000 ) ) ;
#4727 = ORIENTED_EDGE ( 'NONE', *, *, #2633, .F. ) ;
#4728 = DIRECTION ( 'NONE',  ( -0.000000000000000000, 1.000000000000000000, 1.733406087350420004E-16 ) ) ;
#4729 = EDGE_CURVE ( 'NONE', #3056, #2080, #4763, .T. ) ;
#4730 = EDGE_LOOP ( 'NONE', ( #5874, #3917, #2869, #8564 ) ) ;
#4731 = LINE ( 'NONE', #6928, #6010 ) ;
#4732 = EDGE_CURVE ( 'NONE', #905, #1101, #3424, .T. ) ;
#4733 = DIRECTION ( 'NONE',  ( -1.000000000000000000, 0.000000000000000000, 0.000000000000000000 ) ) ;
#4734 = CARTESIAN_POINT ( 'NONE',  ( 2.540000000000000480, 0.8889999999999989022, -1.984781810244995004 ) ) ;
#4735 = CARTESIAN_POINT ( 'NONE',  ( -3.429000000000003379, 7.048499999999997101, 1.651000000000001355 ) ) ;
#4736 = STYLED_ITEM ( 'NONE', ( #8142 ), #8225 ) ;
#4737 = COLOUR_RGB ( '',0.2509803921568627416, 0.2509803921568627416, 0.2509803921568627416 ) ;
#4738 = EDGE_CURVE ( 'NONE', #4640, #8296, #3328, .T. ) ;
#4739 = DIRECTION ( 'NONE',  ( -0.7071067811865452413, -0.7071067811865499042, -1.225703198915527072E-16 ) ) ;
#4740 = ORIENTED_EDGE ( 'NONE', *, *, #5364, .T. ) ;
#4741 = DIRECTION ( 'NONE',  ( 1.000000000000000000, 0.000000000000000000, 0.000000000000000000 ) ) ;
#4742 = VERTEX_POINT ( 'NONE', #435 ) ;
#4743 = CARTESIAN_POINT ( 'NONE',  ( 0.8889999999999991243, 6.222999999999998977, -0.8889999999999987912 ) ) ;
#4744 = VECTOR ( 'NONE', #6015, 1000.000000000000000 ) ;
#4745 = LINE ( 'NONE', #6204, #2641 ) ;
#4746 = ORIENTED_EDGE ( 'NONE', *, *, #7287, .T. ) ;
#4747 = CARTESIAN_POINT ( 'NONE',  ( -0.3047999999999999599, 0.6730999999999999206, -1.968499999999999694 ) ) ;
#4748 = PLANE ( 'NONE',  #4462 ) ;
#4749 = AXIS2_PLACEMENT_3D ( 'NONE', #30, #5065, #2921 ) ;
#4750 = ORIENTED_EDGE ( 'NONE', *, *, #5386, .T. ) ;
#4751 = ADVANCED_FACE ( 'NONE', ( #2714 ), #1255, .F. ) ;
#4752 = VECTOR ( 'NONE', #885, 1000.000000000000000 ) ;
#4753 = PLANE ( 'NONE',  #5966 ) ;
#4754 = ORIENTED_EDGE ( 'NONE', *, *, #9004, .T. ) ;
#4755 = DIRECTION ( 'NONE',  ( 0.000000000000000000, -0.7071067811865485719, 0.7071067811865465735 ) ) ;
#4756 = ORIENTED_EDGE ( 'NONE', *, *, #265, .F. ) ;
#4757 = DIRECTION ( 'NONE',  ( 0.000000000000000000, 1.422837496700139336E-15, -1.000000000000000000 ) ) ;
#4758 = VECTOR ( 'NONE', #4313, 1000.000000000000000 ) ;
#4759 = ORIENTED_EDGE ( 'NONE', *, *, #840, .F. ) ;
#4760 = AXIS2_PLACEMENT_3D ( 'NONE', #4868, #1402, #3612 ) ;
#4761 = LINE ( 'NONE', #4708, #2130 ) ;
#4762 = CARTESIAN_POINT ( 'NONE',  ( -0.1777999999999999858, 0.000000000000000000, 3.302000000000000046 ) ) ;
#4763 = LINE ( 'NONE', #7654, #1928 ) ;
#4764 = AXIS2_PLACEMENT_3D ( 'NONE', #7005, #6310, #1908 ) ;
#4765 = LINE ( 'NONE', #486, #5428 ) ;
#4766 = DIRECTION ( 'NONE',  ( 0.000000000000000000, 1.733406087350420004E-16, -1.000000000000000000 ) ) ;
#4767 = EDGE_LOOP ( 'NONE', ( #2859, #328, #3430, #6118, #3077, #6822, #2064, #2576 ) ) ;
#4768 = LINE ( 'NONE', #4020, #3211 ) ;
#4769 = ORIENTED_EDGE ( 'NONE', *, *, #791, .F. ) ;
#4770 = LINE ( 'NONE', #1212, #2038 ) ;
#4771 = ORIENTED_EDGE ( 'NONE', *, *, #8944, .T. ) ;
#4772 = CARTESIAN_POINT ( 'NONE',  ( 5.080000000000000071, 6.222999999999998977, -2.201425730935033664E-16 ) ) ;
#4773 = COLOUR_RGB ( '',1.000000000000000000, 0.8117647058823529438, 0.5019607843137254832 ) ;
#4774 = LINE ( 'NONE', #6865, #8440 ) ;
#4775 = LINE ( 'NONE', #7616, #3278 ) ;
#4776 = CARTESIAN_POINT ( 'NONE',  ( 12.70000000000000284, 0.3809999999999988396, 2.120899999999999785 ) ) ;
#4777 = CARTESIAN_POINT ( 'NONE',  ( 11.04899999999999949, 6.222999999999998977, 1.651000000000001133 ) ) ;
#4778 = ORIENTED_EDGE ( 'NONE', *, *, #2398, .T. ) ;
#4779 = VECTOR ( 'NONE', #1340, 1000.000000000000000 ) ;
#4780 = CARTESIAN_POINT ( 'NONE',  ( -9.271000000000000796, 6.222999999999998977, -0.8889999999999987912 ) ) ;
#4781 = EDGE_LOOP ( 'NONE', ( #1654, #1427, #2002, #7135 ) ) ;
#4782 = CARTESIAN_POINT ( 'NONE',  ( 10.60449999999999626, 7.492999999999999439, -0.4444999999999955653 ) ) ;
#4783 = CARTESIAN_POINT ( 'NONE',  ( -6.731000000000001648, 7.048499999999997989, -1.650999999999998691 ) ) ;
#4784 = CARTESIAN_POINT ( 'NONE',  ( 5.968999999999998529, 6.222999999999998977, 0.8890000000000011227 ) ) ;
#4785 = DIRECTION ( 'NONE',  ( 0.000000000000000000, 1.092515224483717628E-16, -1.000000000000000000 ) ) ;
#4786 = VECTOR ( 'NONE', #8439, 1000.000000000000000 ) ;
#4787 = EDGE_CURVE ( 'NONE', #2972, #3154, #3520, .T. ) ;
#4788 = DIRECTION ( 'NONE',  ( -0.000000000000000000, 1.000000000000000000, 1.422837496700138942E-15 ) ) ;
#4789 = DIRECTION ( 'NONE',  ( 0.000000000000000000, 0.000000000000000000, 1.000000000000000000 ) ) ;
#4790 = EDGE_CURVE ( 'NONE', #4917, #7806, #9141, .T. ) ;
#4791 = DIRECTION ( 'NONE',  ( -1.000000000000000000, -0.000000000000000000, 0.000000000000000000 ) ) ;
#4792 = VERTEX_POINT ( 'NONE', #3467 ) ;
#4793 = EDGE_CURVE ( 'NONE', #2926, #8254, #1352, .T. ) ;
#4794 = PLANE ( 'NONE',  #7406 ) ;
#4795 = CARTESIAN_POINT ( 'NONE',  ( -2.539999999999998703, 7.492999999999998550, 2.501900000000000901 ) ) ;
#4796 = VECTOR ( 'NONE', #3813, 1000.000000000000000 ) ;
#4797 = DIRECTION ( 'NONE',  ( 0.000000000000000000, -0.000000000000000000, -1.000000000000000000 ) ) ;
#4798 = ORIENTED_EDGE ( 'NONE', *, *, #1942, .T. ) ;
#4799 = CARTESIAN_POINT ( 'NONE',  ( -7.619999999999998330, 0.8889999999999989022, -1.984781810244995004 ) ) ;
#4800 = CARTESIAN_POINT ( 'NONE',  ( -10.15999999999999837, 0.3809999999999999498, -2.501900000000000901 ) ) ;
#4801 = ORIENTED_EDGE ( 'NONE', *, *, #3748, .T. ) ;
#4802 = DIRECTION ( 'NONE',  ( -1.000000000000000000, -0.000000000000000000, -0.000000000000000000 ) ) ;
#4803 = EDGE_CURVE ( 'NONE', #2683, #2743, #7049, .T. ) ;
#4804 = ORIENTED_EDGE ( 'NONE', *, *, #1094, .F. ) ;
#4805 = VECTOR ( 'NONE', #2674, 1000.000000000000000 ) ;
#4806 = ORIENTED_EDGE ( 'NONE', *, *, #665, .F. ) ;
#4807 = EDGE_CURVE ( 'NONE', #6442, #905, #8310, .T. ) ;
#4808 = DIRECTION ( 'NONE',  ( -0.000000000000000000, 1.000000000000000000, 1.422837496700138942E-15 ) ) ;
#4809 = CARTESIAN_POINT ( 'NONE',  ( 0.1777999999999999858, 0.2539999999999996150, 3.429000000000000270 ) ) ;
#4810 = VECTOR ( 'NONE', #8455, 1000.000000000000000 ) ;
#4811 = EDGE_LOOP ( 'NONE', ( #2322, #2457, #9074, #5071 ) ) ;
#4812 = DIRECTION ( 'NONE',  ( -0.000000000000000000, 0.2588190451025143002, 0.9659258262890700886 ) ) ;
#4813 = CARTESIAN_POINT ( 'NONE',  ( 2.540000000000002256, 7.492999999999998550, 2.501900000000000901 ) ) ;
#4814 = ORIENTED_EDGE ( 'NONE', *, *, #2299, .T. ) ;
#4815 = CARTESIAN_POINT ( 'NONE',  ( -2.539999999999998703, 0.8889999999999989022, -1.984781810244995004 ) ) ;
#4816 = ORIENTED_EDGE ( 'NONE', *, *, #8403, .F. ) ;
#4817 = FACE_OUTER_BOUND ( 'NONE', #4448, .T. ) ;
#4818 = PLANE ( 'NONE',  #2188 ) ;
#4819 = ORIENTED_EDGE ( 'NONE', *, *, #2398, .F. ) ;
#4820 = VECTOR ( 'NONE', #9114, 1000.000000000000000 ) ;
#4821 = LINE ( 'NONE', #5576, #2715 ) ;
#4822 = LINE ( 'NONE', #4079, #6054 ) ;
#4823 = CARTESIAN_POINT ( 'NONE',  ( 12.69999999999999929, 0.3809999999999999498, -2.501900000000000901 ) ) ;
#4824 = DIRECTION ( 'NONE',  ( -0.7071067811865456854, -0.7071067811865494601, -1.225703198915526333E-16 ) ) ;
#4825 = VECTOR ( 'NONE', #3841, 1000.000000000000000 ) ;
#4826 = DIRECTION ( 'NONE',  ( 0.000000000000000000, -1.733406087350420004E-16, 1.000000000000000000 ) ) ;
#4827 = ORIENTED_EDGE ( 'NONE', *, *, #2999, .F. ) ;
#4828 = VERTEX_POINT ( 'NONE', #9094 ) ;
#4829 = DIRECTION ( 'NONE',  ( 0.000000000000000000, 1.733406087350420004E-16, -1.000000000000000000 ) ) ;
#4830 = CARTESIAN_POINT ( 'NONE',  ( 12.95400000000000063, 0.8889999999999985691, 1.984781810244993228 ) ) ;
#4831 = CARTESIAN_POINT ( 'NONE',  ( -4.191000000000001613, 7.048499999999997989, -0.8889999999999986802 ) ) ;
#4832 = EDGE_CURVE ( 'NONE', #604, #7965, #5618, .T. ) ;
#4833 = VECTOR ( 'NONE', #4069, 1000.000000000000000 ) ;
#4834 = LINE ( 'NONE', #1370, #4624 ) ;
#4835 = CARTESIAN_POINT ( 'NONE',  ( 9.016999999999997684, 6.794499999999999318, -1.142999999999999572 ) ) ;
#4836 = DIRECTION ( 'NONE',  ( 0.000000000000000000, -1.733406087350420004E-16, 1.000000000000000000 ) ) ;
#4837 = CARTESIAN_POINT ( 'NONE',  ( 12.95400000000000063, 0.3809999999999988396, 2.120899999999999785 ) ) ;
#4838 = VERTEX_POINT ( 'NONE', #7707 ) ;
#4839 = PLANE ( 'NONE',  #962 ) ;
#4840 = ORIENTED_EDGE ( 'NONE', *, *, #4059, .F. ) ;
#4841 = VECTOR ( 'NONE', #3076, 1000.000000000000000 ) ;
#4842 = ADVANCED_FACE ( 'NONE', ( #4210 ), #638, .F. ) ;
#4843 = DIRECTION ( 'NONE',  ( 0.000000000000000000, -1.422837496700138942E-15, 1.000000000000000000 ) ) ;
#4844 = CARTESIAN_POINT ( 'NONE',  ( -2.539999999999998703, 0.8889999999999989022, -1.984781810244995004 ) ) ;
#4845 = PLANE ( 'NONE',  #8102 ) ;
#4846 = COLOUR_RGB ( '',0.2509803921568627416, 0.2509803921568627416, 0.2509803921568627416 ) ;
#4847 = LINE ( 'NONE', #1290, #6109 ) ;
#4848 = EDGE_CURVE ( 'NONE', #1667, #1434, #5799, .T. ) ;
#4849 = VERTEX_POINT ( 'NONE', #7896 ) ;
#4850 = PRESENTATION_STYLE_ASSIGNMENT (( #1997 ) ) ;
#4851 = ADVANCED_FACE ( 'NONE', ( #5753 ), #2908, .F. ) ;
#4852 =( REPRESENTATION_RELATIONSHIP ('NONE','NONE', #243, #483 ) REPRESENTATION_RELATIONSHIP_WITH_TRANSFORMATION ( #3231 )SHAPE_REPRESENTATION_RELATIONSHIP( ) );
#4853 = ORIENTED_EDGE ( 'NONE', *, *, #3499, .F. ) ;
#4854 = CARTESIAN_POINT ( 'NONE',  ( -5.079999999999999183, 0.8889999999999989022, -1.984781810244995004 ) ) ;
#4855 = ORIENTED_EDGE ( 'NONE', *, *, #1085, .T. ) ;
#4856 = EDGE_CURVE ( 'NONE', #1218, #8926, #7805, .T. ) ;
#4857 = EDGE_LOOP ( 'NONE', ( #6997, #2104, #5828, #2729 ) ) ;
#4858 = CARTESIAN_POINT ( 'NONE',  ( 0.8889999999999991243, 7.048499999999997989, -0.8889999999999986802 ) ) ;
#4859 = CARTESIAN_POINT ( 'NONE',  ( -1.651000000000001355, 7.048499999999997989, -0.8889999999999986802 ) ) ;
#4860 = DIRECTION ( 'NONE',  ( -1.000000000000000000, -0.000000000000000000, -0.000000000000000000 ) ) ;
#4861 = EDGE_CURVE ( 'NONE', #5754, #357, #7274, .T. ) ;
#4862 = CARTESIAN_POINT ( 'NONE',  ( 0.3047999999999999599, 0.2539999999999993929, -3.429000000000000270 ) ) ;
#4863 = DIRECTION ( 'NONE',  ( -0.5773502691896272854, -0.5773502691896241767, -0.5773502691896257311 ) ) ;
#4864 = ORIENTED_EDGE ( 'NONE', *, *, #326, .T. ) ;
#4865 = LINE ( 'NONE', #539, #4098 ) ;
#4867 = ORIENTED_EDGE ( 'NONE', *, *, #8639, .T. ) ;
#4866 = ORIENTED_EDGE ( 'NONE', *, *, #2755, .T. ) ;
#4868 = CARTESIAN_POINT ( 'NONE',  ( 0.000000000000000000, 0.000000000000000000, 0.000000000000000000 ) ) ;
#4869 = DIRECTION ( 'NONE',  ( -1.000000000000000000, -0.000000000000000000, -0.000000000000000000 ) ) ;
#4870 = ORIENTED_EDGE ( 'NONE', *, *, #6626, .F. ) ;
#4871 = EDGE_CURVE ( 'NONE', #5281, #133, #1393, .T. ) ;
#4872 = PLANE ( 'NONE',  #6718 ) ;
#4873 = LINE ( 'NONE', #7718, #7451 ) ;
#4874 = DIRECTION ( 'NONE',  ( 0.000000000000000000, 0.000000000000000000, -1.000000000000000000 ) ) ;
#4875 = PLANE ( 'NONE',  #399 ) ;
#4876 = ADVANCED_FACE ( 'NONE', ( #1527 ), #5096, .F. ) ;
#4877 = DIRECTION ( 'NONE',  ( 1.000000000000000000, 0.000000000000000000, 0.000000000000000000 ) ) ;
#4878 = CARTESIAN_POINT ( 'NONE',  ( 6.730999999999997208, 6.222999999999998977, -1.650999999999998913 ) ) ;
#4879 = VERTEX_POINT ( 'NONE', #2952 ) ;
#4880 = EDGE_LOOP ( 'NONE', ( #4526, #8818, #5646, #8887 ) ) ;
#4881 = FACE_OUTER_BOUND ( 'NONE', #6377, .T. ) ;
#4882 = FACE_OUTER_BOUND ( 'NONE', #1201, .T. ) ;
#4883 = LINE ( 'NONE', #7783, #1032 ) ;
#4884 = FACE_OUTER_BOUND ( 'NONE', #2163, .T. ) ;
#4885 = ADVANCED_FACE ( 'NONE', ( #2200 ), #7934, .F. ) ;
#4886 = ADVANCED_FACE ( 'NONE', ( #7979, #6407, #5003 ), #8546, .F. ) ;
#4887 = EDGE_CURVE ( 'NONE', #7235, #3331, #2288, .T. ) ;
#4888 = LINE ( 'NONE', #5210, #4684 ) ;
#4889 = STYLED_ITEM ( 'NONE', ( #8438 ), #8067 ) ;
#4890 = LINE ( 'NONE', #1374, #3216 ) ;
#4891 = DIRECTION ( 'NONE',  ( 0.000000000000000000, -1.092515224483717628E-16, 1.000000000000000000 ) ) ;
#4892 = EDGE_LOOP ( 'NONE', ( #6985, #568, #5623, #5973 ) ) ;
#4893 = LINE ( 'NONE', #4100, #1443 ) ;
#4894 = VECTOR ( 'NONE', #5762, 1000.000000000000000 ) ;
#4895 = LINE ( 'NONE', #621, #5594 ) ;
#4896 = EDGE_LOOP ( 'NONE', ( #4655, #4251, #1409, #2442 ) ) ;
#4897 = LINE ( 'NONE', #2549, #7438 ) ;
#4898 = EDGE_LOOP ( 'NONE', ( #1680, #7316, #655, #3563, #974, #3797 ) ) ;
#4899 = LINE ( 'NONE', #4154, #5761 ) ;
#4900 = VECTOR ( 'NONE', #8360, 1000.000000000000000 ) ;
#4901 = EDGE_LOOP ( 'NONE', ( #5760, #7877, #3927, #2242, #2948, #1865, #9065, #1981 ) ) ;
#4902 = CARTESIAN_POINT ( 'NONE',  ( -0.3047999999999999599, 0.8890000000000000124, 1.714499999999999913 ) ) ;
#4903 = ORIENTED_EDGE ( 'NONE', *, *, #4441, .T. ) ;
#4904 = CARTESIAN_POINT ( 'NONE',  ( -12.95400000000000063, 7.492999999999998550, 2.501900000000000901 ) ) ;
#4905 = LINE ( 'NONE', #7047, #8821 ) ;
#4906 = AXIS2_PLACEMENT_3D ( 'NONE', #3605, #2106, #7895 ) ;
#4907 = DIRECTION ( 'NONE',  ( 0.000000000000000000, -1.733406087350420004E-16, 1.000000000000000000 ) ) ;
#4908 = EDGE_CURVE ( 'NONE', #1434, #925, #3001, .T. ) ;
#4909 = DIRECTION ( 'NONE',  ( 1.000000000000000000, 0.000000000000000000, 0.000000000000000000 ) ) ;
#4910 = ORIENTED_EDGE ( 'NONE', *, *, #4729, .F. ) ;
#4911 = CARTESIAN_POINT ( 'NONE',  ( 8.508999999999998565, 7.048499999999997101, 1.651000000000001355 ) ) ;
#4912 = DIRECTION ( 'NONE',  ( -1.000000000000000000, -0.000000000000000000, -0.000000000000000000 ) ) ;
#4913 = ORIENTED_EDGE ( 'NONE', *, *, #322, .T. ) ;
#4914 = ADVANCED_FACE ( 'NONE', ( #6535 ), #7189, .F. ) ;
#4915 = AXIS2_PLACEMENT_3D ( 'NONE', #881, #2875, #3660 ) ;
#4916 = CARTESIAN_POINT ( 'NONE',  ( -3.937000000000001165, 6.794499999999998430, 1.143000000000001570 ) ) ;
#4917 = VERTEX_POINT ( 'NONE', #18 ) ;
#4918 =( LENGTH_UNIT ( ) NAMED_UNIT ( * ) SI_UNIT ( .MILLI., .METRE. ) );
#4919 = LINE ( 'NONE', #1962, #969 ) ;
#4920 = ORIENTED_EDGE ( 'NONE', *, *, #958, .T. ) ;
#4921 = DIRECTION ( 'NONE',  ( 0.000000000000000000, 1.733406087350420004E-16, -1.000000000000000000 ) ) ;
#4922 = CARTESIAN_POINT ( 'NONE',  ( 8.508999999999998565, 6.222999999999998977, 0.8890000000000011227 ) ) ;
#4923 = DIRECTION ( 'NONE',  ( 1.000000000000000000, 0.000000000000000000, 0.000000000000000000 ) ) ;
#4924 = AXIS2_PLACEMENT_3D ( 'NONE', #7227, #9239, #3690 ) ;
#4925 = CARTESIAN_POINT ( 'NONE',  ( 0.3047999999999999599, 0.8889999999999995683, -1.714499999999999913 ) ) ;
#4926 = DIRECTION ( 'NONE',  ( -0.7071067811865452413, -0.7071067811865499042, -1.225703198915527072E-16 ) ) ;
#4927 = LINE ( 'NONE', #3533, #926 ) ;
#4928 = EDGE_LOOP ( 'NONE', ( #4452, #1504, #1353, #6737 ) ) ;
#4929 = DIRECTION ( 'NONE',  ( -1.000000000000000000, 0.000000000000000000, 0.000000000000000000 ) ) ;
#4930 = VERTEX_POINT ( 'NONE', #2107 ) ;
#4931 = VECTOR ( 'NONE', #5127, 1000.000000000000000 ) ;
#4932 = LINE ( 'NONE', #5022, #5766 ) ;
#4933 = ORIENTED_EDGE ( 'NONE', *, *, #7653, .F. ) ;
#4934 = EDGE_CURVE ( 'NONE', #8926, #4947, #1574, .T. ) ;
#4935 = LINE ( 'NONE', #5726, #740 ) ;
#4936 = DIRECTION ( 'NONE',  ( 0.000000000000000000, -1.138269997360111548E-15, -1.000000000000000000 ) ) ;
#4937 = VECTOR ( 'NONE', #6381, 1000.000000000000000 ) ;
#4938 = DIRECTION ( 'NONE',  ( -1.000000000000000000, 0.000000000000000000, -0.000000000000000000 ) ) ;
#4939 = LINE ( 'NONE', #9216, #1278 ) ;
#4940 = ORIENTED_EDGE ( 'NONE', *, *, #5655, .F. ) ;
#4941 = ORIENTED_EDGE ( 'NONE', *, *, #779, .F. ) ;
#4942 =( LENGTH_UNIT ( ) NAMED_UNIT ( * ) SI_UNIT ( .MILLI., .METRE. ) );
#4943 = DIRECTION ( 'NONE',  ( 1.000000000000000000, 0.000000000000000000, 0.000000000000000000 ) ) ;
#4944 = CARTESIAN_POINT ( 'NONE',  ( 5.968999999999998529, 7.048499999999997101, 0.8890000000000012337 ) ) ;
#4945 = UNCERTAINTY_MEASURE_WITH_UNIT (LENGTH_MEASURE( 1.000000000000000082E-05 ), #3400, 'distance_accuracy_value', 'NONE');
#4946 = LINE ( 'NONE', #7794, #1912 ) ;
#4947 = VERTEX_POINT ( 'NONE', #7141 ) ;
#4948 = CARTESIAN_POINT ( 'NONE',  ( 8.508999999999998565, 6.222999999999998977, 1.651000000000001133 ) ) ;
#4949 = EDGE_LOOP ( 'NONE', ( #1326, #1835, #7275, #3264 ) ) ;
#4950 = DIRECTION ( 'NONE',  ( -1.000000000000000000, -0.000000000000000000, -0.000000000000000000 ) ) ;
#4951 = DIRECTION ( 'NONE',  ( -0.7071067811865456854, -0.7071067811865494601, -1.225703198915526333E-16 ) ) ;
#4952 = ORIENTED_EDGE ( 'NONE', *, *, #4790, .F. ) ;
#4953 = ORIENTED_EDGE ( 'NONE', *, *, #1629, .F. ) ;
#4954 = DIRECTION ( 'NONE',  ( -0.000000000000000000, 1.000000000000000000, 1.733406087350420004E-16 ) ) ;
#4955 = FACE_OUTER_BOUND ( 'NONE', #2989, .T. ) ;
#4956 = DIRECTION ( 'NONE',  ( 0.000000000000000000, 1.000000000000000000, 1.422837496700139533E-15 ) ) ;
#4957 = VERTEX_POINT ( 'NONE', #67 ) ;
#4958 = CARTESIAN_POINT ( 'NONE',  ( 11.04899999999999949, 7.048499999999997989, -0.8889999999999986802 ) ) ;
#4959 = VERTEX_POINT ( 'NONE', #4299 ) ;
#4960 = DIRECTION ( 'NONE',  ( -0.000000000000000000, -0.000000000000000000, 1.000000000000000000 ) ) ;
#4962 = ORIENTED_EDGE ( 'NONE', *, *, #4173, .F. ) ;
#4961 = ORIENTED_EDGE ( 'NONE', *, *, #6088, .T. ) ;
#4963 = SHAPE_REPRESENTATION_RELATIONSHIP ( 'NONE' , 'NONE' ,  #7862, #471 ) ;
#4964 = DIRECTION ( 'NONE',  ( -1.000000000000000000, -0.000000000000000000, -0.000000000000000000 ) ) ;
#4965 = EDGE_LOOP ( 'NONE', ( #2424, #4260, #6663, #3083 ) ) ;
#4966 = CARTESIAN_POINT ( 'NONE',  ( 12.69999999999999929, 0.3809999999999988396, 2.120899999999999785 ) ) ;
#4967 = LINE ( 'NONE', #7152, #1740 ) ;
#4968 = DIRECTION ( 'NONE',  ( -1.000000000000000000, -0.000000000000000000, -0.000000000000000000 ) ) ;
#4969 = ADVANCED_FACE ( 'NONE', ( #7099 ), #5659, .F. ) ;
#4970 = DIRECTION ( 'NONE',  ( -0.000000000000000000, -0.000000000000000000, 1.000000000000000000 ) ) ;
#4971 = VERTEX_POINT ( 'NONE', #773 ) ;
#4972 = FACE_OUTER_BOUND ( 'NONE', #2459, .T. ) ;
#4973 = ORIENTED_EDGE ( 'NONE', *, *, #840, .T. ) ;
#4974 = CLOSED_SHELL ( 'NONE', ( #6022, #7360, #4460, #8173, #9187, #7781, #3738, #8753, #2814, #937, #6843, #3260, #33, #3292, #6135, #4717, #7772, #1988, #6641, #6987, #6665, #4560, #2708, #1500, #4465, #7358, #9123, #7534 ) ) ;
#4975 = PLANE ( 'NONE',  #7894 ) ;
#4976 = VERTEX_POINT ( 'NONE', #3650 ) ;
#4977 = LINE ( 'NONE', #5959, #8939 ) ;
#4978 = CARTESIAN_POINT ( 'NONE',  ( 0.3047999999999999599, 0.8889999999999995683, -1.714499999999999913 ) ) ;
#4979 = VECTOR ( 'NONE', #2074, 1000.000000000000000 ) ;
#4980 = ADVANCED_FACE ( 'NONE', ( #732, #6489, #3870 ), #2325, .F. ) ;
#4981 = DIRECTION ( 'NONE',  ( -1.000000000000000000, 0.000000000000000000, 0.000000000000000000 ) ) ;
#4982 = EDGE_CURVE ( 'NONE', #2696, #3859, #5365, .T. ) ;
#4983 = CARTESIAN_POINT ( 'NONE',  ( 0.3047999999999999599, 0.6731000000000003647, 2.387599999999999945 ) ) ;
#4984 = ORIENTED_EDGE ( 'NONE', *, *, #1586, .F. ) ;
#4985 = VERTEX_POINT ( 'NONE', #1622 ) ;
#4986 = AXIS2_PLACEMENT_3D ( 'NONE', #1774, #4626, #7469 ) ;
#4987 = CARTESIAN_POINT ( 'NONE',  ( -12.95400000000000063, 7.492999999999998550, 2.501900000000000901 ) ) ;
#4988 = LINE ( 'NONE', #3456, #5287 ) ;
#4989 = VECTOR ( 'NONE', #6601, 1000.000000000000000 ) ;
#4990 = VERTEX_POINT ( 'NONE', #1004 ) ;
#4991 = PLANE ( 'NONE',  #1632 ) ;
#4992 = EDGE_CURVE ( 'NONE', #4677, #5539, #4654, .T. ) ;
#4993 = VECTOR ( 'NONE', #2988, 1000.000000000000000 ) ;
#4994 = DIRECTION ( 'NONE',  ( 0.000000000000000000, 1.733406087350420004E-16, -1.000000000000000000 ) ) ;
#4995 = ORIENTED_EDGE ( 'NONE', *, *, #3986, .T. ) ;
#4996 = PLANE ( 'NONE',  #7861 ) ;
#4997 = VERTEX_POINT ( 'NONE', #4481 ) ;
#4998 = CARTESIAN_POINT ( 'NONE',  ( -5.079999999999998295, 0.3809999999999992837, 2.501899999999999125 ) ) ;
#4999 = ORIENTED_EDGE ( 'NONE', *, *, #5868, .T. ) ;
#5000 = VECTOR ( 'NONE', #513, 1000.000000000000000 ) ;
#5001 = PLANE ( 'NONE',  #11 ) ;
#5002 = CARTESIAN_POINT ( 'NONE',  ( 2.540000000000002256, 7.492999999999999439, -2.501900000000000901 ) ) ;
#5003 = FACE_OUTER_BOUND ( 'NONE', #4586, .T. ) ;
#5004 = ORIENTED_EDGE ( 'NONE', *, *, #2799, .F. ) ;
#5005 = EDGE_CURVE ( 'NONE', #1904, #7797, #5181, .T. ) ;
#5006 = CARTESIAN_POINT ( 'NONE',  ( -0.1777999999999999858, 0.2539999999999993929, -3.429000000000000270 ) ) ;
#5007 = ORIENTED_EDGE ( 'NONE', *, *, #6039, .T. ) ;
#5008 = ORIENTED_EDGE ( 'NONE', *, *, #4807, .F. ) ;
#5009 = FILL_AREA_STYLE ('',( #4120 ) ) ;
#5010 = DIRECTION ( 'NONE',  ( 0.000000000000000000, 0.000000000000000000, -1.000000000000000000 ) ) ;
#5011 = VERTEX_POINT ( 'NONE', #1804 ) ;
#5012 = AXIS2_PLACEMENT_3D ( 'NONE', #4357, #8572, #793 ) ;
#5013 = DIRECTION ( 'NONE',  ( -1.000000000000000000, -0.000000000000000000, -0.000000000000000000 ) ) ;
#5014 = DIRECTION ( 'NONE',  ( -1.000000000000000000, -0.000000000000000000, -0.000000000000000000 ) ) ;
#5015 = DIRECTION ( 'NONE',  ( 0.7071067811865452413, -0.7071067811865499042, -1.225703198915527072E-16 ) ) ;
#5016 = EDGE_CURVE ( 'NONE', #2800, #9064, #5929, .T. ) ;
#5017 = LINE ( 'NONE', #1451, #4082 ) ;
#5018 = ORIENTED_EDGE ( 'NONE', *, *, #7670, .T. ) ;
#5019 = AXIS2_PLACEMENT_3D ( 'NONE', #6142, #547, #7667 ) ;
#5020 = ORIENTED_EDGE ( 'NONE', *, *, #7944, .T. ) ;
#5021 = FACE_BOUND ( 'NONE', #1820, .T. ) ;
#5022 = CARTESIAN_POINT ( 'NONE',  ( -12.95400000000000063, 0.3809999999999988396, 2.120899999999999785 ) ) ;
#5023 = ORIENTED_EDGE ( 'NONE', *, *, #5376, .T. ) ;
#5024 = ADVANCED_FACE ( 'NONE', ( #4567 ), #3226, .T. ) ;
#5025 = CARTESIAN_POINT ( 'NONE',  ( 1.734723475976807094E-15, 7.492999999999998550, 2.501900000000000901 ) ) ;
#5026 = DIRECTION ( 'NONE',  ( -1.000000000000000000, 0.000000000000000000, 0.000000000000000000 ) ) ;
#5027 = DIRECTION ( 'NONE',  ( 0.000000000000000000, 1.000000000000000000, 1.733406087350420004E-16 ) ) ;
#5028 = EDGE_CURVE ( 'NONE', #7802, #1101, #1920, .T. ) ;
#5029 = CARTESIAN_POINT ( 'NONE',  ( 6.476999999999996760, 6.794499999999999318, -1.142999999999999572 ) ) ;
#5030 = ORIENTED_EDGE ( 'NONE', *, *, #2982, .F. ) ;
#5031 = EDGE_CURVE ( 'NONE', #7116, #7367, #6701, .T. ) ;
#5032 = EDGE_CURVE ( 'NONE', #3227, #4562, #954, .T. ) ;
#5033 = DIRECTION ( 'NONE',  ( -0.000000000000000000, 1.000000000000000000, 1.422837496700138942E-15 ) ) ;
#5034 = CARTESIAN_POINT ( 'NONE',  ( -7.619999999999998330, 7.492999999999998550, 0.4444999999999978413 ) ) ;
#5035 = EDGE_CURVE ( 'NONE', #2617, #2867, #8025, .T. ) ;
#5036 = DIRECTION ( 'NONE',  ( -1.000000000000000000, -0.000000000000000000, -0.000000000000000000 ) ) ;
#5037 = VECTOR ( 'NONE', #3952, 1000.000000000000000 ) ;
#5038 = ORIENTED_EDGE ( 'NONE', *, *, #4871, .T. ) ;
#5039 = FACE_OUTER_BOUND ( 'NONE', #6684, .T. ) ;
#5040 = ORIENTED_EDGE ( 'NONE', *, *, #358, .T. ) ;
#5041 = DIRECTION ( 'NONE',  ( 0.000000000000000000, 0.9659258262890699775, 0.2588190451025143002 ) ) ;
#5042 = CARTESIAN_POINT ( 'NONE',  ( 6.730999999999997208, 6.222999999999998977, -0.8889999999999987912 ) ) ;
#5043 = DIRECTION ( 'NONE',  ( -1.000000000000000000, 0.000000000000000000, -0.000000000000000000 ) ) ;
#5044 = MECHANICAL_DESIGN_GEOMETRIC_PRESENTATION_REPRESENTATION (  '', ( #7412 ), #987 ) ;
#5045 = CARTESIAN_POINT ( 'NONE',  ( -8.064499999999998892, 7.492999999999999439, -0.4444999999999955653 ) ) ;
#5046 = ORIENTED_EDGE ( 'NONE', *, *, #828, .F. ) ;
#5047 = DIRECTION ( 'NONE',  ( 0.000000000000000000, 0.000000000000000000, 1.000000000000000000 ) ) ;
#5048 = EDGE_CURVE ( 'NONE', #4976, #1854, #3178, .T. ) ;
#5049 = MANIFOLD_SOLID_BREP ( 'LPattern1[3]', #3334 ) ;
#5050 = EDGE_CURVE ( 'NONE', #4380, #7778, #3912, .T. ) ;
#5051 = DIRECTION ( 'NONE',  ( 0.000000000000000000, -1.733406087350420004E-16, 1.000000000000000000 ) ) ;
#5052 = VECTOR ( 'NONE', #5290, 1000.000000000000000 ) ;
#5053 = CARTESIAN_POINT ( 'NONE',  ( -10.15999999999999837, 0.3809999999999999498, -2.501900000000000901 ) ) ;
#5054 = ORIENTED_EDGE ( 'NONE', *, *, #8873, .F. ) ;
#5055 = DIRECTION ( 'NONE',  ( 0.000000000000000000, -1.092515224483717382E-16, 1.000000000000000000 ) ) ;
#5056 = EDGE_LOOP ( 'NONE', ( #3016, #8805, #1024, #1355 ) ) ;
#5057 = CARTESIAN_POINT ( 'NONE',  ( -1.270000000000002016, 0.000000000000000000, 0.000000000000000000 ) ) ;
#5058 = DIRECTION ( 'NONE',  ( 0.000000000000000000, 0.000000000000000000, -1.000000000000000000 ) ) ;
#5059 = VERTEX_POINT ( 'NONE', #3088 ) ;
#5060 = EDGE_CURVE ( 'NONE', #5333, #8834, #6016, .T. ) ;
#5061 = VECTOR ( 'NONE', #4422, 1000.000000000000000 ) ;
#5062 = EDGE_CURVE ( 'NONE', #4333, #5302, #2601, .T. ) ;
#5063 = EDGE_CURVE ( 'NONE', #925, #894, #4897, .T. ) ;
#5064 = FACE_OUTER_BOUND ( 'NONE', #7914, .T. ) ;
#5065 = DIRECTION ( 'NONE',  ( 0.000000000000000000, -0.7071067811865492381, 0.7071067811865457964 ) ) ;
#5066 = AXIS2_PLACEMENT_3D ( 'NONE', #4221, #5488, #7668 ) ;
#5067 = VECTOR ( 'NONE', #768, 1000.000000000000000 ) ;
#5068 = DIRECTION ( 'NONE',  ( 0.000000000000000000, 1.733406087350420004E-16, -1.000000000000000000 ) ) ;
#5069 = ORIENTED_EDGE ( 'NONE', *, *, #4732, .F. ) ;
#5070 = CARTESIAN_POINT ( 'NONE',  ( 5.968999999999998529, 6.222999999999998977, -1.650999999999998913 ) ) ;
#5071 = ORIENTED_EDGE ( 'NONE', *, *, #5502, .T. ) ;
#5072 = ORIENTED_EDGE ( 'NONE', *, *, #5610, .F. ) ;
#5073 = VECTOR ( 'NONE', #3037, 1000.000000000000000 ) ;
#5074 = PLANE ( 'NONE',  #6275 ) ;
#5075 = PLANE ( 'NONE',  #1110 ) ;
#5076 = FILL_AREA_STYLE ('',( #1417 ) ) ;
#5077 = LINE ( 'NONE', #7918, #2290 ) ;
#5078 = VECTOR ( 'NONE', #5221, 1000.000000000000000 ) ;
#5079 = PRODUCT_DEFINITION_FORMATION_WITH_SPECIFIED_SOURCE ( 'ANY', '', #7540, .NOT_KNOWN. ) ;
#5080 = ORIENTED_EDGE ( 'NONE', *, *, #5949, .F. ) ;
#5081 =( NAMED_UNIT ( * ) SI_UNIT ( $, .STERADIAN. ) SOLID_ANGLE_UNIT ( ) );
#5082 = LINE ( 'NONE', #1513, #1369 ) ;
#5083 = LINE ( 'NONE', #7793, #8842 ) ;
#5084 = VECTOR ( 'NONE', #2030, 1000.000000000000000 ) ;
#5085 = EDGE_CURVE ( 'NONE', #597, #2709, #426, .T. ) ;
#5086 = VERTEX_POINT ( 'NONE', #5556 ) ;
#5087 = ORIENTED_EDGE ( 'NONE', *, *, #7613, .T. ) ;
#5088 = ADVANCED_FACE ( 'NONE', ( #5461 ), #8946, .F. ) ;
#5089 = DIRECTION ( 'NONE',  ( 0.000000000000000000, -1.000000000000000000, -2.439149994343092652E-16 ) ) ;
#5090 = DIRECTION ( 'NONE',  ( -1.000000000000000000, -0.000000000000000000, -0.000000000000000000 ) ) ;
#5091 = APPLICATION_CONTEXT ( 'automotive_design' ) ;
#5092 = CARTESIAN_POINT ( 'NONE',  ( -3.429000000000003379, 7.048499999999997989, -0.8889999999999986802 ) ) ;
#5093 = ORIENTED_EDGE ( 'NONE', *, *, #6004, .T. ) ;
#5094 = ORIENTED_EDGE ( 'NONE', *, *, #665, .T. ) ;
#5095 = CARTESIAN_POINT ( 'NONE',  ( 10.16000000000000192, 0.3809999999999993947, -2.120900000000001562 ) ) ;
#5096 = PLANE ( 'NONE',  #565 ) ;
#5097 = ORIENTED_EDGE ( 'NONE', *, *, #6933, .T. ) ;
#5098 = DIRECTION ( 'NONE',  ( -0.7071067811865456854, -0.7071067811865494601, -1.225703198915526333E-16 ) ) ;
#5099 = DIRECTION ( 'NONE',  ( 0.000000000000000000, 1.000000000000000000, 1.733406087350420004E-16 ) ) ;
#5100 = EDGE_CURVE ( 'NONE', #4990, #7795, #3320, .T. ) ;
#5101 =( LENGTH_UNIT ( ) NAMED_UNIT ( * ) SI_UNIT ( .MILLI., .METRE. ) );
#5102 = LINE ( 'NONE', #1627, #3086 ) ;
#5103 = VERTEX_POINT ( 'NONE', #8394 ) ;
#5104 = LINE ( 'NONE', #8691, #6527 ) ;
#5105 = CARTESIAN_POINT ( 'NONE',  ( -10.15999999999999837, 0.3809999999999993947, -2.120900000000001562 ) ) ;
#5106 = VECTOR ( 'NONE', #2889, 1000.000000000000000 ) ;
#5107 = MANIFOLD_SOLID_BREP ( 'Fillet2', #2414 ) ;
#5108 = ADVANCED_FACE ( 'NONE', ( #1894 ), #4753, .F. ) ;
#5109 = LINE ( 'NONE', #7945, #465 ) ;
#5110 = ORIENTED_EDGE ( 'NONE', *, *, #6784, .F. ) ;
#5111 = EDGE_CURVE ( 'NONE', #8938, #3208, #5406, .T. ) ;
#5112 = DIRECTION ( 'NONE',  ( -1.000000000000000000, -0.000000000000000000, -0.000000000000000000 ) ) ;
#5113 = ORIENTED_EDGE ( 'NONE', *, *, #1023, .F. ) ;
#5114 = CARTESIAN_POINT ( 'NONE',  ( 10.16000000000000192, 0.8889999999999985691, 1.984781810244993228 ) ) ;
#5115 = ORIENTED_EDGE ( 'NONE', *, *, #6473, .F. ) ;
#5116 = VECTOR ( 'NONE', #3857, 1000.000000000000000 ) ;
#5117 = CARTESIAN_POINT ( 'NONE',  ( 11.04899999999999949, 7.048499999999997989, -1.650999999999998691 ) ) ;
#5118 = PLANE ( 'NONE',  #2020 ) ;
#5119 = VECTOR ( 'NONE', #893, 1000.000000000000000 ) ;
#5120 = LINE ( 'NONE', #1598, #7494 ) ;
#5121 = VERTEX_POINT ( 'NONE', #1292 ) ;
#5122 = ORIENTED_EDGE ( 'NONE', *, *, #798, .T. ) ;
#5123 = CARTESIAN_POINT ( 'NONE',  ( 12.70000000000000284, 0.3809999999999993947, -2.120900000000001562 ) ) ;
#5124 = CARTESIAN_POINT ( 'NONE',  ( 5.080000000000000959, 0.3809999999999993947, -2.120900000000001562 ) ) ;
#5125 = VECTOR ( 'NONE', #2477, 1000.000000000000114 ) ;
#5126 = DIRECTION ( 'NONE',  ( 0.000000000000000000, 0.000000000000000000, 1.000000000000000000 ) ) ;
#5127 = DIRECTION ( 'NONE',  ( 1.000000000000000000, 0.000000000000000000, 0.000000000000000000 ) ) ;
#5128 = CARTESIAN_POINT ( 'NONE',  ( 9.715500000000002245, 7.492999999999999439, -0.4444999999999955653 ) ) ;
#5129 = ORIENTED_EDGE ( 'NONE', *, *, #2237, .F. ) ;
#5130 = VECTOR ( 'NONE', #1618, 1000.000000000000000 ) ;
#5131 = EDGE_CURVE ( 'NONE', #7909, #1042, #7642, .T. ) ;
#5132 = DIRECTION ( 'NONE',  ( -1.000000000000000000, -0.000000000000000000, -0.000000000000000000 ) ) ;
#5133 = VECTOR ( 'NONE', #2782, 1000.000000000000000 ) ;
#5134 = CARTESIAN_POINT ( 'NONE',  ( 10.16000000000000192, 7.492999999999998550, 0.4444999999999978413 ) ) ;
#5135 = CARTESIAN_POINT ( 'NONE',  ( 6.730999999999997208, 7.048499999999997989, -0.8889999999999986802 ) ) ;
#5136 = ORIENTED_EDGE ( 'NONE', *, *, #1697, .F. ) ;
#5137 = CARTESIAN_POINT ( 'NONE',  ( 7.620000000000001883, 7.492999999999999439, -2.501900000000000901 ) ) ;
#5138 = EDGE_CURVE ( 'NONE', #2472, #7712, #3411, .T. ) ;
#5139 = MANIFOLD_SOLID_BREP ( 'LPattern1[6]', #8547 ) ;
#5140 = VECTOR ( 'NONE', #2944, 1000.000000000000000 ) ;
#5141 = DIRECTION ( 'NONE',  ( 0.000000000000000000, -1.733406087350420251E-16, 1.000000000000000000 ) ) ;
#5142 = DIRECTION ( 'NONE',  ( -1.000000000000000000, -0.000000000000000000, -0.000000000000000000 ) ) ;
#5143 = ORIENTED_EDGE ( 'NONE', *, *, #1153, .F. ) ;
#5144 = DIRECTION ( 'NONE',  ( 0.000000000000000000, -1.733406087350420004E-16, 1.000000000000000000 ) ) ;
#5145 = EDGE_CURVE ( 'NONE', #1488, #2853, #1243, .T. ) ;
#5146 = FACE_OUTER_BOUND ( 'NONE', #5707, .T. ) ;
#5147 = AXIS2_PLACEMENT_3D ( 'NONE', #7396, #3071, #7305 ) ;
#5148 = EDGE_LOOP ( 'NONE', ( #1973, #9100, #7150, #3398, #5407, #5115, #1704, #7269 ) ) ;
#5149 = PRESENTATION_LAYER_ASSIGNMENT (  '', '', ( #7967 ) ) ;
#5150 = DIRECTION ( 'NONE',  ( 1.000000000000000000, 0.000000000000000000, 0.000000000000000000 ) ) ;
#5151 = DIRECTION ( 'NONE',  ( 0.000000000000000000, -1.733406087350420251E-16, 1.000000000000000000 ) ) ;
#5152 = ORIENTED_EDGE ( 'NONE', *, *, #4887, .T. ) ;
#5153 = CARTESIAN_POINT ( 'NONE',  ( -12.95400000000000063, 0.3809999999999999498, -2.501900000000000901 ) ) ;
#5154 = PLANE ( 'NONE',  #864 ) ;
#5155 = PLANE ( 'NONE',  #5575 ) ;
#5156 = VERTEX_POINT ( 'NONE', #2801 ) ;
#5158 = ORIENTED_EDGE ( 'NONE', *, *, #6653, .T. ) ;
#5157 = ORIENTED_EDGE ( 'NONE', *, *, #712, .T. ) ;
#5159 = DIRECTION ( 'NONE',  ( -1.000000000000000000, -0.000000000000000000, -0.000000000000000000 ) ) ;
#5160 = ORIENTED_EDGE ( 'NONE', *, *, #8884, .F. ) ;
#5161 = DIRECTION ( 'NONE',  ( 0.000000000000000000, 1.733406087350420004E-16, -1.000000000000000000 ) ) ;
#5162 = EDGE_CURVE ( 'NONE', #1505, #3227, #8629, .T. ) ;
#5163 = LINE ( 'NONE', #8001, #3368 ) ;
#5164 = LINE ( 'NONE', #6558, #1380 ) ;
#5165 = ORIENTED_EDGE ( 'NONE', *, *, #6536, .T. ) ;
#5166 = ORIENTED_EDGE ( 'NONE', *, *, #8437, .T. ) ;
#5167 = VECTOR ( 'NONE', #2238, 1000.000000000000000 ) ;
#5168 = CARTESIAN_POINT ( 'NONE',  ( 6.222999999999998977, 6.794499999999998430, 1.143000000000001570 ) ) ;
#5169 = ADVANCED_FACE ( 'NONE', ( #7924 ), #8672, .F. ) ;
#5170 = ADVANCED_FACE ( 'NONE', ( #5782 ), #2276, .F. ) ;
#5171 = CARTESIAN_POINT ( 'NONE',  ( -4.191000000000001613, 7.048499999999997101, 1.651000000000001355 ) ) ;
#5172 = CARTESIAN_POINT ( 'NONE',  ( 1.734723475976807094E-15, 7.492999999999998550, 2.501900000000000901 ) ) ;
#5173 = LINE ( 'NONE', #8013, #1935 ) ;
#5174 = VECTOR ( 'NONE', #8030, 1000.000000000000000 ) ;
#5175 = LINE ( 'NONE', #855, #5590 ) ;
#5176 = ORIENTED_EDGE ( 'NONE', *, *, #6287, .F. ) ;
#5177 = LINE ( 'NONE', #7927, #6828 ) ;
#5178 = ORIENTED_EDGE ( 'NONE', *, *, #6148, .F. ) ;
#5179 = DIRECTION ( 'NONE',  ( 0.000000000000000000, -1.733406087350420004E-16, 1.000000000000000000 ) ) ;
#5180 = DIRECTION ( 'NONE',  ( 0.000000000000000000, 1.224646799147354193E-16, 1.000000000000000000 ) ) ;
#5181 = LINE ( 'NONE', #8114, #7294 ) ;
#5182 = ORIENTED_EDGE ( 'NONE', *, *, #9115, .F. ) ;
#5183 = DIRECTION ( 'NONE',  ( 0.000000000000000000, -1.733406087350420004E-16, 1.000000000000000000 ) ) ;
#5184 = CARTESIAN_POINT ( 'NONE',  ( 0.3047999999999999599, -3.611118645726065035E-32, -3.429000000000000270 ) ) ;
#5185 = AXIS2_PLACEMENT_3D ( 'NONE', #1339, #3356, #9125 ) ;
#5186 = DIRECTION ( 'NONE',  ( 1.000000000000000000, 0.000000000000000000, 0.000000000000000000 ) ) ;
#5187 = PLANE ( 'NONE',  #1129 ) ;
#5188 = ORIENTED_EDGE ( 'NONE', *, *, #6889, .T. ) ;
#5189 = DIRECTION ( 'NONE',  ( 1.000000000000000000, 0.000000000000000000, 0.000000000000000000 ) ) ;
#5190 = EDGE_CURVE ( 'NONE', #2127, #5333, #7841, .T. ) ;
#5191 = MECHANICAL_DESIGN_GEOMETRIC_PRESENTATION_REPRESENTATION (  '', ( #4736 ), #9056 ) ;
#5192 = AXIS2_PLACEMENT_3D ( 'NONE', #8581, #6518, #49 ) ;
#5193 = CARTESIAN_POINT ( 'NONE',  ( -5.969000000000002970, 6.222999999999998977, 1.651000000000001133 ) ) ;
#5194 = LINE ( 'NONE', #6668, #8638 ) ;
#5195 = ADVANCED_FACE ( 'NONE', ( #5039 ), #4991, .F. ) ;
#5196 = EDGE_CURVE ( 'NONE', #5302, #4318, #2138, .T. ) ;
#5197 = LINE ( 'NONE', #1723, #3642 ) ;
#5198 = CARTESIAN_POINT ( 'NONE',  ( -4.191000000000001613, 7.048499999999997989, -1.650999999999998691 ) ) ;
#5199 = ORIENTED_EDGE ( 'NONE', *, *, #2432, .T. ) ;
#5200 = CIRCLE ( 'NONE', #8029, 0.1269999999999999463 ) ;
#5201 = DIRECTION ( 'NONE',  ( 1.000000000000000000, 0.000000000000000000, 0.000000000000000000 ) ) ;
#5202 = ORIENTED_EDGE ( 'NONE', *, *, #1087, .T. ) ;
#5203 = CARTESIAN_POINT ( 'NONE',  ( 1.734723475976807094E-15, 7.492999999999998550, 0.4444999999999978413 ) ) ;
#5204 = ORIENTED_EDGE ( 'NONE', *, *, #2015, .T. ) ;
#5205 = DIRECTION ( 'NONE',  ( 0.000000000000000000, -1.422837496700138942E-15, 1.000000000000000000 ) ) ;
#5206 = CARTESIAN_POINT ( 'NONE',  ( 3.428999999999998050, 7.048499999999997989, -0.8889999999999986802 ) ) ;
#5207 = VECTOR ( 'NONE', #3000, 1000.000000000000000 ) ;
#5208 = AXIS2_PLACEMENT_3D ( 'NONE', #6693, #281, #1136 ) ;
#5209 = ADVANCED_FACE ( 'NONE', ( #1428 ), #7883, .F. ) ;
#5210 = CARTESIAN_POINT ( 'NONE',  ( -10.15999999999999837, 0.8889999999999989022, -1.984781810244995004 ) ) ;
#5211 = CARTESIAN_POINT ( 'NONE',  ( -6.731000000000001648, 7.048499999999997989, -1.650999999999998691 ) ) ;
#5212 = VERTEX_POINT ( 'NONE', #6522 ) ;
#5213 = VECTOR ( 'NONE', #4968, 1000.000000000000000 ) ;
#5214 = ADVANCED_FACE ( 'NONE', ( #719 ), #7176, .F. ) ;
#5215 = VECTOR ( 'NONE', #4450, 1000.000000000000000 ) ;
#5216 = LINE ( 'NONE', #7344, #8477 ) ;
#5217 = CARTESIAN_POINT ( 'NONE',  ( 1.734723475976807094E-15, 0.8889999999999985691, 1.984781810244993228 ) ) ;
#5218 = LINE ( 'NONE', #185, #9151 ) ;
#5219 = LINE ( 'NONE', #5435, #2837 ) ;
#5220 = VECTOR ( 'NONE', #8811, 1000.000000000000000 ) ;
#5221 = DIRECTION ( 'NONE',  ( 0.000000000000000000, 0.000000000000000000, -1.000000000000000000 ) ) ;
#5222 = CARTESIAN_POINT ( 'NONE',  ( 12.70000000000000284, 0.3809999999999993947, -2.120900000000001562 ) ) ;
#5223 = EDGE_LOOP ( 'NONE', ( #81, #1075, #5080, #928 ) ) ;
#5224 = CARTESIAN_POINT ( 'NONE',  ( -2.539999999999998703, 0.3809999999999988396, 2.120899999999999785 ) ) ;
#5225 = ORIENTED_EDGE ( 'NONE', *, *, #8403, .T. ) ;
#5226 = EDGE_CURVE ( 'NONE', #884, #4706, #2232, .T. ) ;
#5227 =( GEOMETRIC_REPRESENTATION_CONTEXT ( 3 ) GLOBAL_UNCERTAINTY_ASSIGNED_CONTEXT ( ( #3816 ) ) GLOBAL_UNIT_ASSIGNED_CONTEXT ( ( #4372, #625, #1652 ) ) REPRESENTATION_CONTEXT ( 'NONE', 'WORKASPACE' ) );
#5228 = CARTESIAN_POINT ( 'NONE',  ( 6.730999999999997208, 6.222999999999998977, 1.651000000000001133 ) ) ;
#5229 = VERTEX_POINT ( 'NONE', #6440 ) ;
#5230 = CARTESIAN_POINT ( 'NONE',  ( -10.15999999999999837, 0.8889999999999989022, -1.984781810244995004 ) ) ;
#5231 = PLANE ( 'NONE',  #1241 ) ;
#5232 = MANIFOLD_SOLID_BREP ( 'Chamfer1', #460 ) ;
#5233 = DIRECTION ( 'NONE',  ( 0.000000000000000000, -1.138269997360111548E-15, -1.000000000000000000 ) ) ;
#5234 = UNCERTAINTY_MEASURE_WITH_UNIT (LENGTH_MEASURE( 1.000000000000000082E-05 ), #1035, 'distance_accuracy_value', 'NONE');
#5235 = CARTESIAN_POINT ( 'NONE',  ( 7.620000000000001883, 7.492999999999998550, 2.501900000000000901 ) ) ;
#5236 = EDGE_LOOP ( 'NONE', ( #5638, #6892, #4539, #4771 ) ) ;
#5237 = VECTOR ( 'NONE', #2135, 1000.000000000000000 ) ;
#5238 = CARTESIAN_POINT ( 'NONE',  ( -0.4444999999999987295, 7.492999999999999439, -2.501900000000000901 ) ) ;
#5239 = CARTESIAN_POINT ( 'NONE',  ( 0.000000000000000000, 0.000000000000000000, 0.000000000000000000 ) ) ;
#5240 = ORIENTED_EDGE ( 'NONE', *, *, #7717, .T. ) ;
#5241 = LINE ( 'NONE', #296, #1605 ) ;
#5242 = CARTESIAN_POINT ( 'NONE',  ( -12.69999999999999929, 0.3809999999999992837, 2.501899999999999125 ) ) ;
#5243 = PLANE ( 'NONE',  #1528 ) ;
#5244 = ORIENTED_EDGE ( 'NONE', *, *, #23, .F. ) ;
#5245 = PLANE ( 'NONE',  #4534 ) ;
#5246 = ADVANCED_FACE ( 'NONE', ( #5919 ), #6478, .F. ) ;
#5247 = EDGE_LOOP ( 'NONE', ( #5769, #8596, #6569, #2728 ) ) ;
#5248 = LINE ( 'NONE', #5114, #3128 ) ;
#5249 = ORIENTED_EDGE ( 'NONE', *, *, #1990, .T. ) ;
#5250 = EDGE_CURVE ( 'NONE', #993, #8444, #2994, .T. ) ;
#5251 = LINE ( 'NONE', #8793, #2026 ) ;
#5252 = EDGE_CURVE ( 'NONE', #1021, #2926, #1698, .T. ) ;
#5253 = DIRECTION ( 'NONE',  ( -0.000000000000000000, -1.000000000000000000, -0.000000000000000000 ) ) ;
#5254 = DIRECTION ( 'NONE',  ( 0.000000000000000000, -1.000000000000000000, 0.000000000000000000 ) ) ;
#5255 = DIRECTION ( 'NONE',  ( 1.000000000000000000, 0.000000000000000000, 0.000000000000000000 ) ) ;
#5256 = VERTEX_POINT ( 'NONE', #8803 ) ;
#5257 = LINE ( 'NONE', #5997, #376 ) ;
#5258 = FACE_OUTER_BOUND ( 'NONE', #71, .T. ) ;
#5259 = DIRECTION ( 'NONE',  ( 1.000000000000000000, 0.000000000000000000, 0.000000000000000000 ) ) ;
#5260 = EDGE_CURVE ( 'NONE', #7986, #6459, #2397, .T. ) ;
#5261 = VERTEX_POINT ( 'NONE', #7263 ) ;
#5262 = EDGE_CURVE ( 'NONE', #608, #2127, #6734, .T. ) ;
#5263 = LINE ( 'NONE', #989, #1025 ) ;
#5264 = ORIENTED_EDGE ( 'NONE', *, *, #7310, .F. ) ;
#5265 = LINE ( 'NONE', #943, #1162 ) ;
#5266 = ORIENTED_EDGE ( 'NONE', *, *, #6009, .F. ) ;
#5267 = DIRECTION ( 'NONE',  ( 0.000000000000000000, 1.733406087350420004E-16, -1.000000000000000000 ) ) ;
#5268 = CLOSED_SHELL ( 'NONE', ( #2051, #3567, #5922, #3108, #1738, #7985, #2525, #4563, #8108, #3734 ) ) ;
#5269 = LINE ( 'NONE', #996, #9201 ) ;
#5270 = ORIENTED_EDGE ( 'NONE', *, *, #2112, .F. ) ;
#5271 = CARTESIAN_POINT ( 'NONE',  ( 12.95400000000000063, 7.492999999999999439, -2.501900000000000901 ) ) ;
#5272 = CARTESIAN_POINT ( 'NONE',  ( 0.3047999999999999599, 1.555301434917136362E-17, 3.302000000000000046 ) ) ;
#5273 = CARTESIAN_POINT ( 'NONE',  ( -9.271000000000000796, 7.048499999999997989, -1.650999999999998691 ) ) ;
#5274 = AXIS2_PLACEMENT_3D ( 'NONE', #5950, #6640, #3937 ) ;
#5275 = VERTEX_POINT ( 'NONE', #234 ) ;
#5276 = DIRECTION ( 'NONE',  ( 1.000000000000000000, 0.000000000000000000, 0.000000000000000000 ) ) ;
#5277 = CARTESIAN_POINT ( 'NONE',  ( 0.3047999999999999599, 0.8889999999999995683, -1.968499999999999694 ) ) ;
#5278 = ORIENTED_EDGE ( 'NONE', *, *, #4201, .T. ) ;
#5279 = CONTEXT_DEPENDENT_SHAPE_REPRESENTATION ( #4852, #8290 ) ;
#5280 = PLANE ( 'NONE',  #827 ) ;
#5281 = VERTEX_POINT ( 'NONE', #8099 ) ;
#5282 = AXIS2_PLACEMENT_3D ( 'NONE', #6957, #1307, #1909 ) ;
#5283 = EDGE_CURVE ( 'NONE', #604, #7270, #7398, .T. ) ;
#5284 = DIRECTION ( 'NONE',  ( -1.000000000000000000, -0.000000000000000000, -0.000000000000000000 ) ) ;
#5285 = EDGE_CURVE ( 'NONE', #6742, #5660, #5263, .T. ) ;
#5286 = LINE ( 'NONE', #5565, #5516 ) ;
#5287 = VECTOR ( 'NONE', #5601, 1000.000000000000000 ) ;
#5288 = AXIS2_PLACEMENT_3D ( 'NONE', #1999, #7796, #7086 ) ;
#5289 = FACE_OUTER_BOUND ( 'NONE', #6812, .T. ) ;
#5290 = DIRECTION ( 'NONE',  ( 1.000000000000000000, 0.000000000000000000, 0.000000000000000000 ) ) ;
#5291 = ORIENTED_EDGE ( 'NONE', *, *, #730, .F. ) ;
#5292 = CARTESIAN_POINT ( 'NONE',  ( 12.95400000000000063, 7.492999999999998550, 2.501900000000000901 ) ) ;
#5293 = ORIENTED_EDGE ( 'NONE', *, *, #5526, .T. ) ;
#5294 = LINE ( 'NONE', #8698, #713 ) ;
#5295 = ORIENTED_EDGE ( 'NONE', *, *, #4506, .T. ) ;
#5296 = MECHANICAL_DESIGN_GEOMETRIC_PRESENTATION_REPRESENTATION (  '', ( #8856 ), #1258 ) ;
#5297 = CARTESIAN_POINT ( 'NONE',  ( -10.15999999999999837, 0.3809999999999993947, -2.120900000000001562 ) ) ;
#5298 = EDGE_CURVE ( 'NONE', #3775, #4985, #3860, .T. ) ;
#5299 = LINE ( 'NONE', #3895, #7206 ) ;
#5300 = ORIENTED_EDGE ( 'NONE', *, *, #107, .F. ) ;
#5301 = ORIENTED_EDGE ( 'NONE', *, *, #9087, .F. ) ;
#5302 = VERTEX_POINT ( 'NONE', #3124 ) ;
#5303 = SURFACE_STYLE_USAGE ( .BOTH. , #3212 ) ;
#5304 = FACE_OUTER_BOUND ( 'NONE', #4619, .T. ) ;
#5305 = EDGE_CURVE ( 'NONE', #3485, #4333, #3075, .T. ) ;
#5306 = CIRCLE ( 'NONE', #3374, 0.6731000000000000316 ) ;
#5307 = CARTESIAN_POINT ( 'NONE',  ( -1.651000000000001355, 7.048499999999997989, -0.8889999999999986802 ) ) ;
#5308 = DIRECTION ( 'NONE',  ( 0.000000000000000000, 2.439149994343092652E-16, -1.000000000000000000 ) ) ;
#5309 = ORIENTED_EDGE ( 'NONE', *, *, #3172, .T. ) ;
#5310 = EDGE_CURVE ( 'NONE', #3639, #1717, #8839, .T. ) ;
#5311 = CARTESIAN_POINT ( 'NONE',  ( -0.3047999999999999599, 0.2539999999999991709, -2.387599999999999945 ) ) ;
#5312 = ORIENTED_EDGE ( 'NONE', *, *, #3771, .T. ) ;
#5313 = LINE ( 'NONE', #5967, #2956 ) ;
#5314 = VERTEX_POINT ( 'NONE', #5880 ) ;
#5315 = FACE_BOUND ( 'NONE', #1116, .T. ) ;
#5316 = AXIS2_PLACEMENT_3D ( 'NONE', #5529, #7234, #5058 ) ;
#5317 = DIRECTION ( 'NONE',  ( -0.000000000000000000, -1.000000000000000000, 1.224646799147353700E-16 ) ) ;
#5318 = EDGE_LOOP ( 'NONE', ( #5278, #823, #5744, #8950 ) ) ;
#5319 = CARTESIAN_POINT ( 'NONE',  ( -1.651000000000001355, 7.048499999999997101, 1.651000000000001355 ) ) ;
#5320 = PLANE ( 'NONE',  #9139 ) ;
#5321 = ORIENTED_EDGE ( 'NONE', *, *, #5162, .F. ) ;
#5322 = DIRECTION ( 'NONE',  ( 0.000000000000000000, -1.422837496700138942E-15, 1.000000000000000000 ) ) ;
#5323 = CARTESIAN_POINT ( 'NONE',  ( -11.04900000000000304, 7.048499999999997989, -0.8889999999999986802 ) ) ;
#5324 = EDGE_LOOP ( 'NONE', ( #641, #1983, #7842, #1819 ) ) ;
#5325 = ADVANCED_FACE ( 'NONE', ( #1742 ), #8714, .F. ) ;
#5326 = CARTESIAN_POINT ( 'NONE',  ( 10.16000000000000192, 0.8889999999999985691, 1.984781810244993228 ) ) ;
#5327 = CARTESIAN_POINT ( 'NONE',  ( 7.620000000000001883, 0.3809999999999993947, -2.120900000000001562 ) ) ;
#5328 = DIRECTION ( 'NONE',  ( -0.000000000000000000, -0.7071067811865487940, -0.7071067811865462405 ) ) ;
#5329 = AXIS2_PLACEMENT_3D ( 'NONE', #2697, #1843, #5550 ) ;
#5330 = DIRECTION ( 'NONE',  ( -1.000000000000000000, -0.000000000000000000, -0.000000000000000000 ) ) ;
#5331 = VERTEX_POINT ( 'NONE', #8885 ) ;
#5332 = DIRECTION ( 'NONE',  ( -0.5773502691896272854, -0.5773502691896241767, -0.5773502691896257311 ) ) ;
#5333 = VERTEX_POINT ( 'NONE', #7966 ) ;
#5334 = ADVANCED_FACE ( 'NONE', ( #4419 ), #8064, .F. ) ;
#5335 = ORIENTED_EDGE ( 'NONE', *, *, #7302, .F. ) ;
#5336 = PRESENTATION_LAYER_ASSIGNMENT (  '', '', ( #9207 ) ) ;
#5337 = LINE ( 'NONE', #8964, #6566 ) ;
#5338 = LINE ( 'NONE', #269, #1867 ) ;
#5339 = DIRECTION ( 'NONE',  ( -0.000000000000000000, 0.2588190451025143002, 0.9659258262890700886 ) ) ;
#5340 = VECTOR ( 'NONE', #7709, 1000.000000000000114 ) ;
#5341 = DIRECTION ( 'NONE',  ( 0.000000000000000000, -1.733406087350420251E-16, 1.000000000000000000 ) ) ;
#5342 = ORIENTED_EDGE ( 'NONE', *, *, #5348, .F. ) ;
#5343 = ORIENTED_EDGE ( 'NONE', *, *, #6062, .T. ) ;
#5344 = ORIENTED_EDGE ( 'NONE', *, *, #6009, .T. ) ;
#5345 = FACE_OUTER_BOUND ( 'NONE', #3913, .T. ) ;
#5346 = FILL_AREA_STYLE_COLOUR ( '', #5790 ) ;
#5347 = AXIS2_PLACEMENT_3D ( 'NONE', #5417, #7004, #4114 ) ;
#5348 = EDGE_CURVE ( 'NONE', #4410, #7909, #7311, .T. ) ;
#5349 = DIRECTION ( 'NONE',  ( -0.000000000000000000, -0.7071067811865487940, -0.7071067811865462405 ) ) ;
#5350 = LINE ( 'NONE', #8196, #4033 ) ;
#5351 = DIRECTION ( 'NONE',  ( 0.000000000000000000, -1.733406087350420004E-16, 1.000000000000000000 ) ) ;
#5352 = EDGE_LOOP ( 'NONE', ( #5780, #5586, #4296, #9103 ) ) ;
#5353 = VECTOR ( 'NONE', #3245, 1000.000000000000000 ) ;
#5354 = CARTESIAN_POINT ( 'NONE',  ( -12.25550000000000672, 7.492999999999999439, -0.4444999999999955653 ) ) ;
#5355 = VERTEX_POINT ( 'NONE', #2317 ) ;
#5356 = CARTESIAN_POINT ( 'NONE',  ( 12.95400000000000063, 0.3809999999999999498, -2.501900000000000901 ) ) ;
#5357 = ORIENTED_EDGE ( 'NONE', *, *, #557, .T. ) ;
#5358 = EDGE_CURVE ( 'NONE', #8316, #3961, #5173, .T. ) ;
#5359 = CARTESIAN_POINT ( 'NONE',  ( 11.04899999999999949, 6.222999999999998977, -0.8889999999999987912 ) ) ;
#5360 = EDGE_CURVE ( 'NONE', #8671, #9078, #3770, .T. ) ;
#5361 = AXIS2_PLACEMENT_3D ( 'NONE', #686, #2150, #1439 ) ;
#5362 = STYLED_ITEM ( 'NONE', ( #8774 ), #5963 ) ;
#5363 = CARTESIAN_POINT ( 'NONE',  ( -0.3047999999999999599, 0.8889999999999995683, -1.714499999999999913 ) ) ;
#5364 = EDGE_CURVE ( 'NONE', #8454, #3557, #1229, .T. ) ;
#5365 = LINE ( 'NONE', #8157, #5220 ) ;
#5366 = ORIENTED_EDGE ( 'NONE', *, *, #2951, .T. ) ;
#5367 = DIRECTION ( 'NONE',  ( 1.000000000000000000, 0.000000000000000000, -0.000000000000000000 ) ) ;
#5368 = AXIS2_PLACEMENT_3D ( 'NONE', #8285, #4788, #7627 ) ;
#5369 = EDGE_LOOP ( 'NONE', ( #514, #6881, #5691, #5567 ) ) ;
#5370 = ORIENTED_EDGE ( 'NONE', *, *, #387, .F. ) ;
#5371 = ORIENTED_EDGE ( 'NONE', *, *, #951, .T. ) ;
#5372 = LINE ( 'NONE', #3921, #5797 ) ;
#5373 = AXIS2_PLACEMENT_3D ( 'NONE', #2839, #3626, #8526 ) ;
#5374 = LINE ( 'NONE', #1815, #4601 ) ;
#5375 = EDGE_CURVE ( 'NONE', #1472, #6146, #8336, .T. ) ;
#5376 = EDGE_CURVE ( 'NONE', #6261, #6562, #6779, .T. ) ;
#5377 = CARTESIAN_POINT ( 'NONE',  ( 9.270999999999997243, 6.222999999999998977, 0.8890000000000011227 ) ) ;
#5378 = ORIENTED_EDGE ( 'NONE', *, *, #4025, .F. ) ;
#5379 = CARTESIAN_POINT ( 'NONE',  ( 11.04899999999999949, 6.222999999999998977, 0.8890000000000011227 ) ) ;
#5380 = ORIENTED_EDGE ( 'NONE', *, *, #7585, .F. ) ;
#5381 = CARTESIAN_POINT ( 'NONE',  ( 1.734723475976807094E-15, 0.000000000000000000, 0.000000000000000000 ) ) ;
#5382 = VERTEX_POINT ( 'NONE', #4644 ) ;
#5383 = DIRECTION ( 'NONE',  ( 0.000000000000000000, -1.422837496700139533E-15, 1.000000000000000000 ) ) ;
#5384 = ADVANCED_FACE ( 'NONE', ( #1936 ), #6154, .F. ) ;
#5385 = CARTESIAN_POINT ( 'NONE',  ( 0.3047999999999999599, 0.6731000000000003647, 1.968499999999999694 ) ) ;
#5386 = EDGE_CURVE ( 'NONE', #1529, #3846, #1880, .T. ) ;
#5387 = DIRECTION ( 'NONE',  ( 0.000000000000000000, -1.138269997360111548E-15, -1.000000000000000000 ) ) ;
#5388 = DIRECTION ( 'NONE',  ( 0.000000000000000000, -0.000000000000000000, -1.000000000000000000 ) ) ;
#5389 = ORIENTED_EDGE ( 'NONE', *, *, #2342, .F. ) ;
#5390 = ORIENTED_EDGE ( 'NONE', *, *, #1281, .F. ) ;
#5391 = DIRECTION ( 'NONE',  ( -0.5773502691896273964, -0.5773502691896236216, -0.5773502691896262862 ) ) ;
#5392 = DIRECTION ( 'NONE',  ( 0.5773502691896272854, -0.5773502691896241767, -0.5773502691896257311 ) ) ;
#5393 = CARTESIAN_POINT ( 'NONE',  ( -12.69999999999999929, 0.3809999999999993947, -2.120900000000001562 ) ) ;
#5394 = ADVANCED_FACE ( 'NONE', ( #8980 ), #1980, .F. ) ;
#5395 = DIRECTION ( 'NONE',  ( -1.000000000000000000, -0.000000000000000000, -0.000000000000000000 ) ) ;
#5396 = DIRECTION ( 'NONE',  ( -0.000000000000000000, 0.000000000000000000, 1.000000000000000000 ) ) ;
#5397 = DIRECTION ( 'NONE',  ( 0.000000000000000000, 1.000000000000000000, -1.138269997360111548E-15 ) ) ;
#5398 = ORIENTED_EDGE ( 'NONE', *, *, #8226, .F. ) ;
#5399 = DIRECTION ( 'NONE',  ( 1.000000000000000000, 0.000000000000000000, 0.000000000000000000 ) ) ;
#5400 = ORIENTED_EDGE ( 'NONE', *, *, #1772, .F. ) ;
#5401 = CARTESIAN_POINT ( 'NONE',  ( 12.70000000000000284, 0.3809999999999992837, 2.501899999999999125 ) ) ;
#5402 = PLANE ( 'NONE',  #4308 ) ;
#5403 = EDGE_LOOP ( 'NONE', ( #432, #7280, #1044, #9012 ) ) ;
#5404 = UNCERTAINTY_MEASURE_WITH_UNIT (LENGTH_MEASURE( 1.000000000000000082E-05 ), #3044, 'distance_accuracy_value', 'NONE');
#5405 = ADVANCED_FACE ( 'NONE', ( #6105 ), #4139, .F. ) ;
#5406 = LINE ( 'NONE', #4799, #7444 ) ;
#5407 = ORIENTED_EDGE ( 'NONE', *, *, #725, .F. ) ;
#5408 = CARTESIAN_POINT ( 'NONE',  ( 5.968999999999998529, 6.222999999999998977, -1.650999999999998913 ) ) ;
#5409 = VECTOR ( 'NONE', #7622, 1000.000000000000000 ) ;
#5410 = EDGE_CURVE ( 'NONE', #7288, #4488, #9072, .T. ) ;
#5411 = ORIENTED_EDGE ( 'NONE', *, *, #5890, .T. ) ;
#5412 = CARTESIAN_POINT ( 'NONE',  ( 0.000000000000000000, 0.000000000000000000, 0.000000000000000000 ) ) ;
#5413 = LINE ( 'NONE', #2412, #5476 ) ;
#5414 = VERTEX_POINT ( 'NONE', #8933 ) ;
#5415 = ORIENTED_EDGE ( 'NONE', *, *, #5060, .F. ) ;
#5416 = AXIS2_PLACEMENT_3D ( 'NONE', #8693, #5862, #1501 ) ;
#5417 = CARTESIAN_POINT ( 'NONE',  ( -0.1777999999999999858, 0.2539999999999996150, 3.302000000000000046 ) ) ;
#5418 = EDGE_CURVE ( 'NONE', #1338, #3227, #5448, .T. ) ;
#5419 = LINE ( 'NONE', #5520, #8046 ) ;
#5420 = EDGE_CURVE ( 'NONE', #3665, #9246, #2541, .T. ) ;
#5421 = PLANE ( 'NONE',  #8845 ) ;
#5422 = CARTESIAN_POINT ( 'NONE',  ( -12.69999999999999929, 0.3809999999999999498, -2.501900000000000901 ) ) ;
#5423 = EDGE_LOOP ( 'NONE', ( #4611, #6272, #6673, #4999 ) ) ;
#5424 = VECTOR ( 'NONE', #5927, 1000.000000000000000 ) ;
#5425 = EDGE_CURVE ( 'NONE', #2683, #9234, #7487, .T. ) ;
#5426 = CARTESIAN_POINT ( 'NONE',  ( -1.651000000000001355, 7.048499999999997101, 0.8890000000000012337 ) ) ;
#5427 = ORIENTED_EDGE ( 'NONE', *, *, #165, .F. ) ;
#5428 = VECTOR ( 'NONE', #536, 1000.000000000000000 ) ;
#5429 = LINE ( 'NONE', #6914, #3437 ) ;
#5430 = ORIENTED_EDGE ( 'NONE', *, *, #3908, .F. ) ;
#5431 = EDGE_CURVE ( 'NONE', #2563, #8119, #6879, .T. ) ;
#5432 = EDGE_CURVE ( 'NONE', #1164, #7190, #1834, .T. ) ;
#5433 = CARTESIAN_POINT ( 'NONE',  ( 9.715500000000002245, 7.492999999999998550, 0.4444999999999979523 ) ) ;
#5434 = CARTESIAN_POINT ( 'NONE',  ( 0.3047999999999999599, -3.611118645726065035E-32, -3.429000000000000270 ) ) ;
#5435 = CARTESIAN_POINT ( 'NONE',  ( 3.428999999999998050, 6.222999999999998977, 0.8890000000000011227 ) ) ;
#5436 = AXIS2_PLACEMENT_3D ( 'NONE', #347, #4669, #6714 ) ;
#5437 = DIRECTION ( 'NONE',  ( 0.000000000000000000, 1.092515224483717628E-16, -1.000000000000000000 ) ) ;
#5438 = DIRECTION ( 'NONE',  ( -1.000000000000000000, 0.000000000000000000, 0.000000000000000000 ) ) ;
#5439 = ORIENTED_EDGE ( 'NONE', *, *, #3553, .F. ) ;
#5440 = ORIENTED_EDGE ( 'NONE', *, *, #1809, .F. ) ;
#5441 = DIRECTION ( 'NONE',  ( -0.000000000000000000, 1.000000000000000000, 1.733406087350420004E-16 ) ) ;
#5442 = EDGE_CURVE ( 'NONE', #7778, #1505, #6240, .T. ) ;
#5443 = AXIS2_PLACEMENT_3D ( 'NONE', #2175, #2737, #7119 ) ;
#5444 = DIRECTION ( 'NONE',  ( -1.000000000000000000, -0.000000000000000000, -0.000000000000000000 ) ) ;
#5445 = EDGE_CURVE ( 'NONE', #3859, #6652, #3349, .T. ) ;
#5446 = DIRECTION ( 'NONE',  ( 0.000000000000000000, 1.000000000000000000, 0.000000000000000000 ) ) ;
#5447 = EDGE_CURVE ( 'NONE', #7169, #8258, #5544, .T. ) ;
#5448 = LINE ( 'NONE', #412, #9089 ) ;
#5449 = VECTOR ( 'NONE', #5437, 1000.000000000000000 ) ;
#5450 = FACE_OUTER_BOUND ( 'NONE', #8012, .T. ) ;
#5451 = PLANE ( 'NONE',  #9220 ) ;
#5452 = VERTEX_POINT ( 'NONE', #3989 ) ;
#5453 = EDGE_CURVE ( 'NONE', #2139, #1147, #8379, .T. ) ;
#5454 = CARTESIAN_POINT ( 'NONE',  ( -6.731000000000001648, 6.222999999999998977, 0.8890000000000011227 ) ) ;
#5455 = ORIENTED_EDGE ( 'NONE', *, *, #3959, .T. ) ;
#5456 = EDGE_CURVE ( 'NONE', #6916, #3100, #5350, .T. ) ;
#5457 = VECTOR ( 'NONE', #8813, 1000.000000000000000 ) ;
#5458 = LINE ( 'NONE', #1890, #2147 ) ;
#5459 = DIRECTION ( 'NONE',  ( -1.000000000000000000, 0.000000000000000000, 0.000000000000000000 ) ) ;
#5460 = ORIENTED_EDGE ( 'NONE', *, *, #6511, .T. ) ;
#5461 = FACE_OUTER_BOUND ( 'NONE', #6036, .T. ) ;
#5462 = VERTEX_POINT ( 'NONE', #9163 ) ;
#5463 = CARTESIAN_POINT ( 'NONE',  ( -2.539999999999998703, 7.492999999999999439, -2.095500000000001695 ) ) ;
#5464 = VECTOR ( 'NONE', #8420, 1000.000000000000000 ) ;
#5465 = DIRECTION ( 'NONE',  ( 1.000000000000000000, 0.000000000000000000, 0.000000000000000000 ) ) ;
#5466 = ORIENTED_EDGE ( 'NONE', *, *, #2281, .F. ) ;
#5467 = EDGE_LOOP ( 'NONE', ( #218, #9182, #2480, #3066 ) ) ;
#5468 = CONTEXT_DEPENDENT_SHAPE_REPRESENTATION ( #8954, #6571 ) ;
#5469 = EDGE_LOOP ( 'NONE', ( #2660, #5839, #7445, #997 ) ) ;
#5470 = AXIS2_PLACEMENT_3D ( 'NONE', #5670, #4964, #5479 ) ;
#5471 = DIRECTION ( 'NONE',  ( 0.000000000000000000, -1.000000000000000000, -1.224646799147354686E-16 ) ) ;
#5472 = CARTESIAN_POINT ( 'NONE',  ( -12.95400000000000063, 0.8889999999999989022, -1.984781810244995004 ) ) ;
#5473 = DIRECTION ( 'NONE',  ( -0.5773502691896273964, 0.5773502691896237327, -0.5773502691896261751 ) ) ;
#5474 = LINE ( 'NONE', #3472, #3850 ) ;
#5475 = ORIENTED_EDGE ( 'NONE', *, *, #114, .F. ) ;
#5476 = VECTOR ( 'NONE', #8951, 1000.000000000000000 ) ;
#5477 = ORIENTED_EDGE ( 'NONE', *, *, #3395, .F. ) ;
#5478 = PLANE ( 'NONE',  #8337 ) ;
#5479 = DIRECTION ( 'NONE',  ( 0.000000000000000000, 0.000000000000000000, 1.000000000000000000 ) ) ;
#5480 = ORIENTED_EDGE ( 'NONE', *, *, #8282, .T. ) ;
#5481 = EDGE_CURVE ( 'NONE', #2025, #8671, #6428, .T. ) ;
#5482 = CARTESIAN_POINT ( 'NONE',  ( -8.509000000000002117, 7.048499999999997101, 0.8890000000000012337 ) ) ;
#5483 = EDGE_CURVE ( 'NONE', #905, #4461, #8356, .T. ) ;
#5484 = PLANE ( 'NONE',  #4485 ) ;
#5485 = AXIS2_PLACEMENT_3D ( 'NONE', #241, #946, #7361 ) ;
#5486 = LINE ( 'NONE', #8319, #2938 ) ;
#5487 = ADVANCED_FACE ( 'NONE', ( #2883 ), #3444, .F. ) ;
#5488 = DIRECTION ( 'NONE',  ( 0.000000000000000000, -1.000000000000000000, -1.733406087350420004E-16 ) ) ;
#5489 = FACE_OUTER_BOUND ( 'NONE', #7131, .T. ) ;
#5490 = PLANE ( 'NONE',  #3038 ) ;
#5491 = VERTEX_POINT ( 'NONE', #4231 ) ;
#5492 = CARTESIAN_POINT ( 'NONE',  ( -4.191000000000001613, 6.222999999999998977, 1.651000000000001133 ) ) ;
#5493 = VERTEX_POINT ( 'NONE', #6978 ) ;
#5494 = LINE ( 'NONE', #1127, #19 ) ;
#5495 = SURFACE_SIDE_STYLE ('',( #6774 ) ) ;
#5496 = FACE_OUTER_BOUND ( 'NONE', #781, .T. ) ;
#5497 = LINE ( 'NONE', #7579, #1858 ) ;
#5498 = EDGE_CURVE ( 'NONE', #1397, #6742, #40, .T. ) ;
#5499 = VECTOR ( 'NONE', #2767, 1000.000000000000000 ) ;
#5500 = CARTESIAN_POINT ( 'NONE',  ( -5.079999999999998295, 7.492999999999999439, -2.501900000000000901 ) ) ;
#5501 = ORIENTED_EDGE ( 'NONE', *, *, #3964, .F. ) ;
#5502 = EDGE_CURVE ( 'NONE', #7289, #7593, #704, .T. ) ;
#5503 = LINE ( 'NONE', #6111, #1756 ) ;
#5505 = EDGE_LOOP ( 'NONE', ( #5644, #7246, #4933, #6530 ) ) ;
#5504 = VERTEX_POINT ( 'NONE', #750 ) ;
#5506 = VECTOR ( 'NONE', #3969, 1000.000000000000000 ) ;
#5507 = DIRECTION ( 'NONE',  ( 0.5773502691896273964, -0.5773502691896236216, -0.5773502691896262862 ) ) ;
#5508 = LINE ( 'NONE', #1845, #3925 ) ;
#5509 = DIRECTION ( 'NONE',  ( 0.000000000000000000, 2.082201214683127315E-16, -1.000000000000000000 ) ) ;
#5510 = VECTOR ( 'NONE', #9106, 1000.000000000000000 ) ;
#5511 = ORIENTED_EDGE ( 'NONE', *, *, #7984, .F. ) ;
#5512 = VERTEX_POINT ( 'NONE', #1415 ) ;
#5513 = CARTESIAN_POINT ( 'NONE',  ( -6.731000000000001648, 7.048499999999997101, 1.651000000000001355 ) ) ;
#5514 = PLANE ( 'NONE',  #112 ) ;
#5515 = VERTEX_POINT ( 'NONE', #5025 ) ;
#5516 = VECTOR ( 'NONE', #6218, 1000.000000000000000 ) ;
#5517 = ORIENTED_EDGE ( 'NONE', *, *, #3491, .F. ) ;
#5518 =( GEOMETRIC_REPRESENTATION_CONTEXT ( 3 ) GLOBAL_UNCERTAINTY_ASSIGNED_CONTEXT ( ( #6893 ) ) GLOBAL_UNIT_ASSIGNED_CONTEXT ( ( #4918, #2115, #8513 ) ) REPRESENTATION_CONTEXT ( 'NONE', 'WORKASPACE' ) );
#5519 = DIRECTION ( 'NONE',  ( 0.000000000000000000, 1.138269997360111548E-15, 1.000000000000000000 ) ) ;
#5520 = CARTESIAN_POINT ( 'NONE',  ( -0.8890000000000026770, 6.222999999999998977, -0.8889999999999987912 ) ) ;
#5521 = VERTEX_POINT ( 'NONE', #3586 ) ;
#5522 = VECTOR ( 'NONE', #2586, 1000.000000000000000 ) ;
#5523 = LINE ( 'NONE', #4017, #2427 ) ;
#5524 = LINE ( 'NONE', #4117, #2657 ) ;
#5525 = ORIENTED_EDGE ( 'NONE', *, *, #7348, .T. ) ;
#5526 = EDGE_CURVE ( 'NONE', #7724, #3485, #1277, .T. ) ;
#5527 = LINE ( 'NONE', #8362, #2591 ) ;
#5528 = VERTEX_POINT ( 'NONE', #4321 ) ;
#5529 = CARTESIAN_POINT ( 'NONE',  ( -3.429000000000003379, 6.222999999999998977, -0.8889999999999987912 ) ) ;
#5530 = ORIENTED_EDGE ( 'NONE', *, *, #9108, .F. ) ;
#5531 = VECTOR ( 'NONE', #9116, 1000.000000000000000 ) ;
#5532 = CARTESIAN_POINT ( 'NONE',  ( 12.69999999999999929, 0.3809999999999993947, -2.120900000000001562 ) ) ;
#5533 = PLANE ( 'NONE',  #7852 ) ;
#5534 = DIRECTION ( 'NONE',  ( -0.000000000000000000, 0.000000000000000000, 1.000000000000000000 ) ) ;
#5535 = PLANE ( 'NONE',  #6493 ) ;
#5536 = DIRECTION ( 'NONE',  ( 0.000000000000000000, 0.000000000000000000, -1.000000000000000000 ) ) ;
#5537 = ORIENTED_EDGE ( 'NONE', *, *, #1600, .T. ) ;
#5538 = DIRECTION ( 'NONE',  ( 0.000000000000000000, -1.000000000000000000, -1.733406087350420004E-16 ) ) ;
#5539 = VERTEX_POINT ( 'NONE', #7030 ) ;
#5540 = DIRECTION ( 'NONE',  ( 0.000000000000000000, -1.000000000000000000, 0.000000000000000000 ) ) ;
#5541 = FILL_AREA_STYLE_COLOUR ( '', #544 ) ;
#5542 = DIRECTION ( 'NONE',  ( 0.000000000000000000, -1.733406087350420004E-16, 1.000000000000000000 ) ) ;
#5543 = CARTESIAN_POINT ( 'NONE',  ( 0.1777999999999999858, 0.6731000000000003647, 3.302000000000000046 ) ) ;
#5544 = LINE ( 'NONE', #1133, #8802 ) ;
#5545 = CARTESIAN_POINT ( 'NONE',  ( 10.16000000000000192, 0.8889999999999989022, -1.984781810244995004 ) ) ;
#5546 = LINE ( 'NONE', #6433, #353 ) ;
#5548 = ORIENTED_EDGE ( 'NONE', *, *, #6563, .F. ) ;
#5547 = EDGE_LOOP ( 'NONE', ( #3736, #700, #9169, #7292 ) ) ;
#5549 = EDGE_CURVE ( 'NONE', #292, #8741, #4977, .T. ) ;
#5550 = DIRECTION ( 'NONE',  ( 0.000000000000000000, 0.000000000000000000, -1.000000000000000000 ) ) ;
#5551 = CARTESIAN_POINT ( 'NONE',  ( 11.04899999999999949, 7.048499999999997989, -0.8889999999999986802 ) ) ;
#5552 = CARTESIAN_POINT ( 'NONE',  ( 1.734723475976807094E-15, 0.8889999999999985691, 1.984781810244993228 ) ) ;
#5553 = VECTOR ( 'NONE', #8491, 1000.000000000000000 ) ;
#5554 = CARTESIAN_POINT ( 'NONE',  ( 9.016999999999997684, 6.794499999999998430, 1.143000000000001570 ) ) ;
#5555 = ORIENTED_EDGE ( 'NONE', *, *, #3838, .T. ) ;
#5556 = CARTESIAN_POINT ( 'NONE',  ( 0.4444999999999952323, 7.492999999999998550, 2.095500000000003915 ) ) ;
#5557 = ORIENTED_EDGE ( 'NONE', *, *, #5483, .F. ) ;
#5558 = CARTESIAN_POINT ( 'NONE',  ( -2.539999999999998703, 0.8889999999999989022, -1.984781810244995004 ) ) ;
#5559 = ORIENTED_EDGE ( 'NONE', *, *, #8873, .T. ) ;
#5560 = DIRECTION ( 'NONE',  ( -1.000000000000000000, 0.000000000000000000, 0.000000000000000000 ) ) ;
#5561 = ORIENTED_EDGE ( 'NONE', *, *, #8942, .F. ) ;
#5562 = EDGE_CURVE ( 'NONE', #4129, #4303, #582, .T. ) ;
#5563 = EDGE_CURVE ( 'NONE', #2489, #4541, #2734, .T. ) ;
#5564 = CARTESIAN_POINT ( 'NONE',  ( 11.04899999999999949, 7.048499999999997101, 1.651000000000001355 ) ) ;
#5565 = CARTESIAN_POINT ( 'NONE',  ( 5.080000000000000959, 0.3809999999999992837, 2.501899999999999125 ) ) ;
#5566 = CLOSED_SHELL ( 'NONE', ( #2320, #2387, #8770, #4842, #8967, #8484, #8117, #3255, #8009, #4474, #2587, #5714, #8685, #5209, #5334, #6805, #6501, #8861, #8754, #7248, #6932, #609, #8300, #6410, #3085, #3064, #508, #4620 ) ) ;
#5567 = ORIENTED_EDGE ( 'NONE', *, *, #2905, .F. ) ;
#5568 = FACE_OUTER_BOUND ( 'NONE', #1286, .T. ) ;
#5569 = CARTESIAN_POINT ( 'NONE',  ( 7.620000000000001883, 0.8889999999999989022, -1.984781810244995004 ) ) ;
#5570 = ORIENTED_EDGE ( 'NONE', *, *, #3661, .F. ) ;
#5571 = EDGE_LOOP ( 'NONE', ( #8073, #3568, #3852, #4006 ) ) ;
#5572 = DIRECTION ( 'NONE',  ( 0.000000000000000000, 1.000000000000000000, 1.733406087350420004E-16 ) ) ;
#5573 = ORIENTED_EDGE ( 'NONE', *, *, #5574, .T. ) ;
#5574 = EDGE_CURVE ( 'NONE', #7461, #1505, #4935, .T. ) ;
#5575 = AXIS2_PLACEMENT_3D ( 'NONE', #4270, #7199, #2212 ) ;
#5576 = CARTESIAN_POINT ( 'NONE',  ( 11.04899999999999949, 7.048499999999997101, 0.8890000000000012337 ) ) ;
#5577 = EDGE_CURVE ( 'NONE', #8834, #7856, #4883, .T. ) ;
#5578 = PRODUCT_DEFINITION ( 'UNKNOWN', '', #8195, #7376 ) ;
#5579 = CARTESIAN_POINT ( 'NONE',  ( -4.635500000000005727, 7.492999999999999439, -2.501900000000000901 ) ) ;
#5580 = CARTESIAN_POINT ( 'NONE',  ( -6.731000000000001648, 6.222999999999998977, 1.651000000000001133 ) ) ;
#5581 = DIRECTION ( 'NONE',  ( -1.000000000000000000, 0.000000000000000000, -0.000000000000000000 ) ) ;
#5582 = DIRECTION ( 'NONE',  ( -0.000000000000000000, 1.000000000000000000, 1.733406087350420004E-16 ) ) ;
#5583 = AXIS2_PLACEMENT_3D ( 'NONE', #7822, #9021, #6234 ) ;
#5584 = CARTESIAN_POINT ( 'NONE',  ( 0.1777999999999999858, 0.2539999999999993929, -3.429000000000000270 ) ) ;
#5585 = ORIENTED_EDGE ( 'NONE', *, *, #624, .T. ) ;
#5586 = ORIENTED_EDGE ( 'NONE', *, *, #691, .F. ) ;
#5587 = LINE ( 'NONE', #8428, #6001 ) ;
#5588 = AXIS2_PLACEMENT_3D ( 'NONE', #5359, #6114, #468 ) ;
#5589 = EDGE_CURVE ( 'NONE', #4693, #5749, #4834, .T. ) ;
#5590 = VECTOR ( 'NONE', #3638, 1000.000000000000114 ) ;
#5591 = DIRECTION ( 'NONE',  ( -0.000000000000000000, 1.000000000000000000, 1.733406087350420004E-16 ) ) ;
#5592 = DIRECTION ( 'NONE',  ( -0.5773502691896273964, -0.5773502691896236216, -0.5773502691896262862 ) ) ;
#5593 = FACE_OUTER_BOUND ( 'NONE', #5996, .T. ) ;
#5594 = VECTOR ( 'NONE', #8801, 1000.000000000000000 ) ;
#5595 = LINE ( 'NONE', #3452, #8284 ) ;
#5596 = ORIENTED_EDGE ( 'NONE', *, *, #8161, .F. ) ;
#5597 = AXIS2_PLACEMENT_3D ( 'NONE', #9167, #4789, #1184 ) ;
#5598 = SURFACE_STYLE_USAGE ( .BOTH. , #8291 ) ;
#5599 = DIRECTION ( 'NONE',  ( 0.000000000000000000, -1.000000000000000000, -1.224646799147354686E-16 ) ) ;
#5600 = EDGE_CURVE ( 'NONE', #1299, #273, #8571, .T. ) ;
#5601 = DIRECTION ( 'NONE',  ( -1.000000000000000000, -0.000000000000000000, -0.000000000000000000 ) ) ;
#5602 = AXIS2_PLACEMENT_3D ( 'NONE', #6876, #9025, #6195 ) ;
#5603 = EDGE_CURVE ( 'NONE', #1777, #9144, #1458, .T. ) ;
#5604 = AXIS2_PLACEMENT_3D ( 'NONE', #7167, #6468, #4938 ) ;
#5605 = ADVANCED_FACE ( 'NONE', ( #9211 ), #7830, .F. ) ;
#5606 = EDGE_LOOP ( 'NONE', ( #6019, #1233, #633, #3174 ) ) ;
#5607 = DIRECTION ( 'NONE',  ( -0.000000000000000000, 1.000000000000000000, 1.733406087350420004E-16 ) ) ;
#5608 = ORIENTED_EDGE ( 'NONE', *, *, #789, .T. ) ;
#5609 = LINE ( 'NONE', #5463, #8870 ) ;
#5610 = EDGE_CURVE ( 'NONE', #2749, #606, #6465, .T. ) ;
#5611 = VECTOR ( 'NONE', #352, 1000.000000000000000 ) ;
#5612 = ORIENTED_EDGE ( 'NONE', *, *, #126, .F. ) ;
#5613 = EDGE_LOOP ( 'NONE', ( #1760, #8855, #6964, #6548 ) ) ;
#5614 = DIRECTION ( 'NONE',  ( 1.000000000000000000, -0.000000000000000000, -0.000000000000000000 ) ) ;
#5615 = ORIENTED_EDGE ( 'NONE', *, *, #5050, .T. ) ;
#5616 = CYLINDRICAL_SURFACE ( 'NONE', #7635, 0.1269999999999999463 ) ;
#5617 = CARTESIAN_POINT ( 'NONE',  ( 5.080000000000000959, 7.492999999999999439, -2.501900000000000901 ) ) ;
#5618 = LINE ( 'NONE', #2009, #6419 ) ;
#5619 = VECTOR ( 'NONE', #6167, 1000.000000000000000 ) ;
#5620 = ORIENTED_EDGE ( 'NONE', *, *, #2626, .F. ) ;
#5621 = LINE ( 'NONE', #8460, #1998 ) ;
#5622 = DIRECTION ( 'NONE',  ( 0.000000000000000000, -1.733406087350420251E-16, 1.000000000000000000 ) ) ;
#5623 = ORIENTED_EDGE ( 'NONE', *, *, #7638, .F. ) ;
#5624 = ADVANCED_FACE ( 'NONE', ( #8377 ), #1978, .F. ) ;
#5626 = VERTEX_POINT ( 'NONE', #7204 ) ;
#5625 = EDGE_LOOP ( 'NONE', ( #8994, #3150, #8242, #7610 ) ) ;
#5627 = VECTOR ( 'NONE', #8383, 1000.000000000000000 ) ;
#5628 = CARTESIAN_POINT ( 'NONE',  ( 0.3047999999999999599, -3.611118645726067224E-32, 3.429000000000000270 ) ) ;
#5629 = ORIENTED_EDGE ( 'NONE', *, *, #4202, .T. ) ;
#5630 = DIRECTION ( 'NONE',  ( 0.000000000000000000, 1.000000000000000000, 1.733406087350420004E-16 ) ) ;
#5631 = LINE ( 'NONE', #4266, #3003 ) ;
#5632 = CARTESIAN_POINT ( 'NONE',  ( -12.95400000000000063, 0.3809999999999992837, 2.501899999999999125 ) ) ;
#5633 = CARTESIAN_POINT ( 'NONE',  ( -3.429000000000003379, 7.048499999999997989, -1.650999999999998691 ) ) ;
#5634 = FACE_OUTER_BOUND ( 'NONE', #4437, .T. ) ;
#5635 = FACE_OUTER_BOUND ( 'NONE', #646, .T. ) ;
#5636 = ORIENTED_EDGE ( 'NONE', *, *, #8032, .F. ) ;
#5637 = CARTESIAN_POINT ( 'NONE',  ( 0.3047999999999999599, 0.2539999999999996705, 2.387599999999999945 ) ) ;
#5638 = ORIENTED_EDGE ( 'NONE', *, *, #7560, .F. ) ;
#5639 = EDGE_LOOP ( 'NONE', ( #4164, #3636, #348, #8563 ) ) ;
#5640 = CARTESIAN_POINT ( 'NONE',  ( -10.15999999999999837, 0.3809999999999988396, 2.120899999999999785 ) ) ;
#5641 = DIRECTION ( 'NONE',  ( -0.000000000000000000, 0.2588190451025143002, 0.9659258262890700886 ) ) ;
#5642 =( NAMED_UNIT ( * ) SI_UNIT ( $, .STERADIAN. ) SOLID_ANGLE_UNIT ( ) );
#5643 = CARTESIAN_POINT ( 'NONE',  ( 5.968999999999998529, 7.048499999999997101, 1.651000000000001355 ) ) ;
#5644 = ORIENTED_EDGE ( 'NONE', *, *, #1447, .T. ) ;
#5645 = CARTESIAN_POINT ( 'NONE',  ( -5.079999999999998295, 7.492999999999999439, -2.501900000000000901 ) ) ;
#5646 = ORIENTED_EDGE ( 'NONE', *, *, #5990, .F. ) ;
#5647 = CARTESIAN_POINT ( 'NONE',  ( -2.984499999999999265, 7.492999999999999439, -2.501900000000000901 ) ) ;
#5648 = VERTEX_POINT ( 'NONE', #2929 ) ;
#5649 = LINE ( 'NONE', #8497, #3366 ) ;
#5650 = EDGE_CURVE ( 'NONE', #8015, #4628, #4404, .T. ) ;
#5651 = AXIS2_PLACEMENT_3D ( 'NONE', #8068, #4514, #104 ) ;
#5652 = ORIENTED_EDGE ( 'NONE', *, *, #1769, .F. ) ;
#5653 = CARTESIAN_POINT ( 'NONE',  ( 0.8889999999999991243, 6.222999999999998977, 1.651000000000001133 ) ) ;
#5654 = EDGE_LOOP ( 'NONE', ( #158, #2016, #1031, #4597 ) ) ;
#5655 = EDGE_CURVE ( 'NONE', #5452, #8666, #85, .T. ) ;
#5656 = VECTOR ( 'NONE', #2324, 1000.000000000000114 ) ;
#5657 = VECTOR ( 'NONE', #414, 1000.000000000000000 ) ;
#5658 = CARTESIAN_POINT ( 'NONE',  ( -10.60449999999999982, 7.492999999999999439, -2.501900000000000901 ) ) ;
#5659 = PLANE ( 'NONE',  #5361 ) ;
#5660 = VERTEX_POINT ( 'NONE', #5869 ) ;
#5661 = CARTESIAN_POINT ( 'NONE',  ( -11.81100000000000172, 6.222999999999998977, 1.651000000000001133 ) ) ;
#5662 = ORIENTED_EDGE ( 'NONE', *, *, #3998, .F. ) ;
#5663 = VECTOR ( 'NONE', #6584, 1000.000000000000000 ) ;
#5665 = ORIENTED_EDGE ( 'NONE', *, *, #3863, .T. ) ;
#5664 = ORIENTED_EDGE ( 'NONE', *, *, #2999, .T. ) ;
#5666 = VECTOR ( 'NONE', #5267, 1000.000000000000000 ) ;
#5667 = ADVANCED_FACE ( 'NONE', ( #8048 ), #6512, .F. ) ;
#5668 = PRESENTATION_STYLE_ASSIGNMENT (( #4307 ) ) ;
#5669 = ADVANCED_FACE ( 'NONE', ( #2218 ), #5074, .F. ) ;
#5670 = CARTESIAN_POINT ( 'NONE',  ( 0.3047999999999999599, 0.6731000000000003647, 2.387599999999999945 ) ) ;
#5671 = VERTEX_POINT ( 'NONE', #137 ) ;
#5672 = ADVANCED_FACE ( 'NONE', ( #1595 ), #222, .F. ) ;
#5673 = DIRECTION ( 'NONE',  ( -1.000000000000000000, -0.000000000000000000, -0.000000000000000000 ) ) ;
#5674 = LINE ( 'NONE', #3882, #3254 ) ;
#5675 = VECTOR ( 'NONE', #248, 1000.000000000000000 ) ;
#5676 = ADVANCED_FACE ( 'NONE', ( #3759 ), #1506, .F. ) ;
#5677 = AXIS2_PLACEMENT_3D ( 'NONE', #7474, #443, #1916 ) ;
#5678 = CARTESIAN_POINT ( 'NONE',  ( 9.715500000000002245, 7.492999999999999439, -2.095500000000001695 ) ) ;
#5679 = CARTESIAN_POINT ( 'NONE',  ( -4.191000000000001613, 6.222999999999998977, 0.8890000000000011227 ) ) ;
#5680 = EDGE_LOOP ( 'NONE', ( #3401, #1038, #5945, #3250 ) ) ;
#5681 = ORIENTED_EDGE ( 'NONE', *, *, #5138, .T. ) ;
#5682 = COLOUR_RGB ( '',0.2509803921568627416, 0.2509803921568627416, 0.2509803921568627416 ) ;
#5683 = ORIENTED_EDGE ( 'NONE', *, *, #5085, .T. ) ;
#5684 = ADVANCED_FACE ( 'NONE', ( #1642 ), #3892, .F. ) ;
#5685 = CARTESIAN_POINT ( 'NONE',  ( 5.968999999999998529, 6.222999999999998977, 1.651000000000001133 ) ) ;
#5686 = CARTESIAN_POINT ( 'NONE',  ( -3.429000000000003379, 7.048499999999997101, 1.651000000000001355 ) ) ;
#5687 = EDGE_CURVE ( 'NONE', #7632, #8245, #6719, .T. ) ;
#5688 = VECTOR ( 'NONE', #611, 1000.000000000000000 ) ;
#5689 = CARTESIAN_POINT ( 'NONE',  ( -6.731000000000001648, 6.222999999999998977, -0.8889999999999987912 ) ) ;
#5690 = DIRECTION ( 'NONE',  ( 0.000000000000000000, -1.000000000000000000, 0.000000000000000000 ) ) ;
#5691 = ORIENTED_EDGE ( 'NONE', *, *, #976, .F. ) ;
#5692 =( NAMED_UNIT ( * ) PLANE_ANGLE_UNIT ( ) SI_UNIT ( $, .RADIAN. ) );
#5693 = ADVANCED_FACE ( 'NONE', ( #1165 ), #2473, .F. ) ;
#5694 = CARTESIAN_POINT ( 'NONE',  ( 5.080000000000000959, 0.3809999999999992837, 2.501899999999999125 ) ) ;
#5695 = DIRECTION ( 'NONE',  ( -0.000000000000000000, 1.000000000000000000, 1.733406087350420004E-16 ) ) ;
#5696 = EDGE_LOOP ( 'NONE', ( #947, #2740, #2313, #8631 ) ) ;
#5697 = CARTESIAN_POINT ( 'NONE',  ( 0.4444999999999952323, 7.492999999999999439, -2.501900000000000901 ) ) ;
#5698 = EDGE_LOOP ( 'NONE', ( #7885, #6863, #116, #2646 ) ) ;
#5699 = DIRECTION ( 'NONE',  ( 0.000000000000000000, 0.2588190451025143002, -0.9659258262890699775 ) ) ;
#5700 = DIRECTION ( 'NONE',  ( -0.000000000000000000, -0.000000000000000000, 1.000000000000000000 ) ) ;
#5701 = ORIENTED_EDGE ( 'NONE', *, *, #2658, .T. ) ;
#5702 = VERTEX_POINT ( 'NONE', #3296 ) ;
#5703 = CARTESIAN_POINT ( 'NONE',  ( 7.620000000000001883, 0.3809999999999999498, -2.501900000000000901 ) ) ;
#5704 = FACE_OUTER_BOUND ( 'NONE', #8107, .T. ) ;
#5705 = CARTESIAN_POINT ( 'NONE',  ( 0.8889999999999991243, 6.222999999999998977, -0.8889999999999987912 ) ) ;
#5706 = DIRECTION ( 'NONE',  ( 0.000000000000000000, 1.733406087350420004E-16, -1.000000000000000000 ) ) ;
#5707 = EDGE_LOOP ( 'NONE', ( #97, #639, #3333, #4798 ) ) ;
#5708 = EDGE_CURVE ( 'NONE', #9234, #9078, #5337, .T. ) ;
#5709 = CARTESIAN_POINT ( 'NONE',  ( -0.3047999999999999599, 0.6730999999999999206, -1.714499999999999913 ) ) ;
#5710 = ORIENTED_EDGE ( 'NONE', *, *, #6563, .T. ) ;
#5711 = CARTESIAN_POINT ( 'NONE',  ( 12.95400000000000063, 0.8889999999999985691, 1.984781810244993228 ) ) ;
#5712 = CARTESIAN_POINT ( 'NONE',  ( 3.428999999999998050, 7.048499999999997101, 1.651000000000001355 ) ) ;
#5713 = VERTEX_POINT ( 'NONE', #5433 ) ;
#5714 = ADVANCED_FACE ( 'NONE', ( #9014 ), #5484, .F. ) ;
#5715 = DIRECTION ( 'NONE',  ( 0.000000000000000000, -1.000000000000000000, 0.000000000000000000 ) ) ;
#5716 = CARTESIAN_POINT ( 'NONE',  ( 0.3047999999999999599, 0.8890000000000000124, 1.968499999999999694 ) ) ;
#5717 = PLANE ( 'NONE',  #3585 ) ;
#5718 = EDGE_CURVE ( 'NONE', #2558, #653, #5631, .T. ) ;
#5719 = EDGE_CURVE ( 'NONE', #7750, #1588, #1361, .T. ) ;
#5720 = CARTESIAN_POINT ( 'NONE',  ( -4.191000000000001613, 6.222999999999998977, 1.651000000000001133 ) ) ;
#5721 = ORIENTED_EDGE ( 'NONE', *, *, #2534, .T. ) ;
#5722 = CARTESIAN_POINT ( 'NONE',  ( 0.3047999999999999599, 0.2539999999999996705, 2.387599999999999945 ) ) ;
#5723 = ORIENTED_EDGE ( 'NONE', *, *, #6777, .T. ) ;
#5724 = LINE ( 'NONE', #4228, #2512 ) ;
#5725 = VERTEX_POINT ( 'NONE', #7773 ) ;
#5726 = CARTESIAN_POINT ( 'NONE',  ( -8.509000000000002117, 6.222999999999998977, -0.8889999999999987912 ) ) ;
#5727 = DIRECTION ( 'NONE',  ( 0.000000000000000000, 1.422837496700139336E-15, -1.000000000000000000 ) ) ;
#5728 = AXIS2_PLACEMENT_3D ( 'NONE', #6374, #1322, #5438 ) ;
#5729 = DIRECTION ( 'NONE',  ( 1.000000000000000000, 0.000000000000000000, 0.000000000000000000 ) ) ;
#5730 = CARTESIAN_POINT ( 'NONE',  ( 12.70000000000000284, 0.3809999999999993947, -2.120900000000001562 ) ) ;
#5731 = VERTEX_POINT ( 'NONE', #2824 ) ;
#5732 = DIRECTION ( 'NONE',  ( 0.000000000000000000, -1.000000000000000000, -1.733406087350420004E-16 ) ) ;
#5733 = ORIENTED_EDGE ( 'NONE', *, *, #5016, .F. ) ;
#5734 = EDGE_CURVE ( 'NONE', #1728, #6916, #599, .T. ) ;
#5735 = AXIS2_PLACEMENT_3D ( 'NONE', #4346, #735, #118 ) ;
#5736 = FACE_OUTER_BOUND ( 'NONE', #4290, .T. ) ;
#5737 = CARTESIAN_POINT ( 'NONE',  ( 0.8889999999999991243, 7.048499999999997101, 1.651000000000001355 ) ) ;
#5738 = DIRECTION ( 'NONE',  ( 0.000000000000000000, 1.733406087350420004E-16, -1.000000000000000000 ) ) ;
#5739 = VECTOR ( 'NONE', #7037, 1000.000000000000000 ) ;
#5740 = ORIENTED_EDGE ( 'NONE', *, *, #1883, .F. ) ;
#5741 = DIRECTION ( 'NONE',  ( 1.000000000000000000, 0.000000000000000000, 0.000000000000000000 ) ) ;
#5742 = VECTOR ( 'NONE', #489, 1000.000000000000000 ) ;
#5743 = DIRECTION ( 'NONE',  ( 1.000000000000000000, -0.000000000000000000, -0.000000000000000000 ) ) ;
#5744 = ORIENTED_EDGE ( 'NONE', *, *, #1913, .F. ) ;
#5745 = FACE_OUTER_BOUND ( 'NONE', #9055, .T. ) ;
#5746 = DIRECTION ( 'NONE',  ( -0.000000000000000000, 1.000000000000000000, 1.733406087350420004E-16 ) ) ;
#5747 = PRODUCT_DEFINITION ( 'UNKNOWN', '', #5079, #7175 ) ;
#5748 = ORIENTED_EDGE ( 'NONE', *, *, #5852, .T. ) ;
#5749 = VERTEX_POINT ( 'NONE', #4966 ) ;
#5750 = DIRECTION ( 'NONE',  ( -1.000000000000000000, -0.000000000000000000, -0.000000000000000000 ) ) ;
#5751 = MECHANICAL_DESIGN_GEOMETRIC_PRESENTATION_REPRESENTATION (  '', ( #7967 ), #8715 ) ;
#5752 = DIRECTION ( 'NONE',  ( 0.000000000000000000, -1.733406087350420004E-16, 1.000000000000000000 ) ) ;
#5753 = FACE_OUTER_BOUND ( 'NONE', #2807, .T. ) ;
#5754 = VERTEX_POINT ( 'NONE', #3572 ) ;
#5755 = AXIS2_PLACEMENT_3D ( 'NONE', #1530, #4926, #6703 ) ;
#5756 = CARTESIAN_POINT ( 'NONE',  ( 8.508999999999998565, 7.048499999999997101, 0.8890000000000012337 ) ) ;
#5757 = ORIENTED_EDGE ( 'NONE', *, *, #1330, .F. ) ;
#5758 = ORIENTED_EDGE ( 'NONE', *, *, #370, .F. ) ;
#5759 = CARTESIAN_POINT ( 'NONE',  ( 2.540000000000002256, 0.3809999999999988396, 2.120899999999999785 ) ) ;
#5760 = ORIENTED_EDGE ( 'NONE', *, *, #4908, .F. ) ;
#5761 = VECTOR ( 'NONE', #4802, 1000.000000000000000 ) ;
#5762 = DIRECTION ( 'NONE',  ( 0.000000000000000000, -1.000000000000000000, 0.000000000000000000 ) ) ;
#5763 = LINE ( 'NONE', #1583, #8783 ) ;
#5764 = DIRECTION ( 'NONE',  ( -0.000000000000000000, 1.000000000000000000, 1.733406087350420004E-16 ) ) ;
#5765 = ORIENTED_EDGE ( 'NONE', *, *, #5196, .T. ) ;
#5766 = VECTOR ( 'NONE', #7028, 1000.000000000000000 ) ;
#5767 = VECTOR ( 'NONE', #6043, 1000.000000000000000 ) ;
#5768 = LINE ( 'NONE', #3622, #4390 ) ;
#5769 = ORIENTED_EDGE ( 'NONE', *, *, #2401, .T. ) ;
#5770 = VECTOR ( 'NONE', #5840, 1000.000000000000000 ) ;
#5771 = ORIENTED_EDGE ( 'NONE', *, *, #8452, .T. ) ;
#5772 = EDGE_CURVE ( 'NONE', #2167, #8743, #6276, .T. ) ;
#5773 = CARTESIAN_POINT ( 'NONE',  ( -12.95400000000000063, 0.8889999999999989022, -1.984781810244995004 ) ) ;
#5774 = EDGE_CURVE ( 'NONE', #8844, #9078, #9251, .T. ) ;
#5775 = DIRECTION ( 'NONE',  ( -1.000000000000000000, 0.000000000000000000, 0.000000000000000000 ) ) ;
#5776 = CARTESIAN_POINT ( 'NONE',  ( 11.04899999999999949, 6.222999999999998977, 1.651000000000001133 ) ) ;
#5777 = ORIENTED_EDGE ( 'NONE', *, *, #4680, .F. ) ;
#5778 = FACE_OUTER_BOUND ( 'NONE', #3021, .T. ) ;
#5779 = CARTESIAN_POINT ( 'NONE',  ( 7.620000000000001883, 0.8889999999999989022, -1.984781810244995004 ) ) ;
#5780 = ORIENTED_EDGE ( 'NONE', *, *, #2289, .T. ) ;
#5781 = ADVANCED_FACE ( 'NONE', ( #7058 ), #2873, .F. ) ;
#5782 = FACE_OUTER_BOUND ( 'NONE', #5654, .T. ) ;
#5783 = DIRECTION ( 'NONE',  ( 0.000000000000000000, -1.733406087350420004E-16, 1.000000000000000000 ) ) ;
#5784 = ORIENTED_EDGE ( 'NONE', *, *, #1932, .F. ) ;
#5785 = PLANE ( 'NONE',  #208 ) ;
#5786 = FACE_OUTER_BOUND ( 'NONE', #5625, .T. ) ;
#5787 = DIRECTION ( 'NONE',  ( 0.000000000000000000, -1.733406087350420004E-16, 1.000000000000000000 ) ) ;
#5788 = VECTOR ( 'NONE', #2874, 1000.000000000000000 ) ;
#5789 = ORIENTED_EDGE ( 'NONE', *, *, #7082, .T. ) ;
#5790 = COLOUR_RGB ( '',0.2509803921568627416, 0.2509803921568627416, 0.2509803921568627416 ) ;
#5791 = EDGE_CURVE ( 'NONE', #24, #6497, #4873, .T. ) ;
#5792 = DIRECTION ( 'NONE',  ( 0.000000000000000000, -1.733406087350420004E-16, 1.000000000000000000 ) ) ;
#5793 = ORIENTED_EDGE ( 'NONE', *, *, #7828, .F. ) ;
#5794 = FACE_OUTER_BOUND ( 'NONE', #3151, .T. ) ;
#5795 = LINE ( 'NONE', #5095, #5806 ) ;
#5796 = EDGE_CURVE ( 'NONE', #5261, #2947, #4174, .T. ) ;
#5797 = VECTOR ( 'NONE', #1768, 1000.000000000000000 ) ;
#5798 = VECTOR ( 'NONE', #4863, 1000.000000000000114 ) ;
#5799 = LINE ( 'NONE', #5053, #1471 ) ;
#5800 = ORIENTED_EDGE ( 'NONE', *, *, #7293, .F. ) ;
#5801 = DIRECTION ( 'NONE',  ( 1.000000000000000000, 0.000000000000000000, 0.000000000000000000 ) ) ;
#5802 = EDGE_CURVE ( 'NONE', #136, #6752, #3384, .T. ) ;
#5803 = CARTESIAN_POINT ( 'NONE',  ( -1.651000000000001355, 6.222999999999998977, -1.650999999999998913 ) ) ;
#5804 = LINE ( 'NONE', #7857, #2914 ) ;
#5805 = DIRECTION ( 'NONE',  ( 0.000000000000000000, 0.000000000000000000, 1.000000000000000000 ) ) ;
#5806 = VECTOR ( 'NONE', #5850, 1000.000000000000000 ) ;
#5807 = LINE ( 'NONE', #3788, #6789 ) ;
#5808 = VERTEX_POINT ( 'NONE', #4233 ) ;
#5809 = LINE ( 'NONE', #2118, #914 ) ;
#5810 = CARTESIAN_POINT ( 'NONE',  ( 7.620000000000001883, 0.3809999999999999498, -2.501900000000000901 ) ) ;
#5811 = FACE_OUTER_BOUND ( 'NONE', #831, .T. ) ;
#5812 = AXIS2_PLACEMENT_3D ( 'NONE', #3074, #8966, #4418 ) ;
#5813 = VECTOR ( 'NONE', #3800, 1000.000000000000000 ) ;
#5814 =( REPRESENTATION_RELATIONSHIP ('NONE','NONE', #243, #483 ) REPRESENTATION_RELATIONSHIP_WITH_TRANSFORMATION ( #7415 )SHAPE_REPRESENTATION_RELATIONSHIP( ) );
#5815 = CARTESIAN_POINT ( 'NONE',  ( 5.080000000000000959, 7.492999999999999439, -2.501900000000000901 ) ) ;
#5816 = EDGE_LOOP ( 'NONE', ( #1198, #1714, #6414, #8987 ) ) ;
#5817 = CARTESIAN_POINT ( 'NONE',  ( -2.539999999999998703, 0.3809999999999988396, 2.120899999999999785 ) ) ;
#5819 = EDGE_LOOP ( 'NONE', ( #7870, #2629, #2045, #2124 ) ) ;
#5818 = ORIENTED_EDGE ( 'NONE', *, *, #1702, .F. ) ;
#5820 = DIRECTION ( 'NONE',  ( 0.000000000000000000, 0.000000000000000000, -1.000000000000000000 ) ) ;
#5821 = ORIENTED_EDGE ( 'NONE', *, *, #1091, .T. ) ;
#5822 = VECTOR ( 'NONE', #7853, 1000.000000000000000 ) ;
#5823 = DIRECTION ( 'NONE',  ( 0.000000000000000000, 0.9659258262890700886, -0.2588190451025143002 ) ) ;
#5824 = EDGE_CURVE ( 'NONE', #7159, #7802, #7137, .T. ) ;
#5825 = FACE_OUTER_BOUND ( 'NONE', #4898, .T. ) ;
#5826 = CARTESIAN_POINT ( 'NONE',  ( 6.730999999999997208, 6.222999999999998977, 0.8890000000000011227 ) ) ;
#5827 = CARTESIAN_POINT ( 'NONE',  ( -5.079999999999998295, 0.3809999999999999498, -2.501900000000000901 ) ) ;
#5828 = ORIENTED_EDGE ( 'NONE', *, *, #6775, .F. ) ;
#5829 = ADVANCED_FACE ( 'NONE', ( #1300 ), #6485, .F. ) ;
#5830 = EDGE_CURVE ( 'NONE', #2340, #5059, #3558, .T. ) ;
#5831 = CARTESIAN_POINT ( 'NONE',  ( -11.04900000000000304, 6.222999999999998977, -1.650999999999998913 ) ) ;
#5832 = CARTESIAN_POINT ( 'NONE',  ( -11.81100000000000172, 6.222999999999998977, -1.650999999999998913 ) ) ;
#5833 = DIRECTION ( 'NONE',  ( -1.000000000000000000, -0.000000000000000000, -0.000000000000000000 ) ) ;
#5834 = VECTOR ( 'NONE', #8700, 1000.000000000000000 ) ;
#5835 = EDGE_CURVE ( 'NONE', #273, #1904, #9235, .T. ) ;
#5836 = LINE ( 'NONE', #7262, #2981 ) ;
#5837 = CARTESIAN_POINT ( 'NONE',  ( -1.651000000000001355, 7.048499999999997989, -0.8889999999999986802 ) ) ;
#5838 = CARTESIAN_POINT ( 'NONE',  ( -0.8890000000000026770, 7.048499999999997101, 0.8890000000000012337 ) ) ;
#5839 = ORIENTED_EDGE ( 'NONE', *, *, #1479, .F. ) ;
#5840 = DIRECTION ( 'NONE',  ( 0.000000000000000000, -1.138269997360111548E-15, -1.000000000000000000 ) ) ;
#5841 = EDGE_CURVE ( 'NONE', #4226, #4792, #1484, .T. ) ;
#5842 = DIRECTION ( 'NONE',  ( 1.000000000000000000, 0.000000000000000000, 0.000000000000000000 ) ) ;
#5843 = LINE ( 'NONE', #7972, #1466 ) ;
#5844 = ADVANCED_FACE ( 'NONE', ( #8597 ), #9137, .F. ) ;
#5845 = FACE_OUTER_BOUND ( 'NONE', #7994, .T. ) ;
#5846 = FACE_OUTER_BOUND ( 'NONE', #1863, .T. ) ;
#5847 = VERTEX_POINT ( 'NONE', #64 ) ;
#5848 = EDGE_CURVE ( 'NONE', #5256, #4742, #2949, .T. ) ;
#5849 = DIRECTION ( 'NONE',  ( 0.000000000000000000, 0.9659258262890700886, -0.2588190451025143002 ) ) ;
#5850 = DIRECTION ( 'NONE',  ( -1.000000000000000000, -0.000000000000000000, -0.000000000000000000 ) ) ;
#5851 = CARTESIAN_POINT ( 'NONE',  ( -2.539999999999998703, 0.8889999999999985691, 1.984781810244993228 ) ) ;
#5852 = EDGE_CURVE ( 'NONE', #8215, #2877, #8765, .T. ) ;
#5853 = EDGE_LOOP ( 'NONE', ( #301, #3550, #3378, #4698 ) ) ;
#5854 = FACE_OUTER_BOUND ( 'NONE', #7475, .T. ) ;
#5855 = DIRECTION ( 'NONE',  ( 0.5773502691896273964, -0.5773502691896236216, -0.5773502691896262862 ) ) ;
#5856 = FILL_AREA_STYLE ('',( #4435 ) ) ;
#5857 = CARTESIAN_POINT ( 'NONE',  ( 1.734723475976807094E-15, 0.3809999999999992837, 2.501899999999999125 ) ) ;
#5858 = ORIENTED_EDGE ( 'NONE', *, *, #9002, .F. ) ;
#5859 = ADVANCED_FACE ( 'NONE', ( #3175 ), #1658, .F. ) ;
#5860 = CARTESIAN_POINT ( 'NONE',  ( 1.650999999999998025, 6.222999999999998977, 1.651000000000001133 ) ) ;
#5861 = DIRECTION ( 'NONE',  ( 0.7071067811865452413, -0.7071067811865499042, -1.225703198915527072E-16 ) ) ;
#5862 = DIRECTION ( 'NONE',  ( -0.000000000000000000, 0.2588190451025143002, 0.9659258262890700886 ) ) ;
#5863 = EDGE_LOOP ( 'NONE', ( #588, #6375, #6847, #3425 ) ) ;
#5864 = EDGE_CURVE ( 'NONE', #8221, #1185, #6786, .T. ) ;
#5865 = EDGE_LOOP ( 'NONE', ( #4204, #4023, #4941, #8683 ) ) ;
#5866 = CARTESIAN_POINT ( 'NONE',  ( -7.619999999999998330, 0.3809999999999992837, 2.501899999999999125 ) ) ;
#5867 = EDGE_LOOP ( 'NONE', ( #2872, #7514, #2452, #6455 ) ) ;
#5868 = EDGE_CURVE ( 'NONE', #484, #4715, #6389, .T. ) ;
#5869 = CARTESIAN_POINT ( 'NONE',  ( 9.270999999999997243, 7.048499999999997101, 0.8890000000000012337 ) ) ;
#5870 = CARTESIAN_POINT ( 'NONE',  ( -4.191000000000001613, 7.048499999999997101, 1.651000000000001355 ) ) ;
#5871 = DIRECTION ( 'NONE',  ( 0.000000000000000000, -1.422837496700138942E-15, 1.000000000000000000 ) ) ;
#5872 = VECTOR ( 'NONE', #9066, 1000.000000000000000 ) ;
#5873 = PLANE ( 'NONE',  #6732 ) ;
#5874 = ORIENTED_EDGE ( 'NONE', *, *, #9058, .T. ) ;
#5875 = CARTESIAN_POINT ( 'NONE',  ( -1.651000000000001355, 7.048499999999997989, -0.8889999999999986802 ) ) ;
#5876 = CARTESIAN_POINT ( 'NONE',  ( -5.079999999999998295, 7.492999999999999439, -2.501900000000000901 ) ) ;
#5877 = VECTOR ( 'NONE', #2430, 1000.000000000000000 ) ;
#5878 = DIRECTION ( 'NONE',  ( 0.000000000000000000, 1.000000000000000000, 0.000000000000000000 ) ) ;
#5879 = ORIENTED_EDGE ( 'NONE', *, *, #4243, .T. ) ;
#5880 = CARTESIAN_POINT ( 'NONE',  ( -4.191000000000001613, 6.222999999999998977, 1.651000000000001133 ) ) ;
#5881 = EDGE_LOOP ( 'NONE', ( #249, #7216, #5733, #8425 ) ) ;
#5882 = AXIS2_PLACEMENT_3D ( 'NONE', #4428, #3780, #4478 ) ;
#5883 = LINE ( 'NONE', #8676, #1906 ) ;
#5884 = AXIS2_PLACEMENT_3D ( 'NONE', #5492, #3341, #1972 ) ;
#5885 = FACE_BOUND ( 'NONE', #4781, .T. ) ;
#5886 = EDGE_CURVE ( 'NONE', #7157, #4838, #7837, .T. ) ;
#5887 = DIRECTION ( 'NONE',  ( 0.000000000000000000, 1.000000000000000000, 0.000000000000000000 ) ) ;
#5888 = ORIENTED_EDGE ( 'NONE', *, *, #4458, .T. ) ;
#5889 = DIRECTION ( 'NONE',  ( -0.7071067811865456854, -0.7071067811865494601, -1.225703198915526333E-16 ) ) ;
#5890 = EDGE_CURVE ( 'NONE', #4985, #2774, #8532, .T. ) ;
#5891 = VECTOR ( 'NONE', #6605, 1000.000000000000000 ) ;
#5892 = LINE ( 'NONE', #288, #3119 ) ;
#5893 = DIRECTION ( 'NONE',  ( -0.000000000000000000, 1.000000000000000000, -2.082201214683127315E-16 ) ) ;
#5894 = VERTEX_POINT ( 'NONE', #7740 ) ;
#5895 = DIRECTION ( 'NONE',  ( -0.5773502691896273964, -0.5773502691896236216, -0.5773502691896262862 ) ) ;
#5896 = DIRECTION ( 'NONE',  ( 0.000000000000000000, 0.9659258262890700886, -0.2588190451025143002 ) ) ;
#5897 = COLOUR_RGB ( '',0.2509803921568627416, 0.2509803921568627416, 0.2509803921568627416 ) ;
#5898 = DIRECTION ( 'NONE',  ( 1.000000000000000000, 0.000000000000000000, 0.000000000000000000 ) ) ;
#5899 = PLANE ( 'NONE',  #4716 ) ;
#5900 = ORIENTED_EDGE ( 'NONE', *, *, #3786, .F. ) ;
#5901 = CARTESIAN_POINT ( 'NONE',  ( 4.635500000000000398, 7.492999999999999439, -2.501900000000000901 ) ) ;
#5902 = CARTESIAN_POINT ( 'NONE',  ( 10.16000000000000014, 6.222999999999998977, -2.201425730935033664E-16 ) ) ;
#5903 = VECTOR ( 'NONE', #6538, 1000.000000000000000 ) ;
#5904 = EDGE_CURVE ( 'NONE', #756, #6083, #4328, .T. ) ;
#5905 = FACE_OUTER_BOUND ( 'NONE', #7686, .T. ) ;
#5906 = ORIENTED_EDGE ( 'NONE', *, *, #5252, .F. ) ;
#5908 = ORIENTED_EDGE ( 'NONE', *, *, #4230, .T. ) ;
#5907 = ORIENTED_EDGE ( 'NONE', *, *, #4284, .F. ) ;
#5909 = CARTESIAN_POINT ( 'NONE',  ( -5.079999999999998295, 0.3809999999999992837, 2.501899999999999125 ) ) ;
#5910 = ORIENTED_EDGE ( 'NONE', *, *, #4529, .F. ) ;
#5911 = VECTOR ( 'NONE', #4057, 1000.000000000000114 ) ;
#5912 = CARTESIAN_POINT ( 'NONE',  ( 5.968999999999998529, 6.222999999999998977, -0.8889999999999987912 ) ) ;
#5913 = CARTESIAN_POINT ( 'NONE',  ( 10.16000000000000192, 0.8889999999999989022, -1.984781810244995004 ) ) ;
#5914 = VERTEX_POINT ( 'NONE', #1379 ) ;
#5915 = CARTESIAN_POINT ( 'NONE',  ( 10.16000000000000192, 0.3809999999999993947, -2.120900000000001562 ) ) ;
#5916 = PLANE ( 'NONE',  #2555 ) ;
#5917 = AXIS2_PLACEMENT_3D ( 'NONE', #7731, #6196, #3493 ) ;
#5918 = FACE_OUTER_BOUND ( 'NONE', #6059, .T. ) ;
#5919 = FACE_OUTER_BOUND ( 'NONE', #6371, .T. ) ;
#5920 = DIRECTION ( 'NONE',  ( 0.000000000000000000, 0.2588190451025143002, -0.9659258262890700886 ) ) ;
#5921 = VERTEX_POINT ( 'NONE', #2848 ) ;
#5922 = ADVANCED_FACE ( 'NONE', ( #9222 ), #6347, .F. ) ;
#5923 = DIRECTION ( 'NONE',  ( 0.000000000000000000, -1.138269997360111548E-15, -1.000000000000000000 ) ) ;
#5924 = VERTEX_POINT ( 'NONE', #1423 ) ;
#5925 = LINE ( 'NONE', #3866, #7556 ) ;
#5926 = ORIENTED_EDGE ( 'NONE', *, *, #4038, .F. ) ;
#5927 = DIRECTION ( 'NONE',  ( 1.000000000000000000, 0.000000000000000000, 0.000000000000000000 ) ) ;
#5928 = LINE ( 'NONE', #1000, #2829 ) ;
#5929 = LINE ( 'NONE', #5235, #5675 ) ;
#5930 = ORIENTED_EDGE ( 'NONE', *, *, #206, .T. ) ;
#5931 = DIRECTION ( 'NONE',  ( 0.000000000000000000, -1.733406087350420004E-16, 1.000000000000000000 ) ) ;
#5932 = VECTOR ( 'NONE', #466, 1000.000000000000000 ) ;
#5933 = EDGE_CURVE ( 'NONE', #3598, #1939, #4241, .T. ) ;
#5934 = CARTESIAN_POINT ( 'NONE',  ( 1.734723475976807094E-15, 0.3809999999999992837, 2.501899999999999125 ) ) ;
#5935 = ORIENTED_EDGE ( 'NONE', *, *, #2443, .F. ) ;
#5936 = EDGE_CURVE ( 'NONE', #6299, #5281, #2181, .T. ) ;
#5937 = PLANE ( 'NONE',  #4153 ) ;
#5938 = CARTESIAN_POINT ( 'NONE',  ( -0.8890000000000026770, 6.222999999999998977, -0.8889999999999987912 ) ) ;
#5939 = DIRECTION ( 'NONE',  ( 0.5773502691896273964, -0.5773502691896236216, -0.5773502691896262862 ) ) ;
#5940 = LINE ( 'NONE', #2377, #4588 ) ;
#5941 = ORIENTED_EDGE ( 'NONE', *, *, #5190, .F. ) ;
#5942 = FACE_OUTER_BOUND ( 'NONE', #7849, .T. ) ;
#5943 = VERTEX_POINT ( 'NONE', #670 ) ;
#5944 = LINE ( 'NONE', #8789, #6995 ) ;
#5945 = ORIENTED_EDGE ( 'NONE', *, *, #23, .T. ) ;
#5946 = FACE_OUTER_BOUND ( 'NONE', #8083, .T. ) ;
#5947 = AXIS2_PLACEMENT_3D ( 'NONE', #4925, #500, #2725 ) ;
#5948 = CARTESIAN_POINT ( 'NONE',  ( -6.731000000000001648, 7.048499999999997989, -0.8889999999999986802 ) ) ;
#5949 = EDGE_CURVE ( 'NONE', #1849, #4559, #9173, .T. ) ;
#5950 = CARTESIAN_POINT ( 'NONE',  ( 7.620000000000001883, 0.8889999999999985691, 1.984781810244993228 ) ) ;
#5951 = CARTESIAN_POINT ( 'NONE',  ( -9.271000000000000796, 7.048499999999997989, -0.8889999999999986802 ) ) ;
#5952 = LINE ( 'NONE', #8665, #6369 ) ;
#5953 = ORIENTED_EDGE ( 'NONE', *, *, #2289, .F. ) ;
#5954 = AXIS2_PLACEMENT_3D ( 'NONE', #5851, #2863, #9189 ) ;
#5955 = STYLED_ITEM ( 'NONE', ( #5668 ), #471 ) ;
#5956 = CARTESIAN_POINT ( 'NONE',  ( -0.3047999999999999599, 0.8890000000000000124, 1.968499999999999694 ) ) ;
#5957 = CARTESIAN_POINT ( 'NONE',  ( -5.969000000000002970, 6.222999999999998977, 1.651000000000001133 ) ) ;
#5958 = ORIENTED_EDGE ( 'NONE', *, *, #6452, .T. ) ;
#5959 = CARTESIAN_POINT ( 'NONE',  ( -4.191000000000001613, 7.048499999999997101, 1.651000000000001355 ) ) ;
#5960 = DIRECTION ( 'NONE',  ( -0.000000000000000000, 1.000000000000000000, 2.082201214683127315E-16 ) ) ;
#5961 = DIRECTION ( 'NONE',  ( -0.7071067811865452413, -0.7071067811865499042, -1.225703198915527072E-16 ) ) ;
#5962 = VERTEX_POINT ( 'NONE', #1 ) ;
#5963 = ADVANCED_BREP_SHAPE_REPRESENTATION ( '', ( #8067, #5107, #4760 ), #8503 ) ;
#5964 = CARTESIAN_POINT ( 'NONE',  ( 1.650999999999998025, 6.222999999999998977, -1.650999999999998913 ) ) ;
#5965 = ORIENTED_EDGE ( 'NONE', *, *, #845, .T. ) ;
#5966 = AXIS2_PLACEMENT_3D ( 'NONE', #373, #4699, #6894 ) ;
#5967 = CARTESIAN_POINT ( 'NONE',  ( -5.079999999999998295, 7.492999999999998550, 2.095500000000003915 ) ) ;
#5968 = VERTEX_POINT ( 'NONE', #2797 ) ;
#5969 = PLANE ( 'NONE',  #4089 ) ;
#5970 = PLANE ( 'NONE',  #2354 ) ;
#5971 = UNCERTAINTY_MEASURE_WITH_UNIT (LENGTH_MEASURE( 1.000000000000000082E-05 ), #1931, 'distance_accuracy_value', 'NONE');
#5972 = CARTESIAN_POINT ( 'NONE',  ( -2.539999999999998703, 7.492999999999999439, -2.501900000000000901 ) ) ;
#5973 = ORIENTED_EDGE ( 'NONE', *, *, #5145, .T. ) ;
#5974 = VECTOR ( 'NONE', #461, 1000.000000000000000 ) ;
#5975 = LINE ( 'NONE', #5319, #8594 ) ;
#5976 = CARTESIAN_POINT ( 'NONE',  ( -5.524499999999998856, 7.492999999999998550, 0.4444999999999979523 ) ) ;
#5977 = ORIENTED_EDGE ( 'NONE', *, *, #8849, .F. ) ;
#5978 = EDGE_CURVE ( 'NONE', #3665, #4990, #2041, .T. ) ;
#5979 = CARTESIAN_POINT ( 'NONE',  ( -5.079999999999998295, 7.492999999999999439, -2.501900000000000901 ) ) ;
#5980 = CARTESIAN_POINT ( 'NONE',  ( 11.81099999999999817, 6.222999999999998977, -0.8889999999999987912 ) ) ;
#5981 = EDGE_CURVE ( 'NONE', #402, #264, #2090, .T. ) ;
#5982 = DIRECTION ( 'NONE',  ( 0.000000000000000000, 1.733406087350420004E-16, -1.000000000000000000 ) ) ;
#5983 = ORIENTED_EDGE ( 'NONE', *, *, #7003, .T. ) ;
#5984 = PLANE ( 'NONE',  #3354 ) ;
#5986 = ORIENTED_EDGE ( 'NONE', *, *, #495, .F. ) ;
#5985 = ORIENTED_EDGE ( 'NONE', *, *, #2495, .T. ) ;
#5987 = DIRECTION ( 'NONE',  ( 1.000000000000000000, 0.000000000000000000, -0.000000000000000000 ) ) ;
#5988 = ORIENTED_EDGE ( 'NONE', *, *, #3468, .F. ) ;
#5989 = EDGE_CURVE ( 'NONE', #3972, #6442, #3625, .T. ) ;
#5990 = EDGE_CURVE ( 'NONE', #6477, #6215, #7792, .T. ) ;
#5991 = AXIS2_PLACEMENT_3D ( 'NONE', #7260, #1606, #800 ) ;
#5992 = CARTESIAN_POINT ( 'NONE',  ( -0.8890000000000026770, 6.222999999999998977, 1.651000000000001133 ) ) ;
#5993 = DIRECTION ( 'NONE',  ( 0.5773502691896272854, -0.5773502691896241767, -0.5773502691896257311 ) ) ;
#5994 = CARTESIAN_POINT ( 'NONE',  ( 3.428999999999998050, 7.048499999999997989, -0.8889999999999986802 ) ) ;
#5995 = ORIENTED_EDGE ( 'NONE', *, *, #3145, .T. ) ;
#5996 = EDGE_LOOP ( 'NONE', ( #7808, #3360, #2968, #4670 ) ) ;
#5997 = CARTESIAN_POINT ( 'NONE',  ( -8.763000000000003453, 6.794499999999997542, 1.397000000000001130 ) ) ;
#5998 = DIRECTION ( 'NONE',  ( 0.000000000000000000, 1.733406087350420004E-16, -1.000000000000000000 ) ) ;
#5999 = DIRECTION ( 'NONE',  ( 1.000000000000000000, 0.000000000000000000, 0.000000000000000000 ) ) ;
#6000 = ADVANCED_FACE ( 'NONE', ( #3547, #1987, #5258 ), #8095, .F. ) ;
#6001 = VECTOR ( 'NONE', #2029, 1000.000000000000000 ) ;
#6002 = ORIENTED_EDGE ( 'NONE', *, *, #531, .F. ) ;
#6003 = CARTESIAN_POINT ( 'NONE',  ( 4.190999999999997172, 6.222999999999998977, -0.8889999999999987912 ) ) ;
#6004 = EDGE_CURVE ( 'NONE', #7997, #4792, #146, .T. ) ;
#6005 = LINE ( 'NONE', #3947, #6753 ) ;
#6006 = ORIENTED_EDGE ( 'NONE', *, *, #1076, .F. ) ;
#6007 = CARTESIAN_POINT ( 'NONE',  ( 12.70000000000000284, 0.3809999999999992837, 2.501899999999999125 ) ) ;
#6008 = EDGE_LOOP ( 'NONE', ( #9044, #7969, #7342, #1213 ) ) ;
#6009 = EDGE_CURVE ( 'NONE', #4630, #4917, #1557, .T. ) ;
#6010 = VECTOR ( 'NONE', #7574, 1000.000000000000000 ) ;
#6011 = PLANE ( 'NONE',  #8757 ) ;
#6012 = VERTEX_POINT ( 'NONE', #1695 ) ;
#6013 = DIRECTION ( 'NONE',  ( 0.000000000000000000, 0.2588190451025143002, -0.9659258262890699775 ) ) ;
#6014 = FACE_OUTER_BOUND ( 'NONE', #3186, .T. ) ;
#6015 = DIRECTION ( 'NONE',  ( 0.000000000000000000, 1.092515224483717628E-16, -1.000000000000000000 ) ) ;
#6016 = LINE ( 'NONE', #7592, #1016 ) ;
#6017 = EDGE_CURVE ( 'NONE', #7108, #1667, #5082, .T. ) ;
#6018 = AXIS2_PLACEMENT_3D ( 'NONE', #3923, #7330, #6586 ) ;
#6019 = ORIENTED_EDGE ( 'NONE', *, *, #7327, .T. ) ;
#6020 = DIRECTION ( 'NONE',  ( 0.000000000000000000, 1.733406087350420004E-16, -1.000000000000000000 ) ) ;
#6021 = EDGE_LOOP ( 'NONE', ( #1641, #1221, #1725, #4754 ) ) ;
#6022 = ADVANCED_FACE ( 'NONE', ( #8800, #7395, #2393 ), #6598, .F. ) ;
#6023 = ITEM_DEFINED_TRANSFORMATION ( 'NONE', 'NONE', #2686,  #4760 ) ;
#6024 = CARTESIAN_POINT ( 'NONE',  ( -0.3047999999999999599, 0.2539999999999993929, 2.387599999999999945 ) ) ;
#6025 = ORIENTED_EDGE ( 'NONE', *, *, #4480, .T. ) ;
#6026 = VECTOR ( 'NONE', #8686, 1000.000000000000000 ) ;
#6027 = CARTESIAN_POINT ( 'NONE',  ( 4.635500000000000398, 7.492999999999998550, 2.095500000000003915 ) ) ;
#6028 = DIRECTION ( 'NONE',  ( 0.000000000000000000, 1.733406087350420004E-16, -1.000000000000000000 ) ) ;
#6029 = CARTESIAN_POINT ( 'NONE',  ( 6.730999999999997208, 7.048499999999997989, -1.650999999999998691 ) ) ;
#6030 = VECTOR ( 'NONE', #6136, 1000.000000000000000 ) ;
#6031 = DIRECTION ( 'NONE',  ( 0.000000000000000000, -1.000000000000000000, 0.000000000000000000 ) ) ;
#6032 = DIRECTION ( 'NONE',  ( -1.000000000000000000, 0.000000000000000000, 0.000000000000000000 ) ) ;
#6033 = ORIENTED_EDGE ( 'NONE', *, *, #7287, .F. ) ;
#6034 = ADVANCED_FACE ( 'NONE', ( #849 ), #4508, .F. ) ;
#6035 = CARTESIAN_POINT ( 'NONE',  ( -6.223000000000003418, 6.794499999999999318, -1.396999999999998243 ) ) ;
#6036 = EDGE_LOOP ( 'NONE', ( #8605, #7114, #6945, #1960 ) ) ;
#6037 = APPLICATION_CONTEXT ( 'automotive_design' ) ;
#6038 = CARTESIAN_POINT ( 'NONE',  ( -5.079999999999998295, 0.8889999999999985691, 1.984781810244993228 ) ) ;
#6039 = EDGE_CURVE ( 'NONE', #4410, #6926, #8668, .T. ) ;
#6040 = CARTESIAN_POINT ( 'NONE',  ( -6.731000000000001648, 7.048499999999997989, -1.650999999999998691 ) ) ;
#6041 = ORIENTED_EDGE ( 'NONE', *, *, #6599, .F. ) ;
#6042 = PRESENTATION_LAYER_ASSIGNMENT (  '', '', ( #8856 ) ) ;
#6043 = DIRECTION ( 'NONE',  ( 0.000000000000000000, 0.000000000000000000, -1.000000000000000000 ) ) ;
#6044 = EDGE_LOOP ( 'NONE', ( #3282, #7799, #1099, #3981 ) ) ;
#6045 = CARTESIAN_POINT ( 'NONE',  ( -11.04900000000000304, 6.222999999999998977, 1.651000000000001133 ) ) ;
#6046 = EDGE_CURVE ( 'NONE', #728, #4172, #8710, .T. ) ;
#6047 = LINE ( 'NONE', #4503, #7346 ) ;
#6048 = VECTOR ( 'NONE', #2735, 1000.000000000000000 ) ;
#6049 = DIRECTION ( 'NONE',  ( -1.000000000000000000, 0.000000000000000000, 0.000000000000000000 ) ) ;
#6050 = ORIENTED_EDGE ( 'NONE', *, *, #531, .T. ) ;
#6051 = ADVANCED_FACE ( 'NONE', ( #7921 ), #5916, .F. ) ;
#6052 = CARTESIAN_POINT ( 'NONE',  ( -0.4444999999999987295, 7.492999999999999439, -2.095500000000001695 ) ) ;
#6053 = CARTESIAN_POINT ( 'NONE',  ( 12.70000000000000284, 0.3809999999999988396, 2.120899999999999785 ) ) ;
#6054 = VECTOR ( 'NONE', #498, 1000.000000000000114 ) ;
#6055 = DIRECTION ( 'NONE',  ( -0.000000000000000000, 0.000000000000000000, 1.000000000000000000 ) ) ;
#6056 = DIRECTION ( 'NONE',  ( -1.000000000000000000, 0.000000000000000000, -0.000000000000000000 ) ) ;
#6057 = ORIENTED_EDGE ( 'NONE', *, *, #3491, .T. ) ;
#6058 = CARTESIAN_POINT ( 'NONE',  ( -6.477000000000001201, 6.794499999999999318, -1.396999999999998243 ) ) ;
#6059 = EDGE_LOOP ( 'NONE', ( #7374, #7644, #5620, #4237, #6166, #6422, #4515, #1161 ) ) ;
#6060 = CARTESIAN_POINT ( 'NONE',  ( 2.540000000000002256, 0.8889999999999989022, -1.984781810244995004 ) ) ;
#6061 = VERTEX_POINT ( 'NONE', #2272 ) ;
#6062 = EDGE_CURVE ( 'NONE', #5331, #4581, #2314, .T. ) ;
#6063 = DIRECTION ( 'NONE',  ( 0.000000000000000000, 1.733406087350420004E-16, -1.000000000000000000 ) ) ;
#6064 = EDGE_CURVE ( 'NONE', #6670, #2005, #936, .T. ) ;
#6065 = VECTOR ( 'NONE', #4869, 1000.000000000000000 ) ;
#6066 = CARTESIAN_POINT ( 'NONE',  ( -9.271000000000000796, 7.048499999999997101, 1.651000000000001355 ) ) ;
#6067 = CARTESIAN_POINT ( 'NONE',  ( -8.064499999999998892, 7.492999999999999439, -2.501900000000000901 ) ) ;
#6068 = VERTEX_POINT ( 'NONE', #2227 ) ;
#6069 = DIRECTION ( 'NONE',  ( 1.000000000000000000, 0.000000000000000000, 0.000000000000000000 ) ) ;
#6070 = ADVANCED_FACE ( 'NONE', ( #7213 ), #8008, .F. ) ;
#6071 = ORIENTED_EDGE ( 'NONE', *, *, #1103, .T. ) ;
#6072 = APPLICATION_PROTOCOL_DEFINITION ( 'draft international standard', 'automotive_design', 1998, #48 ) ;
#6073 = AXIS2_PLACEMENT_3D ( 'NONE', #204, #3140, #8166 ) ;
#6074 = CARTESIAN_POINT ( 'NONE',  ( 0.1777999999999999858, 0.2539999999999993929, -3.302000000000000046 ) ) ;
#6075 = ORIENTED_EDGE ( 'NONE', *, *, #1132, .T. ) ;
#6076 = EDGE_CURVE ( 'NONE', #8448, #1848, #232, .T. ) ;
#6077 = CARTESIAN_POINT ( 'NONE',  ( -12.95400000000000063, 0.8889999999999985691, 1.984781810244993228 ) ) ;
#6078 = ADVANCED_FACE ( 'NONE', ( #5778 ), #8626, .F. ) ;
#6079 = CARTESIAN_POINT ( 'NONE',  ( -11.81100000000000172, 7.048499999999997101, 1.651000000000001355 ) ) ;
#6080 = PLANE ( 'NONE',  #4314 ) ;
#6081 = AXIS2_PLACEMENT_3D ( 'NONE', #682, #812, #7930 ) ;
#6082 = DIRECTION ( 'NONE',  ( 0.000000000000000000, 1.422837496700139336E-15, -1.000000000000000000 ) ) ;
#6083 = VERTEX_POINT ( 'NONE', #5217 ) ;
#6084 = ORIENTED_EDGE ( 'NONE', *, *, #8267, .F. ) ;
#6085 = CARTESIAN_POINT ( 'NONE',  ( -2.539999999999998703, 0.000000000000000000, 0.000000000000000000 ) ) ;
#6086 = VECTOR ( 'NONE', #8557, 1000.000000000000000 ) ;
#6087 = ORIENTED_EDGE ( 'NONE', *, *, #7258, .T. ) ;
#6088 = EDGE_CURVE ( 'NONE', #292, #877, #1648, .T. ) ;
#6089 = DIRECTION ( 'NONE',  ( 0.000000000000000000, -1.092515224483717382E-16, 1.000000000000000000 ) ) ;
#6090 = FACE_OUTER_BOUND ( 'NONE', #9217, .T. ) ;
#6091 = DIRECTION ( 'NONE',  ( -1.000000000000000000, -0.000000000000000000, -0.000000000000000000 ) ) ;
#6092 = CARTESIAN_POINT ( 'NONE',  ( 3.428999999999998050, 7.048499999999997101, 1.651000000000001355 ) ) ;
#6093 = VECTOR ( 'NONE', #2562, 1000.000000000000000 ) ;
#6094 = DIRECTION ( 'NONE',  ( -0.000000000000000000, 1.000000000000000000, 1.092515224483717382E-16 ) ) ;
#6095 = ORIENTED_EDGE ( 'NONE', *, *, #2385, .F. ) ;
#6096 = LINE ( 'NONE', #3982, #8405 ) ;
#6097 = ORIENTED_EDGE ( 'NONE', *, *, #2703, .F. ) ;
#6098 = DIRECTION ( 'NONE',  ( -0.000000000000000000, -0.7071067811865491270, -0.7071067811865460184 ) ) ;
#6099 = CARTESIAN_POINT ( 'NONE',  ( -4.191000000000001613, 6.222999999999998977, 0.8890000000000011227 ) ) ;
#6100 = AXIS2_PLACEMENT_3D ( 'NONE', #8260, #4710, #7554 ) ;
#6101 = EDGE_CURVE ( 'NONE', #2396, #1952, #93, .T. ) ;
#6102 = VECTOR ( 'NONE', #5842, 1000.000000000000000 ) ;
#6103 = CARTESIAN_POINT ( 'NONE',  ( 5.968999999999998529, 7.048499999999997989, -0.8889999999999986802 ) ) ;
#6104 = EDGE_CURVE ( 'NONE', #6660, #8381, #445, .T. ) ;
#6105 = FACE_OUTER_BOUND ( 'NONE', #8270, .T. ) ;
#6106 = CARTESIAN_POINT ( 'NONE',  ( -2.984499999999999265, 7.492999999999998550, 0.4444999999999979523 ) ) ;
#6107 = ORIENTED_EDGE ( 'NONE', *, *, #6608, .F. ) ;
#6108 = ADVANCED_FACE ( 'NONE', ( #7614 ), #4872, .F. ) ;
#6109 = VECTOR ( 'NONE', #8989, 1000.000000000000000 ) ;
#6110 = AXIS2_PLACEMENT_3D ( 'NONE', #4400, #7385, #219 ) ;
#6111 = CARTESIAN_POINT ( 'NONE',  ( 8.508999999999998565, 6.222999999999998977, -0.8889999999999987912 ) ) ;
#6112 = ORIENTED_EDGE ( 'NONE', *, *, #5603, .T. ) ;
#6113 = FACE_OUTER_BOUND ( 'NONE', #5236, .T. ) ;
#6114 = DIRECTION ( 'NONE',  ( 0.000000000000000000, -1.733406087350420004E-16, 1.000000000000000000 ) ) ;
#6115 = AXIS2_PLACEMENT_3D ( 'NONE', #5381, #7515, #4022 ) ;
#6116 = EDGE_CURVE ( 'NONE', #4971, #1866, #4821, .T. ) ;
#6117 = LINE ( 'NONE', #6840, #7577 ) ;
#6118 = ORIENTED_EDGE ( 'NONE', *, *, #8524, .T. ) ;
#6119 = PRESENTATION_STYLE_ASSIGNMENT (( #473 ) ) ;
#6120 = ORIENTED_EDGE ( 'NONE', *, *, #247, .T. ) ;
#6121 = DIRECTION ( 'NONE',  ( 0.000000000000000000, 0.000000000000000000, -1.000000000000000000 ) ) ;
#6122 = DIRECTION ( 'NONE',  ( -1.000000000000000000, -0.000000000000000000, -0.000000000000000000 ) ) ;
#6123 =( GEOMETRIC_REPRESENTATION_CONTEXT ( 3 ) GLOBAL_UNCERTAINTY_ASSIGNED_CONTEXT ( ( #6991 ) ) GLOBAL_UNIT_ASSIGNED_CONTEXT ( ( #6165, #1474, #7217 ) ) REPRESENTATION_CONTEXT ( 'NONE', 'WORKASPACE' ) );
#6124 = VERTEX_POINT ( 'NONE', #545 ) ;
#6125 = DIRECTION ( 'NONE',  ( 1.000000000000000000, 0.000000000000000000, 0.000000000000000000 ) ) ;
#6126 = ORIENTED_EDGE ( 'NONE', *, *, #5708, .T. ) ;
#6127 = EDGE_CURVE ( 'NONE', #8746, #7824, #493, .T. ) ;
#6128 = CARTESIAN_POINT ( 'NONE',  ( -10.15999999999999837, 7.492999999999998550, 2.501900000000000901 ) ) ;
#6129 = AXIS2_PLACEMENT_3D ( 'NONE', #7681, #7337, #3110 ) ;
#6130 = CARTESIAN_POINT ( 'NONE',  ( 5.968999999999998529, 7.048499999999997101, 1.651000000000001355 ) ) ;
#6131 = EDGE_CURVE ( 'NONE', #1866, #813, #9057, .T. ) ;
#6132 = DIRECTION ( 'NONE',  ( -0.000000000000000000, -0.000000000000000000, 1.000000000000000000 ) ) ;
#6133 = LINE ( 'NONE', #8959, #6093 ) ;
#6134 = EDGE_LOOP ( 'NONE', ( #4903, #7573, #2018, #3490, #8459, #678, #5087, #6344 ) ) ;
#6135 = ADVANCED_FACE ( 'NONE', ( #8418 ), #7017, .F. ) ;
#6136 = DIRECTION ( 'NONE',  ( -1.000000000000000000, -0.000000000000000000, -0.000000000000000000 ) ) ;
#6137 = ORIENTED_EDGE ( 'NONE', *, *, #7184, .F. ) ;
#6138 = DIRECTION ( 'NONE',  ( -0.000000000000000000, 1.000000000000000000, 1.733406087350420004E-16 ) ) ;
#6139 = ORIENTED_EDGE ( 'NONE', *, *, #6076, .F. ) ;
#6140 = ORIENTED_EDGE ( 'NONE', *, *, #1813, .T. ) ;
#6141 = DIRECTION ( 'NONE',  ( -0.000000000000000000, 1.000000000000000000, 1.092515224483717382E-16 ) ) ;
#6142 = CARTESIAN_POINT ( 'NONE',  ( -5.079999999999999183, 0.000000000000000000, 0.000000000000000000 ) ) ;
#6143 = PLANE ( 'NONE',  #5812 ) ;
#6144 = DIRECTION ( 'NONE',  ( 0.000000000000000000, 2.439149994343092652E-16, -1.000000000000000000 ) ) ;
#6145 = CARTESIAN_POINT ( 'NONE',  ( 10.16000000000000192, 0.3809999999999988396, 2.120899999999999785 ) ) ;
#6146 = VERTEX_POINT ( 'NONE', #5482 ) ;
#6147 = PRODUCT ( 'NPPC032KFMS-RC_C10S', 'NPPC032KFMS-RC_C10S', '', ( #4062 ) ) ;
#6148 = EDGE_CURVE ( 'NONE', #1345, #8666, #598, .T. ) ;
#6149 = LINE ( 'NONE', #1875, #6746 ) ;
#6150 = ORIENTED_EDGE ( 'NONE', *, *, #9194, .F. ) ;
#6151 = CARTESIAN_POINT ( 'NONE',  ( -5.079999999999998295, 0.8889999999999989022, -1.984781810244995004 ) ) ;
#6152 = DIRECTION ( 'NONE',  ( -1.000000000000000000, 0.000000000000000000, 0.000000000000000000 ) ) ;
#6153 = LINE ( 'NONE', #6103, #4102 ) ;
#6154 = PLANE ( 'NONE',  #5368 ) ;
#6155 = CARTESIAN_POINT ( 'NONE',  ( 0.8889999999999991243, 6.222999999999998977, 1.651000000000001133 ) ) ;
#6156 = ADVANCED_FACE ( 'NONE', ( #6688 ), #275, .F. ) ;
#6157 = CARTESIAN_POINT ( 'NONE',  ( -4.191000000000001613, 7.048499999999997101, 1.651000000000001355 ) ) ;
#6158 = ORIENTED_EDGE ( 'NONE', *, *, #9210, .T. ) ;
#6159 = FACE_OUTER_BOUND ( 'NONE', #8945, .T. ) ;
#6160 = ORIENTED_EDGE ( 'NONE', *, *, #1603, .T. ) ;
#6161 = AXIS2_PLACEMENT_3D ( 'NONE', #7442, #6730, #3530 ) ;
#6162 = LINE ( 'NONE', #8988, #2580 ) ;
#6163 = DIRECTION ( 'NONE',  ( -0.000000000000000000, -0.7071067811865491270, -0.7071067811865460184 ) ) ;
#6164 = ORIENTED_EDGE ( 'NONE', *, *, #1197, .F. ) ;
#6165 =( LENGTH_UNIT ( ) NAMED_UNIT ( * ) SI_UNIT ( .MILLI., .METRE. ) );
#6166 = ORIENTED_EDGE ( 'NONE', *, *, #2951, .F. ) ;
#6167 = DIRECTION ( 'NONE',  ( 1.000000000000000000, -0.000000000000000000, -0.000000000000000000 ) ) ;
#6168 = ADVANCED_FACE ( 'NONE', ( #1737 ), #4594, .F. ) ;
#6169 = CLOSED_SHELL ( 'NONE', ( #3281, #5829, #675, #4876, #3121, #4425, #8047, #1186, #3041, #8567 ) ) ;
#6170 = ORIENTED_EDGE ( 'NONE', *, *, #7905, .T. ) ;
#6171 = EDGE_CURVE ( 'NONE', #5275, #7632, #5809, .T. ) ;
#6172 = APPLICATION_PROTOCOL_DEFINITION ( 'draft international standard', 'automotive_design', 1998, #8831 ) ;
#6173 = ORIENTED_EDGE ( 'NONE', *, *, #7267, .T. ) ;
#6174 = AXIS2_PLACEMENT_3D ( 'NONE', #355, #6094, #8925 ) ;
#6175 = DIRECTION ( 'NONE',  ( 0.000000000000000000, 1.000000000000000000, -1.138269997360111548E-15 ) ) ;
#6176 = CARTESIAN_POINT ( 'NONE',  ( -12.69999999999999929, 7.492999999999998550, 2.501900000000000901 ) ) ;
#6177 = DIRECTION ( 'NONE',  ( 0.000000000000000000, -1.733406087350420004E-16, 1.000000000000000000 ) ) ;
#6178 = DIRECTION ( 'NONE',  ( 1.000000000000000000, 0.000000000000000000, 0.000000000000000000 ) ) ;
#6179 = ORIENTED_EDGE ( 'NONE', *, *, #1603, .F. ) ;
#6180 = EDGE_LOOP ( 'NONE', ( #3747, #4940, #7537, #6335 ) ) ;
#6181 = VECTOR ( 'NONE', #2955, 1000.000000000000114 ) ;
#6182 = CARTESIAN_POINT ( 'NONE',  ( -0.4444999999999987295, 7.492999999999998550, 0.4444999999999979523 ) ) ;
#6183 = ORIENTED_EDGE ( 'NONE', *, *, #7225, .F. ) ;
#6184 = DIRECTION ( 'NONE',  ( 0.000000000000000000, -1.000000000000000000, -1.733406087350420004E-16 ) ) ;
#6185 = DIRECTION ( 'NONE',  ( 0.7071067811865452413, -0.7071067811865499042, -1.225703198915527072E-16 ) ) ;
#6186 = EDGE_CURVE ( 'NONE', #4107, #8488, #2254, .T. ) ;
#6187 = CARTESIAN_POINT ( 'NONE',  ( -2.984499999999999265, 7.492999999999999439, -0.4444999999999955653 ) ) ;
#6188 = VECTOR ( 'NONE', #5332, 1000.000000000000114 ) ;
#6189 = DIRECTION ( 'NONE',  ( 0.000000000000000000, -1.733406087350420004E-16, 1.000000000000000000 ) ) ;
#6190 = CARTESIAN_POINT ( 'NONE',  ( -11.04900000000000304, 6.222999999999998977, 1.651000000000001133 ) ) ;
#6191 = VERTEX_POINT ( 'NONE', #6027 ) ;
#6192 = ORIENTED_EDGE ( 'NONE', *, *, #3215, .F. ) ;
#6193 = CARTESIAN_POINT ( 'NONE',  ( -5.079999999999999183, 0.3809999999999992837, 2.501899999999999125 ) ) ;
#6194 = AXIS2_PLACEMENT_3D ( 'NONE', #663, #4192, #5027 ) ;
#6195 = DIRECTION ( 'NONE',  ( 0.000000000000000000, -0.000000000000000000, -1.000000000000000000 ) ) ;
#6196 = DIRECTION ( 'NONE',  ( 1.000000000000000000, 0.000000000000000000, 0.000000000000000000 ) ) ;
#6197 = VERTEX_POINT ( 'NONE', #2461 ) ;
#6198 = CARTESIAN_POINT ( 'NONE',  ( 7.620000000000001883, 7.492999999999999439, -0.4444999999999956763 ) ) ;
#6199 = EDGE_CURVE ( 'NONE', #836, #2709, #8778, .T. ) ;
#6200 = CARTESIAN_POINT ( 'NONE',  ( -8.064499999999998892, 7.492999999999998550, 0.4444999999999979523 ) ) ;
#6201 = ORIENTED_EDGE ( 'NONE', *, *, #5824, .F. ) ;
#6202 = DIRECTION ( 'NONE',  ( -1.000000000000000000, 0.000000000000000000, -0.000000000000000000 ) ) ;
#6203 = ORIENTED_EDGE ( 'NONE', *, *, #5298, .T. ) ;
#6204 = CARTESIAN_POINT ( 'NONE',  ( -1.651000000000001355, 6.222999999999998977, -1.650999999999998913 ) ) ;
#6205 = ORIENTED_EDGE ( 'NONE', *, *, #4044, .T. ) ;
#6206 = DIRECTION ( 'NONE',  ( 0.000000000000000000, 0.9659258262890699775, 0.2588190451025143002 ) ) ;
#6207 = DIRECTION ( 'NONE',  ( -0.000000000000000000, -0.000000000000000000, 1.000000000000000000 ) ) ;
#6208 = ORIENTED_EDGE ( 'NONE', *, *, #2862, .F. ) ;
#6209 = VECTOR ( 'NONE', #1510, 1000.000000000000000 ) ;
#6210 = ORIENTED_EDGE ( 'NONE', *, *, #8639, .F. ) ;
#6211 = LINE ( 'NONE', #5558, #9166 ) ;
#6212 = VECTOR ( 'NONE', #975, 1000.000000000000000 ) ;
#6213 = FACE_OUTER_BOUND ( 'NONE', #2593, .T. ) ;
#6214 = ORIENTED_EDGE ( 'NONE', *, *, #522, .F. ) ;
#6215 = VERTEX_POINT ( 'NONE', #963 ) ;
#6216 = EDGE_CURVE ( 'NONE', #7806, #7789, #7464, .T. ) ;
#6217 = DIRECTION ( 'NONE',  ( -1.000000000000000000, -0.000000000000000000, -0.000000000000000000 ) ) ;
#6218 = DIRECTION ( 'NONE',  ( 0.000000000000000000, -1.138269997360111548E-15, -1.000000000000000000 ) ) ;
#6219 = DIRECTION ( 'NONE',  ( 1.000000000000000000, 0.000000000000000000, 0.000000000000000000 ) ) ;
#6220 = CARTESIAN_POINT ( 'NONE',  ( -12.95400000000000063, 7.492999999999998550, 2.501900000000000901 ) ) ;
#6221 = VERTEX_POINT ( 'NONE', #5326 ) ;
#6222 = VECTOR ( 'NONE', #9043, 1000.000000000000000 ) ;
#6223 = ORIENTED_EDGE ( 'NONE', *, *, #6661, .T. ) ;
#6224 = ADVANCED_FACE ( 'NONE', ( #8169 ), #8033, .F. ) ;
#6225 = DIRECTION ( 'NONE',  ( 0.000000000000000000, -1.733406087350420004E-16, 1.000000000000000000 ) ) ;
#6226 = ORIENTED_EDGE ( 'NONE', *, *, #1036, .T. ) ;
#6227 = CARTESIAN_POINT ( 'NONE',  ( -1.651000000000001355, 6.222999999999998977, 1.651000000000001133 ) ) ;
#6228 = VECTOR ( 'NONE', #3082, 1000.000000000000000 ) ;
#6229 = CARTESIAN_POINT ( 'NONE',  ( -4.191000000000001613, 6.222999999999998977, 1.651000000000001133 ) ) ;
#6230 = FACE_BOUND ( 'NONE', #4573, .T. ) ;
#6231 = EDGE_CURVE ( 'NONE', #5648, #583, #1058, .T. ) ;
#6232 = LINE ( 'NONE', #9063, #9013 ) ;
#6233 = EDGE_LOOP ( 'NONE', ( #1433, #2834, #3861, #3924 ) ) ;
#6234 = DIRECTION ( 'NONE',  ( 0.000000000000000000, 1.733406087350420004E-16, -1.000000000000000000 ) ) ;
#6235 = ORIENTED_EDGE ( 'NONE', *, *, #7492, .T. ) ;
#6236 = LINE ( 'NONE', #2634, #4227 ) ;
#6237 = CARTESIAN_POINT ( 'NONE',  ( -12.95400000000000063, 0.3809999999999988396, 2.120899999999999785 ) ) ;
#6238 = PLANE ( 'NONE',  #5602 ) ;
#6239 = LINE ( 'NONE', #2083, #7982 ) ;
#6240 = LINE ( 'NONE', #4687, #2533 ) ;
#6241 = LINE ( 'NONE', #3350, #4253 ) ;
#6242 = ORIENTED_EDGE ( 'NONE', *, *, #1842, .T. ) ;
#6243 = CARTESIAN_POINT ( 'NONE',  ( -10.15999999999999837, 0.3809999999999993947, -2.120900000000001562 ) ) ;
#6244 = EDGE_LOOP ( 'NONE', ( #5537, #8093, #7507, #8999 ) ) ;
#6245 = DIRECTION ( 'NONE',  ( -0.000000000000000000, -2.082201214683127315E-16, 1.000000000000000000 ) ) ;
#6246 = VECTOR ( 'NONE', #1621, 1000.000000000000000 ) ;
#6247 = CARTESIAN_POINT ( 'NONE',  ( 4.190999999999997172, 7.048499999999997989, -1.650999999999998691 ) ) ;
#6248 = LINE ( 'NONE', #2651, #1681 ) ;
#6249 = DIRECTION ( 'NONE',  ( 0.000000000000000000, -1.138269997360111548E-15, -1.000000000000000000 ) ) ;
#6250 = VECTOR ( 'NONE', #2985, 1000.000000000000000 ) ;
#6251 = VERTEX_POINT ( 'NONE', #7650 ) ;
#6252 = VECTOR ( 'NONE', #2037, 1000.000000000000000 ) ;
#6253 = FILL_AREA_STYLE ('',( #4105 ) ) ;
#6254 = LINE ( 'NONE', #9085, #8422 ) ;
#6255 = ORIENTED_EDGE ( 'NONE', *, *, #7307, .F. ) ;
#6256 = LINE ( 'NONE', #7749, #3229 ) ;
#6257 = ADVANCED_FACE ( 'NONE', ( #1108 ), #3420, .F. ) ;
#6258 = PRODUCT_DEFINITION ( 'UNKNOWN', '', #4027, #8393 ) ;
#6259 = ORIENTED_EDGE ( 'NONE', *, *, #424, .T. ) ;
#6260 = DIRECTION ( 'NONE',  ( 0.000000000000000000, -1.733406087350420004E-16, 1.000000000000000000 ) ) ;
#6261 = VERTEX_POINT ( 'NONE', #6801 ) ;
#6262 = AXIS2_PLACEMENT_3D ( 'NONE', #2971, #6551, #5820 ) ;
#6263 = LINE ( 'NONE', #9092, #8088 ) ;
#6264 = CARTESIAN_POINT ( 'NONE',  ( 1.734723475976807094E-15, 0.8889999999999989022, -1.984781810244995004 ) ) ;
#6265 = DIRECTION ( 'NONE',  ( -0.000000000000000000, 1.000000000000000000, 1.733406087350420004E-16 ) ) ;
#6266 = ORIENTED_EDGE ( 'NONE', *, *, #1993, .T. ) ;
#6267 = AXIS2_PLACEMENT_3D ( 'NONE', #6567, #319, #6055 ) ;
#6268 = AXIS2_PLACEMENT_3D ( 'NONE', #3092, #8649, #5150 ) ;
#6269 = CARTESIAN_POINT ( 'NONE',  ( -3.429000000000003379, 6.222999999999998977, 0.8890000000000011227 ) ) ;
#6270 = CARTESIAN_POINT ( 'NONE',  ( 2.540000000000002256, 0.8889999999999989022, -1.984781810244995004 ) ) ;
#6271 = EDGE_LOOP ( 'NONE', ( #1261, #4477, #2014, #8040 ) ) ;
#6272 = ORIENTED_EDGE ( 'NONE', *, *, #96, .F. ) ;
#6273 = DIRECTION ( 'NONE',  ( -1.000000000000000000, -0.000000000000000000, -0.000000000000000000 ) ) ;
#6274 = VERTEX_POINT ( 'NONE', #1855 ) ;
#6275 = AXIS2_PLACEMENT_3D ( 'NONE', #2973, #888, #7999 ) ;
#6276 = LINE ( 'NONE', #5579, #272 ) ;
#6277 = DIRECTION ( 'NONE',  ( -0.000000000000000000, -1.224646799147353700E-16, -1.000000000000000000 ) ) ;
#6278 = FACE_OUTER_BOUND ( 'NONE', #254, .T. ) ;
#6279 = CARTESIAN_POINT ( 'NONE',  ( 5.968999999999998529, 7.048499999999997101, 1.651000000000001355 ) ) ;
#6280 = CARTESIAN_POINT ( 'NONE',  ( -12.69999999999999929, 0.8889999999999985691, 1.984781810244993228 ) ) ;
#6281 = ORIENTED_EDGE ( 'NONE', *, *, #3874, .T. ) ;
#6282 = DIRECTION ( 'NONE',  ( -0.000000000000000000, 1.000000000000000000, 1.733406087350420004E-16 ) ) ;
#6283 = EDGE_CURVE ( 'NONE', #7220, #8880, #4761, .T. ) ;
#6284 = EDGE_LOOP ( 'NONE', ( #3614, #3731, #3515, #4131, #200, #7957, #8771, #658 ) ) ;
#6285 = LINE ( 'NONE', #2079, #7539 ) ;
#6286 = DIRECTION ( 'NONE',  ( 0.000000000000000000, -0.000000000000000000, -1.000000000000000000 ) ) ;
#6287 = EDGE_CURVE ( 'NONE', #1137, #606, #8306, .T. ) ;
#6288 = APPLICATION_CONTEXT ( 'automotive_design' ) ;
#6289 = DIRECTION ( 'NONE',  ( 0.000000000000000000, 0.000000000000000000, -1.000000000000000000 ) ) ;
#6290 = CARTESIAN_POINT ( 'NONE',  ( 12.95400000000000063, 0.3809999999999992837, 2.501899999999999125 ) ) ;
#6291 = DIRECTION ( 'NONE',  ( -0.000000000000000000, -0.000000000000000000, 1.000000000000000000 ) ) ;
#6292 = FILL_AREA_STYLE_COLOUR ( '', #5897 ) ;
#6293 = DIRECTION ( 'NONE',  ( -1.000000000000000000, -0.000000000000000000, -0.000000000000000000 ) ) ;
#6294 = ORIENTED_EDGE ( 'NONE', *, *, #5708, .F. ) ;
#6295 = EDGE_CURVE ( 'NONE', #6424, #2234, #1203, .T. ) ;
#6296 = FILL_AREA_STYLE ('',( #571 ) ) ;
#6297 = DIRECTION ( 'NONE',  ( 0.000000000000000000, -0.9659258262890699775, -0.2588190451025143002 ) ) ;
#6298 = DIRECTION ( 'NONE',  ( 0.000000000000000000, 1.733406087350420004E-16, -1.000000000000000000 ) ) ;
#6299 = VERTEX_POINT ( 'NONE', #530 ) ;
#6300 = EDGE_CURVE ( 'NONE', #7544, #681, #6263, .T. ) ;
#6301 = CARTESIAN_POINT ( 'NONE',  ( 5.080000000000000959, 0.8889999999999989022, -1.984781810244995004 ) ) ;
#6302 = DIRECTION ( 'NONE',  ( 0.000000000000000000, -0.000000000000000000, -1.000000000000000000 ) ) ;
#6303 = EDGE_LOOP ( 'NONE', ( #2217, #7737, #1496, #464 ) ) ;
#6304 = DIRECTION ( 'NONE',  ( 0.000000000000000000, 1.422837496700139336E-15, -1.000000000000000000 ) ) ;
#6305 = ORIENTED_EDGE ( 'NONE', *, *, #3728, .F. ) ;
#6306 = AXIS2_PLACEMENT_3D ( 'NONE', #8143, #3162, #5998 ) ;
#6307 = VERTEX_POINT ( 'NONE', #2007 ) ;
#6308 = ADVANCED_FACE ( 'NONE', ( #2809 ), #5001, .F. ) ;
#6309 = PLANE ( 'NONE',  #9218 ) ;
#6310 = DIRECTION ( 'NONE',  ( 0.000000000000000000, 0.000000000000000000, 1.000000000000000000 ) ) ;
#6311 = VECTOR ( 'NONE', #7255, 1000.000000000000114 ) ;
#6312 = ORIENTED_EDGE ( 'NONE', *, *, #237, .T. ) ;
#6313 = DIRECTION ( 'NONE',  ( -0.000000000000000000, 1.000000000000000000, 1.733406087350420004E-16 ) ) ;
#6314 = CARTESIAN_POINT ( 'NONE',  ( -12.69999999999999929, 0.3809999999999999498, -2.501900000000000901 ) ) ;
#6315 = VERTEX_POINT ( 'NONE', #5703 ) ;
#6316 = CARTESIAN_POINT ( 'NONE',  ( -1.651000000000001355, 6.222999999999998977, 1.651000000000001133 ) ) ;
#6318 = ORIENTED_EDGE ( 'NONE', *, *, #8369, .T. ) ;
#6317 = VERTEX_POINT ( 'NONE', #1436 ) ;
#6319 = DIRECTION ( 'NONE',  ( 0.000000000000000000, 2.439149994343092652E-16, -1.000000000000000000 ) ) ;
#6320 = ORIENTED_EDGE ( 'NONE', *, *, #8210, .T. ) ;
#6321 = VECTOR ( 'NONE', #8912, 1000.000000000000000 ) ;
#6322 = DIRECTION ( 'NONE',  ( 0.000000000000000000, -1.733406087350420004E-16, 1.000000000000000000 ) ) ;
#6323 = PLANE ( 'NONE',  #5066 ) ;
#6324 = AXIS2_PLACEMENT_3D ( 'NONE', #5137, #8809, #197 ) ;
#6325 = ADVANCED_FACE ( 'NONE', ( #5794 ), #5616, .T. ) ;
#6326 = LINE ( 'NONE', #7776, #5903 ) ;
#6327 = AXIS2_PLACEMENT_3D ( 'NONE', #3391, #2681, #5538 ) ;
#6328 = LINE ( 'NONE', #1365, #174 ) ;
#6329 = ORIENTED_EDGE ( 'NONE', *, *, #5483, .T. ) ;
#6330 = EDGE_CURVE ( 'NONE', #2080, #1854, #2903, .T. ) ;
#6331 = DIRECTION ( 'NONE',  ( -1.000000000000000000, 0.000000000000000000, 0.000000000000000000 ) ) ;
#6332 = EDGE_LOOP ( 'NONE', ( #4866, #2793, #1612, #1593 ) ) ;
#6333 = DIRECTION ( 'NONE',  ( 0.000000000000000000, -1.000000000000000000, -1.733406087350420004E-16 ) ) ;
#6334 = CARTESIAN_POINT ( 'NONE',  ( 1.734723475976807094E-15, 0.3809999999999999498, -2.501900000000000901 ) ) ;
#6335 = ORIENTED_EDGE ( 'NONE', *, *, #7624, .T. ) ;
#6336 = AXIS2_PLACEMENT_3D ( 'NONE', #7083, #6348, #2798 ) ;
#6337 = VECTOR ( 'NONE', #7245, 1000.000000000000000 ) ;
#6338 = CARTESIAN_POINT ( 'NONE',  ( 0.3047999999999999599, 0.6730999999999999206, -2.387599999999999945 ) ) ;
#6339 = LINE ( 'NONE', #4232, #2470 ) ;
#6340 = LINE ( 'NONE', #3629, #1097 ) ;
#6341 =( LENGTH_UNIT ( ) NAMED_UNIT ( * ) SI_UNIT ( .MILLI., .METRE. ) );
#6342 = EDGE_CURVE ( 'NONE', #1064, #3093, #65, .T. ) ;
#6343 = DIRECTION ( 'NONE',  ( 1.000000000000000000, 0.000000000000000000, -0.000000000000000000 ) ) ;
#6344 = ORIENTED_EDGE ( 'NONE', *, *, #7310, .T. ) ;
#6345 = EDGE_CURVE ( 'NONE', #7860, #2720, #2197, .T. ) ;
#6346 = PLANE ( 'NONE',  #5185 ) ;
#6347 = PLANE ( 'NONE',  #4330 ) ;
#6348 = DIRECTION ( 'NONE',  ( 0.000000000000000000, -0.7071067811865492381, 0.7071067811865457964 ) ) ;
#6349 = EDGE_CURVE ( 'NONE', #8444, #8628, #7095, .T. ) ;
#6350 = AXIS2_PLACEMENT_3D ( 'NONE', #4081, #4824, #6189 ) ;
#6351 = EDGE_LOOP ( 'NONE', ( #4354, #4554, #1554, #8464 ) ) ;
#6352 = CARTESIAN_POINT ( 'NONE',  ( -8.509000000000002117, 7.048499999999997989, -0.8889999999999986802 ) ) ;
#6353 = ORIENTED_EDGE ( 'NONE', *, *, #6648, .T. ) ;
#6354 = CARTESIAN_POINT ( 'NONE',  ( 1.734723475976807094E-15, 0.3809999999999999498, -2.501900000000000901 ) ) ;
#6355 = CARTESIAN_POINT ( 'NONE',  ( 11.81099999999999817, 6.222999999999998977, 1.651000000000001133 ) ) ;
#6356 = EDGE_CURVE ( 'NONE', #6274, #1185, #4905, .T. ) ;
#6357 = ORIENTED_EDGE ( 'NONE', *, *, #2647, .F. ) ;
#6358 = VERTEX_POINT ( 'NONE', #6403 ) ;
#6359 = ADVANCED_FACE ( 'NONE', ( #8504 ), #7803, .F. ) ;
#6360 = VECTOR ( 'NONE', #616, 1000.000000000000000 ) ;
#6361 = DIRECTION ( 'NONE',  ( 0.000000000000000000, -1.733406087350420004E-16, 1.000000000000000000 ) ) ;
#6362 = CARTESIAN_POINT ( 'NONE',  ( 12.70000000000000284, 0.3809999999999988396, 2.120899999999999785 ) ) ;
#6363 = ORIENTED_EDGE ( 'NONE', *, *, #8979, .F. ) ;
#6364 = LINE ( 'NONE', #3523, #1832 ) ;
#6365 = VERTEX_POINT ( 'NONE', #2448 ) ;
#6366 = DIRECTION ( 'NONE',  ( 0.000000000000000000, 2.439149994343092652E-16, -1.000000000000000000 ) ) ;
#6367 = ORIENTED_EDGE ( 'NONE', *, *, #8524, .F. ) ;
#6368 = CARTESIAN_POINT ( 'NONE',  ( 9.270999999999997243, 6.222999999999998977, -0.8889999999999987912 ) ) ;
#6369 = VECTOR ( 'NONE', #7956, 1000.000000000000000 ) ;
#6370 = DIRECTION ( 'NONE',  ( 0.000000000000000000, 1.733406087350420004E-16, -1.000000000000000000 ) ) ;
#6371 = EDGE_LOOP ( 'NONE', ( #8539, #6999, #6164, #7553 ) ) ;
#6372 = CARTESIAN_POINT ( 'NONE',  ( 10.16000000000000192, 0.3809999999999993947, -2.120900000000001562 ) ) ;
#6373 = CARTESIAN_POINT ( 'NONE',  ( -7.619999999999998330, 7.492999999999999439, -2.501900000000000901 ) ) ;
#6374 = CARTESIAN_POINT ( 'NONE',  ( 11.04899999999999949, 7.048499999999997101, 0.8890000000000012337 ) ) ;
#6375 = ORIENTED_EDGE ( 'NONE', *, *, #4887, .F. ) ;
#6376 = CARTESIAN_POINT ( 'NONE',  ( 9.270999999999997243, 6.222999999999998977, -1.650999999999998913 ) ) ;
#6377 = EDGE_LOOP ( 'NONE', ( #9110, #8776, #578, #3106 ) ) ;
#6378 = FACE_BOUND ( 'NONE', #3510, .T. ) ;
#6379 = CARTESIAN_POINT ( 'NONE',  ( 8.064499999999995339, 7.492999999999998550, 2.095500000000003915 ) ) ;
#6380 = ORIENTED_EDGE ( 'NONE', *, *, #3840, .T. ) ;
#6381 = DIRECTION ( 'NONE',  ( 0.5773502691896270633, 0.5773502691896240657, -0.5773502691896261751 ) ) ;
#6382 = CARTESIAN_POINT ( 'NONE',  ( -12.69999999999999929, 0.3809999999999988396, 2.120899999999999785 ) ) ;
#6383 = AXIS2_PLACEMENT_3D ( 'NONE', #7863, #3009, #825 ) ;
#6384 = DIRECTION ( 'NONE',  ( -0.000000000000000000, -0.7071067811865491270, -0.7071067811865460184 ) ) ;
#6385 = VECTOR ( 'NONE', #367, 1000.000000000000000 ) ;
#6386 = CARTESIAN_POINT ( 'NONE',  ( 1.734723475976807094E-15, 0.3809999999999999498, -2.501900000000000901 ) ) ;
#6387 = VERTEX_POINT ( 'NONE', #2405 ) ;
#6388 = ADVANCED_FACE ( 'NONE', ( #6014 ), #287, .F. ) ;
#6389 = LINE ( 'NONE', #4987, #5237 ) ;
#6390 = DIRECTION ( 'NONE',  ( 0.7071067811865456854, -0.7071067811865494601, -1.225703198915526333E-16 ) ) ;
#6391 = ADVANCED_FACE ( 'NONE', ( #5315, #6614, #244 ), #8022, .F. ) ;
#6392 = ORIENTED_EDGE ( 'NONE', *, *, #8213, .F. ) ;
#6393 = DIRECTION ( 'NONE',  ( -1.000000000000000000, -0.000000000000000000, -0.000000000000000000 ) ) ;
#6394 = LINE ( 'NONE', #5697, #2434 ) ;
#6395 = EDGE_LOOP ( 'NONE', ( #3765, #2864, #7800, #475 ) ) ;
#6396 = CARTESIAN_POINT ( 'NONE',  ( -5.079999999999998295, 0.000000000000000000, 0.000000000000000000 ) ) ;
#6397 = ORIENTED_EDGE ( 'NONE', *, *, #429, .F. ) ;
#6398 = EDGE_CURVE ( 'NONE', #8444, #264, #2323, .T. ) ;
#6399 = ORIENTED_EDGE ( 'NONE', *, *, #5718, .F. ) ;
#6400 = CARTESIAN_POINT ( 'NONE',  ( -5.079999999999999183, 0.3809999999999999498, -2.501900000000000901 ) ) ;
#6401 = EDGE_LOOP ( 'NONE', ( #8960, #3995, #2680, #5202 ) ) ;
#6402 = EDGE_CURVE ( 'NONE', #3207, #8298, #6573, .T. ) ;
#6403 = CARTESIAN_POINT ( 'NONE',  ( -9.715500000000005798, 7.492999999999999439, -2.095500000000001695 ) ) ;
#6404 = VECTOR ( 'NONE', #198, 1000.000000000000000 ) ;
#6405 = VECTOR ( 'NONE', #1247, 1000.000000000000000 ) ;
#6406 = PLANE ( 'NONE',  #549 ) ;
#6407 = FACE_BOUND ( 'NONE', #8949, .T. ) ;
#6408 = EDGE_CURVE ( 'NONE', #5943, #1792, #8155, .T. ) ;
#6409 = ORIENTED_EDGE ( 'NONE', *, *, #6408, .T. ) ;
#6410 = ADVANCED_FACE ( 'NONE', ( #3133 ), #5231, .F. ) ;
#6411 = CARTESIAN_POINT ( 'NONE',  ( -9.715500000000005798, 7.492999999999999439, -2.501900000000000901 ) ) ;
#6412 = VERTEX_POINT ( 'NONE', #7271 ) ;
#6413 = AXIS2_PLACEMENT_3D ( 'NONE', #7282, #3700, #8611 ) ;
#6414 = ORIENTED_EDGE ( 'NONE', *, *, #1683, .F. ) ;
#6415 =( NAMED_UNIT ( * ) SI_UNIT ( $, .STERADIAN. ) SOLID_ANGLE_UNIT ( ) );
#6416 = DIRECTION ( 'NONE',  ( -1.000000000000000000, 0.000000000000000000, 0.000000000000000000 ) ) ;
#6417 = ORIENTED_EDGE ( 'NONE', *, *, #2823, .F. ) ;
#6418 = CARTESIAN_POINT ( 'NONE',  ( 1.734723475976807094E-15, 0.3809999999999992837, 2.501899999999999125 ) ) ;
#6419 = VECTOR ( 'NONE', #4860, 1000.000000000000000 ) ;
#6420 = FACE_OUTER_BOUND ( 'NONE', #2157, .T. ) ;
#6421 = LINE ( 'NONE', #5720, #8096 ) ;
#6422 = ORIENTED_EDGE ( 'NONE', *, *, #1360, .F. ) ;
#6423 = DIRECTION ( 'NONE',  ( 0.000000000000000000, 1.000000000000000000, 2.439149994343092652E-16 ) ) ;
#6424 = VERTEX_POINT ( 'NONE', #3827 ) ;
#6425 = VECTOR ( 'NONE', #4598, 1000.000000000000000 ) ;
#6426 = VERTEX_POINT ( 'NONE', #2360 ) ;
#6427 = ORIENTED_EDGE ( 'NONE', *, *, #7729, .T. ) ;
#6428 = LINE ( 'NONE', #4188, #5531 ) ;
#6429 = CARTESIAN_POINT ( 'NONE',  ( 4.190999999999997172, 7.048499999999997989, -0.8889999999999986802 ) ) ;
#6430 = EDGE_CURVE ( 'NONE', #8385, #6717, #8074, .T. ) ;
#6431 = VECTOR ( 'NONE', #6291, 1000.000000000000000 ) ;
#6432 = FACE_OUTER_BOUND ( 'NONE', #3524, .T. ) ;
#6433 = CARTESIAN_POINT ( 'NONE',  ( -6.731000000000001648, 7.048499999999997101, 1.651000000000001355 ) ) ;
#6434 = ORIENTED_EDGE ( 'NONE', *, *, #3869, .F. ) ;
#6435 =( NAMED_UNIT ( * ) SI_UNIT ( $, .STERADIAN. ) SOLID_ANGLE_UNIT ( ) );
#6436 = DIRECTION ( 'NONE',  ( 0.000000000000000000, 0.000000000000000000, 1.000000000000000000 ) ) ;
#6437 = CARTESIAN_POINT ( 'NONE',  ( -5.969000000000002970, 7.048499999999997101, 1.651000000000001355 ) ) ;
#6438 = DIRECTION ( 'NONE',  ( -1.000000000000000000, 0.000000000000000000, -0.000000000000000000 ) ) ;
#6439 = ORIENTED_EDGE ( 'NONE', *, *, #7327, .F. ) ;
#6440 = CARTESIAN_POINT ( 'NONE',  ( -5.079999999999998295, 0.8889999999999989022, -1.984781810244995004 ) ) ;
#6441 = DIRECTION ( 'NONE',  ( 0.000000000000000000, 1.733406087350420004E-16, -1.000000000000000000 ) ) ;
#6442 = VERTEX_POINT ( 'NONE', #1659 ) ;
#6443 = DIRECTION ( 'NONE',  ( -0.5773502691896270633, 0.5773502691896240657, -0.5773502691896261751 ) ) ;
#6444 = CARTESIAN_POINT ( 'NONE',  ( -12.95400000000000063, 7.492999999999999439, -2.501900000000000901 ) ) ;
#6445 = ORIENTED_EDGE ( 'NONE', *, *, #3220, .T. ) ;
#6446 = LINE ( 'NONE', #5658, #390 ) ;
#6447 = CARTESIAN_POINT ( 'NONE',  ( -12.95400000000000063, 0.3809999999999999498, -2.501900000000000901 ) ) ;
#6448 = ORIENTED_EDGE ( 'NONE', *, *, #7840, .T. ) ;
#6449 = VECTOR ( 'NONE', #6297, 1000.000000000000114 ) ;
#6450 = CARTESIAN_POINT ( 'NONE',  ( 3.936999999999995836, 6.794499999999997542, 1.397000000000001130 ) ) ;
#6451 = ORIENTED_EDGE ( 'NONE', *, *, #1718, .T. ) ;
#6452 = EDGE_CURVE ( 'NONE', #5528, #5414, #156, .T. ) ;
#6453 = ORIENTED_EDGE ( 'NONE', *, *, #8282, .F. ) ;
#6454 = PLANE ( 'NONE',  #1429 ) ;
#6455 = ORIENTED_EDGE ( 'NONE', *, *, #5734, .T. ) ;
#6456 = VECTOR ( 'NONE', #4208, 1000.000000000000000 ) ;
#6457 = PLANE ( 'NONE',  #4749 ) ;
#6458 = DIRECTION ( 'NONE',  ( -1.000000000000000000, 0.000000000000000000, 0.000000000000000000 ) ) ;
#6459 = VERTEX_POINT ( 'NONE', #2998 ) ;
#6460 = ORIENTED_EDGE ( 'NONE', *, *, #2623, .F. ) ;
#6461 = AXIS2_PLACEMENT_3D ( 'NONE', #6825, #5540, #6286 ) ;
#6462 = EDGE_LOOP ( 'NONE', ( #5093, #9225, #5477, #3028 ) ) ;
#6463 = ADVANCED_FACE ( 'NONE', ( #950 ), #5969, .F. ) ;
#6464 = EDGE_CURVE ( 'NONE', #217, #357, #4564, .T. ) ;
#6465 = LINE ( 'NONE', #4275, #3743 ) ;
#6466 = FACE_OUTER_BOUND ( 'NONE', #8750, .T. ) ;
#6467 = AXIS2_PLACEMENT_3D ( 'NONE', #8276, #4128, #7024 ) ;
#6468 = DIRECTION ( 'NONE',  ( 0.000000000000000000, 0.000000000000000000, -1.000000000000000000 ) ) ;
#6469 = ADVANCED_FACE ( 'NONE', ( #4607 ), #1045, .F. ) ;
#6470 = DIRECTION ( 'NONE',  ( 1.000000000000000000, 0.000000000000000000, 0.000000000000000000 ) ) ;
#6471 = ORIENTED_EDGE ( 'NONE', *, *, #4285, .T. ) ;
#6472 = VECTOR ( 'NONE', #8897, 1000.000000000000000 ) ;
#6473 = EDGE_CURVE ( 'NONE', #472, #6221, #7318, .T. ) ;
#6474 = VECTOR ( 'NONE', #4713, 1000.000000000000000 ) ;
#6475 = DIRECTION ( 'NONE',  ( -1.000000000000000000, -0.000000000000000000, -0.000000000000000000 ) ) ;
#6476 = DIRECTION ( 'NONE',  ( 0.000000000000000000, 1.000000000000000000, 1.733406087350420004E-16 ) ) ;
#6477 = VERTEX_POINT ( 'NONE', #8680 ) ;
#6478 = PLANE ( 'NONE',  #6560 ) ;
#6479 = VECTOR ( 'NONE', #3412, 1000.000000000000000 ) ;
#6480 = ORIENTED_EDGE ( 'NONE', *, *, #4403, .T. ) ;
#6481 = CARTESIAN_POINT ( 'NONE',  ( -1.651000000000001355, 7.048499999999997101, 1.651000000000001355 ) ) ;
#6482 = CARTESIAN_POINT ( 'NONE',  ( 5.968999999999998529, 6.222999999999998977, -1.650999999999998913 ) ) ;
#6483 = CARTESIAN_POINT ( 'NONE',  ( 11.55699999999999861, 6.794499999999999318, -1.142999999999999572 ) ) ;
#6484 = ORIENTED_EDGE ( 'NONE', *, *, #6626, .T. ) ;
#6485 = PLANE ( 'NONE',  #1347 ) ;
#6486 = DIRECTION ( 'NONE',  ( 0.000000000000000000, 0.000000000000000000, -1.000000000000000000 ) ) ;
#6487 = EDGE_CURVE ( 'NONE', #7593, #1628, #2284, .T. ) ;
#6488 = CARTESIAN_POINT ( 'NONE',  ( 5.080000000000000959, 0.000000000000000000, 0.000000000000000000 ) ) ;
#6489 = FACE_BOUND ( 'NONE', #2486, .T. ) ;
#6490 = ORIENTED_EDGE ( 'NONE', *, *, #1923, .T. ) ;
#6491 = CARTESIAN_POINT ( 'NONE',  ( 7.620000000000001883, 7.492999999999998550, 2.501900000000000901 ) ) ;
#6492 = AXIS2_PLACEMENT_3D ( 'NONE', #6396, #7798, #9229 ) ;
#6493 = AXIS2_PLACEMENT_3D ( 'NONE', #3205, #6144, #3387 ) ;
#6494 = FACE_OUTER_BOUND ( 'NONE', #3867, .T. ) ;
#6495 =( NAMED_UNIT ( * ) PLANE_ANGLE_UNIT ( ) SI_UNIT ( $, .RADIAN. ) );
#6496 = LINE ( 'NONE', #8650, #7106 ) ;
#6497 = VERTEX_POINT ( 'NONE', #4696 ) ;
#6498 = EDGE_CURVE ( 'NONE', #6061, #833, #7542, .T. ) ;
#6499 = VECTOR ( 'NONE', #5727, 1000.000000000000000 ) ;
#6500 = DIRECTION ( 'NONE',  ( 0.000000000000000000, 1.733406087350420004E-16, -1.000000000000000000 ) ) ;
#6501 = ADVANCED_FACE ( 'NONE', ( #1095 ), #8293, .F. ) ;
#6502 = CARTESIAN_POINT ( 'NONE',  ( -5.969000000000002970, 7.048499999999997989, -0.8889999999999986802 ) ) ;
#6503 = EDGE_CURVE ( 'NONE', #6692, #132, #5508, .T. ) ;
#6504 = LINE ( 'NONE', #4353, #8556 ) ;
#6505 = ORIENTED_EDGE ( 'NONE', *, *, #4125, .T. ) ;
#6506 = LINE ( 'NONE', #5817, #3935 ) ;
#6508 = ORIENTED_EDGE ( 'NONE', *, *, #5048, .F. ) ;
#6507 = EDGE_LOOP ( 'NONE', ( #380, #6214, #5176, #1404 ) ) ;
#6509 = DIRECTION ( 'NONE',  ( 0.000000000000000000, -0.7071067811865492381, 0.7071067811865457964 ) ) ;
#6510 = ORIENTED_EDGE ( 'NONE', *, *, #6131, .F. ) ;
#6511 = EDGE_CURVE ( 'NONE', #3909, #1602, #8205, .T. ) ;
#6512 = PLANE ( 'NONE',  #8516 ) ;
#6513 = VECTOR ( 'NONE', #1579, 1000.000000000000000 ) ;
#6514 = DIRECTION ( 'NONE',  ( 0.000000000000000000, -1.000000000000000000, 0.000000000000000000 ) ) ;
#6515 = CARTESIAN_POINT ( 'NONE',  ( 5.968999999999998529, 7.048499999999997101, 1.651000000000001355 ) ) ;
#6516 = CARTESIAN_POINT ( 'NONE',  ( 8.508999999999998565, 7.048499999999997989, -0.8889999999999986802 ) ) ;
#6517 = ORIENTED_EDGE ( 'NONE', *, *, #6046, .T. ) ;
#6518 = DIRECTION ( 'NONE',  ( -1.000000000000000000, 0.000000000000000000, -0.000000000000000000 ) ) ;
#6519 = CARTESIAN_POINT ( 'NONE',  ( -4.635500000000005727, 7.492999999999999439, -2.501900000000000901 ) ) ;
#6520 = FACE_OUTER_BOUND ( 'NONE', #2411, .T. ) ;
#6521 = ORIENTED_EDGE ( 'NONE', *, *, #4723, .T. ) ;
#6522 = CARTESIAN_POINT ( 'NONE',  ( 6.730999999999997208, 7.048499999999997101, 1.651000000000001355 ) ) ;
#6523 = DIRECTION ( 'NONE',  ( -1.000000000000000000, 0.000000000000000000, 0.000000000000000000 ) ) ;
#6524 = ORIENTED_EDGE ( 'NONE', *, *, #4044, .F. ) ;
#6525 = DIRECTION ( 'NONE',  ( 0.000000000000000000, -1.733406087350420004E-16, 1.000000000000000000 ) ) ;
#6526 = LINE ( 'NONE', #7971, #5061 ) ;
#6527 = VECTOR ( 'NONE', #1582, 1000.000000000000000 ) ;
#6528 = LINE ( 'NONE', #153, #4516 ) ;
#6529 = COLOUR_RGB ( '',0.2509803921568627416, 0.2509803921568627416, 0.2509803921568627416 ) ;
#6530 = ORIENTED_EDGE ( 'NONE', *, *, #1584, .F. ) ;
#6531 = DIRECTION ( 'NONE',  ( -0.000000000000000000, -0.7071067811865487940, -0.7071067811865462405 ) ) ;
#6532 = DIRECTION ( 'NONE',  ( 1.000000000000000000, 0.000000000000000000, -0.000000000000000000 ) ) ;
#6533 = ADVANCED_FACE ( 'NONE', ( #1238 ), #8941, .F. ) ;
#6534 = VECTOR ( 'NONE', #4733, 1000.000000000000000 ) ;
#6535 = FACE_OUTER_BOUND ( 'NONE', #4730, .T. ) ;
#6536 = EDGE_CURVE ( 'NONE', #7632, #8678, #4650, .T. ) ;
#6537 = EDGE_LOOP ( 'NONE', ( #4397, #7256, #4806, #3046 ) ) ;
#6538 = DIRECTION ( 'NONE',  ( 0.000000000000000000, 1.000000000000000000, 0.000000000000000000 ) ) ;
#6539 = DIRECTION ( 'NONE',  ( 0.000000000000000000, 1.000000000000000000, -1.138269997360111548E-15 ) ) ;
#6540 = VECTOR ( 'NONE', #331, 1000.000000000000114 ) ;
#6541 = LINE ( 'NONE', #8553, #8463 ) ;
#6542 = ORIENTED_EDGE ( 'NONE', *, *, #5310, .T. ) ;
#6543 = DIRECTION ( 'NONE',  ( 0.000000000000000000, 1.000000000000000000, 0.000000000000000000 ) ) ;
#6544 = CARTESIAN_POINT ( 'NONE',  ( 10.16000000000000192, 7.492999999999999439, -2.501900000000000901 ) ) ;
#6545 = VECTOR ( 'NONE', #4724, 1000.000000000000000 ) ;
#6546 = VECTOR ( 'NONE', #5746, 1000.000000000000000 ) ;
#6547 = CARTESIAN_POINT ( 'NONE',  ( -1.651000000000001355, 7.048499999999997101, 0.8890000000000012337 ) ) ;
#6548 = ORIENTED_EDGE ( 'NONE', *, *, #1142, .T. ) ;
#6549 = LINE ( 'NONE', #5722, #1839 ) ;
#6550 = ORIENTED_EDGE ( 'NONE', *, *, #7702, .F. ) ;
#6551 = DIRECTION ( 'NONE',  ( 1.000000000000000000, 0.000000000000000000, 0.000000000000000000 ) ) ;
#6552 = ORIENTED_EDGE ( 'NONE', *, *, #5574, .F. ) ;
#6553 = VECTOR ( 'NONE', #8642, 1000.000000000000000 ) ;
#6554 = MECHANICAL_DESIGN_GEOMETRIC_PRESENTATION_REPRESENTATION (  '', ( #5362 ), #7901 ) ;
#6555 = DIRECTION ( 'NONE',  ( 1.000000000000000000, 0.000000000000000000, 0.000000000000000000 ) ) ;
#6556 = LINE ( 'NONE', #891, #7679 ) ;
#6557 = EDGE_CURVE ( 'NONE', #1958, #6916, #6838, .T. ) ;
#6558 = CARTESIAN_POINT ( 'NONE',  ( 11.04899999999999949, 6.222999999999998977, -0.8889999999999987912 ) ) ;
#6559 = VERTEX_POINT ( 'NONE', #4747 ) ;
#6560 = AXIS2_PLACEMENT_3D ( 'NONE', #8758, #279, #2438 ) ;
#6561 = AXIS2_PLACEMENT_3D ( 'NONE', #7193, #5805, #4489 ) ;
#6562 = VERTEX_POINT ( 'NONE', #4101 ) ;
#6563 = EDGE_CURVE ( 'NONE', #689, #7001, #3317, .T. ) ;
#6564 = CARTESIAN_POINT ( 'NONE',  ( -11.81100000000000172, 7.048499999999997989, -0.8889999999999986802 ) ) ;
#6565 = DIRECTION ( 'NONE',  ( 0.000000000000000000, 0.000000000000000000, -1.000000000000000000 ) ) ;
#6566 = VECTOR ( 'NONE', #2569, 1000.000000000000000 ) ;
#6567 = CARTESIAN_POINT ( 'NONE',  ( 3.428999999999998050, 6.222999999999998977, 1.651000000000001133 ) ) ;
#6568 = CARTESIAN_POINT ( 'NONE',  ( 1.734723475976807094E-15, 0.3809999999999992837, 2.501899999999999125 ) ) ;
#6569 = ORIENTED_EDGE ( 'NONE', *, *, #5360, .F. ) ;
#6570 = ORIENTED_EDGE ( 'NONE', *, *, #8624, .T. ) ;
#6571 = PRODUCT_DEFINITION_SHAPE ( 'NONE', 'NONE',  #9262 ) ;
#6572 = ORIENTED_EDGE ( 'NONE', *, *, #5005, .T. ) ;
#6573 = LINE ( 'NONE', #7454, #5424 ) ;
#6574 = EDGE_CURVE ( 'NONE', #2391, #8076, #6162, .T. ) ;
#6575 = DIRECTION ( 'NONE',  ( 0.000000000000000000, 0.000000000000000000, -1.000000000000000000 ) ) ;
#6576 = VERTEX_POINT ( 'NONE', #7636 ) ;
#6577 = LINE ( 'NONE', #8729, #8126 ) ;
#6578 = LINE ( 'NONE', #7460, #1684 ) ;
#6579 = DIRECTION ( 'NONE',  ( 1.000000000000000000, 0.000000000000000000, 0.000000000000000000 ) ) ;
#6580 = DIRECTION ( 'NONE',  ( 0.000000000000000000, -1.733406087350420004E-16, 1.000000000000000000 ) ) ;
#6581 = ORIENTED_EDGE ( 'NONE', *, *, #7910, .T. ) ;
#6582 = EDGE_CURVE ( 'NONE', #1137, #7854, #7588, .T. ) ;
#6583 = DIRECTION ( 'NONE',  ( 0.000000000000000000, -0.000000000000000000, -1.000000000000000000 ) ) ;
#6584 = DIRECTION ( 'NONE',  ( 0.000000000000000000, 1.422837496700139336E-15, -1.000000000000000000 ) ) ;
#6585 = AXIS2_PLACEMENT_3D ( 'NONE', #5876, #8058, #6644 ) ;
#6586 = DIRECTION ( 'NONE',  ( 0.000000000000000000, 0.000000000000000000, 1.000000000000000000 ) ) ;
#6587 = ORIENTED_EDGE ( 'NONE', *, *, #5032, .F. ) ;
#6588 = ORIENTED_EDGE ( 'NONE', *, *, #3172, .F. ) ;
#6589 = CARTESIAN_POINT ( 'NONE',  ( 12.70000000000000284, 7.492999999999998550, 0.4444999999999978413 ) ) ;
#6590 = CARTESIAN_POINT ( 'NONE',  ( -7.619999999999998330, 0.8889999999999989022, -1.984781810244995004 ) ) ;
#6591 = EDGE_LOOP ( 'NONE', ( #7301, #8651, #7178, #4248 ) ) ;
#6592 = CARTESIAN_POINT ( 'NONE',  ( 5.080000000000000959, 0.3809999999999999498, -2.501900000000000901 ) ) ;
#6593 = DIRECTION ( 'NONE',  ( 1.000000000000000000, 0.000000000000000000, 0.000000000000000000 ) ) ;
#6594 = EDGE_CURVE ( 'NONE', #2947, #4386, #5458, .T. ) ;
#6595 = LINE ( 'NONE', #7833, #7815 ) ;
#6596 = ORIENTED_EDGE ( 'NONE', *, *, #5226, .T. ) ;
#6597 = FILL_AREA_STYLE ('',( #5346 ) ) ;
#6598 = PLANE ( 'NONE',  #6585 ) ;
#6599 = EDGE_CURVE ( 'NONE', #5921, #6146, #3265, .T. ) ;
#6600 = VECTOR ( 'NONE', #6470, 1000.000000000000000 ) ;
#6601 = DIRECTION ( 'NONE',  ( -1.000000000000000000, -0.000000000000000000, -0.000000000000000000 ) ) ;
#6602 = LINE ( 'NONE', #8273, #6545 ) ;
#6603 = EDGE_CURVE ( 'NONE', #8868, #4333, #4051, .T. ) ;
#6604 = CARTESIAN_POINT ( 'NONE',  ( -11.81100000000000172, 7.048499999999997989, -0.8889999999999986802 ) ) ;
#6605 = DIRECTION ( 'NONE',  ( 1.000000000000000000, 0.000000000000000000, 0.000000000000000000 ) ) ;
#6606 = ORIENTED_EDGE ( 'NONE', *, *, #8889, .T. ) ;
#6607 = VECTOR ( 'NONE', #3956, 1000.000000000000000 ) ;
#6608 = EDGE_CURVE ( 'NONE', #9232, #1242, #6248, .T. ) ;
#6609 = DIRECTION ( 'NONE',  ( 0.000000000000000000, -1.138269997360111548E-15, -1.000000000000000000 ) ) ;
#6610 = EDGE_LOOP ( 'NONE', ( #8167, #1188, #6160, #4356 ) ) ;
#6611 = AXIS2_PLACEMENT_3D ( 'NONE', #7807, #6539, #1354 ) ;
#6612 = CARTESIAN_POINT ( 'NONE',  ( 7.175500000000001322, 7.492999999999999439, -2.501900000000000901 ) ) ;
#6613 = EDGE_LOOP ( 'NONE', ( #4648, #7481, #3878, #494 ) ) ;
#6614 = FACE_BOUND ( 'NONE', #9122, .T. ) ;
#6615 = AXIS2_PLACEMENT_3D ( 'NONE', #2189, #5920, #3684 ) ;
#6616 = LINE ( 'NONE', #4521, #6404 ) ;
#6617 = ORIENTED_EDGE ( 'NONE', *, *, #2600, .T. ) ;
#6618 = DIRECTION ( 'NONE',  ( 0.000000000000000000, 0.000000000000000000, -1.000000000000000000 ) ) ;
#6619 = EDGE_CURVE ( 'NONE', #5914, #5156, #2698, .T. ) ;
#6620 = LINE ( 'NONE', #202, #1391 ) ;
#6621 = ADVANCED_FACE ( 'NONE', ( #1989 ), #4845, .F. ) ;
#6622 = VECTOR ( 'NONE', #8137, 1000.000000000000000 ) ;
#6623 = SURFACE_SIDE_STYLE ('',( #3834 ) ) ;
#6624 = DIRECTION ( 'NONE',  ( 0.000000000000000000, -0.000000000000000000, -1.000000000000000000 ) ) ;
#6625 = EDGE_LOOP ( 'NONE', ( #1190, #1057, #2408, #6150 ) ) ;
#6626 = EDGE_CURVE ( 'NONE', #6251, #5086, #329, .T. ) ;
#6627 = LINE ( 'NONE', #5901, #994 ) ;
#6628 = DIRECTION ( 'NONE',  ( 0.000000000000000000, 1.000000000000000000, -1.138269997360111548E-15 ) ) ;
#6629 = LINE ( 'NONE', #4578, #4825 ) ;
#6630 = CARTESIAN_POINT ( 'NONE',  ( -2.539999999999998703, 0.8889999999999985691, 1.984781810244993228 ) ) ;
#6631 = ORIENTED_EDGE ( 'NONE', *, *, #7727, .T. ) ;
#6632 = ADVANCED_FACE ( 'NONE', ( #7497 ), #6787, .F. ) ;
#6633 = LINE ( 'NONE', #5379, #7364 ) ;
#6634 = ORIENTED_EDGE ( 'NONE', *, *, #6648, .F. ) ;
#6635 = CARTESIAN_POINT ( 'NONE',  ( -12.95400000000000063, 0.3809999999999993947, -2.120900000000001562 ) ) ;
#6636 = CARTESIAN_POINT ( 'NONE',  ( 12.69999999999999929, 0.3809999999999988396, 2.120899999999999785 ) ) ;
#6637 = EDGE_LOOP ( 'NONE', ( #2816, #2060, #4118, #3363 ) ) ;
#6638 = LINE ( 'NONE', #4585, #5611 ) ;
#6639 = DIRECTION ( 'NONE',  ( 0.000000000000000000, 1.224646799147353700E-16, 1.000000000000000000 ) ) ;
#6640 = DIRECTION ( 'NONE',  ( -0.000000000000000000, 1.000000000000000000, 1.092515224483717382E-16 ) ) ;
#6641 = ADVANCED_FACE ( 'NONE', ( #1381 ), #2747, .F. ) ;
#6642 = ORIENTED_EDGE ( 'NONE', *, *, #4856, .T. ) ;
#6643 = SURFACE_STYLE_FILL_AREA ( #6597 ) ;
#6644 = DIRECTION ( 'NONE',  ( 0.000000000000000000, 1.733406087350420004E-16, -1.000000000000000000 ) ) ;
#6645 = CARTESIAN_POINT ( 'NONE',  ( -2.539999999999998703, 0.000000000000000000, 0.000000000000000000 ) ) ;
#6646 = CARTESIAN_POINT ( 'NONE',  ( 6.730999999999997208, 6.222999999999998977, -0.8889999999999987912 ) ) ;
#6647 = ORIENTED_EDGE ( 'NONE', *, *, #6076, .T. ) ;
#6648 = EDGE_CURVE ( 'NONE', #5011, #1218, #5083, .T. ) ;
#6649 = DIRECTION ( 'NONE',  ( 0.000000000000000000, 0.9659258262890700886, -0.2588190451025143002 ) ) ;
#6650 = VERTEX_POINT ( 'NONE', #9129 ) ;
#6651 = PLANE ( 'NONE',  #1594 ) ;
#6652 = VERTEX_POINT ( 'NONE', #5694 ) ;
#6653 = EDGE_CURVE ( 'NONE', #6387, #2655, #8492, .T. ) ;
#6654 = DIRECTION ( 'NONE',  ( 1.000000000000000000, 0.000000000000000000, 0.000000000000000000 ) ) ;
#6655 = DIRECTION ( 'NONE',  ( 0.5773502691896273964, -0.5773502691896236216, -0.5773502691896262862 ) ) ;
#6656 = ORIENTED_EDGE ( 'NONE', *, *, #8472, .T. ) ;
#6657 = CARTESIAN_POINT ( 'NONE',  ( 0.3047999999999999599, 0.6730999999999999206, -2.387599999999999945 ) ) ;
#6658 = EDGE_CURVE ( 'NONE', #2720, #8026, #4147, .T. ) ;
#6659 = LINE ( 'NONE', #2456, #7211 ) ;
#6660 = VERTEX_POINT ( 'NONE', #9175 ) ;
#6661 = EDGE_CURVE ( 'NONE', #7753, #3766, #4988, .T. ) ;
#6662 = DIRECTION ( 'NONE',  ( 0.000000000000000000, -1.000000000000000000, 0.000000000000000000 ) ) ;
#6663 = ORIENTED_EDGE ( 'NONE', *, *, #2534, .F. ) ;
#6664 = EDGE_CURVE ( 'NONE', #4488, #6426, #7742, .T. ) ;
#6665 = ADVANCED_FACE ( 'NONE', ( #3593 ), #4196, .F. ) ;
#6666 = COLOUR_RGB ( '',0.2509803921568627416, 0.2509803921568627416, 0.2509803921568627416 ) ;
#6667 = DIRECTION ( 'NONE',  ( 0.000000000000000000, -1.733406087350420251E-16, 1.000000000000000000 ) ) ;
#6668 = CARTESIAN_POINT ( 'NONE',  ( 1.734723475976807094E-15, 0.8889999999999985691, 1.984781810244993228 ) ) ;
#6669 = CARTESIAN_POINT ( 'NONE',  ( 10.16000000000000192, 0.8889999999999985691, 1.984781810244993228 ) ) ;
#6670 = VERTEX_POINT ( 'NONE', #4944 ) ;
#6671 = VECTOR ( 'NONE', #2663, 1000.000000000000000 ) ;
#6672 = DIRECTION ( 'NONE',  ( 0.000000000000000000, 1.422837496700139336E-15, -1.000000000000000000 ) ) ;
#6674 = EDGE_LOOP ( 'NONE', ( #8363, #5136, #5888, #5900 ) ) ;
#6673 = ORIENTED_EDGE ( 'NONE', *, *, #8443, .F. ) ;
#6675 = AXIS2_PLACEMENT_3D ( 'NONE', #992, #2644, #2542 ) ;
#6676 = CARTESIAN_POINT ( 'NONE',  ( -7.619999999999998330, 7.492999999999998550, 2.095500000000003915 ) ) ;
#6677 = ORIENTED_EDGE ( 'NONE', *, *, #1497, .T. ) ;
#6678 = DIRECTION ( 'NONE',  ( 0.000000000000000000, 0.9659258262890700886, 0.2588190451025143002 ) ) ;
#6679 = VECTOR ( 'NONE', #7521, 1000.000000000000000 ) ;
#6680 = EDGE_CURVE ( 'NONE', #132, #6261, #9223, .T. ) ;
#6681 = AXIS2_PLACEMENT_3D ( 'NONE', #2731, #8427, #2078 ) ;
#6682 = FILL_AREA_STYLE ('',( #7391 ) ) ;
#6683 = DIRECTION ( 'NONE',  ( 1.000000000000000000, 0.000000000000000000, 0.000000000000000000 ) ) ;
#6684 = EDGE_LOOP ( 'NONE', ( #6782, #78, #7450, #4000 ) ) ;
#6685 = ORIENTED_EDGE ( 'NONE', *, *, #5260, .F. ) ;
#6686 = AXIS2_PLACEMENT_3D ( 'NONE', #5972, #1662, #3829 ) ;
#6687 = DIRECTION ( 'NONE',  ( 0.000000000000000000, 1.733406087350420004E-16, -1.000000000000000000 ) ) ;
#6688 = FACE_OUTER_BOUND ( 'NONE', #3367, .T. ) ;
#6689 = FACE_OUTER_BOUND ( 'NONE', #1007, .T. ) ;
#6690 = ORIENTED_EDGE ( 'NONE', *, *, #1128, .T. ) ;
#6691 = CARTESIAN_POINT ( 'NONE',  ( -3.429000000000003379, 6.222999999999998977, -1.650999999999998913 ) ) ;
#6692 = VERTEX_POINT ( 'NONE', #3549 ) ;
#6693 = CARTESIAN_POINT ( 'NONE',  ( 11.04899999999999949, 6.222999999999998977, -1.650999999999998913 ) ) ;
#6694 = ORIENTED_EDGE ( 'NONE', *, *, #7790, .T. ) ;
#6695 = VECTOR ( 'NONE', #4094, 1000.000000000000000 ) ;
#6696 = DIRECTION ( 'NONE',  ( 0.000000000000000000, -0.9659258262890699775, -0.2588190451025143002 ) ) ;
#6697 = ORIENTED_EDGE ( 'NONE', *, *, #6977, .T. ) ;
#6698 = CARTESIAN_POINT ( 'NONE',  ( 12.70000000000000284, 0.8889999999999985691, 1.984781810244993228 ) ) ;
#6699 = DIRECTION ( 'NONE',  ( -0.000000000000000000, 1.000000000000000000, 1.733406087350420004E-16 ) ) ;
#6700 = ADVANCED_FACE ( 'NONE', ( #2891 ), #8533, .F. ) ;
#6701 = LINE ( 'NONE', #2502, #7900 ) ;
#6702 = VERTEX_POINT ( 'NONE', #7838 ) ;
#6703 = DIRECTION ( 'NONE',  ( 0.000000000000000000, -1.733406087350420004E-16, 1.000000000000000000 ) ) ;
#6704 = ORIENTED_EDGE ( 'NONE', *, *, #3372, .T. ) ;
#6705 = CARTESIAN_POINT ( 'NONE',  ( 7.620000000000001883, 0.3809999999999988396, 2.120899999999999785 ) ) ;
#6706 = ITEM_DEFINED_TRANSFORMATION ( 'NONE', 'NONE', #880,  #4760 ) ;
#6707 = LINE ( 'NONE', #1055, #7865 ) ;
#6708 = VERTEX_POINT ( 'NONE', #3635 ) ;
#6709 = DIRECTION ( 'NONE',  ( 0.000000000000000000, -1.000000000000000000, -1.733406087350420497E-16 ) ) ;
#6710 = PRODUCT_DEFINITION_SHAPE ( 'NONE', 'NONE',  #9256 ) ;
#6711 = LINE ( 'NONE', #8820, #1465 ) ;
#6712 = FACE_OUTER_BOUND ( 'NONE', #7973, .T. ) ;
#6713 = ORIENTED_EDGE ( 'NONE', *, *, #6088, .F. ) ;
#6714 = DIRECTION ( 'NONE',  ( 0.000000000000000000, -1.000000000000000000, -1.733406087350420004E-16 ) ) ;
#6715 = ORIENTED_EDGE ( 'NONE', *, *, #5298, .F. ) ;
#6716 = CARTESIAN_POINT ( 'NONE',  ( 10.16000000000000192, 0.8889999999999985691, 1.984781810244993228 ) ) ;
#6717 = VERTEX_POINT ( 'NONE', #672 ) ;
#6718 = AXIS2_PLACEMENT_3D ( 'NONE', #2622, #4921, #5630 ) ;
#6719 = LINE ( 'NONE', #6816, #3446 ) ;
#6720 = PLANE ( 'NONE',  #6770 ) ;
#6721 = EDGE_LOOP ( 'NONE', ( #7401, #5908, #8313, #1359 ) ) ;
#6722 = PLANE ( 'NONE',  #2607 ) ;
#6723 = FACE_OUTER_BOUND ( 'NONE', #4271, .T. ) ;
#6724 = ORIENTED_EDGE ( 'NONE', *, *, #1697, .T. ) ;
#6725 = PLANE ( 'NONE',  #3501 ) ;
#6726 = EDGE_LOOP ( 'NONE', ( #2960, #2278, #101, #1918 ) ) ;
#6727 = DIRECTION ( 'NONE',  ( -0.000000000000000000, -1.000000000000000000, 0.000000000000000000 ) ) ;
#6728 = EDGE_CURVE ( 'NONE', #9199, #5229, #8442, .T. ) ;
#6729 = LINE ( 'NONE', #231, #4439 ) ;
#6730 = DIRECTION ( 'NONE',  ( -0.000000000000000000, 1.000000000000000000, 1.422837496700138942E-15 ) ) ;
#6731 = CARTESIAN_POINT ( 'NONE',  ( 3.936999999999995836, 6.794499999999999318, -1.396999999999998243 ) ) ;
#6732 = AXIS2_PLACEMENT_3D ( 'NONE', #3673, #4363, #2177 ) ;
#6733 = ORIENTED_EDGE ( 'NONE', *, *, #6231, .F. ) ;
#6734 = LINE ( 'NONE', #5307, #2093 ) ;
#6735 = ORIENTED_EDGE ( 'NONE', *, *, #1036, .F. ) ;
#6736 = LINE ( 'NONE', #6058, #1461 ) ;
#6737 = ORIENTED_EDGE ( 'NONE', *, *, #5447, .F. ) ;
#6738 = DIRECTION ( 'NONE',  ( 0.000000000000000000, 0.000000000000000000, -1.000000000000000000 ) ) ;
#6739 = EDGE_CURVE ( 'NONE', #7322, #5702, #8583, .T. ) ;
#6740 = AXIS2_PLACEMENT_3D ( 'NONE', #979, #3851, #6683 ) ;
#6741 = DIRECTION ( 'NONE',  ( 0.000000000000000000, 0.9659258262890700886, -0.2588190451025143002 ) ) ;
#6742 = VERTEX_POINT ( 'NONE', #2939 ) ;
#6743 = DIRECTION ( 'NONE',  ( 0.000000000000000000, 0.000000000000000000, -1.000000000000000000 ) ) ;
#6744 = CARTESIAN_POINT ( 'NONE',  ( -6.223000000000003418, 6.794499999999997542, 1.397000000000001130 ) ) ;
#6745 = DIRECTION ( 'NONE',  ( 0.5773502691896270633, 0.5773502691896240657, -0.5773502691896261751 ) ) ;
#6746 = VECTOR ( 'NONE', #4728, 1000.000000000000000 ) ;
#6747 = ORIENTED_EDGE ( 'NONE', *, *, #5063, .T. ) ;
#6748 = CARTESIAN_POINT ( 'NONE',  ( -12.25550000000000672, 7.492999999999999439, -2.501900000000000901 ) ) ;
#6749 = DIRECTION ( 'NONE',  ( 0.000000000000000000, 0.9659258262890700886, -0.2588190451025143002 ) ) ;
#6750 = ORIENTED_EDGE ( 'NONE', *, *, #7910, .F. ) ;
#6751 = ITEM_DEFINED_TRANSFORMATION ( 'NONE', 'NONE', #2851,  #4760 ) ;
#6752 = VERTEX_POINT ( 'NONE', #7881 ) ;
#6753 = VECTOR ( 'NONE', #6780, 1000.000000000000000 ) ;
#6754 = CARTESIAN_POINT ( 'NONE',  ( 3.428999999999998050, 6.222999999999998977, 0.8890000000000011227 ) ) ;
#6755 = DIRECTION ( 'NONE',  ( -1.000000000000000000, 0.000000000000000000, 0.000000000000000000 ) ) ;
#6756 = VECTOR ( 'NONE', #51, 1000.000000000000000 ) ;
#6757 = COLOUR_RGB ( '',0.2509803921568627416, 0.2509803921568627416, 0.2509803921568627416 ) ;
#6758 = DIRECTION ( 'NONE',  ( -1.000000000000000000, -0.000000000000000000, -0.000000000000000000 ) ) ;
#6759 = ORIENTED_EDGE ( 'NONE', *, *, #554, .T. ) ;
#6760 = FACE_OUTER_BOUND ( 'NONE', #6637, .T. ) ;
#6761 = VERTEX_POINT ( 'NONE', #2042 ) ;
#6762 = FACE_OUTER_BOUND ( 'NONE', #7904, .T. ) ;
#6763 = ORIENTED_EDGE ( 'NONE', *, *, #6889, .F. ) ;
#6764 = LINE ( 'NONE', #4500, #207 ) ;
#6765 = EDGE_CURVE ( 'NONE', #4990, #1164, #1469, .T. ) ;
#6766 = DIRECTION ( 'NONE',  ( 0.000000000000000000, 1.733406087350420004E-16, -1.000000000000000000 ) ) ;
#6767 = DIRECTION ( 'NONE',  ( -0.5773502691896270633, 0.5773502691896240657, -0.5773502691896261751 ) ) ;
#6768 = DIRECTION ( 'NONE',  ( 0.000000000000000000, 1.224646799147354686E-16, -1.000000000000000000 ) ) ;
#6769 = ORIENTED_EDGE ( 'NONE', *, *, #5904, .F. ) ;
#6770 = AXIS2_PLACEMENT_3D ( 'NONE', #930, #3806, #6678 ) ;
#6771 = CARTESIAN_POINT ( 'NONE',  ( 0.8889999999999991243, 7.048499999999997101, 0.8890000000000012337 ) ) ;
#6772 = ORIENTED_EDGE ( 'NONE', *, *, #1008, .T. ) ;
#6773 = LINE ( 'NONE', #4830, #1069 ) ;
#6774 = SURFACE_STYLE_FILL_AREA ( #3987 ) ;
#6775 = EDGE_CURVE ( 'NONE', #1534, #3607, #4329, .T. ) ;
#6776 = FACE_OUTER_BOUND ( 'NONE', #6021, .T. ) ;
#6777 = EDGE_CURVE ( 'NONE', #5521, #8318, #2228, .T. ) ;
#6778 = VECTOR ( 'NONE', #2706, 1000.000000000000114 ) ;
#6779 = LINE ( 'NONE', #6982, #3139 ) ;
#6780 = DIRECTION ( 'NONE',  ( -0.000000000000000000, 1.000000000000000000, 1.733406087350420004E-16 ) ) ;
#6781 = CARTESIAN_POINT ( 'NONE',  ( -4.635500000000005727, 7.492999999999999439, -2.095500000000001695 ) ) ;
#6782 = ORIENTED_EDGE ( 'NONE', *, *, #5260, .T. ) ;
#6783 = DIRECTION ( 'NONE',  ( 0.000000000000000000, -1.000000000000000000, 0.000000000000000000 ) ) ;
#6784 = EDGE_CURVE ( 'NONE', #4957, #597, #4895, .T. ) ;
#6785 = CYLINDRICAL_SURFACE ( 'NONE', #3984, 0.4191000000000003611 ) ;
#6786 = LINE ( 'NONE', #3996, #2857 ) ;
#6787 = PLANE ( 'NONE',  #2425 ) ;
#6788 = EDGE_CURVE ( 'NONE', #8741, #2940, #2984, .T. ) ;
#6789 = VECTOR ( 'NONE', #4436, 1000.000000000000000 ) ;
#6790 = PLANE ( 'NONE',  #9062 ) ;
#6791 = ORIENTED_EDGE ( 'NONE', *, *, #1375, .T. ) ;
#6792 = EDGE_CURVE ( 'NONE', #8488, #833, #8010, .T. ) ;
#6793 = DIRECTION ( 'NONE',  ( -1.000000000000000000, -0.000000000000000000, -0.000000000000000000 ) ) ;
#6794 = ORIENTED_EDGE ( 'NONE', *, *, #5048, .T. ) ;
#6795 = LINE ( 'NONE', #1102, #62 ) ;
#6796 = ADVANCED_FACE ( 'NONE', ( #95 ), #2395, .F. ) ;
#6797 = ORIENTED_EDGE ( 'NONE', *, *, #5650, .T. ) ;
#6798 = EDGE_LOOP ( 'NONE', ( #4995, #181, #3753, #5312 ) ) ;
#6799 = LINE ( 'NONE', #1716, #8294 ) ;
#6800 = ORIENTED_EDGE ( 'NONE', *, *, #2226, .F. ) ;
#6801 = CARTESIAN_POINT ( 'NONE',  ( 10.60449999999999626, 7.492999999999999439, -2.095500000000001695 ) ) ;
#6802 = ADVANCED_FACE ( 'NONE', ( #6520 ), #2315, .F. ) ;
#6803 = CARTESIAN_POINT ( 'NONE',  ( -11.81100000000000172, 6.222999999999998977, 1.651000000000001133 ) ) ;
#6804 = EDGE_CURVE ( 'NONE', #8678, #764, #5218, .T. ) ;
#6805 = ADVANCED_FACE ( 'NONE', ( #4552 ), #986, .F. ) ;
#6806 = DIRECTION ( 'NONE',  ( 0.000000000000000000, -1.733406087350420004E-16, 1.000000000000000000 ) ) ;
#6807 = AXIS2_PLACEMENT_3D ( 'NONE', #7045, #5792, #2241 ) ;
#6808 = CARTESIAN_POINT ( 'NONE',  ( 0.3047999999999999599, 1.275347176632053740E-16, -2.387599999999999945 ) ) ;
#6809 = FACE_OUTER_BOUND ( 'NONE', #7250, .T. ) ;
#6810 = ORIENTED_EDGE ( 'NONE', *, *, #306, .F. ) ;
#6811 = DIRECTION ( 'NONE',  ( 0.000000000000000000, -1.733406087350420004E-16, 1.000000000000000000 ) ) ;
#6812 = EDGE_LOOP ( 'NONE', ( #5357, #3390, #7414, #3103 ) ) ;
#6813 = CARTESIAN_POINT ( 'NONE',  ( 0.8889999999999991243, 6.222999999999998977, 1.651000000000001133 ) ) ;
#6814 = DIRECTION ( 'NONE',  ( -0.000000000000000000, -0.7071067811865491270, -0.7071067811865460184 ) ) ;
#6815 = ORIENTED_EDGE ( 'NONE', *, *, #8262, .F. ) ;
#6816 = CARTESIAN_POINT ( 'NONE',  ( 1.396999999999997133, 6.794499999999999318, -1.142999999999999572 ) ) ;
#6817 = LINE ( 'NONE', #3244, #7098 ) ;
#6818 = ADVANCED_FACE ( 'NONE', ( #8711 ), #1608, .F. ) ;
#6819 = VECTOR ( 'NONE', #2415, 1000.000000000000000 ) ;
#6820 = DIRECTION ( 'NONE',  ( 1.000000000000000000, 0.000000000000000000, 0.000000000000000000 ) ) ;
#6821 = DIRECTION ( 'NONE',  ( -0.000000000000000000, 1.000000000000000000, 1.733406087350420004E-16 ) ) ;
#6822 = ORIENTED_EDGE ( 'NONE', *, *, #945, .T. ) ;
#6823 = DIRECTION ( 'NONE',  ( -1.000000000000000000, 0.000000000000000000, 0.000000000000000000 ) ) ;
#6824 = ORIENTED_EDGE ( 'NONE', *, *, #7517, .T. ) ;
#6825 = CARTESIAN_POINT ( 'NONE',  ( 2.540000000000000036, 6.222999999999998977, -2.201425730935033664E-16 ) ) ;
#6826 = LINE ( 'NONE', #9067, #701 ) ;
#6827 = VECTOR ( 'NONE', #6699, 1000.000000000000000 ) ;
#6828 = VECTOR ( 'NONE', #152, 1000.000000000000000 ) ;
#6829 = CARTESIAN_POINT ( 'NONE',  ( -0.3047999999999999599, 0.6731000000000003647, 1.714499999999999913 ) ) ;
#6830 = DIRECTION ( 'NONE',  ( 0.000000000000000000, -1.138269997360111548E-15, -1.000000000000000000 ) ) ;
#6831 = CARTESIAN_POINT ( 'NONE',  ( -6.731000000000001648, 7.048499999999997989, -0.8889999999999986802 ) ) ;
#6832 = EDGE_LOOP ( 'NONE', ( #7835, #20, #3165, #7142 ) ) ;
#6833 = VECTOR ( 'NONE', #6766, 1000.000000000000000 ) ;
#6834 = FACE_OUTER_BOUND ( 'NONE', #4556, .T. ) ;
#6835 = EDGE_LOOP ( 'NONE', ( #1542, #8578, #5264, #2833 ) ) ;
#6836 = CARTESIAN_POINT ( 'NONE',  ( -4.191000000000001613, 6.222999999999998977, 0.8890000000000011227 ) ) ;
#6837 = ORIENTED_EDGE ( 'NONE', *, *, #895, .F. ) ;
#6838 = LINE ( 'NONE', #4795, #1081 ) ;
#6839 = VECTOR ( 'NONE', #8458, 1000.000000000000000 ) ;
#6840 = CARTESIAN_POINT ( 'NONE',  ( -3.937000000000001165, 6.794499999999999318, -1.396999999999998243 ) ) ;
#6841 = ORIENTED_EDGE ( 'NONE', *, *, #1281, .T. ) ;
#6842 = ORIENTED_EDGE ( 'NONE', *, *, #4246, .F. ) ;
#6843 = ADVANCED_FACE ( 'NONE', ( #8669 ), #3769, .F. ) ;
#6844 = DIRECTION ( 'NONE',  ( -0.7071067811865452413, -0.7071067811865499042, -1.225703198915527072E-16 ) ) ;
#6845 = AXIS2_PLACEMENT_3D ( 'NONE', #4288, #7130, #1383 ) ;
#6846 = ADVANCED_FACE ( 'NONE', ( #6689 ), #4509, .F. ) ;
#6847 = ORIENTED_EDGE ( 'NONE', *, *, #3847, .F. ) ;
#6848 = CONTEXT_DEPENDENT_SHAPE_REPRESENTATION ( #4198, #142 ) ;
#6849 = CARTESIAN_POINT ( 'NONE',  ( 9.270999999999997243, 6.222999999999998977, 0.8890000000000011227 ) ) ;
#6850 = ORIENTED_EDGE ( 'NONE', *, *, #4311, .F. ) ;
#6851 = ADVANCED_FACE ( 'NONE', ( #5304 ), #3723, .F. ) ;
#6852 = VERTEX_POINT ( 'NONE', #2273 ) ;
#6853 = CARTESIAN_POINT ( 'NONE',  ( 12.25550000000000317, 7.492999999999998550, 0.4444999999999979523 ) ) ;
#6854 = AXIS2_PLACEMENT_3D ( 'NONE', #5230, #6013, #7932 ) ;
#6855 = CARTESIAN_POINT ( 'NONE',  ( -4.191000000000001613, 7.048499999999997989, -0.8889999999999986802 ) ) ;
#6856 = CARTESIAN_POINT ( 'NONE',  ( 1.143000000000000016, 6.794499999999999318, -1.396999999999998243 ) ) ;
#6857 = LINE ( 'NONE', #8461, #5798 ) ;
#6858 = ORIENTED_EDGE ( 'NONE', *, *, #8531, .F. ) ;
#6859 = ORIENTED_EDGE ( 'NONE', *, *, #8782, .T. ) ;
#6860 = CARTESIAN_POINT ( 'NONE',  ( -12.95400000000000063, 0.3809999999999992837, 2.501899999999999125 ) ) ;
#6861 = EDGE_CURVE ( 'NONE', #9064, #2821, #1514, .T. ) ;
#6862 = FACE_OUTER_BOUND ( 'NONE', #8266, .T. ) ;
#6863 = ORIENTED_EDGE ( 'NONE', *, *, #6739, .F. ) ;
#6864 = CARTESIAN_POINT ( 'NONE',  ( 11.04899999999999949, 6.222999999999998977, 1.651000000000001133 ) ) ;
#6865 = CARTESIAN_POINT ( 'NONE',  ( 11.30300000000000082, 6.794499999999999318, -1.396999999999998243 ) ) ;
#6866 = DIRECTION ( 'NONE',  ( 0.000000000000000000, -1.092515224483717628E-16, 1.000000000000000000 ) ) ;
#6867 = DIRECTION ( 'NONE',  ( 0.000000000000000000, -0.9659258262890700886, 0.2588190451025143002 ) ) ;
#6868 = CARTESIAN_POINT ( 'NONE',  ( -6.731000000000001648, 7.048499999999997101, 0.8890000000000012337 ) ) ;
#6869 = EDGE_LOOP ( 'NONE', ( #4203, #2207, #6858, #1925 ) ) ;
#6870 = CARTESIAN_POINT ( 'NONE',  ( 1.650999999999998025, 7.048499999999997101, 1.651000000000001355 ) ) ;
#6871 = ORIENTED_EDGE ( 'NONE', *, *, #2331, .F. ) ;
#6872 = CARTESIAN_POINT ( 'NONE',  ( -12.69999999999999929, 0.8889999999999989022, -1.984781810244995004 ) ) ;
#6873 = VECTOR ( 'NONE', #7880, 1000.000000000000000 ) ;
#6874 = FACE_OUTER_BOUND ( 'NONE', #4274, .T. ) ;
#6875 = ADVANCED_FACE ( 'NONE', ( #7214 ), #801, .T. ) ;
#6876 = CARTESIAN_POINT ( 'NONE',  ( 5.080000000000000071, 6.222999999999998977, -2.201425730935033664E-16 ) ) ;
#6877 = FACE_OUTER_BOUND ( 'NONE', #7541, .T. ) ;
#6878 = ORIENTED_EDGE ( 'NONE', *, *, #7050, .F. ) ;
#6879 = LINE ( 'NONE', #512, #2382 ) ;
#6880 = FILL_AREA_STYLE ('',( #6292 ) ) ;
#6881 = ORIENTED_EDGE ( 'NONE', *, *, #3327, .F. ) ;
#6882 = PLANE ( 'NONE',  #4001 ) ;
#6883 = EDGE_LOOP ( 'NONE', ( #4049, #8826, #6912, #4604 ) ) ;
#6884 = ADVANCED_FACE ( 'NONE', ( #5918 ), #1560, .F. ) ;
#6885 = DIRECTION ( 'NONE',  ( -0.7071067811865456854, -0.7071067811865494601, -1.225703198915526333E-16 ) ) ;
#6886 = ORIENTED_EDGE ( 'NONE', *, *, #1803, .F. ) ;
#6887 = VECTOR ( 'NONE', #8404, 1000.000000000000000 ) ;
#6888 = DIRECTION ( 'NONE',  ( -1.000000000000000000, 0.000000000000000000, 0.000000000000000000 ) ) ;
#6889 = EDGE_CURVE ( 'NONE', #427, #3799, #2349, .T. ) ;
#6890 = UNCERTAINTY_MEASURE_WITH_UNIT (LENGTH_MEASURE( 1.000000000000000082E-05 ), #4361, 'distance_accuracy_value', 'NONE');
#6891 = DIRECTION ( 'NONE',  ( 0.5773502691896270633, 0.5773502691896240657, -0.5773502691896261751 ) ) ;
#6892 = ORIENTED_EDGE ( 'NONE', *, *, #1235, .F. ) ;
#6893 = UNCERTAINTY_MEASURE_WITH_UNIT (LENGTH_MEASURE( 1.000000000000000082E-05 ), #4918, 'distance_accuracy_value', 'NONE');
#6894 = DIRECTION ( 'NONE',  ( 0.000000000000000000, 1.733406087350420004E-16, -1.000000000000000000 ) ) ;
#6895 = ORIENTED_EDGE ( 'NONE', *, *, #570, .T. ) ;
#6896 = DIRECTION ( 'NONE',  ( 1.000000000000000000, 0.000000000000000000, 0.000000000000000000 ) ) ;
#6897 = VECTOR ( 'NONE', #6727, 1000.000000000000000 ) ;
#6898 = ORIENTED_EDGE ( 'NONE', *, *, #4438, .F. ) ;
#6899 = ITEM_DEFINED_TRANSFORMATION ( 'NONE', 'NONE', #1633,  #4760 ) ;
#6900 = ORIENTED_EDGE ( 'NONE', *, *, #4908, .T. ) ;
#6901 = EDGE_CURVE ( 'NONE', #3555, #8298, #8059, .T. ) ;
#6902 = VECTOR ( 'NONE', #7820, 1000.000000000000000 ) ;
#6903 = PLANE ( 'NONE',  #1905 ) ;
#6904 = ADVANCED_FACE ( 'NONE', ( #6776 ), #7529, .F. ) ;
#6905 = CARTESIAN_POINT ( 'NONE',  ( 11.81099999999999817, 6.222999999999998977, -1.650999999999998913 ) ) ;
#6906 = ADVANCED_FACE ( 'NONE', ( #4092, #2540, #3214 ), #3945, .F. ) ;
#6907 = VERTEX_POINT ( 'NONE', #2637 ) ;
#6908 = CARTESIAN_POINT ( 'NONE',  ( -5.079999999999998295, 0.8889999999999989022, -1.984781810244995004 ) ) ;
#6909 = LINE ( 'NONE', #1957, #5340 ) ;
#6910 = ORIENTED_EDGE ( 'NONE', *, *, #1813, .F. ) ;
#6911 = CARTESIAN_POINT ( 'NONE',  ( 7.620000000000001883, 7.492999999999998550, 2.095500000000003915 ) ) ;
#6912 = ORIENTED_EDGE ( 'NONE', *, *, #921, .F. ) ;
#6913 = AXIS2_PLACEMENT_3D ( 'NONE', #7983, #8731, #1577 ) ;
#6914 = CARTESIAN_POINT ( 'NONE',  ( 9.715500000000002245, 7.492999999999999439, -2.501900000000000901 ) ) ;
#6915 = DIRECTION ( 'NONE',  ( -1.000000000000000000, -0.000000000000000000, -0.000000000000000000 ) ) ;
#6916 = VERTEX_POINT ( 'NONE', #7625 ) ;
#6917 = DIRECTION ( 'NONE',  ( -1.000000000000000000, 0.000000000000000000, 0.000000000000000000 ) ) ;
#6918 = FACE_OUTER_BOUND ( 'NONE', #1019, .T. ) ;
#6919 = CARTESIAN_POINT ( 'NONE',  ( -8.064499999999998892, 7.492999999999999439, -2.095500000000001695 ) ) ;
#6920 = EDGE_CURVE ( 'NONE', #7201, #4374, #3988, .T. ) ;
#6921 = VECTOR ( 'NONE', #8314, 1000.000000000000000 ) ;
#6922 = DIRECTION ( 'NONE',  ( 0.000000000000000000, 2.082201214683127315E-16, 1.000000000000000000 ) ) ;
#6923 = LINE ( 'NONE', #4878, #1236 ) ;
#6924 = ORIENTED_EDGE ( 'NONE', *, *, #107, .T. ) ;
#6925 = PLANE ( 'NONE',  #6327 ) ;
#6926 = VERTEX_POINT ( 'NONE', #6829 ) ;
#6927 = DIRECTION ( 'NONE',  ( 1.000000000000000000, 0.000000000000000000, 0.000000000000000000 ) ) ;
#6928 = CARTESIAN_POINT ( 'NONE',  ( 1.734723475976807094E-15, 0.3809999999999993947, -2.120900000000001562 ) ) ;
#6929 = MECHANICAL_DESIGN_GEOMETRIC_PRESENTATION_REPRESENTATION (  '', ( #2597 ), #2928 ) ;
#6930 = CARTESIAN_POINT ( 'NONE',  ( -10.15999999999999837, 0.8889999999999985691, 1.984781810244993228 ) ) ;
#6931 = DIRECTION ( 'NONE',  ( 0.000000000000000000, 0.000000000000000000, 1.000000000000000000 ) ) ;
#6932 = ADVANCED_FACE ( 'NONE', ( #509 ), #2585, .F. ) ;
#6933 = EDGE_CURVE ( 'NONE', #5515, #1728, #3901, .T. ) ;
#6934 = CARTESIAN_POINT ( 'NONE',  ( -2.539999999999998703, 0.8889999999999989022, -1.984781810244995004 ) ) ;
#6935 = AXIS2_PLACEMENT_3D ( 'NONE', #117, #4432, #7276 ) ;
#6936 = CARTESIAN_POINT ( 'NONE',  ( 11.81099999999999817, 6.222999999999998977, 1.651000000000001133 ) ) ;
#6937 = ORIENTED_EDGE ( 'NONE', *, *, #2763, .F. ) ;
#6938 = FACE_OUTER_BOUND ( 'NONE', #4250, .T. ) ;
#6939 = CARTESIAN_POINT ( 'NONE',  ( -11.04900000000000304, 6.222999999999998977, 0.8890000000000011227 ) ) ;
#6940 = LINE ( 'NONE', #5554, #8768 ) ;
#6941 = ORIENTED_EDGE ( 'NONE', *, *, #7456, .T. ) ;
#6942 = DIRECTION ( 'NONE',  ( 0.5773502691896273964, 0.5773502691896237327, -0.5773502691896261751 ) ) ;
#6943 = AXIS2_PLACEMENT_3D ( 'NONE', #1376, #666, #5732 ) ;
#6944 = CARTESIAN_POINT ( 'NONE',  ( -12.69999999999999929, 0.8889999999999985691, 1.984781810244993228 ) ) ;
#6945 = ORIENTED_EDGE ( 'NONE', *, *, #752, .F. ) ;
#6946 = DIRECTION ( 'NONE',  ( -1.000000000000000000, -0.000000000000000000, -0.000000000000000000 ) ) ;
#6947 = VECTOR ( 'NONE', #3435, 1000.000000000000000 ) ;
#6948 = EDGE_LOOP ( 'NONE', ( #623, #941, #5380, #5110 ) ) ;
#6949 = CARTESIAN_POINT ( 'NONE',  ( 0.8889999999999991243, 6.222999999999998977, 0.8890000000000011227 ) ) ;
#6950 = ORIENTED_EDGE ( 'NONE', *, *, #7520, .F. ) ;
#6951 = CARTESIAN_POINT ( 'NONE',  ( -9.271000000000000796, 6.222999999999998977, 1.651000000000001133 ) ) ;
#6952 = AXIS2_PLACEMENT_3D ( 'NONE', #4040, #4093, #2032 ) ;
#6953 = LINE ( 'NONE', #1204, #7886 ) ;
#6954 = EDGE_CURVE ( 'NONE', #3557, #971, #6153, .T. ) ;
#6955 = DIRECTION ( 'NONE',  ( -0.000000000000000000, 1.000000000000000000, 1.733406087350420004E-16 ) ) ;
#6956 = VERTEX_POINT ( 'NONE', #5393 ) ;
#6957 = CARTESIAN_POINT ( 'NONE',  ( 1.650999999999998025, 7.048499999999997101, 1.651000000000001355 ) ) ;
#6958 = EDGE_LOOP ( 'NONE', ( #6205, #8520, #3271, #2756 ) ) ;
#6959 = VECTOR ( 'NONE', #2156, 1000.000000000000114 ) ;
#6960 = ADVANCED_FACE ( 'NONE', ( #5496 ), #7485, .F. ) ;
#6961 = ORIENTED_EDGE ( 'NONE', *, *, #6004, .F. ) ;
#6962 = PLANE ( 'NONE',  #2231 ) ;
#6963 = CARTESIAN_POINT ( 'NONE',  ( 4.190999999999997172, 7.048499999999997989, -0.8889999999999986802 ) ) ;
#6964 = ORIENTED_EDGE ( 'NONE', *, *, #7993, .T. ) ;
#6965 = CARTESIAN_POINT ( 'NONE',  ( 3.428999999999998050, 6.222999999999998977, 0.8890000000000011227 ) ) ;
#6966 = CARTESIAN_POINT ( 'NONE',  ( 8.508999999999998565, 7.048499999999997989, -0.8889999999999986802 ) ) ;
#6967 = DIRECTION ( 'NONE',  ( 0.000000000000000000, 1.000000000000000000, 1.733406087350420004E-16 ) ) ;
#6968 = CARTESIAN_POINT ( 'NONE',  ( 1.650999999999998025, 6.222999999999998977, 1.651000000000001133 ) ) ;
#6969 = EDGE_LOOP ( 'NONE', ( #6392, #5758, #8550, #6041 ) ) ;
#6970 = EDGE_CURVE ( 'NONE', #4581, #2696, #8976, .T. ) ;
#6971 = VECTOR ( 'NONE', #6500, 1000.000000000000000 ) ;
#6972 = CARTESIAN_POINT ( 'NONE',  ( 10.16000000000000192, 0.3809999999999999498, -2.501900000000000901 ) ) ;
#6973 = ORIENTED_EDGE ( 'NONE', *, *, #4230, .F. ) ;
#6974 = DIRECTION ( 'NONE',  ( 0.000000000000000000, -0.9659258262890700886, 0.2588190451025143002 ) ) ;
#6975 = EDGE_CURVE ( 'NONE', #8031, #454, #8931, .T. ) ;
#6976 = LINE ( 'NONE', #2636, #7418 ) ;
#6977 = EDGE_CURVE ( 'NONE', #1848, #282, #8283, .T. ) ;
#6978 = CARTESIAN_POINT ( 'NONE',  ( 5.080000000000000959, 7.492999999999999439, -2.501900000000000901 ) ) ;
#6979 = DIRECTION ( 'NONE',  ( -1.000000000000000000, 0.000000000000000000, 0.000000000000000000 ) ) ;
#6980 = VECTOR ( 'NONE', #3095, 1000.000000000000000 ) ;
#6981 = EDGE_CURVE ( 'NONE', #4172, #3566, #1833, .T. ) ;
#6982 = CARTESIAN_POINT ( 'NONE',  ( 12.70000000000000284, 7.492999999999999439, -2.095500000000001695 ) ) ;
#6983 = PLANE ( 'NONE',  #5597 ) ;
#6984 = LINE ( 'NONE', #4144, #4707 ) ;
#6985 = ORIENTED_EDGE ( 'NONE', *, *, #535, .T. ) ;
#6986 = AXIS2_PLACEMENT_3D ( 'NONE', #434, #1953, #9001 ) ;
#6987 = ADVANCED_FACE ( 'NONE', ( #3347 ), #6238, .F. ) ;
#6988 = VECTOR ( 'NONE', #4741, 1000.000000000000000 ) ;
#6989 = DIRECTION ( 'NONE',  ( -0.000000000000000000, 1.000000000000000000, 1.733406087350420004E-16 ) ) ;
#6990 = CARTESIAN_POINT ( 'NONE',  ( -5.079999999999998295, 7.492999999999998550, 2.501900000000000901 ) ) ;
#6991 = UNCERTAINTY_MEASURE_WITH_UNIT (LENGTH_MEASURE( 1.000000000000000082E-05 ), #6165, 'distance_accuracy_value', 'NONE');
#6992 = LINE ( 'NONE', #8295, #246 ) ;
#6993 = AXIS2_PLACEMENT_3D ( 'NONE', #5902, #8654, #8692 ) ;
#6994 = ORIENTED_EDGE ( 'NONE', *, *, #684, .T. ) ;
#6995 = VECTOR ( 'NONE', #3707, 1000.000000000000000 ) ;
#6996 = CARTESIAN_POINT ( 'NONE',  ( 0.3047999999999999599, 0.8890000000000000124, 1.714499999999999913 ) ) ;
#6997 = ORIENTED_EDGE ( 'NONE', *, *, #5031, .T. ) ;
#6998 = LINE ( 'NONE', #9132, #5619 ) ;
#6999 = ORIENTED_EDGE ( 'NONE', *, *, #1748, .F. ) ;
#7000 = VECTOR ( 'NONE', #2812, 1000.000000000000000 ) ;
#7001 = VERTEX_POINT ( 'NONE', #6053 ) ;
#7002 = PRESENTATION_LAYER_ASSIGNMENT (  '', '', ( #5362 ) ) ;
#7003 = EDGE_CURVE ( 'NONE', #2774, #3889, #4686, .T. ) ;
#7004 = DIRECTION ( 'NONE',  ( 0.000000000000000000, -1.000000000000000000, 0.000000000000000000 ) ) ;
#7005 = CARTESIAN_POINT ( 'NONE',  ( 1.734723475976807094E-15, 0.3809999999999999498, -2.501900000000000901 ) ) ;
#7006 = ORIENTED_EDGE ( 'NONE', *, *, #3145, .F. ) ;
#7007 = VECTOR ( 'NONE', #9118, 1000.000000000000114 ) ;
#7008 = AXIS2_PLACEMENT_3D ( 'NONE', #4527, #2295, #203 ) ;
#7009 = FACE_OUTER_BOUND ( 'NONE', #3450, .T. ) ;
#7010 = DIRECTION ( 'NONE',  ( -0.000000000000000000, 1.000000000000000000, 1.733406087350420004E-16 ) ) ;
#7011 = ORIENTED_EDGE ( 'NONE', *, *, #195, .T. ) ;
#7012 = ORIENTED_EDGE ( 'NONE', *, *, #5719, .T. ) ;
#7013 = DIRECTION ( 'NONE',  ( 0.000000000000000000, 0.2588190451025142447, 0.9659258262890700886 ) ) ;
#7014 = FACE_OUTER_BOUND ( 'NONE', #2460, .T. ) ;
#7015 = ORIENTED_EDGE ( 'NONE', *, *, #7717, .F. ) ;
#7016 = ADVANCED_FACE ( 'NONE', ( #1933 ), #1791, .F. ) ;
#7017 = PLANE ( 'NONE',  #8540 ) ;
#7018 = VECTOR ( 'NONE', #7019, 1000.000000000000114 ) ;
#7019 = DIRECTION ( 'NONE',  ( -0.5773502691896273964, 0.5773502691896237327, -0.5773502691896261751 ) ) ;
#7020 = PLANE ( 'NONE',  #1569 ) ;
#7021 = EDGE_CURVE ( 'NONE', #836, #7477, #1739, .T. ) ;
#7022 = DIRECTION ( 'NONE',  ( 0.5773502691896273964, 0.5773502691896237327, -0.5773502691896261751 ) ) ;
#7023 = CARTESIAN_POINT ( 'NONE',  ( -10.15999999999999837, 0.3809999999999988396, 2.120899999999999785 ) ) ;
#7024 = DIRECTION ( 'NONE',  ( -0.000000000000000000, 0.000000000000000000, 1.000000000000000000 ) ) ;
#7025 = ORIENTED_EDGE ( 'NONE', *, *, #1470, .T. ) ;
#7026 = LINE ( 'NONE', #4780, #1536 ) ;
#7027 = ORIENTED_EDGE ( 'NONE', *, *, #6804, .T. ) ;
#7028 = DIRECTION ( 'NONE',  ( 0.000000000000000000, 1.138269997360111548E-15, 1.000000000000000000 ) ) ;
#7029 = ORIENTED_EDGE ( 'NONE', *, *, #6619, .F. ) ;
#7030 = CARTESIAN_POINT ( 'NONE',  ( 10.16000000000000192, 0.3809999999999992837, 2.501899999999999125 ) ) ;
#7031 = DIRECTION ( 'NONE',  ( 0.000000000000000000, 0.000000000000000000, 1.000000000000000000 ) ) ;
#7032 = EDGE_CURVE ( 'NONE', #7780, #5212, #872, .T. ) ;
#7033 = CARTESIAN_POINT ( 'NONE',  ( 0.8889999999999991243, 6.222999999999998977, -0.8889999999999987912 ) ) ;
#7034 = CARTESIAN_POINT ( 'NONE',  ( 5.080000000000000959, 0.3809999999999988396, 2.120899999999999785 ) ) ;
#7035 = ORIENTED_EDGE ( 'NONE', *, *, #5886, .T. ) ;
#7036 =( LENGTH_UNIT ( ) NAMED_UNIT ( * ) SI_UNIT ( .MILLI., .METRE. ) );
#7037 = DIRECTION ( 'NONE',  ( -1.000000000000000000, -0.000000000000000000, -0.000000000000000000 ) ) ;
#7038 = VECTOR ( 'NONE', #3722, 1000.000000000000000 ) ;
#7039 = ORIENTED_EDGE ( 'NONE', *, *, #3776, .F. ) ;
#7040 = CARTESIAN_POINT ( 'NONE',  ( 10.16000000000000192, 0.3809999999999993947, -2.120900000000001562 ) ) ;
#7041 = EDGE_CURVE ( 'NONE', #2185, #8219, #3993, .T. ) ;
#7042 = ORIENTED_EDGE ( 'NONE', *, *, #8573, .T. ) ;
#7043 = PLANE ( 'NONE',  #4695 ) ;
#7044 = EDGE_LOOP ( 'NONE', ( #1390, #8696, #8479, #5615 ) ) ;
#7045 = CARTESIAN_POINT ( 'NONE',  ( -6.731000000000001648, 6.222999999999998977, -0.8889999999999987912 ) ) ;
#7046 = ORIENTED_EDGE ( 'NONE', *, *, #6287, .T. ) ;
#7047 = CARTESIAN_POINT ( 'NONE',  ( 8.508999999999998565, 6.222999999999998977, -0.8889999999999987912 ) ) ;
#7048 = DIRECTION ( 'NONE',  ( 0.000000000000000000, -1.092515224483717628E-16, 1.000000000000000000 ) ) ;
#7049 = LINE ( 'NONE', #534, #1335 ) ;
#7050 = EDGE_CURVE ( 'NONE', #2764, #4129, #1578, .T. ) ;
#7051 = CARTESIAN_POINT ( 'NONE',  ( 12.95400000000000063, 0.3809999999999992837, 2.501899999999999125 ) ) ;
#7052 = ORIENTED_EDGE ( 'NONE', *, *, #5772, .F. ) ;
#7053 = LINE ( 'NONE', #4916, #5742 ) ;
#7054 = EDGE_LOOP ( 'NONE', ( #7309, #874, #205, #3894 ) ) ;
#7055 = CARTESIAN_POINT ( 'NONE',  ( -5.079999999999998295, 0.8889999999999985691, 1.984781810244993228 ) ) ;
#7056 = ORIENTED_EDGE ( 'NONE', *, *, #8544, .F. ) ;
#7057 = AXIS2_PLACEMENT_3D ( 'NONE', #8371, #4826, #7672 ) ;
#7058 = FACE_OUTER_BOUND ( 'NONE', #452, .T. ) ;
#7059 = DIRECTION ( 'NONE',  ( 0.000000000000000000, 1.733406087350420004E-16, -1.000000000000000000 ) ) ;
#7060 = LINE ( 'NONE', #648, #3720 ) ;
#7061 = CARTESIAN_POINT ( 'NONE',  ( 8.508999999999998565, 6.222999999999998977, 1.651000000000001133 ) ) ;
#7062 = ADVANCED_FACE ( 'NONE', ( #569 ), #8983, .F. ) ;
#7063 = VECTOR ( 'NONE', #8879, 1000.000000000000000 ) ;
#7064 = PLANE ( 'NONE',  #8397 ) ;
#7065 = EDGE_LOOP ( 'NONE', ( #8192, #2645, #8760, #1591 ) ) ;
#7066 = LINE ( 'NONE', #654, #8993 ) ;
#7067 = ORIENTED_EDGE ( 'NONE', *, *, #3164, .T. ) ;
#7068 = FACE_OUTER_BOUND ( 'NONE', #3089, .T. ) ;
#7069 = ORIENTED_EDGE ( 'NONE', *, *, #1145, .F. ) ;
#7070 = ADVANCED_FACE ( 'NONE', ( #2368 ), #251, .F. ) ;
#7071 = VECTOR ( 'NONE', #970, 1000.000000000000000 ) ;
#7072 = CARTESIAN_POINT ( 'NONE',  ( 0.1777999999999999858, 0.2539999999999996150, 3.302000000000000046 ) ) ;
#7073 = LINE ( 'NONE', #1934, #7845 ) ;
#7074 = LINE ( 'NONE', #2843, #9154 ) ;
#7075 = SURFACE_STYLE_FILL_AREA ( #3449 ) ;
#7076 = AXIS2_PLACEMENT_3D ( 'NONE', #4784, #2689, #8145 ) ;
#7077 = DIRECTION ( 'NONE',  ( 0.000000000000000000, -0.7071067811865485719, 0.7071067811865465735 ) ) ;
#7078 = VERTEX_POINT ( 'NONE', #6705 ) ;
#7079 = AXIS2_PLACEMENT_3D ( 'NONE', #4457, #8704, #841 ) ;
#7080 = CONTEXT_DEPENDENT_SHAPE_REPRESENTATION ( #8364, #3750 ) ;
#7081 = PLANE ( 'NONE',  #3562 ) ;
#7082 = EDGE_CURVE ( 'NONE', #1211, #6197, #8164, .T. ) ;
#7083 = CARTESIAN_POINT ( 'NONE',  ( 8.508999999999998565, 7.048499999999997989, -0.8889999999999986802 ) ) ;
#7084 = ORIENTED_EDGE ( 'NONE', *, *, #7253, .F. ) ;
#7085 = DIRECTION ( 'NONE',  ( 0.000000000000000000, -1.733406087350420004E-16, 1.000000000000000000 ) ) ;
#7086 = DIRECTION ( 'NONE',  ( 1.000000000000000000, 0.000000000000000000, -0.000000000000000000 ) ) ;
#7087 = ORIENTED_EDGE ( 'NONE', *, *, #4340, .T. ) ;
#7088 = LINE ( 'NONE', #7133, #4703 ) ;
#7089 = VECTOR ( 'NONE', #8702, 1000.000000000000000 ) ;
#7090 = ORIENTED_EDGE ( 'NONE', *, *, #6345, .F. ) ;
#7091 = ORIENTED_EDGE ( 'NONE', *, *, #7656, .T. ) ;
#7092 = DIRECTION ( 'NONE',  ( -0.000000000000000000, 1.000000000000000000, -0.000000000000000000 ) ) ;
#7093 = EDGE_CURVE ( 'NONE', #6124, #6315, #1761, .T. ) ;
#7094 = EDGE_CURVE ( 'NONE', #6956, #427, #7551, .T. ) ;
#7095 = LINE ( 'NONE', #7892, #4810 ) ;
#7096 = VECTOR ( 'NONE', #3801, 1000.000000000000000 ) ;
#7097 = CARTESIAN_POINT ( 'NONE',  ( 3.682999999999998941, 6.794499999999999318, -1.396999999999998243 ) ) ;
#7098 = VECTOR ( 'NONE', #8181, 1000.000000000000000 ) ;
#7099 = FACE_OUTER_BOUND ( 'NONE', #3323, .T. ) ;
#7100 = ADVANCED_FACE ( 'NONE', ( #4061 ), #266, .F. ) ;
#7101 = ORIENTED_EDGE ( 'NONE', *, *, #8859, .F. ) ;
#7102 = CARTESIAN_POINT ( 'NONE',  ( -0.1777999999999999858, -3.611118645726065035E-32, -3.429000000000000270 ) ) ;
#7103 = EDGE_LOOP ( 'NONE', ( #7203, #7265, #3280, #6735 ) ) ;
#7104 = CARTESIAN_POINT ( 'NONE',  ( -5.079999999999999183, 0.3809999999999988396, 2.120899999999999785 ) ) ;
#7105 = ORIENTED_EDGE ( 'NONE', *, *, #7653, .T. ) ;
#7106 = VECTOR ( 'NONE', #1533, 1000.000000000000000 ) ;
#7107 = DIRECTION ( 'NONE',  ( 0.000000000000000000, 1.000000000000000000, 2.439149994343092652E-16 ) ) ;
#7108 = VERTEX_POINT ( 'NONE', #6243 ) ;
#7109 = ADVANCED_FACE ( 'NONE', ( #4236 ), #2086, .F. ) ;
#7110 = FACE_OUTER_BOUND ( 'NONE', #4880, .T. ) ;
#7111 = PLANE ( 'NONE',  #2081 ) ;
#7112 = VECTOR ( 'NONE', #3966, 1000.000000000000114 ) ;
#7113 = PLANE ( 'NONE',  #5416 ) ;
#7114 = ORIENTED_EDGE ( 'NONE', *, *, #8369, .F. ) ;
#7115 = ORIENTED_EDGE ( 'NONE', *, *, #7670, .F. ) ;
#7116 = VERTEX_POINT ( 'NONE', #2742 ) ;
#7117 = DIRECTION ( 'NONE',  ( 0.000000000000000000, -0.9659258262890700886, 0.2588190451025143002 ) ) ;
#7118 = DIRECTION ( 'NONE',  ( 0.7071067811865452413, -0.7071067811865499042, -1.225703198915527072E-16 ) ) ;
#7119 = DIRECTION ( 'NONE',  ( 0.000000000000000000, 1.000000000000000000, 2.439149994343092652E-16 ) ) ;
#7120 = CARTESIAN_POINT ( 'NONE',  ( -10.15999999999999837, 0.8889999999999989022, -1.984781810244995004 ) ) ;
#7121 = LINE ( 'NONE', #9120, #9180 ) ;
#7122 = ORIENTED_EDGE ( 'NONE', *, *, #5990, .T. ) ;
#7123 = CARTESIAN_POINT ( 'NONE',  ( 12.95400000000000063, 0.000000000000000000, 0.000000000000000000 ) ) ;
#7124 = CARTESIAN_POINT ( 'NONE',  ( 3.428999999999998050, 6.222999999999998977, -1.650999999999998913 ) ) ;
#7125 = EDGE_CURVE ( 'NONE', #260, #7448, #3545, .T. ) ;
#7126 = DIRECTION ( 'NONE',  ( 0.000000000000000000, 1.733406087350420004E-16, -1.000000000000000000 ) ) ;
#7127 = DIRECTION ( 'NONE',  ( 0.5773502691896273964, 0.5773502691896237327, -0.5773502691896261751 ) ) ;
#7128 = EDGE_CURVE ( 'NONE', #8926, #1623, #8435, .T. ) ;
#7129 = ORIENTED_EDGE ( 'NONE', *, *, #2170, .F. ) ;
#7130 = DIRECTION ( 'NONE',  ( 0.000000000000000000, 1.733406087350420004E-16, -1.000000000000000000 ) ) ;
#7131 = EDGE_LOOP ( 'NONE', ( #6772, #6095, #9022, #7782 ) ) ;
#7132 = AXIS2_PLACEMENT_3D ( 'NONE', #4859, #7706, #4162 ) ;
#7133 = CARTESIAN_POINT ( 'NONE',  ( -5.079999999999999183, 7.492999999999998550, 2.501900000000000901 ) ) ;
#7134 = DIRECTION ( 'NONE',  ( -0.000000000000000000, 0.000000000000000000, 1.000000000000000000 ) ) ;
#7135 = ORIENTED_EDGE ( 'NONE', *, *, #370, .T. ) ;
#7136 = ORIENTED_EDGE ( 'NONE', *, *, #7984, .T. ) ;
#7137 = LINE ( 'NONE', #7891, #135 ) ;
#7138 = VECTOR ( 'NONE', #2677, 1000.000000000000000 ) ;
#7139 = VECTOR ( 'NONE', #7290, 1000.000000000000114 ) ;
#7140 = LINE ( 'NONE', #4343, #3714 ) ;
#7141 = CARTESIAN_POINT ( 'NONE',  ( 0.8889999999999991243, 7.048499999999997989, -0.8889999999999986802 ) ) ;
#7142 = ORIENTED_EDGE ( 'NONE', *, *, #3580, .T. ) ;
#7143 = DIRECTION ( 'NONE',  ( -1.000000000000000000, 0.000000000000000000, 0.000000000000000000 ) ) ;
#7144 = ORIENTED_EDGE ( 'NONE', *, *, #5016, .T. ) ;
#7145 = VECTOR ( 'NONE', #289, 1000.000000000000000 ) ;
#7146 = EDGE_CURVE ( 'NONE', #8952, #1777, #5595, .T. ) ;
#7147 = EDGE_LOOP ( 'NONE', ( #1104, #673, #5710, #1744, #8522, #5166, #4864, #1463 ) ) ;
#7148 = FACE_OUTER_BOUND ( 'NONE', #8339, .T. ) ;
#7149 = DIRECTION ( 'NONE',  ( 0.000000000000000000, -1.138269997360111548E-15, -1.000000000000000000 ) ) ;
#7150 = ORIENTED_EDGE ( 'NONE', *, *, #3504, .F. ) ;
#7151 = EDGE_CURVE ( 'NONE', #2185, #4976, #6984, .T. ) ;
#7152 = CARTESIAN_POINT ( 'NONE',  ( -5.969000000000002970, 6.222999999999998977, 0.8890000000000011227 ) ) ;
#7153 = VECTOR ( 'NONE', #3399, 1000.000000000000000 ) ;
#7154 = ORIENTED_EDGE ( 'NONE', *, *, #3721, .T. ) ;
#7155 = CARTESIAN_POINT ( 'NONE',  ( 10.16000000000000192, 0.8889999999999989022, -1.984781810244995004 ) ) ;
#7156 = CARTESIAN_POINT ( 'NONE',  ( -2.539999999999998703, 7.492999999999999439, -2.501900000000000901 ) ) ;
#7157 = VERTEX_POINT ( 'NONE', #567 ) ;
#7158 = LINE ( 'NONE', #747, #935 ) ;
#7159 = VERTEX_POINT ( 'NONE', #2035 ) ;
#7160 = DIRECTION ( 'NONE',  ( -0.000000000000000000, 1.000000000000000000, 1.092515224483717382E-16 ) ) ;
#7161 = PRESENTATION_LAYER_ASSIGNMENT (  '', '', ( #2524 ) ) ;
#7162 = DIRECTION ( 'NONE',  ( 0.000000000000000000, -1.092515224483717382E-16, 1.000000000000000000 ) ) ;
#7163 = ORIENTED_EDGE ( 'NONE', *, *, #3447, .F. ) ;
#7164 = CARTESIAN_POINT ( 'NONE',  ( -1.143000000000003347, 6.794499999999998430, 1.143000000000001570 ) ) ;
#7165 = LINE ( 'NONE', #3627, #4553 ) ;
#7166 = AXIS2_PLACEMENT_3D ( 'NONE', #1966, #5715, #2158 ) ;
#7167 = CARTESIAN_POINT ( 'NONE',  ( 0.3047999999999999599, 0.6730999999999999206, -1.714499999999999913 ) ) ;
#7168 = CARTESIAN_POINT ( 'NONE',  ( -9.271000000000000796, 7.048499999999997101, 0.8890000000000012337 ) ) ;
#7169 = VERTEX_POINT ( 'NONE', #6936 ) ;
#7170 = ORIENTED_EDGE ( 'NONE', *, *, #7184, .T. ) ;
#7171 = CARTESIAN_POINT ( 'NONE',  ( -3.429000000000003379, 6.222999999999998977, 1.651000000000001133 ) ) ;
#7172 = CARTESIAN_POINT ( 'NONE',  ( -9.271000000000000796, 6.222999999999998977, 0.8890000000000011227 ) ) ;
#7173 = CARTESIAN_POINT ( 'NONE',  ( 10.60449999999999626, 7.492999999999999439, -2.501900000000000901 ) ) ;
#7174 = ORIENTED_EDGE ( 'NONE', *, *, #7093, .F. ) ;
#7175 = PRODUCT_DEFINITION_CONTEXT ( 'detailed design', #8831, 'design' ) ;
#7176 = PLANE ( 'NONE',  #879 ) ;
#7177 = FACE_OUTER_BOUND ( 'NONE', #7516, .T. ) ;
#7178 = ORIENTED_EDGE ( 'NONE', *, *, #2299, .F. ) ;
#7179 = CARTESIAN_POINT ( 'NONE',  ( -9.271000000000000796, 7.048499999999997101, 1.651000000000001355 ) ) ;
#7180 = ADVANCED_FACE ( 'NONE', ( #9168 ), #1337, .F. ) ;
#7181 = LINE ( 'NONE', #4714, #7733 ) ;
#7182 = CARTESIAN_POINT ( 'NONE',  ( -0.8890000000000026770, 7.048499999999997989, -1.650999999999998691 ) ) ;
#7183 = LINE ( 'NONE', #811, #1821 ) ;
#7184 = EDGE_CURVE ( 'NONE', #7854, #454, #7121, .T. ) ;
#7185 = ORIENTED_EDGE ( 'NONE', *, *, #1424, .F. ) ;
#7186 = DIRECTION ( 'NONE',  ( 1.000000000000000000, 0.000000000000000000, -0.000000000000000000 ) ) ;
#7187 = VECTOR ( 'NONE', #4415, 1000.000000000000000 ) ;
#7188 = DIRECTION ( 'NONE',  ( 0.000000000000000000, -1.138269997360111548E-15, -1.000000000000000000 ) ) ;
#7189 = PLANE ( 'NONE',  #5954 ) ;
#7190 = VERTEX_POINT ( 'NONE', #1232 ) ;
#7191 = LINE ( 'NONE', #6450, #6181 ) ;
#7192 = ORIENTED_EDGE ( 'NONE', *, *, #5035, .T. ) ;
#7193 = CARTESIAN_POINT ( 'NONE',  ( 6.349999999999997868, 0.000000000000000000, 0.000000000000000000 ) ) ;
#7194 = CARTESIAN_POINT ( 'NONE',  ( -9.017000000000001236, 6.794499999999998430, 1.143000000000001570 ) ) ;
#7195 = ORIENTED_EDGE ( 'NONE', *, *, #4012, .F. ) ;
#7196 = AXIS2_PLACEMENT_3D ( 'NONE', #4459, #3717, #8622 ) ;
#7197 = LINE ( 'NONE', #7988, #5788 ) ;
#7198 = LINE ( 'NONE', #1538, #2668 ) ;
#7199 = DIRECTION ( 'NONE',  ( 0.000000000000000000, 0.000000000000000000, 1.000000000000000000 ) ) ;
#7200 = ORIENTED_EDGE ( 'NONE', *, *, #8045, .T. ) ;
#7201 = VERTEX_POINT ( 'NONE', #3402 ) ;
#7202 = VECTOR ( 'NONE', #4726, 1000.000000000000000 ) ;
#7203 = ORIENTED_EDGE ( 'NONE', *, *, #1197, .T. ) ;
#7204 = CARTESIAN_POINT ( 'NONE',  ( -12.95400000000000063, 7.492999999999999439, -2.501900000000000901 ) ) ;
#7205 = PLANE ( 'NONE',  #5012 ) ;
#7206 = VECTOR ( 'NONE', #1784, 1000.000000000000000 ) ;
#7207 =( NAMED_UNIT ( * ) SI_UNIT ( $, .STERADIAN. ) SOLID_ANGLE_UNIT ( ) );
#7208 = DIRECTION ( 'NONE',  ( 0.000000000000000000, -1.733406087350420004E-16, 1.000000000000000000 ) ) ;
#7209 = ORIENTED_EDGE ( 'NONE', *, *, #5498, .F. ) ;
#7210 = VECTOR ( 'NONE', #6888, 1000.000000000000000 ) ;
#7211 = VECTOR ( 'NONE', #6749, 1000.000000000000000 ) ;
#7212 = LINE ( 'NONE', #8836, #842 ) ;
#7213 = FACE_OUTER_BOUND ( 'NONE', #1657, .T. ) ;
#7214 = FACE_OUTER_BOUND ( 'NONE', #1309, .T. ) ;
#7215 = EDGE_CURVE ( 'NONE', #2926, #2139, #8577, .T. ) ;
#7216 = ORIENTED_EDGE ( 'NONE', *, *, #6861, .F. ) ;
#7217 =( NAMED_UNIT ( * ) SI_UNIT ( $, .STERADIAN. ) SOLID_ANGLE_UNIT ( ) );
#7218 = VECTOR ( 'NONE', #8716, 1000.000000000000000 ) ;
#7219 = CARTESIAN_POINT ( 'NONE',  ( 7.620000000000001883, 0.3809999999999999498, -2.501900000000000901 ) ) ;
#7220 = VERTEX_POINT ( 'NONE', #6386 ) ;
#7221 = CARTESIAN_POINT ( 'NONE',  ( 7.620000000000001883, 7.492999999999998550, 2.501900000000000901 ) ) ;
#7222 = CARTESIAN_POINT ( 'NONE',  ( -7.619999999999998330, 0.3809999999999999498, -2.501900000000000901 ) ) ;
#7223 = DIRECTION ( 'NONE',  ( -0.000000000000000000, -0.000000000000000000, 1.000000000000000000 ) ) ;
#7224 = ORIENTED_EDGE ( 'NONE', *, *, #3235, .T. ) ;
#7225 = EDGE_CURVE ( 'NONE', #3154, #583, #515, .T. ) ;
#7226 = PLANE ( 'NONE',  #1460 ) ;
#7227 = CARTESIAN_POINT ( 'NONE',  ( 1.734723475976807094E-15, 7.492999999999999439, -2.501900000000000901 ) ) ;
#7228 = ORIENTED_EDGE ( 'NONE', *, *, #2811, .F. ) ;
#7229 = CARTESIAN_POINT ( 'NONE',  ( 12.70000000000000284, 7.492999999999998550, 2.501900000000000901 ) ) ;
#7230 = AXIS2_PLACEMENT_3D ( 'NONE', #3760, #6593, #1416 ) ;
#7231 = VECTOR ( 'NONE', #3337, 1000.000000000000000 ) ;
#7232 = PLANE ( 'NONE',  #785 ) ;
#7233 = DIRECTION ( 'NONE',  ( 0.000000000000000000, 0.000000000000000000, 1.000000000000000000 ) ) ;
#7234 = DIRECTION ( 'NONE',  ( 1.000000000000000000, 0.000000000000000000, 0.000000000000000000 ) ) ;
#7235 = VERTEX_POINT ( 'NONE', #7034 ) ;
#7236 = AXIS2_PLACEMENT_3D ( 'NONE', #9105, #3335, #4874 ) ;
#7237 = EDGE_CURVE ( 'NONE', #2391, #2709, #5546, .T. ) ;
#7238 = DIRECTION ( 'NONE',  ( 0.000000000000000000, -1.422837496700139336E-15, 1.000000000000000000 ) ) ;
#7239 = DIRECTION ( 'NONE',  ( 0.000000000000000000, 0.9659258262890699775, 0.2588190451025143002 ) ) ;
#7240 = EDGE_CURVE ( 'NONE', #4541, #1299, #709, .T. ) ;
#7241 = CARTESIAN_POINT ( 'NONE',  ( 12.70000000000000284, 0.3809999999999992837, 2.501899999999999125 ) ) ;
#7242 = ORIENTED_EDGE ( 'NONE', *, *, #8905, .T. ) ;
#7243 = VECTOR ( 'NONE', #4451, 1000.000000000000000 ) ;
#7244 = EDGE_CURVE ( 'NONE', #608, #364, #4939, .T. ) ;
#7245 = DIRECTION ( 'NONE',  ( 0.000000000000000000, 1.092515224483717628E-16, -1.000000000000000000 ) ) ;
#7247 = ORIENTED_EDGE ( 'NONE', *, *, #1486, .F. ) ;
#7246 = ORIENTED_EDGE ( 'NONE', *, *, #3728, .T. ) ;
#7248 = ADVANCED_FACE ( 'NONE', ( #129 ), #4839, .F. ) ;
#7249 = DIRECTION ( 'NONE',  ( -1.000000000000000000, 0.000000000000000000, 0.000000000000000000 ) ) ;
#7250 = EDGE_LOOP ( 'NONE', ( #4206, #6357, #4840, #3304 ) ) ;
#7251 = DIRECTION ( 'NONE',  ( 1.000000000000000000, 0.000000000000000000, 0.000000000000000000 ) ) ;
#7252 = DIRECTION ( 'NONE',  ( -1.000000000000000000, 0.000000000000000000, 0.000000000000000000 ) ) ;
#7253 = EDGE_CURVE ( 'NONE', #4226, #1312, #676, .T. ) ;
#7254 = LINE ( 'NONE', #3063, #8263 ) ;
#7255 = DIRECTION ( 'NONE',  ( 0.000000000000000000, -0.9659258262890699775, -0.2588190451025143002 ) ) ;
#7256 = ORIENTED_EDGE ( 'NONE', *, *, #2385, .T. ) ;
#7257 = VERTEX_POINT ( 'NONE', #3590 ) ;
#7258 = EDGE_CURVE ( 'NONE', #8044, #4706, #2887, .T. ) ;
#7259 = FILL_AREA_STYLE_COLOUR ( '', #4737 ) ;
#7260 = CARTESIAN_POINT ( 'NONE',  ( 5.968999999999998529, 6.222999999999998977, -0.8889999999999987912 ) ) ;
#7261 = DIRECTION ( 'NONE',  ( -0.000000000000000000, 0.000000000000000000, 1.000000000000000000 ) ) ;
#7262 = CARTESIAN_POINT ( 'NONE',  ( -11.81100000000000172, 6.222999999999998977, -0.8889999999999987912 ) ) ;
#7263 = CARTESIAN_POINT ( 'NONE',  ( 8.508999999999998565, 7.048499999999997989, -1.650999999999998691 ) ) ;
#7264 = CARTESIAN_POINT ( 'NONE',  ( 1.650999999999998025, 7.048499999999997989, -1.650999999999998691 ) ) ;
#7265 = ORIENTED_EDGE ( 'NONE', *, *, #6594, .F. ) ;
#7266 = CARTESIAN_POINT ( 'NONE',  ( 1.734723475976807094E-15, 0.8889999999999989022, -1.984781810244995004 ) ) ;
#7267 = EDGE_CURVE ( 'NONE', #1623, #5011, #1285, .T. ) ;
#7268 = VECTOR ( 'NONE', #2825, 1000.000000000000114 ) ;
#7269 = ORIENTED_EDGE ( 'NONE', *, *, #2077, .F. ) ;
#7270 = VERTEX_POINT ( 'NONE', #5827 ) ;
#7271 = CARTESIAN_POINT ( 'NONE',  ( -12.69999999999999929, 0.3809999999999993947, -2.120900000000001562 ) ) ;
#7272 = CARTESIAN_POINT ( 'NONE',  ( 8.508999999999998565, 6.222999999999998977, 1.651000000000001133 ) ) ;
#7273 = AXIS2_PLACEMENT_3D ( 'NONE', #5198, #8039, #3147 ) ;
#7274 = LINE ( 'NONE', #816, #6553 ) ;
#7275 = ORIENTED_EDGE ( 'NONE', *, *, #212, .F. ) ;
#7276 = DIRECTION ( 'NONE',  ( 0.000000000000000000, 1.733406087350420004E-16, -1.000000000000000000 ) ) ;
#7277 = SHAPE_REPRESENTATION_RELATIONSHIP ( 'NONE' , 'NONE' ,  #483, #5963 ) ;
#7278 = VECTOR ( 'NONE', #6654, 1000.000000000000000 ) ;
#7279 = CARTESIAN_POINT ( 'NONE',  ( -10.15999999999999837, 0.3809999999999988396, 2.120899999999999785 ) ) ;
#7280 = ORIENTED_EDGE ( 'NONE', *, *, #3529, .F. ) ;
#7281 = VECTOR ( 'NONE', #8016, 1000.000000000000000 ) ;
#7282 = CARTESIAN_POINT ( 'NONE',  ( 10.16000000000000192, 0.000000000000000000, 0.000000000000000000 ) ) ;
#7283 = VECTOR ( 'NONE', #2572, 1000.000000000000114 ) ;
#7284 = DIRECTION ( 'NONE',  ( 0.000000000000000000, -1.733406087350420251E-16, 1.000000000000000000 ) ) ;
#7285 = ORIENTED_EDGE ( 'NONE', *, *, #8482, .F. ) ;
#7286 = DIRECTION ( 'NONE',  ( 0.000000000000000000, 0.9659258262890700886, -0.2588190451025143002 ) ) ;
#7287 = EDGE_CURVE ( 'NONE', #3688, #217, #5952, .T. ) ;
#7289 = VERTEX_POINT ( 'NONE', #3718 ) ;
#7288 = VERTEX_POINT ( 'NONE', #1553 ) ;
#7290 = DIRECTION ( 'NONE',  ( 0.000000000000000000, 0.9659258262890699775, 0.2588190451025143002 ) ) ;
#7291 = LINE ( 'NONE', #6590, #7096 ) ;
#7292 = ORIENTED_EDGE ( 'NONE', *, *, #1183, .T. ) ;
#7293 = EDGE_CURVE ( 'NONE', #1904, #6670, #2144, .T. ) ;
#7294 = VECTOR ( 'NONE', #6745, 1000.000000000000000 ) ;
#7295 = DIRECTION ( 'NONE',  ( 0.000000000000000000, -1.000000000000000000, -1.733406087350420004E-16 ) ) ;
#7296 = FACE_OUTER_BOUND ( 'NONE', #1078, .T. ) ;
#7297 = CARTESIAN_POINT ( 'NONE',  ( -2.539999999999998703, 0.3809999999999999498, -2.501900000000000901 ) ) ;
#7298 = LINE ( 'NONE', #5730, #5119 ) ;
#7299 = VECTOR ( 'NONE', #2187, 1000.000000000000000 ) ;
#7300 =( GEOMETRIC_REPRESENTATION_CONTEXT ( 3 ) GLOBAL_UNCERTAINTY_ASSIGNED_CONTEXT ( ( #718 ) ) GLOBAL_UNIT_ASSIGNED_CONTEXT ( ( #5101, #7372, #2554 ) ) REPRESENTATION_CONTEXT ( 'NONE', 'WORKASPACE' ) );
#7301 = ORIENTED_EDGE ( 'NONE', *, *, #4653, .T. ) ;
#7302 = EDGE_CURVE ( 'NONE', #357, #4971, #7359, .T. ) ;
#7303 =( NAMED_UNIT ( * ) PLANE_ANGLE_UNIT ( ) SI_UNIT ( $, .RADIAN. ) );
#7304 = CARTESIAN_POINT ( 'NONE',  ( 5.968999999999998529, 7.048499999999997989, -1.650999999999998691 ) ) ;
#7305 = DIRECTION ( 'NONE',  ( 0.000000000000000000, 0.000000000000000000, -1.000000000000000000 ) ) ;
#7306 = VECTOR ( 'NONE', #4954, 1000.000000000000000 ) ;
#7307 = EDGE_CURVE ( 'NONE', #7367, #7712, #6285, .T. ) ;
#7308 = LINE ( 'NONE', #2527, #6833 ) ;
#7309 = ORIENTED_EDGE ( 'NONE', *, *, #8032, .T. ) ;
#7310 = EDGE_CURVE ( 'NONE', #8287, #9186, #4932, .T. ) ;
#7311 = LINE ( 'NONE', #899, #7595 ) ;
#7312 = CARTESIAN_POINT ( 'NONE',  ( 9.715500000000002245, 7.492999999999999439, -2.501900000000000901 ) ) ;
#7313 = ORIENTED_EDGE ( 'NONE', *, *, #6216, .T. ) ;
#7314 = CARTESIAN_POINT ( 'NONE',  ( -12.69999999999999929, 0.000000000000000000, 0.000000000000000000 ) ) ;
#7315 = CARTESIAN_POINT ( 'NONE',  ( 11.04899999999999949, 6.222999999999998977, 0.8890000000000011227 ) ) ;
#7316 = ORIENTED_EDGE ( 'NONE', *, *, #4025, .T. ) ;
#7317 = DIRECTION ( 'NONE',  ( 0.000000000000000000, 1.422837496700139336E-15, -1.000000000000000000 ) ) ;
#7318 = LINE ( 'NONE', #907, #3931 ) ;
#7319 = LINE ( 'NONE', #6066, #5656 ) ;
#7320 = ADVANCED_FACE ( 'NONE', ( #2732 ), #4087, .F. ) ;
#7321 = CARTESIAN_POINT ( 'NONE',  ( 12.95400000000000063, 0.3809999999999988396, 2.120899999999999785 ) ) ;
#7322 = VERTEX_POINT ( 'NONE', #3489 ) ;
#7323 = LINE ( 'NONE', #6748, #2785 ) ;
#7324 = DIRECTION ( 'NONE',  ( 0.000000000000000000, 0.000000000000000000, 1.000000000000000000 ) ) ;
#7325 = LINE ( 'NONE', #916, #3097 ) ;
#7326 = ORIENTED_EDGE ( 'NONE', *, *, #5577, .T. ) ;
#7327 = EDGE_CURVE ( 'NONE', #2380, #5962, #9161, .T. ) ;
#7328 = DIRECTION ( 'NONE',  ( -1.000000000000000000, 0.000000000000000000, 0.000000000000000000 ) ) ;
#7329 = FACE_OUTER_BOUND ( 'NONE', #7065, .T. ) ;
#7330 = DIRECTION ( 'NONE',  ( -1.000000000000000000, -0.000000000000000000, -0.000000000000000000 ) ) ;
#7331 = ORIENTED_EDGE ( 'NONE', *, *, #1008, .F. ) ;
#7332 = DIRECTION ( 'NONE',  ( 0.5773502691896273964, 0.5773502691896237327, -0.5773502691896261751 ) ) ;
#7334 = ORIENTED_EDGE ( 'NONE', *, *, #1615, .F. ) ;
#7333 = EDGE_LOOP ( 'NONE', ( #8152, #492, #2268, #7 ) ) ;
#7335 = CARTESIAN_POINT ( 'NONE',  ( -6.731000000000001648, 7.048499999999997989, -0.8889999999999986802 ) ) ;
#7336 = VERTEX_POINT ( 'NONE', #6379 ) ;
#7337 = DIRECTION ( 'NONE',  ( 0.000000000000000000, -1.000000000000000000, 0.000000000000000000 ) ) ;
#7338 = DIRECTION ( 'NONE',  ( 0.000000000000000000, -1.000000000000000000, -1.733406087350420004E-16 ) ) ;
#7339 = EDGE_CURVE ( 'NONE', #3208, #7108, #7950, .T. ) ;
#7340 = CARTESIAN_POINT ( 'NONE',  ( -10.15999999999999837, 0.8889999999999985691, 1.984781810244993228 ) ) ;
#7341 = LINE ( 'NONE', #3300, #8985 ) ;
#7342 = ORIENTED_EDGE ( 'NONE', *, *, #3838, .F. ) ;
#7343 = EDGE_CURVE ( 'NONE', #8938, #7458, #7291, .T. ) ;
#7344 = CARTESIAN_POINT ( 'NONE',  ( 8.064499999999995339, 7.492999999999999439, -2.501900000000000901 ) ) ;
#7345 = DIRECTION ( 'NONE',  ( 0.000000000000000000, -1.000000000000000000, -1.733406087350420004E-16 ) ) ;
#7346 = VECTOR ( 'NONE', #933, 1000.000000000000000 ) ;
#7347 = CARTESIAN_POINT ( 'NONE',  ( 0.3047999999999999599, 0.2539999999999993929, 2.387599999999999945 ) ) ;
#7348 = EDGE_CURVE ( 'NONE', #5749, #8044, #8043, .T. ) ;
#7349 = CARTESIAN_POINT ( 'NONE',  ( 10.16000000000000192, 0.8889999999999989022, -1.984781810244995004 ) ) ;
#7350 = DIRECTION ( 'NONE',  ( -0.000000000000000000, 1.000000000000000000, 1.733406087350420004E-16 ) ) ;
#7351 = ADVANCED_FACE ( 'NONE', ( #220 ), #8790, .F. ) ;
#7352 = CARTESIAN_POINT ( 'NONE',  ( 1.734723475976807094E-15, 0.3809999999999988396, 2.120899999999999785 ) ) ;
#7353 = ORIENTED_EDGE ( 'NONE', *, *, #2920, .T. ) ;
#7354 = VECTOR ( 'NONE', #2496, 1000.000000000000000 ) ;
#7355 = CARTESIAN_POINT ( 'NONE',  ( -10.15999999999999837, 0.3809999999999992837, 2.501899999999999125 ) ) ;
#7356 = ORIENTED_EDGE ( 'NONE', *, *, #59, .T. ) ;
#7357 = AXIS2_PLACEMENT_3D ( 'NONE', #5803, #3005, #5099 ) ;
#7358 = ADVANCED_FACE ( 'NONE', ( #4720 ), #8132, .F. ) ;
#7359 = LINE ( 'NONE', #8071, #8599 ) ;
#7360 = ADVANCED_FACE ( 'NONE', ( #6862 ), #7714, .F. ) ;
#7361 = DIRECTION ( 'NONE',  ( -0.000000000000000000, 0.000000000000000000, 1.000000000000000000 ) ) ;
#7362 = ORIENTED_EDGE ( 'NONE', *, *, #6231, .T. ) ;
#7363 = DIRECTION ( 'NONE',  ( -1.000000000000000000, -0.000000000000000000, -0.000000000000000000 ) ) ;
#7364 = VECTOR ( 'NONE', #924, 1000.000000000000000 ) ;
#7365 = LINE ( 'NONE', #2362, #2661 ) ;
#7366 =( LENGTH_UNIT ( ) NAMED_UNIT ( * ) SI_UNIT ( .MILLI., .METRE. ) );
#7367 = VERTEX_POINT ( 'NONE', #8365 ) ;
#7368 = DIRECTION ( 'NONE',  ( 1.000000000000000000, 0.000000000000000000, 0.000000000000000000 ) ) ;
#7369 = DIRECTION ( 'NONE',  ( -1.000000000000000000, -0.000000000000000000, -0.000000000000000000 ) ) ;
#7370 = ADVANCED_FACE ( 'NONE', ( #645 ), #8514, .F. ) ;
#7371 = VECTOR ( 'NONE', #1685, 1000.000000000000000 ) ;
#7372 =( NAMED_UNIT ( * ) PLANE_ANGLE_UNIT ( ) SI_UNIT ( $, .RADIAN. ) );
#7373 = DIRECTION ( 'NONE',  ( 0.000000000000000000, 2.082201214683127315E-16, 1.000000000000000000 ) ) ;
#7374 = ORIENTED_EDGE ( 'NONE', *, *, #715, .F. ) ;
#7375 = EDGE_CURVE ( 'NONE', #4559, #6317, #596, .T. ) ;
#7376 = PRODUCT_DEFINITION_CONTEXT ( 'detailed design', #48, 'design' ) ;
#7377 = LINE ( 'NONE', #964, #92 ) ;
#7378 = CARTESIAN_POINT ( 'NONE',  ( 10.16000000000000192, 7.492999999999998550, 2.501900000000000901 ) ) ;
#7379 = LINE ( 'NONE', #5377, #4369 ) ;
#7380 = EDGE_LOOP ( 'NONE', ( #8606, #3842, #4305, #5152 ) ) ;
#7381 = ADVANCED_FACE ( 'NONE', ( #3476 ), #692, .F. ) ;
#7382 = LINE ( 'NONE', #1114, #7071 ) ;
#7384 = ORIENTED_EDGE ( 'NONE', *, *, #858, .T. ) ;
#7383 = ORIENTED_EDGE ( 'NONE', *, *, #5028, .T. ) ;
#7385 = DIRECTION ( 'NONE',  ( -0.7071067811865456854, -0.7071067811865494601, -1.225703198915526333E-16 ) ) ;
#7386 = ORIENTED_EDGE ( 'NONE', *, *, #1479, .T. ) ;
#7387 = AXIS2_PLACEMENT_3D ( 'NONE', #3180, #2365, #1664 ) ;
#7388 = ADVANCED_FACE ( 'NONE', ( #2017 ), #4171, .F. ) ;
#7389 = LINE ( 'NONE', #5297, #6212 ) ;
#7390 = AXIS2_PLACEMENT_3D ( 'NONE', #5632, #1214, #8470 ) ;
#7391 = FILL_AREA_STYLE_COLOUR ( '', #4846 ) ;
#7392 = CARTESIAN_POINT ( 'NONE',  ( -0.3047999999999999599, -3.611118645726067224E-32, 3.429000000000000270 ) ) ;
#7393 = LINE ( 'NONE', #7436, #8414 ) ;
#7394 = ORIENTED_EDGE ( 'NONE', *, *, #3540, .F. ) ;
#7395 = FACE_BOUND ( 'NONE', #8154, .T. ) ;
#7396 = CARTESIAN_POINT ( 'NONE',  ( 11.81099999999999817, 6.222999999999998977, -0.8889999999999987912 ) ) ;
#7397 = EDGE_CURVE ( 'NONE', #1717, #109, #3526, .T. ) ;
#7398 = LINE ( 'NONE', #4511, #9081 ) ;
#7399 = VECTOR ( 'NONE', #5560, 1000.000000000000000 ) ;
#7400 = CARTESIAN_POINT ( 'NONE',  ( 1.734723475976807094E-15, 7.492999999999998550, 2.501900000000000901 ) ) ;
#7401 = ORIENTED_EDGE ( 'NONE', *, *, #436, .T. ) ;
#7402 = DIRECTION ( 'NONE',  ( 1.000000000000000000, 0.000000000000000000, -0.000000000000000000 ) ) ;
#7403 = EDGE_LOOP ( 'NONE', ( #5293, #3881, #6235, #3353 ) ) ;
#7404 = DIRECTION ( 'NONE',  ( -1.000000000000000000, 0.000000000000000000, 0.000000000000000000 ) ) ;
#7405 = EDGE_CURVE ( 'NONE', #3859, #2558, #4919, .T. ) ;
#7406 = AXIS2_PLACEMENT_3D ( 'NONE', #3994, #5399, #8340 ) ;
#7407 = CARTESIAN_POINT ( 'NONE',  ( 11.55699999999999861, 6.794499999999997542, 1.397000000000001130 ) ) ;
#7408 = DIRECTION ( 'NONE',  ( 0.000000000000000000, 1.092515224483717628E-16, -1.000000000000000000 ) ) ;
#7409 = CARTESIAN_POINT ( 'NONE',  ( -0.1777999999999999858, 0.2539999999999996150, 3.302000000000000046 ) ) ;
#7410 = ORIENTED_EDGE ( 'NONE', *, *, #6603, .F. ) ;
#7411 = DIRECTION ( 'NONE',  ( 0.000000000000000000, 1.422837496700139336E-15, -1.000000000000000000 ) ) ;
#7412 = STYLED_ITEM ( 'NONE', ( #2796 ), #8150 ) ;
#7413 = LINE ( 'NONE', #5277, #7501 ) ;
#7414 = ORIENTED_EDGE ( 'NONE', *, *, #9219, .F. ) ;
#7415 = ITEM_DEFINED_TRANSFORMATION ( 'NONE', 'NONE', #573,  #4760 ) ;
#7416 = DIRECTION ( 'NONE',  ( 0.000000000000000000, 0.000000000000000000, -1.000000000000000000 ) ) ;
#7417 = ORIENTED_EDGE ( 'NONE', *, *, #7237, .F. ) ;
#7418 = VECTOR ( 'NONE', #5444, 1000.000000000000000 ) ;
#7419 = CARTESIAN_POINT ( 'NONE',  ( -7.619999999999998330, 0.3809999999999992837, 2.501899999999999125 ) ) ;
#7420 = EDGE_CURVE ( 'NONE', #4706, #1792, #7611, .T. ) ;
#7421 = LINE ( 'NONE', #5980, #253 ) ;
#7422 = ADVANCED_FACE ( 'NONE', ( #1358 ), #4818, .F. ) ;
#7423 = CARTESIAN_POINT ( 'NONE',  ( 7.620000000000001883, 0.8889999999999989022, -1.984781810244995004 ) ) ;
#7424 = ORIENTED_EDGE ( 'NONE', *, *, #1651, .T. ) ;
#7425 = VECTOR ( 'NONE', #532, 1000.000000000000000 ) ;
#7426 = LINE ( 'NONE', #300, #8850 ) ;
#7427 = VERTEX_POINT ( 'NONE', #9102 ) ;
#7428 = LINE ( 'NONE', #6589, #4752 ) ;
#7429 = ORIENTED_EDGE ( 'NONE', *, *, #5162, .T. ) ;
#7430 = LINE ( 'NONE', #3155, #7530 ) ;
#7431 = AXIS2_PLACEMENT_3D ( 'NONE', #7468, #8862, #1015 ) ;
#7432 = VECTOR ( 'NONE', #7249, 1000.000000000000000 ) ;
#7433 = EDGE_CURVE ( 'NONE', #1896, #8031, #4262, .T. ) ;
#7434 = ORIENTED_EDGE ( 'NONE', *, *, #1047, .T. ) ;
#7435 = CARTESIAN_POINT ( 'NONE',  ( -0.8890000000000026770, 6.222999999999998977, -1.650999999999998913 ) ) ;
#7436 = CARTESIAN_POINT ( 'NONE',  ( 3.428999999999998050, 6.222999999999998977, -0.8889999999999987912 ) ) ;
#7437 = ORIENTED_EDGE ( 'NONE', *, *, #4201, .F. ) ;
#7438 = VECTOR ( 'NONE', #8347, 1000.000000000000000 ) ;
#7439 = PLANE ( 'NONE',  #2282 ) ;
#7440 = PRESENTATION_LAYER_ASSIGNMENT (  '', '', ( #5955 ) ) ;
#7441 = CARTESIAN_POINT ( 'NONE',  ( -8.509000000000002117, 6.222999999999998977, 1.651000000000001133 ) ) ;
#7442 = CARTESIAN_POINT ( 'NONE',  ( -10.15999999999999837, 0.3809999999999993947, -2.120900000000001562 ) ) ;
#7443 = DIRECTION ( 'NONE',  ( 0.000000000000000000, 1.733406087350420004E-16, -1.000000000000000000 ) ) ;
#7444 = VECTOR ( 'NONE', #4150, 1000.000000000000114 ) ;
#7445 = ORIENTED_EDGE ( 'NONE', *, *, #4574, .F. ) ;
#7446 = EDGE_LOOP ( 'NONE', ( #477, #1284, #4538, #1306 ) ) ;
#7447 = DIRECTION ( 'NONE',  ( -0.000000000000000000, 1.000000000000000000, 1.733406087350420004E-16 ) ) ;
#7448 = VERTEX_POINT ( 'NONE', #2773 ) ;
#7449 = CARTESIAN_POINT ( 'NONE',  ( -12.69999999999999929, 0.8889999999999989022, -1.984781810244995004 ) ) ;
#7450 = ORIENTED_EDGE ( 'NONE', *, *, #605, .F. ) ;
#7451 = VECTOR ( 'NONE', #5013, 1000.000000000000000 ) ;
#7452 = LINE ( 'NONE', #6612, #5037 ) ;
#7453 = ORIENTED_EDGE ( 'NONE', *, *, #3109, .F. ) ;
#7454 = CARTESIAN_POINT ( 'NONE',  ( 2.540000000000002256, 7.492999999999998550, 0.4444999999999978413 ) ) ;
#7455 = FACE_OUTER_BOUND ( 'NONE', #8487, .T. ) ;
#7456 = EDGE_CURVE ( 'NONE', #1602, #7533, #8466, .T. ) ;
#7457 =( NAMED_UNIT ( * ) SI_UNIT ( $, .STERADIAN. ) SOLID_ANGLE_UNIT ( ) );
#7458 = VERTEX_POINT ( 'NONE', #7768 ) ;
#7459 = CARTESIAN_POINT ( 'NONE',  ( 5.080000000000000959, 0.3809999999999999498, -2.501900000000000901 ) ) ;
#7460 = CARTESIAN_POINT ( 'NONE',  ( 0.3047999999999999599, 0.2539999999999991709, -2.387599999999999945 ) ) ;
#7461 = VERTEX_POINT ( 'NONE', #491 ) ;
#7462 = APPLICATION_PROTOCOL_DEFINITION ( 'draft international standard', 'automotive_design', 1998, #6288 ) ;
#7463 = ORIENTED_EDGE ( 'NONE', *, *, #1831, .F. ) ;
#7464 = LINE ( 'NONE', #3836, #1665 ) ;
#7465 = CARTESIAN_POINT ( 'NONE',  ( 5.524499999999994415, 7.492999999999999439, -0.4444999999999955653 ) ) ;
#7466 = PRODUCT_DEFINITION_SHAPE ( 'NONE', 'NONE',  #5747 ) ;
#7467 = EDGE_CURVE ( 'NONE', #9199, #5731, #1315, .T. ) ;
#7468 = CARTESIAN_POINT ( 'NONE',  ( -4.191000000000001613, 7.048499999999997101, 1.651000000000001355 ) ) ;
#7469 = DIRECTION ( 'NONE',  ( 0.000000000000000000, 1.000000000000000000, 1.733406087350420004E-16 ) ) ;
#7470 = VERTEX_POINT ( 'NONE', #2820 ) ;
#7471 = ADVANCED_FACE ( 'NONE', ( #7014 ), #2619, .F. ) ;
#7472 = DIRECTION ( 'NONE',  ( 0.000000000000000000, 1.733406087350420251E-16, -1.000000000000000000 ) ) ;
#7473 = ORIENTED_EDGE ( 'NONE', *, *, #2941, .F. ) ;
#7474 = CARTESIAN_POINT ( 'NONE',  ( -5.079999999999998295, 0.8889999999999985691, 1.984781810244993228 ) ) ;
#7475 = EDGE_LOOP ( 'NONE', ( #2137, #5986, #9051, #724 ) ) ;
#7476 = DIRECTION ( 'NONE',  ( 0.5773502691896273964, -0.5773502691896236216, -0.5773502691896262862 ) ) ;
#7477 = VERTEX_POINT ( 'NONE', #8317 ) ;
#7478 = LINE ( 'NONE', #4776, #7231 ) ;
#7479 = PLANE ( 'NONE',  #6174 ) ;
#7480 = VERTEX_POINT ( 'NONE', #1917 ) ;
#7481 = ORIENTED_EDGE ( 'NONE', *, *, #3615, .T. ) ;
#7482 = AXIS2_PLACEMENT_3D ( 'NONE', #4858, #9045, #1253 ) ;
#7483 = LINE ( 'NONE', #106, #774 ) ;
#7484 = LINE ( 'NONE', #5875, #1899 ) ;
#7485 = PLANE ( 'NONE',  #1256 ) ;
#7486 = AXIS2_PLACEMENT_3D ( 'NONE', #2978, #7876, #1462 ) ;
#7487 = LINE ( 'NONE', #2640, #6695 ) ;
#7488 = CARTESIAN_POINT ( 'NONE',  ( -2.539999999999998703, 7.492999999999999439, -2.501900000000000901 ) ) ;
#7489 = CARTESIAN_POINT ( 'NONE',  ( -11.04900000000000304, 6.222999999999998977, 1.651000000000001133 ) ) ;
#7490 = ORIENTED_EDGE ( 'NONE', *, *, #1600, .F. ) ;
#7491 = CARTESIAN_POINT ( 'NONE',  ( 3.428999999999998050, 6.222999999999998977, 1.651000000000001133 ) ) ;
#7492 = EDGE_CURVE ( 'NONE', #5847, #6365, #4770, .T. ) ;
#7493 = ADVANCED_FACE ( 'NONE', ( #9054 ), #2672, .F. ) ;
#7494 = VECTOR ( 'NONE', #3763, 1000.000000000000000 ) ;
#7495 = LINE ( 'NONE', #5228, #2341 ) ;
#7496 = EDGE_LOOP ( 'NONE', ( #1144, #5784, #7192, #4855 ) ) ;
#7497 = FACE_OUTER_BOUND ( 'NONE', #8694, .T. ) ;
#7498 = CARTESIAN_POINT ( 'NONE',  ( 0.3047999999999999599, 0.2539999999999991709, -2.387599999999999945 ) ) ;
#7499 = EDGE_LOOP ( 'NONE', ( #2347, #6033, #1575, #5335 ) ) ;
#7500 = CARTESIAN_POINT ( 'NONE',  ( -6.731000000000001648, 7.048499999999997989, -0.8889999999999986802 ) ) ;
#7501 = VECTOR ( 'NONE', #334, 1000.000000000000000 ) ;
#7502 = ORIENTED_EDGE ( 'NONE', *, *, #9002, .T. ) ;
#7503 = LINE ( 'NONE', #8116, #2612 ) ;
#7504 = EDGE_LOOP ( 'NONE', ( #2532, #717, #4920, #6859 ) ) ;
#7505 = SHAPE_DEFINITION_REPRESENTATION ( #7466, #243 ) ;
#7506 = VECTOR ( 'NONE', #714, 1000.000000000000000 ) ;
#7507 = ORIENTED_EDGE ( 'NONE', *, *, #3270, .F. ) ;
#7508 = AXIS2_PLACEMENT_3D ( 'NONE', #1864, #6366, #9099 ) ;
#7509 = CARTESIAN_POINT ( 'NONE',  ( 0.3047999999999999599, 0.6730999999999999206, -1.714499999999999913 ) ) ;
#7510 = LINE ( 'NONE', #6130, #3127 ) ;
#7511 = LINE ( 'NONE', #7423, #1388 ) ;
#7512 = EDGE_LOOP ( 'NONE', ( #4606, #1492, #3702, #5321 ) ) ;
#7513 = CARTESIAN_POINT ( 'NONE',  ( 2.540000000000000480, 0.000000000000000000, 0.000000000000000000 ) ) ;
#7514 = ORIENTED_EDGE ( 'NONE', *, *, #4482, .F. ) ;
#7515 = DIRECTION ( 'NONE',  ( 1.000000000000000000, 0.000000000000000000, 0.000000000000000000 ) ) ;
#7516 = EDGE_LOOP ( 'NONE', ( #553, #6137, #7039, #834 ) ) ;
#7517 = EDGE_CURVE ( 'NONE', #7544, #728, #3007, .T. ) ;
#7518 = VECTOR ( 'NONE', #6922, 1000.000000000000000 ) ;
#7519 = LINE ( 'NONE', #1732, #5767 ) ;
#7520 = EDGE_CURVE ( 'NONE', #6215, #3598, #72, .T. ) ;
#7521 = DIRECTION ( 'NONE',  ( -0.000000000000000000, 1.000000000000000000, 1.733406087350420004E-16 ) ) ;
#7522 = LINE ( 'NONE', #501, #1413 ) ;
#7523 = LINE ( 'NONE', #7392, #3494 ) ;
#7524 = ORIENTED_EDGE ( 'NONE', *, *, #6511, .F. ) ;
#7525 = FACE_OUTER_BOUND ( 'NONE', #6835, .T. ) ;
#7526 = ORIENTED_EDGE ( 'NONE', *, *, #6473, .T. ) ;
#7527 = CARTESIAN_POINT ( 'NONE',  ( 12.69999999999999929, 0.3809999999999993947, -2.120900000000001562 ) ) ;
#7528 = CARTESIAN_POINT ( 'NONE',  ( 2.095500000000001695, 7.492999999999998550, 0.4444999999999979523 ) ) ;
#7529 = PLANE ( 'NONE',  #478 ) ;
#7530 = VECTOR ( 'NONE', #8747, 1000.000000000000000 ) ;
#7531 = DIRECTION ( 'NONE',  ( -0.5773502691896273964, -0.5773502691896236216, -0.5773502691896262862 ) ) ;
#7532 = EDGE_CURVE ( 'NONE', #1728, #1782, #3613, .T. ) ;
#7533 = VERTEX_POINT ( 'NONE', #780 ) ;
#7534 = ADVANCED_FACE ( 'NONE', ( #2959 ), #5899, .F. ) ;
#7535 = LINE ( 'NONE', #1938, #3715 ) ;
#7537 = ORIENTED_EDGE ( 'NONE', *, *, #1923, .F. ) ;
#7536 = EDGE_LOOP ( 'NONE', ( #6747, #8972, #4071, #5771 ) ) ;
#7538 = CARTESIAN_POINT ( 'NONE',  ( 6.476999999999996760, 6.794499999999997542, 1.397000000000001130 ) ) ;
#7539 = VECTOR ( 'NONE', #3583, 1000.000000000000000 ) ;
#7540 = PRODUCT ( 'NPPC102KFMS-RC', 'NPPC102KFMS-RC', '', ( #2608 ) ) ;
#7541 = EDGE_LOOP ( 'NONE', ( #8728, #8268, #2440, #901 ) ) ;
#7542 = LINE ( 'NONE', #8341, #1830 ) ;
#7543 = CARTESIAN_POINT ( 'NONE',  ( -10.15999999999999837, 7.492999999999998550, 2.501900000000000901 ) ) ;
#7544 = VERTEX_POINT ( 'NONE', #8688 ) ;
#7545 = DIRECTION ( 'NONE',  ( 0.000000000000000000, 0.000000000000000000, 1.000000000000000000 ) ) ;
#7546 = EDGE_CURVE ( 'NONE', #8844, #2340, #5807, .T. ) ;
#7547 = ORIENTED_EDGE ( 'NONE', *, *, #837, .T. ) ;
#7548 = CARTESIAN_POINT ( 'NONE',  ( 1.396999999999997133, 6.794499999999999318, -1.396999999999998243 ) ) ;
#7549 = VERTEX_POINT ( 'NONE', #4309 ) ;
#7550 = ADVANCED_FACE ( 'NONE', ( #3656 ), #5187, .F. ) ;
#7551 = LINE ( 'NONE', #2606, #1117 ) ;
#7552 = LINE ( 'NONE', #1106, #7112 ) ;
#7553 = ORIENTED_EDGE ( 'NONE', *, *, #6777, .F. ) ;
#7554 = DIRECTION ( 'NONE',  ( 0.000000000000000000, -0.9659258262890700886, 0.2588190451025143002 ) ) ;
#7555 = FACE_OUTER_BOUND ( 'NONE', #4528, .T. ) ;
#7556 = VECTOR ( 'NONE', #6741, 1000.000000000000000 ) ;
#7557 = LINE ( 'NONE', #6856, #8251 ) ;
#7558 = FACE_OUTER_BOUND ( 'NONE', #2996, .T. ) ;
#7559 = ORIENTED_EDGE ( 'NONE', *, *, #5824, .T. ) ;
#7560 = EDGE_CURVE ( 'NONE', #6752, #4693, #6496, .T. ) ;
#7561 = CARTESIAN_POINT ( 'NONE',  ( 7.620000000000001883, 0.8889999999999989022, -1.984781810244995004 ) ) ;
#7562 = EDGE_LOOP ( 'NONE', ( #7163, #3289, #6208, #972 ) ) ;
#7563 = DIRECTION ( 'NONE',  ( 0.000000000000000000, 0.000000000000000000, -1.000000000000000000 ) ) ;
#7564 = DIRECTION ( 'NONE',  ( -1.000000000000000000, 0.000000000000000000, 0.000000000000000000 ) ) ;
#7565 = ORIENTED_EDGE ( 'NONE', *, *, #1239, .T. ) ;
#7566 = VECTOR ( 'NONE', #2236, 1000.000000000000000 ) ;
#7567 = CARTESIAN_POINT ( 'NONE',  ( 10.16000000000000192, 0.8889999999999985691, 1.984781810244993228 ) ) ;
#7568 = PLANE ( 'NONE',  #671 ) ;
#7569 = CARTESIAN_POINT ( 'NONE',  ( 12.70000000000000284, 7.492999999999999439, -2.501900000000000901 ) ) ;
#7570 = LINE ( 'NONE', #1970, #1825 ) ;
#7571 = EDGE_LOOP ( 'NONE', ( #54, #1271, #3417, #8361 ) ) ;
#7572 = LINE ( 'NONE', #228, #317 ) ;
#7573 = ORIENTED_EDGE ( 'NONE', *, *, #8443, .T. ) ;
#7574 = DIRECTION ( 'NONE',  ( 0.000000000000000000, 1.422837496700139336E-15, -1.000000000000000000 ) ) ;
#7575 = ADVANCED_FACE ( 'NONE', ( #2252 ), #6454, .T. ) ;
#7576 = DIRECTION ( 'NONE',  ( 1.000000000000000000, 0.000000000000000000, 0.000000000000000000 ) ) ;
#7577 = VECTOR ( 'NONE', #8391, 1000.000000000000114 ) ;
#7578 = DIRECTION ( 'NONE',  ( 0.5773502691896273964, 0.5773502691896237327, -0.5773502691896261751 ) ) ;
#7579 = CARTESIAN_POINT ( 'NONE',  ( 7.620000000000001883, 0.3809999999999992837, 2.501899999999999125 ) ) ;
#7580 = CARTESIAN_POINT ( 'NONE',  ( 10.16000000000000192, 0.3809999999999999498, -2.501900000000000901 ) ) ;
#7581 = ORIENTED_EDGE ( 'NONE', *, *, #4243, .F. ) ;
#7582 = VECTOR ( 'NONE', #1450, 1000.000000000000000 ) ;
#7583 = FACE_OUTER_BOUND ( 'NONE', #5505, .T. ) ;
#7584 = ORIENTED_EDGE ( 'NONE', *, *, #5453, .T. ) ;
#7585 = EDGE_CURVE ( 'NONE', #597, #8076, #5102, .T. ) ;
#7586 = EDGE_LOOP ( 'NONE', ( #6087, #83, #1323, #9249, #736, #80, #3193, #5525 ) ) ;
#7587 = EDGE_CURVE ( 'NONE', #8410, #756, #2916, .T. ) ;
#7588 = LINE ( 'NONE', #3408, #8990 ) ;
#7589 = EDGE_CURVE ( 'NONE', #4947, #8245, #3746, .T. ) ;
#7590 = CARTESIAN_POINT ( 'NONE',  ( -4.191000000000001613, 6.222999999999998977, -0.8889999999999987912 ) ) ;
#7591 = ORIENTED_EDGE ( 'NONE', *, *, #2070, .F. ) ;
#7592 = CARTESIAN_POINT ( 'NONE',  ( -0.8890000000000026770, 7.048499999999997989, -0.8889999999999986802 ) ) ;
#7593 = VERTEX_POINT ( 'NONE', #7903 ) ;
#7594 = CARTESIAN_POINT ( 'NONE',  ( -9.271000000000000796, 6.222999999999998977, -0.8889999999999987912 ) ) ;
#7595 = VECTOR ( 'NONE', #3026, 1000.000000000000000 ) ;
#7596 = ORIENTED_EDGE ( 'NONE', *, *, #2795, .F. ) ;
#7597 = LINE ( 'NONE', #7156, #1678 ) ;
#7598 = VERTEX_POINT ( 'NONE', #822 ) ;
#7599 = ORIENTED_EDGE ( 'NONE', *, *, #4225, .F. ) ;
#7600 = EDGE_CURVE ( 'NONE', #5943, #7860, #6541, .T. ) ;
#7601 = DIRECTION ( 'NONE',  ( 0.5773502691896273964, -0.5773502691896236216, -0.5773502691896262862 ) ) ;
#7602 = EDGE_CURVE ( 'NONE', #1711, #4107, #163, .T. ) ;
#7603 = CARTESIAN_POINT ( 'NONE',  ( -1.651000000000001355, 6.222999999999998977, -1.650999999999998913 ) ) ;
#7604 = VECTOR ( 'NONE', #4943, 1000.000000000000000 ) ;
#7605 = DIRECTION ( 'NONE',  ( 1.000000000000000000, -0.000000000000000000, -0.000000000000000000 ) ) ;
#7606 = FACE_OUTER_BOUND ( 'NONE', #3475, .T. ) ;
#7607 = LINE ( 'NONE', #6220, #94 ) ;
#7608 = VERTEX_POINT ( 'NONE', #7279 ) ;
#7609 = LINE ( 'NONE', #6316, #1252 ) ;
#7610 = ORIENTED_EDGE ( 'NONE', *, *, #32, .T. ) ;
#7611 = LINE ( 'NONE', #2116, #3683 ) ;
#7612 = ORIENTED_EDGE ( 'NONE', *, *, #4332, .T. ) ;
#7613 = EDGE_CURVE ( 'NONE', #5648, #8287, #876, .T. ) ;
#7614 = FACE_OUTER_BOUND ( 'NONE', #7920, .T. ) ;
#7615 = LINE ( 'NONE', #6966, #5464 ) ;
#7616 = CARTESIAN_POINT ( 'NONE',  ( 5.968999999999998529, 6.222999999999998977, -1.650999999999998913 ) ) ;
#7617 = DIRECTION ( 'NONE',  ( 0.000000000000000000, 1.000000000000000000, 0.000000000000000000 ) ) ;
#7618 = CARTESIAN_POINT ( 'NONE',  ( 4.190999999999997172, 6.222999999999998977, -0.8889999999999987912 ) ) ;
#7619 = ORIENTED_EDGE ( 'NONE', *, *, #1477, .F. ) ;
#7620 = FACE_OUTER_BOUND ( 'NONE', #2088, .T. ) ;
#7621 = ORIENTED_EDGE ( 'NONE', *, *, #126, .T. ) ;
#7622 = DIRECTION ( 'NONE',  ( 0.000000000000000000, -1.733406087350420251E-16, 1.000000000000000000 ) ) ;
#7623 =( NAMED_UNIT ( * ) SI_UNIT ( $, .STERADIAN. ) SOLID_ANGLE_UNIT ( ) );
#7624 = EDGE_CURVE ( 'NONE', #2548, #1345, #7325, .T. ) ;
#7625 = CARTESIAN_POINT ( 'NONE',  ( -2.539999999999998703, 0.3809999999999992837, 2.501899999999999125 ) ) ;
#7626 = LINE ( 'NONE', #1227, #3815 ) ;
#7627 = DIRECTION ( 'NONE',  ( 0.000000000000000000, -1.422837496700138942E-15, 1.000000000000000000 ) ) ;
#7628 = CARTESIAN_POINT ( 'NONE',  ( -1.651000000000001355, 7.048499999999997101, 1.651000000000001355 ) ) ;
#7629 = ORIENTED_EDGE ( 'NONE', *, *, #2647, .T. ) ;
#7630 = EDGE_CURVE ( 'NONE', #8104, #2522, #2871, .T. ) ;
#7631 = DIRECTION ( 'NONE',  ( 0.000000000000000000, 1.000000000000000000, 2.439149994343092652E-16 ) ) ;
#7632 = VERTEX_POINT ( 'NONE', #8257 ) ;
#7633 = FACE_OUTER_BOUND ( 'NONE', #6674, .T. ) ;
#7634 = ADVANCED_FACE ( 'NONE', ( #1810 ), #5280, .F. ) ;
#7635 = AXIS2_PLACEMENT_3D ( 'NONE', #2760, #14, #6486 ) ;
#7636 = CARTESIAN_POINT ( 'NONE',  ( 1.650999999999998025, 6.222999999999998977, 0.8890000000000011227 ) ) ;
#7637 = UNCERTAINTY_MEASURE_WITH_UNIT (LENGTH_MEASURE( 1.000000000000000082E-05 ), #8051, 'distance_accuracy_value', 'NONE');
#7638 = EDGE_CURVE ( 'NONE', #1488, #690, #3279, .T. ) ;
#7639 = DIRECTION ( 'NONE',  ( 0.000000000000000000, -1.000000000000000000, -2.082201214683127315E-16 ) ) ;
#7640 = EDGE_CURVE ( 'NONE', #6251, #4838, #7552, .T. ) ;
#7641 = ORIENTED_EDGE ( 'NONE', *, *, #4557, .F. ) ;
#7642 = LINE ( 'NONE', #6996, #2684 ) ;
#7643 = FACE_OUTER_BOUND ( 'NONE', #2550, .T. ) ;
#7644 = ORIENTED_EDGE ( 'NONE', *, *, #2449, .F. ) ;
#7645 = CARTESIAN_POINT ( 'NONE',  ( -7.619999999999998330, 7.492999999999999439, -2.095500000000001695 ) ) ;
#7646 = CLOSED_SHELL ( 'NONE', ( #6391, #1394, #7381, #3764, #413, #9253, #1012, #1944, #1372, #3823, #3930, #580, #8111, #7016, #4851, #5195, #3112, #6070, #8560, #4635, #1267, #5669, #7109, #2465, #7689, #1995, #3907, #2639 ) ) ;
#7647 = VERTEX_POINT ( 'NONE', #5323 ) ;
#7648 = CARTESIAN_POINT ( 'NONE',  ( -3.429000000000003379, 6.222999999999998977, -0.8889999999999987912 ) ) ;
#7649 = ORIENTED_EDGE ( 'NONE', *, *, #2499, .T. ) ;
#7650 = CARTESIAN_POINT ( 'NONE',  ( 2.095500000000001695, 7.492999999999998550, 2.095500000000003915 ) ) ;
#7651 = AXIS2_PLACEMENT_3D ( 'NONE', #5679, #5068, #830 ) ;
#7652 = LINE ( 'NONE', #6264, #8915 ) ;
#7653 = EDGE_CURVE ( 'NONE', #374, #5754, #6799, .T. ) ;
#7654 = CARTESIAN_POINT ( 'NONE',  ( -6.731000000000001648, 6.222999999999998977, -0.8889999999999987912 ) ) ;
#7655 = ORIENTED_EDGE ( 'NONE', *, *, #5933, .F. ) ;
#7656 = EDGE_CURVE ( 'NONE', #6012, #7802, #4618, .T. ) ;
#7657 = LINE ( 'NONE', #4862, #8703 ) ;
#7658 = LINE ( 'NONE', #1480, #4900 ) ;
#7659 = ORIENTED_EDGE ( 'NONE', *, *, #7589, .F. ) ;
#7660 = ADVANCED_FACE ( 'NONE', ( #379 ), #2556, .F. ) ;
#7661 = ORIENTED_EDGE ( 'NONE', *, *, #4072, .F. ) ;
#7662 = AXIS2_PLACEMENT_3D ( 'NONE', #2613, #4812, #437 ) ;
#7663 =( LENGTH_UNIT ( ) NAMED_UNIT ( * ) SI_UNIT ( .MILLI., .METRE. ) );
#7664 = DIRECTION ( 'NONE',  ( 0.000000000000000000, 1.000000000000000000, -1.138269997360111548E-15 ) ) ;
#7665 = ORIENTED_EDGE ( 'NONE', *, *, #8382, .F. ) ;
#7666 = CARTESIAN_POINT ( 'NONE',  ( -11.81100000000000172, 6.222999999999998977, -0.8889999999999987912 ) ) ;
#7667 = DIRECTION ( 'NONE',  ( 0.000000000000000000, 0.000000000000000000, -1.000000000000000000 ) ) ;
#7668 = DIRECTION ( 'NONE',  ( 0.000000000000000000, 1.733406087350420004E-16, -1.000000000000000000 ) ) ;
#7669 = VECTOR ( 'NONE', #1430, 1000.000000000000000 ) ;
#7670 = EDGE_CURVE ( 'NONE', #2877, #7753, #5413, .T. ) ;
#7671 = CARTESIAN_POINT ( 'NONE',  ( 3.682999999999998941, 6.794499999999998430, 1.143000000000001570 ) ) ;
#7672 = DIRECTION ( 'NONE',  ( 0.000000000000000000, -1.000000000000000000, -1.733406087350420004E-16 ) ) ;
#7673 = EDGE_LOOP ( 'NONE', ( #1984, #2659, #3974, #4910 ) ) ;
#7674 = ADVANCED_FACE ( 'NONE', ( #8121 ), #8857, .F. ) ;
#7675 = PLANE ( 'NONE',  #5884 ) ;
#7676 = ORIENTED_EDGE ( 'NONE', *, *, #98, .T. ) ;
#7677 = VECTOR ( 'NONE', #5446, 1000.000000000000000 ) ;
#7678 = DIRECTION ( 'NONE',  ( -1.000000000000000000, -0.000000000000000000, -0.000000000000000000 ) ) ;
#7679 = VECTOR ( 'NONE', #8832, 1000.000000000000000 ) ;
#7680 = LINE ( 'NONE', #1224, #4155 ) ;
#7681 = CARTESIAN_POINT ( 'NONE',  ( 15.24000000000000021, 6.222999999999998977, -2.201425730935033664E-16 ) ) ;
#7682 = DIRECTION ( 'NONE',  ( -0.000000000000000000, 1.000000000000000000, 0.000000000000000000 ) ) ;
#7683 = DIRECTION ( 'NONE',  ( -1.000000000000000000, -0.000000000000000000, -0.000000000000000000 ) ) ;
#7684 = VECTOR ( 'NONE', #9107, 1000.000000000000000 ) ;
#7685 = DIRECTION ( 'NONE',  ( -0.000000000000000000, 0.000000000000000000, 1.000000000000000000 ) ) ;
#7686 = EDGE_LOOP ( 'NONE', ( #2109, #6427, #1785, #7619 ) ) ;
#7687 = CARTESIAN_POINT ( 'NONE',  ( 12.69999999999999929, 0.3809999999999992837, 2.501899999999999125 ) ) ;
#7688 = ORIENTED_EDGE ( 'NONE', *, *, #7589, .T. ) ;
#7689 = ADVANCED_FACE ( 'NONE', ( #2458 ), #3232, .F. ) ;
#7690 = CARTESIAN_POINT ( 'NONE',  ( 12.95400000000000063, 0.8889999999999989022, -1.984781810244995004 ) ) ;
#7691 = DIRECTION ( 'NONE',  ( 0.000000000000000000, -1.224646799147355179E-16, 1.000000000000000000 ) ) ;
#7692 = VECTOR ( 'NONE', #6979, 1000.000000000000000 ) ;
#7693 = VECTOR ( 'NONE', #1295, 1000.000000000000000 ) ;
#7694 = CARTESIAN_POINT ( 'NONE',  ( 1.650999999999998025, 6.222999999999998977, -0.8889999999999987912 ) ) ;
#7695 = DIRECTION ( 'NONE',  ( 0.000000000000000000, -1.000000000000000000, -2.439149994343092652E-16 ) ) ;
#7696 = VERTEX_POINT ( 'NONE', #5976 ) ;
#7697 = LINE ( 'NONE', #1293, #7669 ) ;
#7698 = ORIENTED_EDGE ( 'NONE', *, *, #5981, .F. ) ;
#7699 = CARTESIAN_POINT ( 'NONE',  ( 1.734723475976807094E-15, 0.8889999999999985691, 1.984781810244993228 ) ) ;
#7700 = AXIS2_PLACEMENT_3D ( 'NONE', #6481, #8675, #2191 ) ;
#7701 = ORIENTED_EDGE ( 'NONE', *, *, #139, .T. ) ;
#7702 = EDGE_CURVE ( 'NONE', #2764, #593, #2474, .T. ) ;
#7703 = DIRECTION ( 'NONE',  ( 0.000000000000000000, 1.733406087350420004E-16, -1.000000000000000000 ) ) ;
#7704 = ORIENTED_EDGE ( 'NONE', *, *, #495, .T. ) ;
#7705 = VECTOR ( 'NONE', #7149, 1000.000000000000000 ) ;
#7706 = DIRECTION ( 'NONE',  ( 0.000000000000000000, -0.7071067811865492381, 0.7071067811865457964 ) ) ;
#7707 = CARTESIAN_POINT ( 'NONE',  ( 1.650999999999998025, 7.048499999999997101, 1.651000000000001355 ) ) ;
#7708 = LINE ( 'NONE', #8359, #34 ) ;
#7709 = DIRECTION ( 'NONE',  ( 0.000000000000000000, -0.9659258262890699775, -0.2588190451025143002 ) ) ;
#7710 = ORIENTED_EDGE ( 'NONE', *, *, #306, .T. ) ;
#7712 = VERTEX_POINT ( 'NONE', #1010 ) ;
#7711 = ORIENTED_EDGE ( 'NONE', *, *, #8799, .F. ) ;
#7713 =( REPRESENTATION_RELATIONSHIP ('NONE','NONE', #243, #483 ) REPRESENTATION_RELATIONSHIP_WITH_TRANSFORMATION ( #6706 )SHAPE_REPRESENTATION_RELATIONSHIP( ) );
#7714 = PLANE ( 'NONE',  #7992 ) ;
#7715 = VERTEX_POINT ( 'NONE', #3880 ) ;
#7716 = CARTESIAN_POINT ( 'NONE',  ( 11.30300000000000082, 6.794499999999998430, 1.143000000000001570 ) ) ;
#7717 = EDGE_CURVE ( 'NONE', #6559, #5414, #6707, .T. ) ;
#7718 = CARTESIAN_POINT ( 'NONE',  ( 2.540000000000002256, 0.8889999999999989022, -1.984781810244995004 ) ) ;
#7719 = CARTESIAN_POINT ( 'NONE',  ( -8.509000000000002117, 7.048499999999997989, -0.8889999999999986802 ) ) ;
#7720 = EDGE_CURVE ( 'NONE', #5847, #4640, #8500, .T. ) ;
#7721 = CARTESIAN_POINT ( 'NONE',  ( 0.3047999999999999599, 0.6731000000000003647, 1.714499999999999913 ) ) ;
#7722 = DIRECTION ( 'NONE',  ( 0.000000000000000000, -1.000000000000000000, -2.439149994343092652E-16 ) ) ;
#7723 = CARTESIAN_POINT ( 'NONE',  ( 3.428999999999998050, 7.048499999999997989, -0.8889999999999986802 ) ) ;
#7724 = VERTEX_POINT ( 'NONE', #7648 ) ;
#7725 = VECTOR ( 'NONE', #9202, 1000.000000000000000 ) ;
#7726 = ORIENTED_EDGE ( 'NONE', *, *, #3564, .F. ) ;
#7727 = EDGE_CURVE ( 'NONE', #3698, #1628, #1250, .T. ) ;
#7728 = VERTEX_POINT ( 'NONE', #6949 ) ;
#7729 = EDGE_CURVE ( 'NONE', #4333, #4640, #7801, .T. ) ;
#7730 = DIRECTION ( 'NONE',  ( 0.000000000000000000, -0.9659258262890700886, 0.2588190451025143002 ) ) ;
#7731 = CARTESIAN_POINT ( 'NONE',  ( 7.620000000000001883, 0.000000000000000000, 0.000000000000000000 ) ) ;
#7732 = EDGE_CURVE ( 'NONE', #1248, #8413, #3514, .T. ) ;
#7733 = VECTOR ( 'NONE', #2614, 1000.000000000000000 ) ;
#7734 = FACE_OUTER_BOUND ( 'NONE', #4811, .T. ) ;
#7735 = FACE_OUTER_BOUND ( 'NONE', #7673, .T. ) ;
#7736 = DIRECTION ( 'NONE',  ( 0.000000000000000000, 0.000000000000000000, 1.000000000000000000 ) ) ;
#7737 = ORIENTED_EDGE ( 'NONE', *, *, #2658, .F. ) ;
#7738 = AXIS2_PLACEMENT_3D ( 'NONE', #3177, #5317, #5180 ) ;
#7739 = PLANE ( 'NONE',  #84 ) ;
#7740 = CARTESIAN_POINT ( 'NONE',  ( -11.81100000000000172, 6.222999999999998977, 0.8890000000000011227 ) ) ;
#7741 = EDGE_CURVE ( 'NONE', #7909, #7769, #3418, .T. ) ;
#7742 = LINE ( 'NONE', #4286, #2003 ) ;
#7743 = VECTOR ( 'NONE', #7022, 1000.000000000000114 ) ;
#7744 = ORIENTED_EDGE ( 'NONE', *, *, #7151, .F. ) ;
#7745 = VECTOR ( 'NONE', #1234, 1000.000000000000000 ) ;
#7746 = CARTESIAN_POINT ( 'NONE',  ( -5.079999999999998295, 7.492999999999998550, 2.501900000000000901 ) ) ;
#7747 = LINE ( 'NONE', #4948, #6479 ) ;
#7748 = ORIENTED_EDGE ( 'NONE', *, *, #1692, .T. ) ;
#7749 = CARTESIAN_POINT ( 'NONE',  ( -2.539999999999998703, 0.3809999999999993947, -2.120900000000001562 ) ) ;
#7750 = VERTEX_POINT ( 'NONE', #6849 ) ;
#7751 = AXIS2_PLACEMENT_3D ( 'NONE', #2762, #9047, #2664 ) ;
#7752 = LINE ( 'NONE', #1298, #7871 ) ;
#7753 = VERTEX_POINT ( 'NONE', #4205 ) ;
#7754 = AXIS2_PLACEMENT_3D ( 'NONE', #8269, #9053, #7563 ) ;
#7755 = ADVANCED_FACE ( 'NONE', ( #8303 ), #9135, .F. ) ;
#7756 = LINE ( 'NONE', #4209, #1755 ) ;
#7757 = CARTESIAN_POINT ( 'NONE',  ( 12.69999999999999929, 7.492999999999998550, 2.501900000000000901 ) ) ;
#7758 = EDGE_CURVE ( 'NONE', #5212, #1904, #8401, .T. ) ;
#7759 = ORIENTED_EDGE ( 'NONE', *, *, #5562, .F. ) ;
#7760 = VECTOR ( 'NONE', #6393, 1000.000000000000000 ) ;
#7761 = DIRECTION ( 'NONE',  ( -0.000000000000000000, -0.7071067811865491270, -0.7071067811865460184 ) ) ;
#7762 = CARTESIAN_POINT ( 'NONE',  ( 0.3047999999999999599, 0.8889999999999995683, -1.968499999999999694 ) ) ;
#7763 = ORIENTED_EDGE ( 'NONE', *, *, #744, .T. ) ;
#7764 = EDGE_CURVE ( 'NONE', #490, #427, #7752, .T. ) ;
#7765 = FACE_OUTER_BOUND ( 'NONE', #7536, .T. ) ;
#7767 = ORIENTED_EDGE ( 'NONE', *, *, #1153, .T. ) ;
#7766 = ORIENTED_EDGE ( 'NONE', *, *, #4723, .F. ) ;
#7768 = CARTESIAN_POINT ( 'NONE',  ( -10.15999999999999837, 0.8889999999999989022, -1.984781810244995004 ) ) ;
#7769 = VERTEX_POINT ( 'NONE', #4902 ) ;
#7770 = DIRECTION ( 'NONE',  ( 0.000000000000000000, -1.000000000000000000, 0.000000000000000000 ) ) ;
#7771 = VECTOR ( 'NONE', #5750, 1000.000000000000000 ) ;
#7772 = ADVANCED_FACE ( 'NONE', ( #8453 ), #1349, .F. ) ;
#7773 = CARTESIAN_POINT ( 'NONE',  ( 2.540000000000002256, 7.492999999999999439, -2.501900000000000901 ) ) ;
#7774 = DIRECTION ( 'NONE',  ( -1.000000000000000000, 0.000000000000000000, 0.000000000000000000 ) ) ;
#7775 = FACE_OUTER_BOUND ( 'NONE', #5816, .T. ) ;
#7776 = CARTESIAN_POINT ( 'NONE',  ( -2.539999999999998703, 0.3809999999999999498, -2.501900000000000901 ) ) ;
#7777 = DIRECTION ( 'NONE',  ( 0.000000000000000000, -1.733406087350420251E-16, 1.000000000000000000 ) ) ;
#7778 = VERTEX_POINT ( 'NONE', #5045 ) ;
#7779 = CARTESIAN_POINT ( 'NONE',  ( 6.730999999999997208, 6.222999999999998977, 1.651000000000001133 ) ) ;
#7780 = VERTEX_POINT ( 'NONE', #3032 ) ;
#7781 = ADVANCED_FACE ( 'NONE', ( #5846 ), #2900, .F. ) ;
#7782 = ORIENTED_EDGE ( 'NONE', *, *, #3238, .F. ) ;
#7783 = CARTESIAN_POINT ( 'NONE',  ( -1.651000000000001355, 7.048499999999997989, -1.650999999999998691 ) ) ;
#7784 = CARTESIAN_POINT ( 'NONE',  ( 8.064499999999995339, 7.492999999999999439, -2.095500000000001695 ) ) ;
#7785 = FACE_OUTER_BOUND ( 'NONE', #4301, .T. ) ;
#7786 = LINE ( 'NONE', #7628, #5000 ) ;
#7787 = EDGE_CURVE ( 'NONE', #4742, #1488, #108, .T. ) ;
#7788 = CARTESIAN_POINT ( 'NONE',  ( -12.69999999999999929, 0.8889999999999989022, -1.984781810244995004 ) ) ;
#7789 = VERTEX_POINT ( 'NONE', #8541 ) ;
#7790 = EDGE_CURVE ( 'NONE', #8628, #6559, #983, .T. ) ;
#7791 = SURFACE_STYLE_USAGE ( .BOTH. , #669 ) ;
#7792 = LINE ( 'NONE', #7172, #2270 ) ;
#7793 = CARTESIAN_POINT ( 'NONE',  ( 0.8889999999999991243, 6.222999999999998977, -1.650999999999998913 ) ) ;
#7794 = CARTESIAN_POINT ( 'NONE',  ( 6.476999999999996760, 6.794499999999999318, -1.396999999999998243 ) ) ;
#7795 = VERTEX_POINT ( 'NONE', #4998 ) ;
#7796 = DIRECTION ( 'NONE',  ( 0.000000000000000000, 0.000000000000000000, 1.000000000000000000 ) ) ;
#7797 = VERTEX_POINT ( 'NONE', #7848 ) ;
#7798 = DIRECTION ( 'NONE',  ( 1.000000000000000000, 0.000000000000000000, 0.000000000000000000 ) ) ;
#7799 = ORIENTED_EDGE ( 'NONE', *, *, #4738, .T. ) ;
#7800 = ORIENTED_EDGE ( 'NONE', *, *, #5978, .F. ) ;
#7801 = LINE ( 'NONE', #584, #7399 ) ;
#7802 = VERTEX_POINT ( 'NONE', #8595 ) ;
#7803 = PLANE ( 'NONE',  #8701 ) ;
#7804 = DIRECTION ( 'NONE',  ( 0.000000000000000000, 0.000000000000000000, 1.000000000000000000 ) ) ;
#7805 = LINE ( 'NONE', #4344, #3727 ) ;
#7806 = VERTEX_POINT ( 'NONE', #727 ) ;
#7807 = CARTESIAN_POINT ( 'NONE',  ( -2.539999999999998703, 0.3809999999999992837, 2.501899999999999125 ) ) ;
#7808 = ORIENTED_EDGE ( 'NONE', *, *, #1523, .T. ) ;
#7809 = EDGE_CURVE ( 'NONE', #8119, #1345, #154, .T. ) ;
#7811 = ORIENTED_EDGE ( 'NONE', *, *, #6464, .T. ) ;
#7810 = VERTEX_POINT ( 'NONE', #4295 ) ;
#7812 = CARTESIAN_POINT ( 'NONE',  ( 7.620000000000001883, 0.8889999999999989022, -1.984781810244995004 ) ) ;
#7813 = CARTESIAN_POINT ( 'NONE',  ( -2.539999999999998703, 0.3809999999999993947, -2.120900000000001562 ) ) ;
#7814 = ORIENTED_EDGE ( 'NONE', *, *, #5841, .T. ) ;
#7815 = VECTOR ( 'NONE', #4324, 1000.000000000000000 ) ;
#7816 = DIRECTION ( 'NONE',  ( 0.000000000000000000, -1.733406087350420004E-16, 1.000000000000000000 ) ) ;
#7817 = CARTESIAN_POINT ( 'NONE',  ( -3.683000000000003826, 6.794499999999997542, 1.397000000000001130 ) ) ;
#7818 = CARTESIAN_POINT ( 'NONE',  ( 5.968999999999998529, 6.222999999999998977, 1.651000000000001133 ) ) ;
#7819 = VECTOR ( 'NONE', #1601, 1000.000000000000000 ) ;
#7820 = DIRECTION ( 'NONE',  ( 0.000000000000000000, -1.733406087350420251E-16, 1.000000000000000000 ) ) ;
#7821 = ORIENTED_EDGE ( 'NONE', *, *, #7456, .F. ) ;
#7822 = CARTESIAN_POINT ( 'NONE',  ( 6.730999999999997208, 7.048499999999997101, 1.651000000000001355 ) ) ;
#7823 = ADVANCED_FACE ( 'NONE', ( #3602 ), #6785, .F. ) ;
#7824 = VERTEX_POINT ( 'NONE', #3131 ) ;
#7825 = CARTESIAN_POINT ( 'NONE',  ( 5.080000000000000959, 7.492999999999999439, -2.501900000000000901 ) ) ;
#7826 = ORIENTED_EDGE ( 'NONE', *, *, #2941, .T. ) ;
#7827 = ADVANCED_FACE ( 'NONE', ( #1750 ), #285, .F. ) ;
#7828 = EDGE_CURVE ( 'NONE', #1299, #5212, #7495, .T. ) ;
#7829 = VECTOR ( 'NONE', #2215, 1000.000000000000000 ) ;
#7830 = PLANE ( 'NONE',  #5373 ) ;
#7831 = DIRECTION ( 'NONE',  ( -0.000000000000000000, -0.000000000000000000, 1.000000000000000000 ) ) ;
#7832 =( NAMED_UNIT ( * ) PLANE_ANGLE_UNIT ( ) SI_UNIT ( $, .RADIAN. ) );
#7833 = CARTESIAN_POINT ( 'NONE',  ( -11.55700000000000216, 6.794499999999998430, 1.143000000000001570 ) ) ;
#7834 = DIRECTION ( 'NONE',  ( 0.000000000000000000, 0.000000000000000000, 1.000000000000000000 ) ) ;
#7835 = ORIENTED_EDGE ( 'NONE', *, *, #3504, .T. ) ;
#7836 = VECTOR ( 'NONE', #3903, 1000.000000000000000 ) ;
#7837 = LINE ( 'NONE', #5737, #7604 ) ;
#7838 = CARTESIAN_POINT ( 'NONE',  ( -5.524499999999998856, 7.492999999999999439, -2.095500000000001695 ) ) ;
#7839 = EDGE_LOOP ( 'NONE', ( #6924, #2537, #8004, #1677 ) ) ;
#7840 = EDGE_CURVE ( 'NONE', #1590, #2391, #5313, .T. ) ;
#7841 = LINE ( 'NONE', #5837, #4931 ) ;
#7842 = ORIENTED_EDGE ( 'NONE', *, *, #2287, .F. ) ;
#7843 = FACE_OUTER_BOUND ( 'NONE', #4579, .T. ) ;
#7844 = LINE ( 'NONE', #105, #8640 ) ;
#7845 = VECTOR ( 'NONE', #4785, 1000.000000000000000 ) ;
#7846 = EDGE_LOOP ( 'NONE', ( #5300, #8867, #7490, #5517 ) ) ;
#7847 = VECTOR ( 'NONE', #7411, 1000.000000000000000 ) ;
#7848 = CARTESIAN_POINT ( 'NONE',  ( 7.175500000000001322, 7.492999999999998550, 0.4444999999999979523 ) ) ;
#7849 = EDGE_LOOP ( 'NONE', ( #6704, #9040, #1674, #2113 ) ) ;
#7850 = VECTOR ( 'NONE', #4891, 1000.000000000000000 ) ;
#7851 = LINE ( 'NONE', #7097, #102 ) ;
#7852 = AXIS2_PLACEMENT_3D ( 'NONE', #4175, #3480, #4220 ) ;
#7853 = DIRECTION ( 'NONE',  ( 0.000000000000000000, -1.733406087350420251E-16, 1.000000000000000000 ) ) ;
#7854 = VERTEX_POINT ( 'NONE', #327 ) ;
#7855 = DIRECTION ( 'NONE',  ( -0.000000000000000000, 1.000000000000000000, 1.422837496700138942E-15 ) ) ;
#7856 = VERTEX_POINT ( 'NONE', #193 ) ;
#7857 = CARTESIAN_POINT ( 'NONE',  ( -11.81100000000000172, 6.222999999999998977, 1.651000000000001133 ) ) ;
#7859 = ORIENTED_EDGE ( 'NONE', *, *, #2811, .T. ) ;
#7858 = VERTEX_POINT ( 'NONE', #3221 ) ;
#7860 = VERTEX_POINT ( 'NONE', #5356 ) ;
#7861 = AXIS2_PLACEMENT_3D ( 'NONE', #2235, #5699, #5041 ) ;
#7862 = SHAPE_REPRESENTATION ( 'NPPC032KFMS-RC_C10S', ( #4760 ), #566 ) ;
#7863 = CARTESIAN_POINT ( 'NONE',  ( 0.1777999999999999858, 0.6730999999999999206, -3.302000000000000046 ) ) ;
#7864 = DIRECTION ( 'NONE',  ( -1.000000000000000000, 0.000000000000000000, 0.000000000000000000 ) ) ;
#7865 = VECTOR ( 'NONE', #1200, 1000.000000000000000 ) ;
#7866 = DIRECTION ( 'NONE',  ( 0.000000000000000000, -0.9659258262890699775, -0.2588190451025143002 ) ) ;
#7867 = ORIENTED_EDGE ( 'NONE', *, *, #8280, .F. ) ;
#7868 = VERTEX_POINT ( 'NONE', #2358 ) ;
#7869 = CARTESIAN_POINT ( 'NONE',  ( 1.734723475976807094E-15, 0.8889999999999985691, 1.984781810244993228 ) ) ;
#7870 = ORIENTED_EDGE ( 'NONE', *, *, #440, .T. ) ;
#7871 = VECTOR ( 'NONE', #3464, 1000.000000000000000 ) ;
#7872 = DIRECTION ( 'NONE',  ( -0.000000000000000000, -0.000000000000000000, 1.000000000000000000 ) ) ;
#7873 = LINE ( 'NONE', #3062, #3954 ) ;
#7874 = ADVANCED_FACE ( 'NONE', ( #2493 ), #6651, .F. ) ;
#7875 = SURFACE_STYLE_USAGE ( .BOTH. , #2885 ) ;
#7876 = DIRECTION ( 'NONE',  ( 0.000000000000000000, -1.733406087350420004E-16, 1.000000000000000000 ) ) ;
#7877 = ORIENTED_EDGE ( 'NONE', *, *, #4848, .F. ) ;
#7878 = EDGE_CURVE ( 'NONE', #2800, #8637, #8940, .T. ) ;
#7879 = PRESENTATION_STYLE_ASSIGNMENT (( #7791 ) ) ;
#7880 = DIRECTION ( 'NONE',  ( 0.000000000000000000, -1.733406087350420004E-16, 1.000000000000000000 ) ) ;
#7881 = CARTESIAN_POINT ( 'NONE',  ( 12.69999999999999929, 0.8889999999999989022, -1.984781810244995004 ) ) ;
#7882 = ORIENTED_EDGE ( 'NONE', *, *, #4012, .T. ) ;
#7883 = PLANE ( 'NONE',  #6845 ) ;
#7884 = DIRECTION ( 'NONE',  ( -1.000000000000000000, -0.000000000000000000, -0.000000000000000000 ) ) ;
#7885 = ORIENTED_EDGE ( 'NONE', *, *, #2763, .T. ) ;
#7886 = VECTOR ( 'NONE', #586, 1000.000000000000114 ) ;
#7887 = CARTESIAN_POINT ( 'NONE',  ( 2.540000000000002256, 0.3809999999999988396, 2.120899999999999785 ) ) ;
#7888 = AXIS2_PLACEMENT_3D ( 'NONE', #6007, #2441, #1745 ) ;
#7889 = DIRECTION ( 'NONE',  ( 0.000000000000000000, -1.000000000000000000, 0.000000000000000000 ) ) ;
#7890 = ORIENTED_EDGE ( 'NONE', *, *, #9124, .F. ) ;
#7891 = CARTESIAN_POINT ( 'NONE',  ( -0.3047999999999999599, 0.6731000000000003647, 3.302000000000000046 ) ) ;
#7892 = CARTESIAN_POINT ( 'NONE',  ( -0.3047999999999999599, 0.2539999999999991709, -2.387599999999999945 ) ) ;
#7893 = AXIS2_PLACEMENT_3D ( 'NONE', #1770, #297, #6806 ) ;
#7894 = AXIS2_PLACEMENT_3D ( 'NONE', #7825, #6333, #3537 ) ;
#7895 = DIRECTION ( 'NONE',  ( 0.000000000000000000, 1.733406087350420004E-16, -1.000000000000000000 ) ) ;
#7896 = CARTESIAN_POINT ( 'NONE',  ( -0.4444999999999987295, 7.492999999999998550, 2.095500000000003915 ) ) ;
#7897 = ORIENTED_EDGE ( 'NONE', *, *, #6653, .F. ) ;
#7898 = LINE ( 'NONE', #7051, #3346 ) ;
#7899 = ORIENTED_EDGE ( 'NONE', *, *, #4458, .F. ) ;
#7900 = VECTOR ( 'NONE', #8769, 1000.000000000000114 ) ;
#7901 =( GEOMETRIC_REPRESENTATION_CONTEXT ( 3 ) GLOBAL_UNCERTAINTY_ASSIGNED_CONTEXT ( ( #5404 ) ) GLOBAL_UNIT_ASSIGNED_CONTEXT ( ( #3044, #6495, #2369 ) ) REPRESENTATION_CONTEXT ( 'NONE', 'WORKASPACE' ) );
#7902 = DIRECTION ( 'NONE',  ( 1.000000000000000000, 0.000000000000000000, 0.000000000000000000 ) ) ;
#7903 = CARTESIAN_POINT ( 'NONE',  ( -0.3047999999999999599, 0.8889999999999995683, -1.714499999999999913 ) ) ;
#7904 = EDGE_LOOP ( 'NONE', ( #6490, #3080, #6480, #4060, #6791, #3951, #6025, #8785 ) ) ;
#7905 = EDGE_CURVE ( 'NONE', #2489, #6670, #8106, .T. ) ;
#7906 = VECTOR ( 'NONE', #6793, 1000.000000000000000 ) ;
#7907 = CARTESIAN_POINT ( 'NONE',  ( 5.080000000000000959, 0.8889999999999989022, -1.984781810244995004 ) ) ;
#7908 = LINE ( 'NONE', #6547, #3188 ) ;
#7909 = VERTEX_POINT ( 'NONE', #8203 ) ;
#7910 = EDGE_CURVE ( 'NONE', #7789, #8454, #7452, .T. ) ;
#7911 = DIRECTION ( 'NONE',  ( 0.000000000000000000, 0.000000000000000000, -1.000000000000000000 ) ) ;
#7912 = EDGE_LOOP ( 'NONE', ( #8937, #7035, #3403, #479 ) ) ;
#7913 = AXIS2_PLACEMENT_3D ( 'NONE', #7072, #660, #2172 ) ;
#7914 = EDGE_LOOP ( 'NONE', ( #5378, #8277, #6550, #7726 ) ) ;
#7915 = CARTESIAN_POINT ( 'NONE',  ( 3.428999999999998050, 6.222999999999998977, -0.8889999999999987912 ) ) ;
#7916 = DIRECTION ( 'NONE',  ( 0.000000000000000000, 0.000000000000000000, 1.000000000000000000 ) ) ;
#7917 = FACE_OUTER_BOUND ( 'NONE', #439, .T. ) ;
#7918 = CARTESIAN_POINT ( 'NONE',  ( 1.734723475976807094E-15, 7.492999999999999439, -2.501900000000000901 ) ) ;
#7919 = CARTESIAN_POINT ( 'NONE',  ( 1.650999999999998025, 6.222999999999998977, -0.8889999999999987912 ) ) ;
#7920 = EDGE_LOOP ( 'NONE', ( #8521, #2059, #278, #4705 ) ) ;
#7921 = FACE_OUTER_BOUND ( 'NONE', #7504, .T. ) ;
#7922 = DIRECTION ( 'NONE',  ( -1.000000000000000000, -0.000000000000000000, -0.000000000000000000 ) ) ;
#7923 = VERTEX_POINT ( 'NONE', #4561 ) ;
#7924 = FACE_OUTER_BOUND ( 'NONE', #1765, .T. ) ;
#7925 = ORIENTED_EDGE ( 'NONE', *, *, #1781, .T. ) ;
#7926 = LINE ( 'NONE', #8538, #3388 ) ;
#7927 = CARTESIAN_POINT ( 'NONE',  ( 1.734723475976807094E-15, 0.3809999999999993947, -2.120900000000001562 ) ) ;
#7928 = DIRECTION ( 'NONE',  ( 1.000000000000000000, 0.000000000000000000, 0.000000000000000000 ) ) ;
#7929 = EDGE_CURVE ( 'NONE', #8298, #6251, #5269, .T. ) ;
#7930 = DIRECTION ( 'NONE',  ( 0.000000000000000000, 0.9659258262890699775, 0.2588190451025143002 ) ) ;
#7931 = VERTEX_POINT ( 'NONE', #1616 ) ;
#7932 = DIRECTION ( 'NONE',  ( 0.000000000000000000, 0.9659258262890699775, 0.2588190451025143002 ) ) ;
#7933 = LINE ( 'NONE', #8681, #3421 ) ;
#7934 = PLANE ( 'NONE',  #726 ) ;
#7935 = ORIENTED_EDGE ( 'NONE', *, *, #7809, .T. ) ;
#7936 = CARTESIAN_POINT ( 'NONE',  ( 7.620000000000001883, 0.3809999999999999498, -2.501900000000000901 ) ) ;
#7937 = DIRECTION ( 'NONE',  ( 0.000000000000000000, -0.9659258262890700886, 0.2588190451025143002 ) ) ;
#7938 = CARTESIAN_POINT ( 'NONE',  ( -6.223000000000003418, 6.794499999999999318, -1.142999999999999572 ) ) ;
#7939 = CARTESIAN_POINT ( 'NONE',  ( 0.8889999999999991243, 7.048499999999997989, -0.8889999999999986802 ) ) ;
#7940 = ORIENTED_EDGE ( 'NONE', *, *, #7151, .T. ) ;
#7941 = VECTOR ( 'NONE', #2311, 1000.000000000000114 ) ;
#7942 = FACE_OUTER_BOUND ( 'NONE', #7054, .T. ) ;
#7943 = PLANE ( 'NONE',  #4915 ) ;
#7944 = EDGE_CURVE ( 'NONE', #8258, #3609, #3263, .T. ) ;
#7945 = CARTESIAN_POINT ( 'NONE',  ( -4.191000000000001613, 7.048499999999997989, -0.8889999999999986802 ) ) ;
#7946 = VERTEX_POINT ( 'NONE', #8020 ) ;
#7947 = ORIENTED_EDGE ( 'NONE', *, *, #2799, .T. ) ;
#7948 = VECTOR ( 'NONE', #8519, 1000.000000000000000 ) ;
#7949 = DIRECTION ( 'NONE',  ( 1.000000000000000000, 0.000000000000000000, 0.000000000000000000 ) ) ;
#7950 = LINE ( 'NONE', #3708, #7243 ) ;
#7951 = ORIENTED_EDGE ( 'NONE', *, *, #2552, .F. ) ;
#7952 = DIRECTION ( 'NONE',  ( -0.000000000000000000, -0.7071067811865491270, -0.7071067811865460184 ) ) ;
#7953 = VECTOR ( 'NONE', #5706, 1000.000000000000000 ) ;
#7954 = CARTESIAN_POINT ( 'NONE',  ( 2.540000000000002256, 0.3809999999999993947, -2.120900000000001562 ) ) ;
#7955 = DIRECTION ( 'NONE',  ( 0.000000000000000000, 0.000000000000000000, 1.000000000000000000 ) ) ;
#7956 = DIRECTION ( 'NONE',  ( 0.000000000000000000, -1.733406087350420004E-16, 1.000000000000000000 ) ) ;
#7957 = ORIENTED_EDGE ( 'NONE', *, *, #5131, .T. ) ;
#7958 = VECTOR ( 'NONE', #3176, 1000.000000000000114 ) ;
#7959 = VECTOR ( 'NONE', #7911, 1000.000000000000000 ) ;
#7960 = DIRECTION ( 'NONE',  ( 0.000000000000000000, -1.422837496700138942E-15, 1.000000000000000000 ) ) ;
#7961 = DIRECTION ( 'NONE',  ( -0.7071067811865452413, -0.7071067811865499042, -1.225703198915527072E-16 ) ) ;
#7962 = DIRECTION ( 'NONE',  ( 0.000000000000000000, -1.000000000000000000, 2.082201214683127315E-16 ) ) ;
#7963 = PLANE ( 'NONE',  #2510 ) ;
#7964 = AXIS2_PLACEMENT_3D ( 'NONE', #147, #8755, #7261 ) ;
#7965 = VERTEX_POINT ( 'NONE', #1705 ) ;
#7966 = CARTESIAN_POINT ( 'NONE',  ( -0.8890000000000026770, 7.048499999999997989, -0.8889999999999986802 ) ) ;
#7967 = STYLED_ITEM ( 'NONE', ( #1508 ), #2096 ) ;
#7968 = LINE ( 'NONE', #56, #4841 ) ;
#7969 = ORIENTED_EDGE ( 'NONE', *, *, #4484, .T. ) ;
#7970 = EDGE_CURVE ( 'NONE', #6068, #8316, #5925, .T. ) ;
#7971 = CARTESIAN_POINT ( 'NONE',  ( -0.8890000000000026770, 6.222999999999998977, 1.651000000000001133 ) ) ;
#7972 = CARTESIAN_POINT ( 'NONE',  ( 7.175500000000001322, 7.492999999999999439, -2.501900000000000901 ) ) ;
#7973 = EDGE_LOOP ( 'NONE', ( #7353, #1828, #4195, #2536 ) ) ;
#7974 = VECTOR ( 'NONE', #8236, 1000.000000000000000 ) ;
#7975 = DIRECTION ( 'NONE',  ( 0.000000000000000000, -1.138269997360111548E-15, -1.000000000000000000 ) ) ;
#7976 = ORIENTED_EDGE ( 'NONE', *, *, #8555, .T. ) ;
#7977 = DIRECTION ( 'NONE',  ( -0.000000000000000000, -1.000000000000000000, -0.000000000000000000 ) ) ;
#7978 = LINE ( 'NONE', #1573, #6827 ) ;
#7979 = FACE_BOUND ( 'NONE', #5853, .T. ) ;
#7980 = ORIENTED_EDGE ( 'NONE', *, *, #4680, .T. ) ;
#7981 = LINE ( 'NONE', #3652, #8433 ) ;
#7982 = VECTOR ( 'NONE', #6931, 1000.000000000000000 ) ;
#7983 = CARTESIAN_POINT ( 'NONE',  ( 5.080000000000000959, 0.000000000000000000, 0.000000000000000000 ) ) ;
#7984 = EDGE_CURVE ( 'NONE', #24, #6387, #8763, .T. ) ;
#7985 = ADVANCED_FACE ( 'NONE', ( #6113 ), #6011, .F. ) ;
#7986 = VERTEX_POINT ( 'NONE', #1093 ) ;
#7987 = VECTOR ( 'NONE', #5931, 1000.000000000000000 ) ;
#7988 = CARTESIAN_POINT ( 'NONE',  ( -5.969000000000002970, 7.048499999999997989, -0.8889999999999986802 ) ) ;
#7989 = DIRECTION ( 'NONE',  ( 0.000000000000000000, 1.733406087350420004E-16, -1.000000000000000000 ) ) ;
#7990 = DIRECTION ( 'NONE',  ( 0.5773502691896273964, -0.5773502691896236216, -0.5773502691896262862 ) ) ;
#7991 = ORIENTED_EDGE ( 'NONE', *, *, #6127, .F. ) ;
#7992 = AXIS2_PLACEMENT_3D ( 'NONE', #3570, #6319, #7107 ) ;
#7993 = EDGE_CURVE ( 'NONE', #2396, #8906, #904, .T. ) ;
#7994 = EDGE_LOOP ( 'NONE', ( #3243, #5683, #467, #1389 ) ) ;
#7995 = FACE_OUTER_BOUND ( 'NONE', #1457, .T. ) ;
#7996 = EDGE_CURVE ( 'NONE', #2080, #3054, #2444, .T. ) ;
#7997 = VERTEX_POINT ( 'NONE', #618 ) ;
#7998 = ADVANCED_FACE ( 'NONE', ( #9034 ), #1888, .F. ) ;
#7999 = DIRECTION ( 'NONE',  ( -1.000000000000000000, 0.000000000000000000, 0.000000000000000000 ) ) ;
#8000 = LINE ( 'NONE', #5870, #7089 ) ;
#8001 = CARTESIAN_POINT ( 'NONE',  ( -9.271000000000000796, 6.222999999999998977, 1.651000000000001133 ) ) ;
#8002 = ADVANCED_FACE ( 'NONE', ( #8386 ), #6346, .F. ) ;
#8003 = DIRECTION ( 'NONE',  ( 1.000000000000000000, 0.000000000000000000, 0.000000000000000000 ) ) ;
#8004 = ORIENTED_EDGE ( 'NONE', *, *, #1013, .F. ) ;
#8005 = CARTESIAN_POINT ( 'NONE',  ( -6.731000000000001648, 6.222999999999998977, 0.8890000000000011227 ) ) ;
#8006 = ORIENTED_EDGE ( 'NONE', *, *, #3964, .T. ) ;
#8007 = DIRECTION ( 'NONE',  ( -0.5773502691896272854, -0.5773502691896241767, -0.5773502691896257311 ) ) ;
#8008 = PLANE ( 'NONE',  #5991 ) ;
#8009 = ADVANCED_FACE ( 'NONE', ( #2592 ), #4794, .T. ) ;
#8010 = LINE ( 'NONE', #8097, #1836 ) ;
#8011 = FACE_OUTER_BOUND ( 'NONE', #1209, .T. ) ;
#8012 = EDGE_LOOP ( 'NONE', ( #8717, #4600, #4086, #3342 ) ) ;
#8013 = CARTESIAN_POINT ( 'NONE',  ( -2.539999999999998703, 0.8889999999999985691, 1.984781810244993228 ) ) ;
#8014 = LINE ( 'NONE', #4334, #5140 ) ;
#8015 = VERTEX_POINT ( 'NONE', #3502 ) ;
#8016 = DIRECTION ( 'NONE',  ( -0.000000000000000000, 1.000000000000000000, 1.733406087350420004E-16 ) ) ;
#8017 = MECHANICAL_DESIGN_GEOMETRIC_PRESENTATION_REPRESENTATION (  '', ( #9207 ), #8309 ) ;
#8018 = EDGE_CURVE ( 'NONE', #1903, #8302, #418, .T. ) ;
#8019 =( GEOMETRIC_REPRESENTATION_CONTEXT ( 3 ) GLOBAL_UNCERTAINTY_ASSIGNED_CONTEXT ( ( #4360 ) ) GLOBAL_UNIT_ASSIGNED_CONTEXT ( ( #7036, #2134, #6435 ) ) REPRESENTATION_CONTEXT ( 'NONE', 'WORKASPACE' ) );
#8020 = CARTESIAN_POINT ( 'NONE',  ( 0.8889999999999991243, 7.048499999999997101, 0.8890000000000012337 ) ) ;
#8021 = ORIENTED_EDGE ( 'NONE', *, *, #6792, .T. ) ;
#8022 = PLANE ( 'NONE',  #6324 ) ;
#8023 = LINE ( 'NONE', #7272, #6246 ) ;
#8024 = AXIS2_PLACEMENT_3D ( 'NONE', #8409, #3427, #4766 ) ;
#8025 = LINE ( 'NONE', #7321, #3286 ) ;
#8026 = VERTEX_POINT ( 'NONE', #7690 ) ;
#8027 = CARTESIAN_POINT ( 'NONE',  ( -7.175500000000005763, 7.492999999999998550, 2.095500000000003915 ) ) ;
#8028 = CARTESIAN_POINT ( 'NONE',  ( 0.000000000000000000, 0.000000000000000000, 0.000000000000000000 ) ) ;
#8029 = AXIS2_PLACEMENT_3D ( 'NONE', #4762, #5471, #9046 ) ;
#8030 = DIRECTION ( 'NONE',  ( -0.5773502691896270633, 0.5773502691896240657, -0.5773502691896261751 ) ) ;
#8031 = VERTEX_POINT ( 'NONE', #6247 ) ;
#8032 = EDGE_CURVE ( 'NONE', #3691, #7856, #4745, .T. ) ;
#8033 = PLANE ( 'NONE',  #1373 ) ;
#8034 = PLANE ( 'NONE',  #9213 ) ;
#8035 = ADVANCED_FACE ( 'NONE', ( #7633 ), #1288, .F. ) ;
#8036 = CARTESIAN_POINT ( 'NONE',  ( -9.271000000000000796, 7.048499999999997989, -1.650999999999998691 ) ) ;
#8037 = VECTOR ( 'NONE', #8738, 1000.000000000000000 ) ;
#8038 = DIRECTION ( 'NONE',  ( 0.7071067811865456854, -0.7071067811865494601, -1.225703198915526333E-16 ) ) ;
#8039 = DIRECTION ( 'NONE',  ( -0.000000000000000000, -0.7071067811865491270, -0.7071067811865460184 ) ) ;
#8040 = ORIENTED_EDGE ( 'NONE', *, *, #6127, .T. ) ;
#8041 = ORIENTED_EDGE ( 'NONE', *, *, #7600, .T. ) ;
#8042 = LINE ( 'NONE', #6676, #7432 ) ;
#8043 = LINE ( 'NONE', #6636, #2936 ) ;
#8044 = VERTEX_POINT ( 'NONE', #1941 ) ;
#8045 = EDGE_CURVE ( 'NONE', #90, #9246, #4893, .T. ) ;
#8046 = VECTOR ( 'NONE', #6955, 1000.000000000000000 ) ;
#8047 = ADVANCED_FACE ( 'NONE', ( #6938 ), #7739, .F. ) ;
#8048 = FACE_OUTER_BOUND ( 'NONE', #2111, .T. ) ;
#8049 = CARTESIAN_POINT ( 'NONE',  ( -12.69999999999999929, 0.8889999999999989022, -1.984781810244995004 ) ) ;
#8050 = EDGE_CURVE ( 'NONE', #4374, #7427, #2649, .T. ) ;
#8051 =( LENGTH_UNIT ( ) NAMED_UNIT ( * ) SI_UNIT ( .MILLI., .METRE. ) );
#8052 = ADVANCED_FACE ( 'NONE', ( #6159 ), #1986, .F. ) ;
#8053 = CARTESIAN_POINT ( 'NONE',  ( -12.69999999999999929, 0.3809999999999999498, -2.501900000000000901 ) ) ;
#8054 = EDGE_LOOP ( 'NONE', ( #6120, #7394, #7897, #7676 ) ) ;
#8055 = STYLED_ITEM ( 'NONE', ( #2942 ), #5232 ) ;
#8056 = EDGE_LOOP ( 'NONE', ( #3582, #9086, #7698, #45, #3591, #4962, #7015, #2337 ) ) ;
#8057 = SURFACE_STYLE_USAGE ( .BOTH. , #316 ) ;
#8058 = DIRECTION ( 'NONE',  ( 0.000000000000000000, -1.000000000000000000, -1.733406087350420004E-16 ) ) ;
#8059 = LINE ( 'NONE', #233, #3794 ) ;
#8060 = VECTOR ( 'NONE', #7683, 1000.000000000000000 ) ;
#8061 = DIRECTION ( 'NONE',  ( 0.000000000000000000, 2.439149994343092652E-16, -1.000000000000000000 ) ) ;
#8062 = ORIENTED_EDGE ( 'NONE', *, *, #8781, .F. ) ;
#8063 = EDGE_CURVE ( 'NONE', #6307, #597, #4146, .T. ) ;
#8064 = PLANE ( 'NONE',  #4184 ) ;
#8065 = LINE ( 'NONE', #8630, #4247 ) ;
#8066 = ORIENTED_EDGE ( 'NONE', *, *, #2259, .F. ) ;
#8067 = MANIFOLD_SOLID_BREP ( 'Fillet1', #8978 ) ;
#8068 = CARTESIAN_POINT ( 'NONE',  ( 12.70000000000000284, 0.8889999999999989022, -1.984781810244995004 ) ) ;
#8069 = VERTEX_POINT ( 'NONE', #7171 ) ;
#8070 = CARTESIAN_POINT ( 'NONE',  ( 2.984499999999993936, 7.492999999999999439, -2.501900000000000901 ) ) ;
#8071 = CARTESIAN_POINT ( 'NONE',  ( 11.81099999999999817, 7.048499999999997101, 1.651000000000001355 ) ) ;
#8072 = DIRECTION ( 'NONE',  ( 0.000000000000000000, -0.7071067811865485719, 0.7071067811865465735 ) ) ;
#8073 = ORIENTED_EDGE ( 'NONE', *, *, #5481, .T. ) ;
#8074 = LINE ( 'NONE', #6698, #2748 ) ;
#8075 = CARTESIAN_POINT ( 'NONE',  ( -5.079999999999998295, 0.3809999999999992837, 2.501899999999999125 ) ) ;
#8076 = VERTEX_POINT ( 'NONE', #9221 ) ;
#8077 = LINE ( 'NONE', #8948, #7847 ) ;
#8078 = CARTESIAN_POINT ( 'NONE',  ( -1.143000000000003347, 6.794499999999999318, -1.396999999999998243 ) ) ;
#8079 = ORIENTED_EDGE ( 'NONE', *, *, #3042, .F. ) ;
#8080 = DIRECTION ( 'NONE',  ( 0.000000000000000000, -0.000000000000000000, -1.000000000000000000 ) ) ;
#8081 = LINE ( 'NONE', #1671, #258 ) ;
#8082 = LINE ( 'NONE', #2466, #2745 ) ;
#8083 = EDGE_LOOP ( 'NONE', ( #2605, #3916, #4867, #7242 ) ) ;
#8084 = CARTESIAN_POINT ( 'NONE',  ( -6.731000000000001648, 7.048499999999997101, 1.651000000000001355 ) ) ;
#8085 = VERTEX_POINT ( 'NONE', #2040 ) ;
#8086 = CARTESIAN_POINT ( 'NONE',  ( -10.15999999999999837, 0.8889999999999985691, 1.984781810244993228 ) ) ;
#8087 = ORIENTED_EDGE ( 'NONE', *, *, #1525, .T. ) ;
#8088 = VECTOR ( 'NONE', #2712, 1000.000000000000000 ) ;
#8089 = DIRECTION ( 'NONE',  ( 0.000000000000000000, -1.138269997360111548E-15, -1.000000000000000000 ) ) ;
#8090 = VECTOR ( 'NONE', #4682, 1000.000000000000000 ) ;
#8091 = CARTESIAN_POINT ( 'NONE',  ( 8.508999999999998565, 7.048499999999997101, 1.651000000000001355 ) ) ;
#8092 = CARTESIAN_POINT ( 'NONE',  ( 12.95400000000000063, 0.8889999999999989022, -1.984781810244995004 ) ) ;
#8093 = ORIENTED_EDGE ( 'NONE', *, *, #5376, .F. ) ;
#8094 = CARTESIAN_POINT ( 'NONE',  ( -5.969000000000002970, 7.048499999999997989, -0.8889999999999986802 ) ) ;
#8095 = PLANE ( 'NONE',  #3470 ) ;
#8096 = VECTOR ( 'NONE', #4970, 1000.000000000000000 ) ;
#8097 = CARTESIAN_POINT ( 'NONE',  ( -10.15999999999999837, 0.3809999999999992837, 2.501899999999999125 ) ) ;
#8098 = ORIENTED_EDGE ( 'NONE', *, *, #3238, .T. ) ;
#8099 = CARTESIAN_POINT ( 'NONE',  ( 11.04899999999999949, 7.048499999999997989, -0.8889999999999986802 ) ) ;
#8100 = CARTESIAN_POINT ( 'NONE',  ( 4.190999999999997172, 7.048499999999997989, -0.8889999999999986802 ) ) ;
#8101 = EDGE_LOOP ( 'NONE', ( #3571, #5020, #2297, #5585 ) ) ;
#8102 = AXIS2_PLACEMENT_3D ( 'NONE', #7694, #1289, #6743 ) ;
#8103 = LINE ( 'NONE', #7222, #3422 ) ;
#8104 = VERTEX_POINT ( 'NONE', #3592 ) ;
#8105 = VECTOR ( 'NONE', #7143, 1000.000000000000000 ) ;
#8106 = LINE ( 'NONE', #8807, #6385 ) ;
#8107 = EDGE_LOOP ( 'NONE', ( #1368, #6006, #6255, #4326, #7711, #8874, #4679, #7661 ) ) ;
#8108 = ADVANCED_FACE ( 'NONE', ( #5736 ), #8667, .T. ) ;
#8109 = CARTESIAN_POINT ( 'NONE',  ( 8.508999999999998565, 7.048499999999997989, -1.650999999999998691 ) ) ;
#8110 = VECTOR ( 'NONE', #8193, 1000.000000000000000 ) ;
#8111 = ADVANCED_FACE ( 'NONE', ( #758 ), #2847, .F. ) ;
#8112 = VECTOR ( 'NONE', #9245, 1000.000000000000000 ) ;
#8113 = PLANE ( 'NONE',  #4593 ) ;
#8114 = CARTESIAN_POINT ( 'NONE',  ( 6.476999999999996760, 6.794499999999998430, 1.143000000000001570 ) ) ;
#8115 = EDGE_LOOP ( 'NONE', ( #6878, #4158, #4282, #4636, #8808, #2178 ) ) ;
#8116 = CARTESIAN_POINT ( 'NONE',  ( -12.69999999999999929, 0.3809999999999988396, 2.120899999999999785 ) ) ;
#8117 = ADVANCED_FACE ( 'NONE', ( #2180 ), #7081, .F. ) ;
#8118 = AXIS2_PLACEMENT_3D ( 'NONE', #3253, #408, #1084 ) ;
#8119 = VERTEX_POINT ( 'NONE', #847 ) ;
#8120 = CONTEXT_DEPENDENT_SHAPE_REPRESENTATION ( #2771, #3081 ) ;
#8121 = FACE_OUTER_BOUND ( 'NONE', #8163, .T. ) ;
#8122 = ORIENTED_EDGE ( 'NONE', *, *, #141, .T. ) ;
#8123 = FACE_OUTER_BOUND ( 'NONE', #5680, .T. ) ;
#8124 = VECTOR ( 'NONE', #2638, 1000.000000000000000 ) ;
#8125 = DIRECTION ( 'NONE',  ( -1.000000000000000000, 0.000000000000000000, 0.000000000000000000 ) ) ;
#8126 = VECTOR ( 'NONE', #1321, 1000.000000000000000 ) ;
#8127 = CARTESIAN_POINT ( 'NONE',  ( -1.651000000000001355, 6.222999999999998977, 0.8890000000000011227 ) ) ;
#8128 = EDGE_LOOP ( 'NONE', ( #1257, #2261, #6417, #5182 ) ) ;
#8129 = DIRECTION ( 'NONE',  ( 1.000000000000000000, 0.000000000000000000, 0.000000000000000000 ) ) ;
#8130 = ORIENTED_EDGE ( 'NONE', *, *, #2806, .F. ) ;
#8131 = CARTESIAN_POINT ( 'NONE',  ( -5.079999999999999183, 0.8889999999999985691, 1.984781810244993228 ) ) ;
#8132 = PLANE ( 'NONE',  #2788 ) ;
#8133 = ORIENTED_EDGE ( 'NONE', *, *, #2401, .F. ) ;
#8134 = CARTESIAN_POINT ( 'NONE',  ( -7.619999999999998330, 0.3809999999999993947, -2.120900000000001562 ) ) ;
#8135 = MANIFOLD_SOLID_BREP ( 'Boss-Extrude2', #6169 ) ;
#8136 = EDGE_CURVE ( 'NONE', #5059, #2683, #4240, .T. ) ;
#8137 = DIRECTION ( 'NONE',  ( 0.000000000000000000, -1.733406087350420004E-16, 1.000000000000000000 ) ) ;
#8138 = DIRECTION ( 'NONE',  ( -0.5773502691896273964, -0.5773502691896236216, -0.5773502691896262862 ) ) ;
#8139 = PRODUCT_DEFINITION_SHAPE ( 'NONE', 'NONE',  #6258 ) ;
#8140 = ORIENTED_EDGE ( 'NONE', *, *, #2165, .F. ) ;
#8141 = PLANE ( 'NONE',  #3777 ) ;
#8142 = PRESENTATION_STYLE_ASSIGNMENT (( #5303 ) ) ;
#8143 = CARTESIAN_POINT ( 'NONE',  ( 1.650999999999998025, 7.048499999999997989, -0.8889999999999986802 ) ) ;
#8144 = VECTOR ( 'NONE', #4375, 1000.000000000000000 ) ;
#8145 = DIRECTION ( 'NONE',  ( 0.000000000000000000, 1.000000000000000000, 1.733406087350420004E-16 ) ) ;
#8146 = EDGE_LOOP ( 'NONE', ( #4109, #7052, #9098, #389 ) ) ;
#8147 = DIRECTION ( 'NONE',  ( 0.000000000000000000, 0.9659258262890700886, -0.2588190451025143002 ) ) ;
#8148 = VECTOR ( 'NONE', #3185, 1000.000000000000000 ) ;
#8149 = ORIENTED_EDGE ( 'NONE', *, *, #5868, .F. ) ;
#8150 = MANIFOLD_SOLID_BREP ( 'LPattern1[1]', #3915 ) ;
#8151 = FACE_OUTER_BOUND ( 'NONE', #3319, .T. ) ;
#8152 = ORIENTED_EDGE ( 'NONE', *, *, #1615, .T. ) ;
#8153 = DIRECTION ( 'NONE',  ( 0.000000000000000000, 0.000000000000000000, 1.000000000000000000 ) ) ;
#8154 = EDGE_LOOP ( 'NONE', ( #7940, #3844, #7649, #1150 ) ) ;
#8155 = LINE ( 'NONE', #5271, #3787 ) ;
#8156 = CARTESIAN_POINT ( 'NONE',  ( -11.81100000000000172, 6.222999999999998977, 1.651000000000001133 ) ) ;
#8157 = CARTESIAN_POINT ( 'NONE',  ( 5.080000000000000959, 7.492999999999999439, -2.501900000000000901 ) ) ;
#8158 = ORIENTED_EDGE ( 'NONE', *, *, #4848, .T. ) ;
#8159 = VECTOR ( 'NONE', #1449, 1000.000000000000000 ) ;
#8160 = LINE ( 'NONE', #7459, #505 ) ;
#8161 = EDGE_CURVE ( 'NONE', #5515, #1958, #7212, .T. ) ;
#8162 = MECHANICAL_DESIGN_GEOMETRIC_PRESENTATION_REPRESENTATION (  '', ( #8903 ), #3256 ) ;
#8163 = EDGE_LOOP ( 'NONE', ( #4341, #7012, #186, #3057 ) ) ;
#8164 = LINE ( 'NONE', #3043, #8591 ) ;
#8165 = CONTEXT_DEPENDENT_SHAPE_REPRESENTATION ( #2114, #8878 ) ;
#8166 = DIRECTION ( 'NONE',  ( 0.000000000000000000, 1.733406087350420004E-16, -1.000000000000000000 ) ) ;
#8167 = ORIENTED_EDGE ( 'NONE', *, *, #2226, .T. ) ;
#8168 = ORIENTED_EDGE ( 'NONE', *, *, #28, .F. ) ;
#8169 = FACE_OUTER_BOUND ( 'NONE', #5056, .T. ) ;
#8170 = STYLED_ITEM ( 'NONE', ( #8376 ), #8305 ) ;
#8171 = LINE ( 'NONE', #6079, #848 ) ;
#8172 = CARTESIAN_POINT ( 'NONE',  ( -6.731000000000001648, 7.048499999999997101, 0.8890000000000012337 ) ) ;
#8173 = ADVANCED_FACE ( 'NONE', ( #3118 ), #4463, .F. ) ;
#8174 = PLANE ( 'NONE',  #4986 ) ;
#8175 = ORIENTED_EDGE ( 'NONE', *, *, #6330, .T. ) ;
#8176 = VECTOR ( 'NONE', #5141, 1000.000000000000000 ) ;
#8177 = CARTESIAN_POINT ( 'NONE',  ( 12.70000000000000284, 0.3809999999999999498, -2.501900000000000901 ) ) ;
#8178 = ORIENTED_EDGE ( 'NONE', *, *, #6283, .F. ) ;
#8179 = DIRECTION ( 'NONE',  ( -0.000000000000000000, 1.000000000000000000, 1.733406087350420004E-16 ) ) ;
#8180 = EDGE_LOOP ( 'NONE', ( #442, #3603, #2808, #5530 ) ) ;
#8181 = DIRECTION ( 'NONE',  ( -1.000000000000000000, -0.000000000000000000, -0.000000000000000000 ) ) ;
#8182 = VECTOR ( 'NONE', #852, 1000.000000000000000 ) ;
#8183 = ORIENTED_EDGE ( 'NONE', *, *, #3078, .T. ) ;
#8184 = EDGE_CURVE ( 'NONE', #2940, #2702, #2392, .T. ) ;
#8185 = FACE_OUTER_BOUND ( 'NONE', #8201, .T. ) ;
#8186 = ADVANCED_FACE ( 'NONE', ( #2483 ), #8709, .F. ) ;
#8187 = FACE_OUTER_BOUND ( 'NONE', #7403, .T. ) ;
#8188 = ORIENTED_EDGE ( 'NONE', *, *, #9210, .F. ) ;
#8189 = DIRECTION ( 'NONE',  ( 0.5773502691896273964, 0.5773502691896237327, -0.5773502691896261751 ) ) ;
#8190 = ORIENTED_EDGE ( 'NONE', *, *, #5796, .T. ) ;
#8191 = VECTOR ( 'NONE', #6655, 1000.000000000000114 ) ;
#8192 = ORIENTED_EDGE ( 'NONE', *, *, #3447, .T. ) ;
#8193 = DIRECTION ( 'NONE',  ( 0.000000000000000000, 1.000000000000000000, 0.000000000000000000 ) ) ;
#8194 =( GEOMETRIC_REPRESENTATION_CONTEXT ( 3 ) GLOBAL_UNCERTAINTY_ASSIGNED_CONTEXT ( ( #8390 ) ) GLOBAL_UNIT_ASSIGNED_CONTEXT ( ( #3362, #8297, #9039 ) ) REPRESENTATION_CONTEXT ( 'NONE', 'WORKASPACE' ) );
#8195 = PRODUCT_DEFINITION_FORMATION_WITH_SPECIFIED_SOURCE ( 'ANY', '', #6147, .NOT_KNOWN. ) ;
#8196 = CARTESIAN_POINT ( 'NONE',  ( -2.539999999999998703, 0.3809999999999992837, 2.501899999999999125 ) ) ;
#8197 = PLANE ( 'NONE',  #2751 ) ;
#8198 = EDGE_LOOP ( 'NONE', ( #7859, #617, #1812, #7890, #5475, #575 ) ) ;
#8199 = MANIFOLD_SOLID_BREP ( 'LPattern1[9]', #5566 ) ;
#8200 = DIRECTION ( 'NONE',  ( -0.000000000000000000, 0.000000000000000000, 1.000000000000000000 ) ) ;
#8201 = EDGE_LOOP ( 'NONE', ( #1838, #2338, #6139, #6075 ) ) ;
#8202 = VECTOR ( 'NONE', #546, 1000.000000000000114 ) ;
#8203 = CARTESIAN_POINT ( 'NONE',  ( 0.3047999999999999599, 0.8890000000000000124, 1.714499999999999913 ) ) ;
#8204 = ORIENTED_EDGE ( 'NONE', *, *, #7929, .F. ) ;
#8205 = LINE ( 'NONE', #6939, #4238 ) ;
#8206 = FACE_OUTER_BOUND ( 'NONE', #5369, .T. ) ;
#8207 = CARTESIAN_POINT ( 'NONE',  ( 10.16000000000000192, 7.492999999999998550, 2.501900000000000901 ) ) ;
#8208 = ORIENTED_EDGE ( 'NONE', *, *, #2676, .F. ) ;
#8209 = FACE_OUTER_BOUND ( 'NONE', #5606, .T. ) ;
#8210 = EDGE_CURVE ( 'NONE', #7336, #755, #5216, .T. ) ;
#8211 = ORIENTED_EDGE ( 'NONE', *, *, #4787, .T. ) ;
#8212 = EDGE_CURVE ( 'NONE', #3054, #8219, #6729, .T. ) ;
#8213 = EDGE_CURVE ( 'NONE', #3293, #5921, #5257, .T. ) ;
#8214 = CARTESIAN_POINT ( 'NONE',  ( -7.619999999999998330, 0.3809999999999988396, 2.120899999999999785 ) ) ;
#8215 = VERTEX_POINT ( 'NONE', #5915 ) ;
#8216 = CARTESIAN_POINT ( 'NONE',  ( -5.079999999999999183, 0.3809999999999988396, 2.120899999999999785 ) ) ;
#8217 = DIRECTION ( 'NONE',  ( 0.000000000000000000, -1.000000000000000000, -2.439149994343092652E-16 ) ) ;
#8218 = DIRECTION ( 'NONE',  ( -1.000000000000000000, -0.000000000000000000, -0.000000000000000000 ) ) ;
#8219 = VERTEX_POINT ( 'NONE', #8094 ) ;
#8220 = DIRECTION ( 'NONE',  ( 1.000000000000000000, 0.000000000000000000, 0.000000000000000000 ) ) ;
#8221 = VERTEX_POINT ( 'NONE', #274 ) ;
#8222 = EDGE_CURVE ( 'NONE', #7856, #2127, #7484, .T. ) ;
#8223 = ORIENTED_EDGE ( 'NONE', *, *, #3713, .F. ) ;
#8224 = DIRECTION ( 'NONE',  ( 0.000000000000000000, -1.000000000000000000, 0.000000000000000000 ) ) ;
#8225 = MANIFOLD_SOLID_BREP ( 'LPattern1[5]', #770 ) ;
#8226 = EDGE_CURVE ( 'NONE', #2216, #755, #6826, .T. ) ;
#8227 = CARTESIAN_POINT ( 'NONE',  ( -0.8890000000000026770, 6.222999999999998977, 0.8890000000000011227 ) ) ;
#8228 = CARTESIAN_POINT ( 'NONE',  ( 2.540000000000002256, 0.8889999999999985691, 1.984781810244993228 ) ) ;
#8229 = DIRECTION ( 'NONE',  ( 0.000000000000000000, 1.733406087350420004E-16, -1.000000000000000000 ) ) ;
#8230 = EDGE_LOOP ( 'NONE', ( #748, #3321, #6552, #4953 ) ) ;
#8231 = FACE_OUTER_BOUND ( 'NONE', #2599, .T. ) ;
#8232 = ORIENTED_EDGE ( 'NONE', *, *, #5774, .T. ) ;
#8233 = VECTOR ( 'NONE', #7601, 1000.000000000000114 ) ;
#8234 = CARTESIAN_POINT ( 'NONE',  ( -6.223000000000003418, 6.794499999999998430, 1.143000000000001570 ) ) ;
#8235 = DIRECTION ( 'NONE',  ( -0.7071067811865456854, -0.7071067811865494601, -1.225703198915526333E-16 ) ) ;
#8236 = DIRECTION ( 'NONE',  ( -1.000000000000000000, -0.000000000000000000, -0.000000000000000000 ) ) ;
#8237 = VECTOR ( 'NONE', #7678, 1000.000000000000000 ) ;
#8238 = CARTESIAN_POINT ( 'NONE',  ( -7.619999999999999218, 7.492999999999998550, 2.501900000000000901 ) ) ;
#8239 = DIRECTION ( 'NONE',  ( -0.5773502691896273964, 0.5773502691896237327, -0.5773502691896261751 ) ) ;
#8240 = ORIENTED_EDGE ( 'NONE', *, *, #2648, .T. ) ;
#8241 = DIRECTION ( 'NONE',  ( -0.5773502691896273964, 0.5773502691896237327, -0.5773502691896261751 ) ) ;
#8242 = ORIENTED_EDGE ( 'NONE', *, *, #8437, .F. ) ;
#8243 = VECTOR ( 'NONE', #4494, 1000.000000000000000 ) ;
#8244 = CARTESIAN_POINT ( 'NONE',  ( 12.70000000000000284, 7.492999999999999439, -2.501900000000000901 ) ) ;
#8245 = VERTEX_POINT ( 'NONE', #145 ) ;
#8246 = CARTESIAN_POINT ( 'NONE',  ( -3.429000000000003379, 7.048499999999997989, -0.8889999999999986802 ) ) ;
#8247 = FACE_OUTER_BOUND ( 'NONE', #1889, .T. ) ;
#8248 = ORIENTED_EDGE ( 'NONE', *, *, #3215, .T. ) ;
#8249 = EDGE_CURVE ( 'NONE', #8537, #5754, #406, .T. ) ;
#8250 = DIRECTION ( 'NONE',  ( 0.000000000000000000, 1.733406087350420004E-16, -1.000000000000000000 ) ) ;
#8251 = VECTOR ( 'NONE', #5473, 1000.000000000000114 ) ;
#8252 = EDGE_LOOP ( 'NONE', ( #6542, #1599, #8908, #4170 ) ) ;
#8253 = CARTESIAN_POINT ( 'NONE',  ( -11.04900000000000304, 7.048499999999997989, -1.650999999999998691 ) ) ;
#8254 = VERTEX_POINT ( 'NONE', #4135 ) ;
#8255 = PRODUCT_CONTEXT ( 'NONE', #4595, 'mechanical' ) ;
#8256 = AXIS2_PLACEMENT_3D ( 'NONE', #1649, #3163, #2437 ) ;
#8257 = CARTESIAN_POINT ( 'NONE',  ( 2.095500000000001695, 7.492999999999999439, -0.4444999999999955653 ) ) ;
#8258 = VERTEX_POINT ( 'NONE', #3252 ) ;
#8259 = VECTOR ( 'NONE', #5783, 1000.000000000000000 ) ;
#8260 = CARTESIAN_POINT ( 'NONE',  ( 7.620000000000001883, 0.3809999999999988396, 2.120899999999999785 ) ) ;
#8261 = DIRECTION ( 'NONE',  ( 0.000000000000000000, -0.9659258262890700886, 0.2588190451025143002 ) ) ;
#8262 = EDGE_CURVE ( 'NONE', #7001, #472, #6976, .T. ) ;
#8263 = VECTOR ( 'NONE', #5993, 1000.000000000000114 ) ;
#8264 = CARTESIAN_POINT ( 'NONE',  ( 5.968999999999998529, 7.048499999999997989, -0.8889999999999986802 ) ) ;
#8265 = LINE ( 'NONE', #4166, #2822 ) ;
#8266 = EDGE_LOOP ( 'NONE', ( #1647, #4571, #4010, #521 ) ) ;
#8267 = EDGE_CURVE ( 'NONE', #7868, #3976, #3307, .T. ) ;
#8268 = ORIENTED_EDGE ( 'NONE', *, *, #798, .F. ) ;
#8269 = CARTESIAN_POINT ( 'NONE',  ( 0.3047999999999999599, 0.6731000000000003647, 2.387599999999999945 ) ) ;
#8270 = EDGE_LOOP ( 'NONE', ( #8644, #8530, #1395, #242 ) ) ;
#8271 = VECTOR ( 'NONE', #450, 1000.000000000000000 ) ;
#8272 = LINE ( 'NONE', #4722, #6947 ) ;
#8273 = CARTESIAN_POINT ( 'NONE',  ( -2.539999999999998703, 7.492999999999998550, 2.095500000000003915 ) ) ;
#8274 = ADVANCED_FACE ( 'NONE', ( #6874 ), #457, .F. ) ;
#8275 = FACE_OUTER_BOUND ( 'NONE', #6401, .T. ) ;
#8276 = CARTESIAN_POINT ( 'NONE',  ( 8.508999999999998565, 6.222999999999998977, -0.8889999999999987912 ) ) ;
#8277 = ORIENTED_EDGE ( 'NONE', *, *, #59, .F. ) ;
#8278 = AXIS2_PLACEMENT_3D ( 'NONE', #5543, #7682, #7031 ) ;
#8279 = EDGE_LOOP ( 'NONE', ( #7763, #1502, #5427, #1343 ) ) ;
#8280 = EDGE_CURVE ( 'NONE', #8085, #503, #3394, .T. ) ;
#8281 = LINE ( 'NONE', #8974, #8388 ) ;
#8282 = EDGE_CURVE ( 'NONE', #1101, #320, #7680, .T. ) ;
#8283 = LINE ( 'NONE', #458, #7974 ) ;
#8284 = VECTOR ( 'NONE', #4194, 1000.000000000000000 ) ;
#8285 = CARTESIAN_POINT ( 'NONE',  ( 1.734723475976807094E-15, 0.3809999999999993947, -2.120900000000001562 ) ) ;
#8286 = CARTESIAN_POINT ( 'NONE',  ( 11.04899999999999949, 7.048499999999997101, 0.8890000000000012337 ) ) ;
#8287 = VERTEX_POINT ( 'NONE', #6237 ) ;
#8288 = PLANE ( 'NONE',  #6675 ) ;
#8289 = ORIENTED_EDGE ( 'NONE', *, *, #8695, .T. ) ;
#8290 = PRODUCT_DEFINITION_SHAPE ( 'NONE', 'NONE',  #9259 ) ;
#8291 = SURFACE_SIDE_STYLE ('',( #2746 ) ) ;
#8292 = ORIENTED_EDGE ( 'NONE', *, *, #684, .F. ) ;
#8293 = PLANE ( 'NONE',  #5588 ) ;
#8294 = VECTOR ( 'NONE', #294, 1000.000000000000000 ) ;
#8295 = CARTESIAN_POINT ( 'NONE',  ( -12.69999999999999929, 0.3809999999999992837, 2.501899999999999125 ) ) ;
#8296 = VERTEX_POINT ( 'NONE', #4831 ) ;
#8297 =( NAMED_UNIT ( * ) PLANE_ANGLE_UNIT ( ) SI_UNIT ( $, .RADIAN. ) );
#8298 = VERTEX_POINT ( 'NONE', #7528 ) ;
#8299 = DIRECTION ( 'NONE',  ( 0.000000000000000000, -1.733406087350420004E-16, 1.000000000000000000 ) ) ;
#8300 = ADVANCED_FACE ( 'NONE', ( #8975 ), #1130, .F. ) ;
#8301 = ORIENTED_EDGE ( 'NONE', *, *, #2918, .F. ) ;
#8302 = VERTEX_POINT ( 'NONE', #6099 ) ;
#8303 = FACE_OUTER_BOUND ( 'NONE', #7912, .T. ) ;
#8304 = ORIENTED_EDGE ( 'NONE', *, *, #6901, .F. ) ;
#8305 = MANIFOLD_SOLID_BREP ( 'LPattern1[4]', #3031 ) ;
#8306 = LINE ( 'NONE', #4113, #8233 ) ;
#8307 = FACE_OUTER_BOUND ( 'NONE', #7586, .T. ) ;
#8308 = VECTOR ( 'NONE', #7238, 1000.000000000000000 ) ;
#8309 =( GEOMETRIC_REPRESENTATION_CONTEXT ( 3 ) GLOBAL_UNCERTAINTY_ASSIGNED_CONTEXT ( ( #1548 ) ) GLOBAL_UNIT_ASSIGNED_CONTEXT ( ( #4327, #1422, #5081 ) ) REPRESENTATION_CONTEXT ( 'NONE', 'WORKASPACE' ) );
#8310 = LINE ( 'NONE', #4809, #9233 ) ;
#8311 = LINE ( 'NONE', #6269, #6474 ) ;
#8312 = LINE ( 'NONE', #1260, #1749 ) ;
#8313 = ORIENTED_EDGE ( 'NONE', *, *, #8136, .F. ) ;
#8314 = DIRECTION ( 'NONE',  ( 0.000000000000000000, -1.733406087350420004E-16, 1.000000000000000000 ) ) ;
#8315 = EDGE_CURVE ( 'NONE', #4849, #2557, #507, .T. ) ;
#8316 = VERTEX_POINT ( 'NONE', #6630 ) ;
#8317 = CARTESIAN_POINT ( 'NONE',  ( -5.969000000000002970, 6.222999999999998977, 1.651000000000001133 ) ) ;
#8318 = VERTEX_POINT ( 'NONE', #4666 ) ;
#8319 = CARTESIAN_POINT ( 'NONE',  ( 2.540000000000002256, 0.3809999999999992837, 2.501899999999999125 ) ) ;
#8320 = ADVANCED_FACE ( 'NONE', ( #6809 ), #8740, .F. ) ;
#8321 = LINE ( 'NONE', #3438, #5213 ) ;
#8322 = AXIS2_PLACEMENT_3D ( 'NONE', #7498, #7639, #5509 ) ;
#8323 = CARTESIAN_POINT ( 'NONE',  ( -11.30300000000000438, 6.794499999999998430, 1.143000000000001570 ) ) ;
#8324 = FACE_OUTER_BOUND ( 'NONE', #8847, .T. ) ;
#8325 = ORIENTED_EDGE ( 'NONE', *, *, #7905, .F. ) ;
#8326 = LINE ( 'NONE', #1325, #636 ) ;
#8327 = EDGE_CURVE ( 'NONE', #1817, #1397, #3192, .T. ) ;
#8328 = ORIENTED_EDGE ( 'NONE', *, *, #958, .F. ) ;
#8329 = LINE ( 'NONE', #2579, #1522 ) ;
#8330 = AXIS2_PLACEMENT_3D ( 'NONE', #9037, #6163, #5459 ) ;
#8331 = ADVANCED_FACE ( 'NONE', ( #967 ), #3099, .F. ) ;
#8332 = AXIS2_PLACEMENT_3D ( 'NONE', #8590, #2898, #7134 ) ;
#8333 = CARTESIAN_POINT ( 'NONE',  ( 3.428999999999998050, 6.222999999999998977, -0.8889999999999987912 ) ) ;
#8334 = CARTESIAN_POINT ( 'NONE',  ( 8.508999999999998565, 6.222999999999998977, -1.650999999999998913 ) ) ;
#8335 = EDGE_CURVE ( 'NONE', #3566, #1064, #5940, .T. ) ;
#8336 = LINE ( 'NONE', #1182, #2240 ) ;
#8337 = AXIS2_PLACEMENT_3D ( 'NONE', #3198, #4261, #9247 ) ;
#8338 = CARTESIAN_POINT ( 'NONE',  ( 11.04899999999999949, 6.222999999999998977, 1.651000000000001133 ) ) ;
#8339 = EDGE_LOOP ( 'NONE', ( #8953, #1444, #7701, #775 ) ) ;
#8340 = DIRECTION ( 'NONE',  ( 0.000000000000000000, 0.000000000000000000, -1.000000000000000000 ) ) ;
#8341 = CARTESIAN_POINT ( 'NONE',  ( -12.69999999999999929, 7.492999999999998550, 2.501900000000000901 ) ) ;
#8342 = VECTOR ( 'NONE', #3946, 1000.000000000000114 ) ;
#8343 = EDGE_CURVE ( 'NONE', #3775, #1896, #9097, .T. ) ;
#8344 = DIRECTION ( 'NONE',  ( -0.000000000000000000, -0.7071067811865487940, -0.7071067811865462405 ) ) ;
#8345 = EDGE_LOOP ( 'NONE', ( #1886, #8168, #2671, #7821 ) ) ;
#8346 = EDGE_CURVE ( 'NONE', #1892, #6650, #7181, .T. ) ;
#8347 = DIRECTION ( 'NONE',  ( 0.000000000000000000, -1.000000000000000000, -2.439149994343092652E-16 ) ) ;
#8348 = ORIENTED_EDGE ( 'NONE', *, *, #4280, .T. ) ;
#8349 = DIRECTION ( 'NONE',  ( 0.000000000000000000, -0.7071067811865485719, 0.7071067811865465735 ) ) ;
#8350 = VECTOR ( 'NONE', #3503, 1000.000000000000000 ) ;
#8351 = ORIENTED_EDGE ( 'NONE', *, *, #7128, .F. ) ;
#8352 = CARTESIAN_POINT ( 'NONE',  ( -4.191000000000001613, 6.222999999999998977, -1.650999999999998913 ) ) ;
#8353 = ORIENTED_EDGE ( 'NONE', *, *, #4099, .F. ) ;
#8354 = EDGE_CURVE ( 'NONE', #3093, #2558, #5524, .T. ) ;
#8355 = LINE ( 'NONE', #5617, #857 ) ;
#8356 = CIRCLE ( 'NONE', #7913, 0.1269999999999999463 ) ;
#8357 = DIRECTION ( 'NONE',  ( -0.5773502691896273964, 0.5773502691896237327, -0.5773502691896261751 ) ) ;
#8358 = ORIENTED_EDGE ( 'NONE', *, *, #2419, .T. ) ;
#8359 = CARTESIAN_POINT ( 'NONE',  ( 9.016999999999997684, 6.794499999999997542, 1.397000000000001130 ) ) ;
#8360 = DIRECTION ( 'NONE',  ( -1.000000000000000000, -0.000000000000000000, -0.000000000000000000 ) ) ;
#8361 = ORIENTED_EDGE ( 'NONE', *, *, #7021, .T. ) ;
#8362 = CARTESIAN_POINT ( 'NONE',  ( 11.55699999999999861, 6.794499999999999318, -1.396999999999998243 ) ) ;
#8363 = ORIENTED_EDGE ( 'NONE', *, *, #2823, .T. ) ;
#8364 =( REPRESENTATION_RELATIONSHIP ('NONE','NONE', #243, #483 ) REPRESENTATION_RELATIONSHIP_WITH_TRANSFORMATION ( #1762 )SHAPE_REPRESENTATION_RELATIONSHIP( ) );
#8365 = CARTESIAN_POINT ( 'NONE',  ( 5.080000000000000959, 0.3809999999999993947, -2.120900000000001562 ) ) ;
#8366 = ORIENTED_EDGE ( 'NONE', *, *, #4982, .T. ) ;
#8367 = DIRECTION ( 'NONE',  ( -0.000000000000000000, 1.000000000000000000, 1.733406087350420004E-16 ) ) ;
#8368 = DIRECTION ( 'NONE',  ( 0.000000000000000000, -1.733406087350420251E-16, 1.000000000000000000 ) ) ;
#8369 = EDGE_CURVE ( 'NONE', #5331, #3566, #7658, .T. ) ;
#8370 = LINE ( 'NONE', #2529, #1105 ) ;
#8371 = CARTESIAN_POINT ( 'NONE',  ( 5.968999999999998529, 6.222999999999998977, 1.651000000000001133 ) ) ;
#8372 = ORIENTED_EDGE ( 'NONE', *, *, #8210, .F. ) ;
#8373 = ORIENTED_EDGE ( 'NONE', *, *, #7343, .T. ) ;
#8374 = CARTESIAN_POINT ( 'NONE',  ( 5.080000000000000959, 0.3809999999999988396, 2.120899999999999785 ) ) ;
#8375 = AXIS2_PLACEMENT_3D ( 'NONE', #6564, #7961, #3678 ) ;
#8376 = PRESENTATION_STYLE_ASSIGNMENT (( #558 ) ) ;
#8377 = FACE_OUTER_BOUND ( 'NONE', #5613, .T. ) ;
#8378 = LINE ( 'NONE', #3397, #802 ) ;
#8379 = LINE ( 'NONE', #3448, #6431 ) ;
#8380 = DIRECTION ( 'NONE',  ( -1.000000000000000000, 0.000000000000000000, -0.000000000000000000 ) ) ;
#8381 = VERTEX_POINT ( 'NONE', #5569 ) ;
#8382 = EDGE_CURVE ( 'NONE', #1807, #8221, #5474, .T. ) ;
#8383 = DIRECTION ( 'NONE',  ( 1.000000000000000000, 0.000000000000000000, 0.000000000000000000 ) ) ;
#8385 = VERTEX_POINT ( 'NONE', #537 ) ;
#8384 = EDGE_LOOP ( 'NONE', ( #4259, #2179, #2722, #2923 ) ) ;
#8386 = FACE_OUTER_BOUND ( 'NONE', #3132, .T. ) ;
#8387 = DIRECTION ( 'NONE',  ( -0.000000000000000000, 1.000000000000000000, 1.733406087350420004E-16 ) ) ;
#8388 = VECTOR ( 'NONE', #3343, 1000.000000000000000 ) ;
#8389 = DIRECTION ( 'NONE',  ( 0.000000000000000000, 1.092515224483717628E-16, -1.000000000000000000 ) ) ;
#8390 = UNCERTAINTY_MEASURE_WITH_UNIT (LENGTH_MEASURE( 1.000000000000000082E-05 ), #3362, 'distance_accuracy_value', 'NONE');
#8391 = DIRECTION ( 'NONE',  ( -0.5773502691896273964, 0.5773502691896237327, -0.5773502691896261751 ) ) ;
#8392 = ORIENTED_EDGE ( 'NONE', *, *, #8998, .T. ) ;
#8393 = PRODUCT_DEFINITION_CONTEXT ( 'detailed design', #6288, 'design' ) ;
#8394 = CARTESIAN_POINT ( 'NONE',  ( -2.539999999999998703, 7.492999999999999439, -2.501900000000000901 ) ) ;
#8395 = EDGE_LOOP ( 'NONE', ( #8828, #5097, #3779, #2223, #2979, #2075, #5608, #8927 ) ) ;
#8396 = DIRECTION ( 'NONE',  ( 0.000000000000000000, -1.733406087350420004E-16, 1.000000000000000000 ) ) ;
#8397 = AXIS2_PLACEMENT_3D ( 'NONE', #652, #451, #2024 ) ;
#8398 = ADVANCED_FACE ( 'NONE', ( #7558 ), #487, .F. ) ;
#8399 = ADVANCED_FACE ( 'NONE', ( #2717 ), #4018, .F. ) ;
#8400 = ORIENTED_EDGE ( 'NONE', *, *, #2528, .T. ) ;
#8401 = LINE ( 'NONE', #2004, #4433 ) ;
#8402 = VERTEX_POINT ( 'NONE', #438 ) ;
#8403 = EDGE_CURVE ( 'NONE', #4849, #8952, #6857, .T. ) ;
#8404 = DIRECTION ( 'NONE',  ( -0.000000000000000000, 1.000000000000000000, 1.733406087350420004E-16 ) ) ;
#8405 = VECTOR ( 'NONE', #8189, 1000.000000000000114 ) ;
#8406 = CARTESIAN_POINT ( 'NONE',  ( -5.079999999999998295, 0.3809999999999993947, -2.120900000000001562 ) ) ;
#8407 = DIRECTION ( 'NONE',  ( 0.000000000000000000, -0.7071067811865485719, 0.7071067811865465735 ) ) ;
#8408 = CARTESIAN_POINT ( 'NONE',  ( -7.619999999999999218, 0.000000000000000000, 0.000000000000000000 ) ) ;
#8409 = CARTESIAN_POINT ( 'NONE',  ( 9.270999999999997243, 7.048499999999997101, 1.651000000000001355 ) ) ;
#8410 = VERTEX_POINT ( 'NONE', #4337 ) ;
#8411 = VECTOR ( 'NONE', #7363, 1000.000000000000000 ) ;
#8412 = LINE ( 'NONE', #4169, #1693 ) ;
#8413 = VERTEX_POINT ( 'NONE', #6314 ) ;
#8414 = VECTOR ( 'NONE', #5255, 1000.000000000000000 ) ;
#8415 = CARTESIAN_POINT ( 'NONE',  ( -10.15999999999999837, 0.8889999999999985691, 1.984781810244993228 ) ) ;
#8416 = DIRECTION ( 'NONE',  ( 0.000000000000000000, 1.733406087350420251E-16, -1.000000000000000000 ) ) ;
#8417 = ORIENTED_EDGE ( 'NONE', *, *, #346, .T. ) ;
#8418 = FACE_OUTER_BOUND ( 'NONE', #7571, .T. ) ;
#8419 = EDGE_CURVE ( 'NONE', #6365, #7724, #8312, .T. ) ;
#8420 = DIRECTION ( 'NONE',  ( 0.000000000000000000, -1.733406087350420004E-16, 1.000000000000000000 ) ) ;
#8421 = FACE_OUTER_BOUND ( 'NONE', #3233, .T. ) ;
#8422 = VECTOR ( 'NONE', #7884, 1000.000000000000000 ) ;
#8423 = FACE_OUTER_BOUND ( 'NONE', #403, .T. ) ;
#8424 = FACE_OUTER_BOUND ( 'NONE', #8395, .T. ) ;
#8425 = ORIENTED_EDGE ( 'NONE', *, *, #7878, .T. ) ;
#8426 = ORIENTED_EDGE ( 'NONE', *, *, #5145, .F. ) ;
#8427 = DIRECTION ( 'NONE',  ( -0.000000000000000000, 0.2588190451025143002, 0.9659258262890700886 ) ) ;
#8428 = CARTESIAN_POINT ( 'NONE',  ( -10.15999999999999837, 0.3809999999999999498, -2.501900000000000901 ) ) ;
#8429 = COLOUR_RGB ( '',0.2509803921568627416, 0.2509803921568627416, 0.2509803921568627416 ) ;
#8430 = DIRECTION ( 'NONE',  ( -1.000000000000000000, 0.000000000000000000, 0.000000000000000000 ) ) ;
#8431 = DIRECTION ( 'NONE',  ( 0.7071067811865456854, -0.7071067811865494601, -1.225703198915526333E-16 ) ) ;
#8432 = CARTESIAN_POINT ( 'NONE',  ( -7.619999999999998330, 0.3809999999999999498, -2.501900000000000901 ) ) ;
#8433 = VECTOR ( 'NONE', #5801, 1000.000000000000000 ) ;
#8434 = PRESENTATION_STYLE_ASSIGNMENT (( #1230 ) ) ;
#8435 = LINE ( 'NONE', #8529, #3671 ) ;
#8436 = EDGE_LOOP ( 'NONE', ( #6694, #5501, #7759, #8615 ) ) ;
#8437 = EDGE_CURVE ( 'NONE', #6717, #1799, #6909, .T. ) ;
#8438 = PRESENTATION_STYLE_ASSIGNMENT (( #5598 ) ) ;
#8439 = DIRECTION ( 'NONE',  ( 1.000000000000000000, 0.000000000000000000, 0.000000000000000000 ) ) ;
#8440 = VECTOR ( 'NONE', #2624, 1000.000000000000114 ) ;
#8441 = VECTOR ( 'NONE', #2603, 1000.000000000000000 ) ;
#8442 = LINE ( 'NONE', #1426, #6756 ) ;
#8443 = EDGE_CURVE ( 'NONE', #484, #5626, #7607, .T. ) ;
#8444 = VERTEX_POINT ( 'NONE', #2666 ) ;
#8445 = DIRECTION ( 'NONE',  ( 0.000000000000000000, -1.733406087350420004E-16, 1.000000000000000000 ) ) ;
#8446 = EDGE_CURVE ( 'NONE', #3419, #4838, #2058, .T. ) ;
#8447 = FACE_OUTER_BOUND ( 'NONE', #5865, .T. ) ;
#8448 = VERTEX_POINT ( 'NONE', #4813 ) ;
#8449 = CARTESIAN_POINT ( 'NONE',  ( 5.080000000000000959, 7.492999999999999439, -2.501900000000000901 ) ) ;
#8450 = CARTESIAN_POINT ( 'NONE',  ( -8.509000000000002117, 6.222999999999998977, -0.8889999999999987912 ) ) ;
#8451 = ORIENTED_EDGE ( 'NONE', *, *, #789, .F. ) ;
#8452 = EDGE_CURVE ( 'NONE', #5256, #925, #8265, .T. ) ;
#8453 = FACE_OUTER_BOUND ( 'NONE', #4652, .T. ) ;
#8454 = VERTEX_POINT ( 'NONE', #590 ) ;
#8455 = DIRECTION ( 'NONE',  ( -0.000000000000000000, -2.082201214683127315E-16, 1.000000000000000000 ) ) ;
#8456 = ADVANCED_FACE ( 'NONE', ( #9143 ), #4070, .F. ) ;
#8457 = LINE ( 'NONE', #6128, #6671 ) ;
#8458 = DIRECTION ( 'NONE',  ( -1.000000000000000000, -0.000000000000000000, -0.000000000000000000 ) ) ;
#8459 = ORIENTED_EDGE ( 'NONE', *, *, #8979, .T. ) ;
#8460 = CARTESIAN_POINT ( 'NONE',  ( 3.428999999999998050, 6.222999999999998977, -0.8889999999999987912 ) ) ;
#8461 = CARTESIAN_POINT ( 'NONE',  ( -1.143000000000003347, 6.794499999999997542, 1.397000000000001130 ) ) ;
#8462 = EDGE_LOOP ( 'NONE', ( #6570, #4073, #6794, #4074 ) ) ;
#8463 = VECTOR ( 'NONE', #1495, 1000.000000000000000 ) ;
#8465 = ORIENTED_EDGE ( 'NONE', *, *, #5226, .F. ) ;
#8464 = ORIENTED_EDGE ( 'NONE', *, *, #1748, .T. ) ;
#8466 = LINE ( 'NONE', #3432, #1287 ) ;
#8467 = EDGE_LOOP ( 'NONE', ( #8133, #1885, #12, #6973 ) ) ;
#8468 = DIRECTION ( 'NONE',  ( 0.000000000000000000, -0.000000000000000000, -1.000000000000000000 ) ) ;
#8469 = VECTOR ( 'NONE', #5887, 1000.000000000000000 ) ;
#8470 = DIRECTION ( 'NONE',  ( 0.000000000000000000, 1.000000000000000000, 2.439149994343092652E-16 ) ) ;
#8471 = FACE_BOUND ( 'NONE', #5571, .T. ) ;
#8472 = EDGE_CURVE ( 'NONE', #2005, #7797, #6133, .T. ) ;
#8473 = FACE_OUTER_BOUND ( 'NONE', #8917, .T. ) ;
#8474 = LINE ( 'NONE', #4223, #4979 ) ;
#8475 = ORIENTED_EDGE ( 'NONE', *, *, #8977, .T. ) ;
#8476 = ORIENTED_EDGE ( 'NONE', *, *, #3142, .T. ) ;
#8477 = VECTOR ( 'NONE', #6687, 1000.000000000000000 ) ;
#8478 = CARTESIAN_POINT ( 'NONE',  ( -5.969000000000002970, 6.222999999999998977, -1.650999999999998913 ) ) ;
#8479 = ORIENTED_EDGE ( 'NONE', *, *, #2633, .T. ) ;
#8480 = CARTESIAN_POINT ( 'NONE',  ( 9.270999999999997243, 6.222999999999998977, 1.651000000000001133 ) ) ;
#8481 = LINE ( 'NONE', #9070, #7692 ) ;
#8482 = EDGE_CURVE ( 'NONE', #8413, #6412, #1910, .T. ) ;
#8483 = EDGE_CURVE ( 'NONE', #6068, #3632, #1614, .T. ) ;
#8484 = ADVANCED_FACE ( 'NONE', ( #5786 ), #1567, .F. ) ;
#8485 = DIRECTION ( 'NONE',  ( 0.000000000000000000, 0.9659258262890700886, -0.2588190451025143002 ) ) ;
#8486 = DIRECTION ( 'NONE',  ( 0.5773502691896272854, -0.5773502691896241767, -0.5773502691896257311 ) ) ;
#8487 = EDGE_LOOP ( 'NONE', ( #7710, #7006, #4185, #161 ) ) ;
#8488 = VERTEX_POINT ( 'NONE', #7355 ) ;
#8489 = VECTOR ( 'NONE', #3649, 1000.000000000000000 ) ;
#8490 = FILL_AREA_STYLE ('',( #7259 ) ) ;
#8491 = DIRECTION ( 'NONE',  ( 0.000000000000000000, -1.733406087350420251E-16, 1.000000000000000000 ) ) ;
#8492 = LINE ( 'NONE', #4242, #7506 ) ;
#8493 = VECTOR ( 'NONE', #4442, 1000.000000000000000 ) ;
#8494 = ORIENTED_EDGE ( 'NONE', *, *, #2583, .T. ) ;
#8495 = CARTESIAN_POINT ( 'NONE',  ( 12.95400000000000063, 7.492999999999998550, 2.501900000000000901 ) ) ;
#8496 = ORIENTED_EDGE ( 'NONE', *, *, #4140, .F. ) ;
#8497 = CARTESIAN_POINT ( 'NONE',  ( 4.190999999999997172, 7.048499999999997101, 1.651000000000001355 ) ) ;
#8498 = VERTEX_POINT ( 'NONE', #2279 ) ;
#8499 = COLOUR_RGB ( '',0.2509803921568627416, 0.2509803921568627416, 0.2509803921568627416 ) ;
#8500 = LINE ( 'NONE', #8352, #6222 ) ;
#8501 = ORIENTED_EDGE ( 'NONE', *, *, #396, .F. ) ;
#8502 = CARTESIAN_POINT ( 'NONE',  ( -11.04900000000000304, 6.222999999999998977, -0.8889999999999987912 ) ) ;
#8503 =( GEOMETRIC_REPRESENTATION_CONTEXT ( 3 ) GLOBAL_UNCERTAINTY_ASSIGNED_CONTEXT ( ( #1002 ) ) GLOBAL_UNIT_ASSIGNED_CONTEXT ( ( #2915, #1313, #2772 ) ) REPRESENTATION_CONTEXT ( 'NONE', 'WORKASPACE' ) );
#8504 = FACE_OUTER_BOUND ( 'NONE', #349, .T. ) ;
#8505 = DIRECTION ( 'NONE',  ( 1.000000000000000000, 0.000000000000000000, 0.000000000000000000 ) ) ;
#8506 = DIRECTION ( 'NONE',  ( 0.000000000000000000, 1.138269997360111548E-15, 1.000000000000000000 ) ) ;
#8507 = ORIENTED_EDGE ( 'NONE', *, *, #1183, .F. ) ;
#8508 = MECHANICAL_DESIGN_GEOMETRIC_PRESENTATION_REPRESENTATION (  '', ( #4026 ), #8194 ) ;
#8509 = CARTESIAN_POINT ( 'NONE',  ( 2.540000000000000480, 0.3809999999999999498, -2.501900000000000901 ) ) ;
#8510 = ORIENTED_EDGE ( 'NONE', *, *, #1414, .T. ) ;
#8512 = ORIENTED_EDGE ( 'NONE', *, *, #2495, .F. ) ;
#8511 = ORIENTED_EDGE ( 'NONE', *, *, #2920, .F. ) ;
#8513 =( NAMED_UNIT ( * ) SI_UNIT ( $, .STERADIAN. ) SOLID_ANGLE_UNIT ( ) );
#8514 = PLANE ( 'NONE',  #3968 ) ;
#8515 = ORIENTED_EDGE ( 'NONE', *, *, #2528, .F. ) ;
#8516 = AXIS2_PLACEMENT_3D ( 'NONE', #3669, #8792, #3711 ) ;
#8517 = CARTESIAN_POINT ( 'NONE',  ( -3.429000000000003379, 6.222999999999998977, -1.650999999999998913 ) ) ;
#8518 = LINE ( 'NONE', #2120, #8922 ) ;
#8519 = DIRECTION ( 'NONE',  ( -1.000000000000000000, -0.000000000000000000, -0.000000000000000000 ) ) ;
#8520 = ORIENTED_EDGE ( 'NONE', *, *, #6603, .T. ) ;
#8521 = ORIENTED_EDGE ( 'NONE', *, *, #5418, .T. ) ;
#8522 = ORIENTED_EDGE ( 'NONE', *, *, #6430, .T. ) ;
#8523 = EDGE_CURVE ( 'NONE', #4879, #3846, #5177, .T. ) ;
#8524 = EDGE_CURVE ( 'NONE', #7322, #9199, #2321, .T. ) ;
#8525 = EDGE_CURVE ( 'NONE', #6307, #836, #5265, .T. ) ;
#8526 = DIRECTION ( 'NONE',  ( 0.000000000000000000, -1.733406087350420004E-16, 1.000000000000000000 ) ) ;
#8527 = PLANE ( 'NONE',  #6952 ) ;
#8528 = EDGE_CURVE ( 'NONE', #8296, #8868, #3820, .T. ) ;
#8529 = CARTESIAN_POINT ( 'NONE',  ( 0.8889999999999991243, 6.222999999999998977, -0.8889999999999987912 ) ) ;
#8530 = ORIENTED_EDGE ( 'NONE', *, *, #7244, .F. ) ;
#8531 = EDGE_CURVE ( 'NONE', #5011, #1844, #3129, .T. ) ;
#8532 = LINE ( 'NONE', #7124, #4779 ) ;
#8533 = PLANE ( 'NONE',  #6336 ) ;
#8534 = ORIENTED_EDGE ( 'NONE', *, *, #8018, .T. ) ;
#8535 = CARTESIAN_POINT ( 'NONE',  ( 6.730999999999997208, 6.222999999999998977, -0.8889999999999987912 ) ) ;
#8536 = DIRECTION ( 'NONE',  ( 0.000000000000000000, -1.000000000000000000, 0.000000000000000000 ) ) ;
#8537 = VERTEX_POINT ( 'NONE', #4376 ) ;
#8538 = CARTESIAN_POINT ( 'NONE',  ( -1.651000000000001355, 6.222999999999998977, 1.651000000000001133 ) ) ;
#8539 = ORIENTED_EDGE ( 'NONE', *, *, #2934, .F. ) ;
#8540 = AXIS2_PLACEMENT_3D ( 'NONE', #4772, #7770, #8468 ) ;
#8541 = CARTESIAN_POINT ( 'NONE',  ( 7.175500000000001322, 7.492999999999999439, -2.095500000000001695 ) ) ;
#8542 = ORIENTED_EDGE ( 'NONE', *, *, #3517, .T. ) ;
#8543 = CARTESIAN_POINT ( 'NONE',  ( -6.731000000000001648, 6.222999999999998977, -0.8889999999999987912 ) ) ;
#8544 = EDGE_CURVE ( 'NONE', #488, #1667, #8103, .T. ) ;
#8545 = LINE ( 'NONE', #731, #3575 ) ;
#8546 = PLANE ( 'NONE',  #4924 ) ;
#8547 = CLOSED_SHELL ( 'NONE', ( #8968, #6224, #4885, #8957, #1080, #5088, #7998, #7100, #1121, #1468, #7660, #8625, #5325, #3548, #5624, #650, #5672, #4190, #7422, #5781, #803, #304, #2262, #8274, #2977, #1780, #3224, #4160 ) ) ;
#8548 = DIRECTION ( 'NONE',  ( 0.000000000000000000, -1.422837496700138942E-15, 1.000000000000000000 ) ) ;
#8549 = ORIENTED_EDGE ( 'NONE', *, *, #6661, .F. ) ;
#8551 = ORIENTED_EDGE ( 'NONE', *, *, #8888, .T. ) ;
#8550 = ORIENTED_EDGE ( 'NONE', *, *, #8602, .F. ) ;
#8552 =( NAMED_UNIT ( * ) PLANE_ANGLE_UNIT ( ) SI_UNIT ( $, .RADIAN. ) );
#8553 = CARTESIAN_POINT ( 'NONE',  ( 12.95400000000000063, 7.492999999999999439, -2.501900000000000901 ) ) ;
#8554 = ORIENTED_EDGE ( 'NONE', *, *, #3528, .F. ) ;
#8555 = EDGE_CURVE ( 'NONE', #1711, #3799, #5883, .T. ) ;
#8556 = VECTOR ( 'NONE', #2162, 1000.000000000000000 ) ;
#8557 = DIRECTION ( 'NONE',  ( 0.000000000000000000, -1.000000000000000000, 0.000000000000000000 ) ) ;
#8558 = EDGE_CURVE ( 'NONE', #8488, #7608, #4558, .T. ) ;
#8559 = CARTESIAN_POINT ( 'NONE',  ( 10.16000000000000192, 7.492999999999998550, 2.501900000000000901 ) ) ;
#8560 = ADVANCED_FACE ( 'NONE', ( #8635 ), #767, .F. ) ;
#8561 = VECTOR ( 'NONE', #6132, 1000.000000000000000 ) ;
#8562 = DIRECTION ( 'NONE',  ( 0.000000000000000000, -1.000000000000000000, -2.439149994343092652E-16 ) ) ;
#8563 = ORIENTED_EDGE ( 'NONE', *, *, #5600, .F. ) ;
#8564 = ORIENTED_EDGE ( 'NONE', *, *, #5358, .T. ) ;
#8565 = PLANE ( 'NONE',  #2838 ) ;
#8566 = EDGE_LOOP ( 'NONE', ( #4167, #5038, #4181, #3463 ) ) ;
#8567 = ADVANCED_FACE ( 'NONE', ( #8718 ), #1520, .F. ) ;
#8568 = AXIS2_PLACEMENT_3D ( 'NONE', #4466, #3679, #5126 ) ;
#8569 = EDGE_CURVE ( 'NONE', #7824, #8952, #6526, .T. ) ;
#8570 = VECTOR ( 'NONE', #6811, 1000.000000000000000 ) ;
#8571 = LINE ( 'NONE', #1331, #1940 ) ;
#8572 = DIRECTION ( 'NONE',  ( 0.000000000000000000, 0.000000000000000000, -1.000000000000000000 ) ) ;
#8573 = EDGE_CURVE ( 'NONE', #5539, #5462, #3641, .T. ) ;
#8574 = PLANE ( 'NONE',  #5443 ) ;
#8575 = EDGE_CURVE ( 'NONE', #5156, #4879, #60, .T. ) ;
#8576 = LINE ( 'NONE', #7120, #6311 ) ;
#8577 = LINE ( 'NONE', #2695, #2031 ) ;
#8578 = ORIENTED_EDGE ( 'NONE', *, *, #1752, .F. ) ;
#8579 = PRESENTATION_LAYER_ASSIGNMENT (  '', '', ( #2597 ) ) ;
#8580 = ORIENTED_EDGE ( 'NONE', *, *, #2583, .F. ) ;
#8581 = CARTESIAN_POINT ( 'NONE',  ( 5.968999999999998529, 6.222999999999998977, 1.651000000000001133 ) ) ;
#8582 = CARTESIAN_POINT ( 'NONE',  ( 12.95400000000000063, 7.492999999999999439, -2.501900000000000901 ) ) ;
#8583 = LINE ( 'NONE', #2183, #3050 ) ;
#8584 = VECTOR ( 'NONE', #4950, 1000.000000000000000 ) ;
#8585 = VECTOR ( 'NONE', #6767, 1000.000000000000000 ) ;
#8586 = ORIENTED_EDGE ( 'NONE', *, *, #4359, .F. ) ;
#8587 = LINE ( 'NONE', #900, #3654 ) ;
#8588 = VERTEX_POINT ( 'NONE', #190 ) ;
#8589 = CARTESIAN_POINT ( 'NONE',  ( -10.60449999999999982, 7.492999999999999439, -2.095500000000001695 ) ) ;
#8590 = CARTESIAN_POINT ( 'NONE',  ( 11.04899999999999949, 6.222999999999998977, -0.8889999999999987912 ) ) ;
#8591 = VECTOR ( 'NONE', #5896, 1000.000000000000000 ) ;
#8592 = CARTESIAN_POINT ( 'NONE',  ( 5.968999999999998529, 7.048499999999997101, 0.8890000000000012337 ) ) ;
#8593 = LINE ( 'NONE', #2193, #1669 ) ;
#8594 = VECTOR ( 'NONE', #5276, 1000.000000000000000 ) ;
#8595 = CARTESIAN_POINT ( 'NONE',  ( -0.3047999999999999599, 0.2539999999999996150, 3.302000000000000046 ) ) ;
#8596 = ORIENTED_EDGE ( 'NONE', *, *, #1781, .F. ) ;
#8597 = FACE_OUTER_BOUND ( 'NONE', #8660, .T. ) ;
#8598 = DIRECTION ( 'NONE',  ( 0.000000000000000000, 1.000000000000000000, 0.000000000000000000 ) ) ;
#8599 = VECTOR ( 'NONE', #4829, 1000.000000000000000 ) ;
#8600 = DIRECTION ( 'NONE',  ( -0.5773502691896273964, 0.5773502691896237327, -0.5773502691896261751 ) ) ;
#8601 = CARTESIAN_POINT ( 'NONE',  ( 17.78000000000000114, 6.222999999999998977, -2.201425730935033664E-16 ) ) ;
#8602 = EDGE_CURVE ( 'NONE', #6146, #1939, #3732, .T. ) ;
#8603 = ORIENTED_EDGE ( 'NONE', *, *, #5425, .F. ) ;
#8604 = PLANE ( 'NONE',  #4091 ) ;
#8605 = ORIENTED_EDGE ( 'NONE', *, *, #6981, .T. ) ;
#8606 = ORIENTED_EDGE ( 'NONE', *, *, #2918, .T. ) ;
#8607 = DIRECTION ( 'NONE',  ( 0.000000000000000000, -0.9659258262890700886, 0.2588190451025142447 ) ) ;
#8608 = CARTESIAN_POINT ( 'NONE',  ( -7.619999999999998330, 0.000000000000000000, 0.000000000000000000 ) ) ;
#8609 = ORIENTED_EDGE ( 'NONE', *, *, #368, .F. ) ;
#8610 = LINE ( 'NONE', #5716, #6086 ) ;
#8611 = DIRECTION ( 'NONE',  ( 0.000000000000000000, 0.000000000000000000, -1.000000000000000000 ) ) ;
#8612 = FACE_OUTER_BOUND ( 'NONE', #57, .T. ) ;
#8613 = ORIENTED_EDGE ( 'NONE', *, *, #3786, .T. ) ;
#8614 = DIRECTION ( 'NONE',  ( 0.000000000000000000, -1.733406087350420004E-16, 1.000000000000000000 ) ) ;
#8615 = ORIENTED_EDGE ( 'NONE', *, *, #1092, .T. ) ;
#8616 = FACE_OUTER_BOUND ( 'NONE', #7380, .T. ) ;
#8617 = ORIENTED_EDGE ( 'NONE', *, *, #1857, .T. ) ;
#8618 = CARTESIAN_POINT ( 'NONE',  ( -2.539999999999998703, 7.492999999999998550, 2.501900000000000901 ) ) ;
#8619 = CARTESIAN_POINT ( 'NONE',  ( 8.508999999999998565, 7.048499999999997101, 1.651000000000001355 ) ) ;
#8620 = VECTOR ( 'NONE', #4393, 1000.000000000000114 ) ;
#8621 = CARTESIAN_POINT ( 'NONE',  ( 10.16000000000000192, 7.492999999999998550, 2.501900000000000901 ) ) ;
#8622 = DIRECTION ( 'NONE',  ( -1.000000000000000000, 0.000000000000000000, 0.000000000000000000 ) ) ;
#8623 = EDGE_LOOP ( 'NONE', ( #8798, #8963, #6524, #8707 ) ) ;
#8624 = EDGE_CURVE ( 'NONE', #503, #3891, #6736, .T. ) ;
#8625 = ADVANCED_FACE ( 'NONE', ( #4045 ), #8288, .F. ) ;
#8626 = PLANE ( 'NONE',  #8375 ) ;
#8627 = DIRECTION ( 'NONE',  ( 0.000000000000000000, -0.9659258262890699775, -0.2588190451025143002 ) ) ;
#8628 = VERTEX_POINT ( 'NONE', #5311 ) ;
#8629 = LINE ( 'NONE', #6352, #7299 ) ;
#8630 = CARTESIAN_POINT ( 'NONE',  ( 8.064499999999995339, 7.492999999999999439, -2.501900000000000901 ) ) ;
#8631 = ORIENTED_EDGE ( 'NONE', *, *, #712, .F. ) ;
#8632 = VECTOR ( 'NONE', #2245, 1000.000000000000000 ) ;
#8633 = DIRECTION ( 'NONE',  ( 1.000000000000000000, 0.000000000000000000, 0.000000000000000000 ) ) ;
#8634 = AXIS2_PLACEMENT_3D ( 'NONE', #7314, #902, #8761 ) ;
#8635 = FACE_OUTER_BOUND ( 'NONE', #8835, .T. ) ;
#8636 = CARTESIAN_POINT ( 'NONE',  ( 12.70000000000000284, 0.8889999999999989022, -1.984781810244995004 ) ) ;
#8637 = VERTEX_POINT ( 'NONE', #8936 ) ;
#8638 = VECTOR ( 'NONE', #3839, 1000.000000000000000 ) ;
#8639 = EDGE_CURVE ( 'NONE', #911, #6274, #5503, .T. ) ;
#8640 = VECTOR ( 'NONE', #5700, 1000.000000000000000 ) ;
#8641 = PLANE ( 'NONE',  #4906 ) ;
#8642 = DIRECTION ( 'NONE',  ( 1.000000000000000000, 0.000000000000000000, 0.000000000000000000 ) ) ;
#8643 = EDGE_CURVE ( 'NONE', #8302, #2247, #4690, .T. ) ;
#8644 = ORIENTED_EDGE ( 'NONE', *, *, #2520, .T. ) ;
#8645 = DIRECTION ( 'NONE',  ( 0.000000000000000000, 2.439149994343092652E-16, -1.000000000000000000 ) ) ;
#8646 = LINE ( 'NONE', #4212, #474 ) ;
#8647 = VECTOR ( 'NONE', #8357, 1000.000000000000114 ) ;
#8648 = COLOUR_RGB ( '',0.2509803921568627416, 0.2509803921568627416, 0.2509803921568627416 ) ;
#8649 = DIRECTION ( 'NONE',  ( 0.000000000000000000, 0.000000000000000000, 1.000000000000000000 ) ) ;
#8650 = CARTESIAN_POINT ( 'NONE',  ( 12.69999999999999929, 0.8889999999999989022, -1.984781810244995004 ) ) ;
#8651 = ORIENTED_EDGE ( 'NONE', *, *, #5791, .F. ) ;
#8652 = CARTESIAN_POINT ( 'NONE',  ( 3.936999999999995836, 6.794499999999999318, -1.142999999999999572 ) ) ;
#8653 = AXIS2_PLACEMENT_3D ( 'NONE', #2351, #5960, #4471 ) ;
#8654 = DIRECTION ( 'NONE',  ( 0.000000000000000000, -1.000000000000000000, 0.000000000000000000 ) ) ;
#8655 = DIRECTION ( 'NONE',  ( -0.000000000000000000, 1.000000000000000000, 1.733406087350420004E-16 ) ) ;
#8656 = ORIENTED_EDGE ( 'NONE', *, *, #8799, .T. ) ;
#8657 = EDGE_LOOP ( 'NONE', ( #6050, #1421, #2355, #7976 ) ) ;
#8658 = FACE_OUTER_BOUND ( 'NONE', #8858, .T. ) ;
#8659 = VECTOR ( 'NONE', #7251, 1000.000000000000000 ) ;
#8660 = EDGE_LOOP ( 'NONE', ( #7935, #4345, #286, #1541 ) ) ;
#8661 = CARTESIAN_POINT ( 'NONE',  ( -6.731000000000001648, 6.222999999999998977, -1.650999999999998913 ) ) ;
#8662 = ADVANCED_FACE ( 'NONE', ( #2488 ), #1884, .F. ) ;
#8663 = DIRECTION ( 'NONE',  ( 0.000000000000000000, 1.000000000000000000, -1.224646799147353700E-16 ) ) ;
#8664 = PLANE ( 'NONE',  #7486 ) ;
#8665 = CARTESIAN_POINT ( 'NONE',  ( 12.25550000000000317, 7.492999999999999439, -2.501900000000000901 ) ) ;
#8666 = VERTEX_POINT ( 'NONE', #9029 ) ;
#8667 = PLANE ( 'NONE',  #988 ) ;
#8668 = LINE ( 'NONE', #896, #610 ) ;
#8669 = FACE_OUTER_BOUND ( 'NONE', #3340, .T. ) ;
#8670 = DIRECTION ( 'NONE',  ( 0.000000000000000000, 2.439149994343092652E-16, -1.000000000000000000 ) ) ;
#8671 = VERTEX_POINT ( 'NONE', #5354 ) ;
#8672 = PLANE ( 'NONE',  #734 ) ;
#8673 = CARTESIAN_POINT ( 'NONE',  ( -11.81100000000000172, 7.048499999999997989, -0.8889999999999986802 ) ) ;
#8674 = EDGE_LOOP ( 'NONE', ( #5094, #3810, #4256, #980 ) ) ;
#8675 = DIRECTION ( 'NONE',  ( 0.000000000000000000, -0.7071067811865485719, 0.7071067811865465735 ) ) ;
#8676 = CARTESIAN_POINT ( 'NONE',  ( -10.15999999999999837, 7.492999999999999439, -2.501900000000000901 ) ) ;
#8677 = DIRECTION ( 'NONE',  ( 0.5773502691896270633, 0.5773502691896240657, -0.5773502691896261751 ) ) ;
#8678 = VERTEX_POINT ( 'NONE', #1796 ) ;
#8679 = AXIS2_PLACEMENT_3D ( 'NONE', #5832, #985, #4550 ) ;
#8680 = CARTESIAN_POINT ( 'NONE',  ( -9.271000000000000796, 6.222999999999998977, 0.8890000000000011227 ) ) ;
#8681 = CARTESIAN_POINT ( 'NONE',  ( -9.271000000000000796, 7.048499999999997101, 1.651000000000001355 ) ) ;
#8682 = DIRECTION ( 'NONE',  ( 0.000000000000000000, -1.422837496700139533E-15, 1.000000000000000000 ) ) ;
#8683 = ORIENTED_EDGE ( 'NONE', *, *, #3213, .F. ) ;
#8684 = PLANE ( 'NONE',  #2169 ) ;
#8685 = ADVANCED_FACE ( 'NONE', ( #7583 ), #2589, .F. ) ;
#8686 = DIRECTION ( 'NONE',  ( 0.000000000000000000, 1.422837496700139336E-15, -1.000000000000000000 ) ) ;
#8687 = CARTESIAN_POINT ( 'NONE',  ( -8.890000000000002345, 0.000000000000000000, 0.000000000000000000 ) ) ;
#8688 = CARTESIAN_POINT ( 'NONE',  ( 5.080000000000000959, 0.8889999999999985691, 1.984781810244993228 ) ) ;
#8689 = ORIENTED_EDGE ( 'NONE', *, *, #7638, .T. ) ;
#8690 = VECTOR ( 'NONE', #8003, 1000.000000000000000 ) ;
#8691 = CARTESIAN_POINT ( 'NONE',  ( 5.080000000000000959, 0.3809999999999992837, 2.501899999999999125 ) ) ;
#8692 = DIRECTION ( 'NONE',  ( 0.000000000000000000, -0.000000000000000000, -1.000000000000000000 ) ) ;
#8693 = CARTESIAN_POINT ( 'NONE',  ( 2.540000000000002256, 0.3809999999999988396, 2.120899999999999785 ) ) ;
#8694 = EDGE_LOOP ( 'NONE', ( #8617, #1348, #3506, #4473 ) ) ;
#8695 = EDGE_CURVE ( 'NONE', #1854, #8219, #8981, .T. ) ;
#8696 = ORIENTED_EDGE ( 'NONE', *, *, #2429, .T. ) ;
#8697 = VECTOR ( 'NONE', #4031, 1000.000000000000000 ) ;
#8698 = CARTESIAN_POINT ( 'NONE',  ( 11.04899999999999949, 7.048499999999997989, -1.650999999999998691 ) ) ;
#8699 = ORIENTED_EDGE ( 'NONE', *, *, #5190, .T. ) ;
#8700 = DIRECTION ( 'NONE',  ( -1.000000000000000000, -0.000000000000000000, -0.000000000000000000 ) ) ;
#8701 = AXIS2_PLACEMENT_3D ( 'NONE', #2860, #8724, #863 ) ;
#8702 = DIRECTION ( 'NONE',  ( 0.000000000000000000, -1.733406087350420004E-16, 1.000000000000000000 ) ) ;
#8703 = VECTOR ( 'NONE', #1259, 1000.000000000000000 ) ;
#8704 = DIRECTION ( 'NONE',  ( -0.000000000000000000, -1.000000000000000000, 1.224646799147353700E-16 ) ) ;
#8705 = ADVANCED_FACE ( 'NONE', ( #1187 ), #6882, .F. ) ;
#8706 = CARTESIAN_POINT ( 'NONE',  ( 1.734723475976807094E-15, 0.3809999999999992837, 2.501899999999999125 ) ) ;
#8707 = ORIENTED_EDGE ( 'NONE', *, *, #8419, .F. ) ;
#8708 = VECTOR ( 'NONE', #8239, 1000.000000000000114 ) ;
#8709 = PLANE ( 'NONE',  #533 ) ;
#8710 = LINE ( 'NONE', #4368, #757 ) ;
#8711 = FACE_OUTER_BOUND ( 'NONE', #2418, .T. ) ;
#8712 = FACE_OUTER_BOUND ( 'NONE', #5223, .T. ) ;
#8713 = VECTOR ( 'NONE', #3309, 1000.000000000000000 ) ;
#8714 = PLANE ( 'NONE',  #6267 ) ;
#8715 =( GEOMETRIC_REPRESENTATION_CONTEXT ( 3 ) GLOBAL_UNCERTAINTY_ASSIGNED_CONTEXT ( ( #6890 ) ) GLOBAL_UNIT_ASSIGNED_CONTEXT ( ( #4361, #3495, #5642 ) ) REPRESENTATION_CONTEXT ( 'NONE', 'WORKASPACE' ) );
#8716 = DIRECTION ( 'NONE',  ( 1.000000000000000000, 0.000000000000000000, 0.000000000000000000 ) ) ;
#8717 = ORIENTED_EDGE ( 'NONE', *, *, #6557, .T. ) ;
#8718 = FACE_OUTER_BOUND ( 'NONE', #808, .T. ) ;
#8719 = LINE ( 'NONE', #416, #3577 ) ;
#8720 = FACE_OUTER_BOUND ( 'NONE', #2888, .T. ) ;
#8721 = ORIENTED_EDGE ( 'NONE', *, *, #6300, .T. ) ;
#8722 = DIRECTION ( 'NONE',  ( 0.000000000000000000, -1.000000000000000000, -2.439149994343092652E-16 ) ) ;
#8723 = AXIS2_PLACEMENT_3D ( 'NONE', #7229, #8645, #159 ) ;
#8724 = DIRECTION ( 'NONE',  ( -0.000000000000000000, 1.000000000000000000, 1.092515224483717382E-16 ) ) ;
#8725 = EDGE_CURVE ( 'NONE', #2563, #2548, #7535, .T. ) ;
#8726 = CARTESIAN_POINT ( 'NONE',  ( 3.428999999999998050, 6.222999999999998977, -0.8889999999999987912 ) ) ;
#8727 = DIRECTION ( 'NONE',  ( 0.000000000000000000, -1.000000000000000000, -2.439149994343092652E-16 ) ) ;
#8728 = ORIENTED_EDGE ( 'NONE', *, *, #3811, .T. ) ;
#8729 = CARTESIAN_POINT ( 'NONE',  ( -9.715500000000005798, 7.492999999999999439, -2.501900000000000901 ) ) ;
#8730 = VECTOR ( 'NONE', #524, 1000.000000000000114 ) ;
#8731 = DIRECTION ( 'NONE',  ( 1.000000000000000000, 0.000000000000000000, 0.000000000000000000 ) ) ;
#8732 = CARTESIAN_POINT ( 'NONE',  ( -6.350000000000002309, 0.000000000000000000, 0.000000000000000000 ) ) ;
#8733 = CARTESIAN_POINT ( 'NONE',  ( 5.080000000000000959, 0.8889999999999985691, 1.984781810244993228 ) ) ;
#8734 = ORIENTED_EDGE ( 'NONE', *, *, #942, .F. ) ;
#8735 = AXIS2_PLACEMENT_3D ( 'NONE', #5206, #1643, #4923 ) ;
#8736 = CARTESIAN_POINT ( 'NONE',  ( 10.16000000000000192, 0.3809999999999992837, 2.501899999999999125 ) ) ;
#8737 = PRODUCT_DEFINITION_SHAPE ( 'NONE', 'NONE',  #5578 ) ;
#8738 = DIRECTION ( 'NONE',  ( -1.000000000000000000, -0.000000000000000000, -0.000000000000000000 ) ) ;
#8739 = CARTESIAN_POINT ( 'NONE',  ( 12.95400000000000063, 7.492999999999998550, 2.501900000000000901 ) ) ;
#8740 = PLANE ( 'NONE',  #7273 ) ;
#8741 = VERTEX_POINT ( 'NONE', #6157 ) ;
#8742 = AXIS2_PLACEMENT_3D ( 'NONE', #3538, #6927, #607 ) ;
#8744 = ORIENTED_EDGE ( 'NONE', *, *, #7003, .F. ) ;
#8743 = VERTEX_POINT ( 'NONE', #6781 ) ;
#8745 = CARTESIAN_POINT ( 'NONE',  ( -11.04900000000000304, 7.048499999999997989, -0.8889999999999986802 ) ) ;
#8746 = VERTEX_POINT ( 'NONE', #365 ) ;
#8747 = DIRECTION ( 'NONE',  ( -0.000000000000000000, 1.000000000000000000, 1.733406087350420004E-16 ) ) ;
#8748 = CARTESIAN_POINT ( 'NONE',  ( -7.619999999999999218, 0.8889999999999989022, -1.984781810244995004 ) ) ;
#8749 = FACE_OUTER_BOUND ( 'NONE', #8623, .T. ) ;
#8750 = EDGE_LOOP ( 'NONE', ( #8554, #425, #3830, #189 ) ) ;
#8751 = DIRECTION ( 'NONE',  ( 1.000000000000000000, 0.000000000000000000, 0.000000000000000000 ) ) ;
#8752 = DIRECTION ( 'NONE',  ( 0.000000000000000000, -1.000000000000000000, -2.439149994343092652E-16 ) ) ;
#8753 = ADVANCED_FACE ( 'NONE', ( #8151 ), #5451, .F. ) ;
#8754 = ADVANCED_FACE ( 'NONE', ( #8843 ), #3864, .F. ) ;
#8755 = DIRECTION ( 'NONE',  ( -1.000000000000000000, 0.000000000000000000, -0.000000000000000000 ) ) ;
#8756 = PRODUCT_RELATED_PRODUCT_CATEGORY ( 'part', '', ( #6147 ) ) ;
#8757 = AXIS2_PLACEMENT_3D ( 'NONE', #4649, #8846, #8894 ) ;
#8758 = CARTESIAN_POINT ( 'NONE',  ( 9.270999999999997243, 7.048499999999997989, -0.8889999999999986802 ) ) ;
#8759 = DIRECTION ( 'NONE',  ( -1.000000000000000000, 0.000000000000000000, 0.000000000000000000 ) ) ;
#8760 = ORIENTED_EDGE ( 'NONE', *, *, #5549, .F. ) ;
#8761 = DIRECTION ( 'NONE',  ( 0.000000000000000000, 0.000000000000000000, 1.000000000000000000 ) ) ;
#8762 = ORIENTED_EDGE ( 'NONE', *, *, #6062, .F. ) ;
#8763 = LINE ( 'NONE', #6060, #2204 ) ;
#8764 = ORIENTED_EDGE ( 'NONE', *, *, #2992, .T. ) ;
#8765 = LINE ( 'NONE', #998, #3153 ) ;
#8766 = DIRECTION ( 'NONE',  ( -1.000000000000000000, 0.000000000000000000, 0.000000000000000000 ) ) ;
#8767 = LINE ( 'NONE', #6744, #6540 ) ;
#8768 = VECTOR ( 'NONE', #6891, 1000.000000000000000 ) ;
#8769 = DIRECTION ( 'NONE',  ( 0.000000000000000000, -0.9659258262890699775, -0.2588190451025143002 ) ) ;
#8770 = ADVANCED_FACE ( 'NONE', ( #6834 ), #3169, .F. ) ;
#8771 = ORIENTED_EDGE ( 'NONE', *, *, #3395, .T. ) ;
#8772 = CARTESIAN_POINT ( 'NONE',  ( -12.25550000000000672, 7.492999999999998550, 0.4444999999999979523 ) ) ;
#8773 = DIRECTION ( 'NONE',  ( -0.000000000000000000, 1.000000000000000000, 1.733406087350420004E-16 ) ) ;
#8774 = PRESENTATION_STYLE_ASSIGNMENT (( #1494 ) ) ;
#8775 = AXIS2_PLACEMENT_3D ( 'NONE', #2406, #1046, #6575 ) ;
#8776 = ORIENTED_EDGE ( 'NONE', *, *, #7405, .F. ) ;
#8777 = VECTOR ( 'NONE', #9031, 1000.000000000000000 ) ;
#8778 = LINE ( 'NONE', #3234, #8973 ) ;
#8779 = LINE ( 'NONE', #919, #6980 ) ;
#8780 = CARTESIAN_POINT ( 'NONE',  ( 17.78000000000000114, 6.222999999999998977, -2.201425730935033664E-16 ) ) ;
#8781 = EDGE_CURVE ( 'NONE', #109, #6956, #4603, .T. ) ;
#8782 = EDGE_CURVE ( 'NONE', #4401, #3419, #3905, .T. ) ;
#8783 = VECTOR ( 'NONE', #2335, 1000.000000000000000 ) ;
#8784 = CARTESIAN_POINT ( 'NONE',  ( -12.69999999999999929, 0.3809999999999992837, 2.501899999999999125 ) ) ;
#8785 = ORIENTED_EDGE ( 'NONE', *, *, #8725, .T. ) ;
#8786 = EDGE_CURVE ( 'NONE', #7461, #1338, #630, .T. ) ;
#8787 = DIRECTION ( 'NONE',  ( 0.000000000000000000, 0.000000000000000000, -1.000000000000000000 ) ) ;
#8788 = ORIENTED_EDGE ( 'NONE', *, *, #7128, .T. ) ;
#8789 = CARTESIAN_POINT ( 'NONE',  ( 0.3047999999999999599, 1.275347176632054726E-16, 2.387599999999999945 ) ) ;
#8790 = PLANE ( 'NONE',  #4413 ) ;
#8791 = ORIENTED_EDGE ( 'NONE', *, *, #6402, .T. ) ;
#8792 = DIRECTION ( 'NONE',  ( 0.000000000000000000, 0.000000000000000000, -1.000000000000000000 ) ) ;
#8793 = CARTESIAN_POINT ( 'NONE',  ( -7.175500000000005763, 7.492999999999999439, -2.501900000000000901 ) ) ;
#8794 = SURFACE_SIDE_STYLE ('',( #1549 ) ) ;
#8795 = CARTESIAN_POINT ( 'NONE',  ( -7.619999999999998330, 0.3809999999999999498, -2.501900000000000901 ) ) ;
#8796 = VECTOR ( 'NONE', #4055, 1000.000000000000000 ) ;
#8797 = LINE ( 'NONE', #8092, #3047 ) ;
#8798 = ORIENTED_EDGE ( 'NONE', *, *, #9177, .T. ) ;
#8799 = EDGE_CURVE ( 'NONE', #7448, #7116, #1901, .T. ) ;
#8800 = FACE_BOUND ( 'NONE', #415, .T. ) ;
#8801 = DIRECTION ( 'NONE',  ( -1.000000000000000000, 0.000000000000000000, 0.000000000000000000 ) ) ;
#8802 = VECTOR ( 'NONE', #562, 1000.000000000000000 ) ;
#8803 = CARTESIAN_POINT ( 'NONE',  ( -7.619999999999998330, 7.492999999999998550, 2.501900000000000901 ) ) ;
#8804 = CARTESIAN_POINT ( 'NONE',  ( 6.730999999999997208, 7.048499999999997101, 0.8890000000000012337 ) ) ;
#8805 = ORIENTED_EDGE ( 'NONE', *, *, #3451, .F. ) ;
#8806 = EDGE_LOOP ( 'NONE', ( #2779, #4499, #8762, #6318 ) ) ;
#8807 = CARTESIAN_POINT ( 'NONE',  ( 5.968999999999998529, 6.222999999999998977, 0.8890000000000011227 ) ) ;
#8808 = ORIENTED_EDGE ( 'NONE', *, *, #6349, .T. ) ;
#8809 = DIRECTION ( 'NONE',  ( 0.000000000000000000, -1.000000000000000000, -1.733406087350420004E-16 ) ) ;
#8810 = CARTESIAN_POINT ( 'NONE',  ( -4.191000000000001613, 7.048499999999997101, 0.8890000000000012337 ) ) ;
#8811 = DIRECTION ( 'NONE',  ( 0.000000000000000000, -1.733406087350420251E-16, 1.000000000000000000 ) ) ;
#8812 = ORIENTED_EDGE ( 'NONE', *, *, #4934, .T. ) ;
#8813 = DIRECTION ( 'NONE',  ( 0.000000000000000000, 0.9659258262890700886, -0.2588190451025143002 ) ) ;
#8814 = ORIENTED_EDGE ( 'NONE', *, *, #1435, .F. ) ;
#8815 = ORIENTED_EDGE ( 'NONE', *, *, #3874, .F. ) ;
#8816 = DIRECTION ( 'NONE',  ( 0.000000000000000000, 0.000000000000000000, 1.000000000000000000 ) ) ;
#8817 = DIRECTION ( 'NONE',  ( -0.000000000000000000, 1.000000000000000000, 2.082201214683127315E-16 ) ) ;
#8818 = ORIENTED_EDGE ( 'NONE', *, *, #3499, .T. ) ;
#8819 = FACE_OUTER_BOUND ( 'NONE', #3291, .T. ) ;
#8820 = CARTESIAN_POINT ( 'NONE',  ( -7.619999999999998330, 7.492999999999999439, -0.4444999999999956763 ) ) ;
#8821 = VECTOR ( 'NONE', #635, 1000.000000000000000 ) ;
#8822 = FACE_OUTER_BOUND ( 'NONE', #2615, .T. ) ;
#8823 = ORIENTED_EDGE ( 'NONE', *, *, #5563, .F. ) ;
#8824 = CARTESIAN_POINT ( 'NONE',  ( 0.8889999999999991243, 7.048499999999997989, -0.8889999999999986802 ) ) ;
#8825 = ADVANCED_FACE ( 'NONE', ( #6213 ), #5514, .F. ) ;
#8826 = ORIENTED_EDGE ( 'NONE', *, *, #5425, .T. ) ;
#8827 = LINE ( 'NONE', #2381, #5813 ) ;
#8828 = ORIENTED_EDGE ( 'NONE', *, *, #396, .T. ) ;
#8829 = VECTOR ( 'NONE', #9237, 1000.000000000000000 ) ;
#8830 = PLANE ( 'NONE',  #1425 ) ;
#8831 = APPLICATION_CONTEXT ( 'automotive_design' ) ;
#8832 = DIRECTION ( 'NONE',  ( -0.000000000000000000, 1.000000000000000000, 1.733406087350420004E-16 ) ) ;
#8833 = VECTOR ( 'NONE', #5391, 1000.000000000000114 ) ;
#8834 = VERTEX_POINT ( 'NONE', #7182 ) ;
#8835 = EDGE_LOOP ( 'NONE', ( #1195, #5344, #6898, #7951 ) ) ;
#8836 = CARTESIAN_POINT ( 'NONE',  ( 1.734723475976807094E-15, 7.492999999999998550, 2.501900000000000901 ) ) ;
#8837 = AXIS2_PLACEMENT_3D ( 'NONE', #9156, #9109, #5536 ) ;
#8838 = DIRECTION ( 'NONE',  ( 0.000000000000000000, 1.733406087350420004E-16, -1.000000000000000000 ) ) ;
#8839 = LINE ( 'NONE', #3902, #2373 ) ;
#8840 = LINE ( 'NONE', #8934, #4543 ) ;
#8841 = ORIENTED_EDGE ( 'NONE', *, *, #7339, .F. ) ;
#8842 = VECTOR ( 'NONE', #7922, 1000.000000000000000 ) ;
#8843 = FACE_OUTER_BOUND ( 'NONE', #1040, .T. ) ;
#8844 = VERTEX_POINT ( 'NONE', #9 ) ;
#8845 = AXIS2_PLACEMENT_3D ( 'NONE', #2057, #7761, #3971 ) ;
#8846 = DIRECTION ( 'NONE',  ( 0.000000000000000000, 1.000000000000000000, 1.092515224483717628E-16 ) ) ;
#8847 = EDGE_LOOP ( 'NONE', ( #9038, #2494, #6510, #1113 ) ) ;
#8848 = CARTESIAN_POINT ( 'NONE',  ( -0.3047999999999999599, 0.000000000000000000, -3.302000000000000046 ) ) ;
#8849 = EDGE_CURVE ( 'NONE', #5968, #7470, #7844, .T. ) ;
#8850 = VECTOR ( 'NONE', #4496, 1000.000000000000000 ) ;
#8851 = CARTESIAN_POINT ( 'NONE',  ( -12.25550000000000672, 7.492999999999998550, 2.095500000000003915 ) ) ;
#8852 = FILL_AREA_STYLE_COLOUR ( '', #8499 ) ;
#8853 = ORIENTED_EDGE ( 'NONE', *, *, #5432, .F. ) ;
#8854 = PLANE ( 'NONE',  #7387 ) ;
#8855 = ORIENTED_EDGE ( 'NONE', *, *, #4294, .T. ) ;
#8856 = STYLED_ITEM ( 'NONE', ( #8434 ), #1976 ) ;
#8857 = PLANE ( 'NONE',  #1731 ) ;
#8858 = EDGE_LOOP ( 'NONE', ( #3983, #6647, #2523, #2590, #4814, #7136, #5158, #1802 ) ) ;
#8859 = EDGE_CURVE ( 'NONE', #755, #5713, #4292, .T. ) ;
#8860 = CARTESIAN_POINT ( 'NONE',  ( 1.650999999999998025, 7.048499999999997101, 0.8890000000000012337 ) ) ;
#8861 = ADVANCED_FACE ( 'NONE', ( #9231 ), #4378, .F. ) ;
#8862 = DIRECTION ( 'NONE',  ( 0.000000000000000000, -0.7071067811865485719, 0.7071067811865465735 ) ) ;
#8863 = VECTOR ( 'NONE', #5895, 1000.000000000000114 ) ;
#8864 = LINE ( 'NONE', #1672, #8243 ) ;
#8865 = ORIENTED_EDGE ( 'NONE', *, *, #702, .T. ) ;
#8866 = CARTESIAN_POINT ( 'NONE',  ( 7.620000000000001883, 0.8889999999999989022, -1.984781810244995004 ) ) ;
#8867 = ORIENTED_EDGE ( 'NONE', *, *, #3840, .F. ) ;
#8868 = VERTEX_POINT ( 'NONE', #5092 ) ;
#8869 = AXIS2_PLACEMENT_3D ( 'NONE', #7719, #6185, #7059 ) ;
#8870 = VECTOR ( 'NONE', #579, 1000.000000000000000 ) ;
#8871 = CARTESIAN_POINT ( 'NONE',  ( 0.3047999999999999599, 0.2539999999999993929, -3.429000000000000270 ) ) ;
#8872 = LINE ( 'NONE', #1120, #2182 ) ;
#8873 = EDGE_CURVE ( 'NONE', #7797, #7780, #5843, .T. ) ;
#8874 = ORIENTED_EDGE ( 'NONE', *, *, #7125, .F. ) ;
#8875 = CARTESIAN_POINT ( 'NONE',  ( -11.04900000000000304, 6.222999999999998977, -0.8889999999999987912 ) ) ;
#8876 = CARTESIAN_POINT ( 'NONE',  ( -10.15999999999999837, 0.3809999999999999498, -2.501900000000000901 ) ) ;
#8877 = EDGE_LOOP ( 'NONE', ( #1580, #4497, #8325, #8891 ) ) ;
#8878 = PRODUCT_DEFINITION_SHAPE ( 'NONE', 'NONE',  #9264 ) ;
#8879 = DIRECTION ( 'NONE',  ( -1.000000000000000000, -0.000000000000000000, -0.000000000000000000 ) ) ;
#8880 = VERTEX_POINT ( 'NONE', #723 ) ;
#8881 = CARTESIAN_POINT ( 'NONE',  ( 7.620000000000000107, 6.222999999999998977, -2.201425730935033664E-16 ) ) ;
#8882 = DIRECTION ( 'NONE',  ( 0.000000000000000000, 1.733406087350420004E-16, -1.000000000000000000 ) ) ;
#8883 = DIRECTION ( 'NONE',  ( 0.5773502691896273964, -0.5773502691896236216, -0.5773502691896262862 ) ) ;
#8884 = EDGE_CURVE ( 'NONE', #7169, #357, #3512, .T. ) ;
#8885 = CARTESIAN_POINT ( 'NONE',  ( 5.080000000000000959, 0.3809999999999993947, -2.120900000000001562 ) ) ;
#8886 = DIRECTION ( 'NONE',  ( 0.000000000000000000, 0.000000000000000000, -1.000000000000000000 ) ) ;
#8887 = ORIENTED_EDGE ( 'NONE', *, *, #4068, .F. ) ;
#8888 = EDGE_CURVE ( 'NONE', #7986, #1327, #2192, .T. ) ;
#8889 = EDGE_CURVE ( 'NONE', #8104, #5924, #2491, .T. ) ;
#8890 = DIRECTION ( 'NONE',  ( 0.000000000000000000, 1.138269997360111548E-15, 1.000000000000000000 ) ) ;
#8891 = ORIENTED_EDGE ( 'NONE', *, *, #3748, .F. ) ;
#8892 = DIRECTION ( 'NONE',  ( 1.000000000000000000, 0.000000000000000000, 0.000000000000000000 ) ) ;
#8893 = EDGE_CURVE ( 'NONE', #1792, #7923, #8719, .T. ) ;
#8894 = DIRECTION ( 'NONE',  ( 0.000000000000000000, -1.092515224483717628E-16, 1.000000000000000000 ) ) ;
#8895 = ORIENTED_EDGE ( 'NONE', *, *, #6408, .F. ) ;
#8896 = COLOUR_RGB ( '',1.000000000000000000, 0.8117647058823529438, 0.5019607843137254832 ) ;
#8897 = DIRECTION ( 'NONE',  ( -1.000000000000000000, 0.000000000000000000, 0.000000000000000000 ) ) ;
#8898 = CARTESIAN_POINT ( 'NONE',  ( 3.428999999999998050, 7.048499999999997989, -0.8889999999999986802 ) ) ;
#8899 = ORIENTED_EDGE ( 'NONE', *, *, #1803, .T. ) ;
#8900 = EDGE_CURVE ( 'NONE', #2655, #5725, #1840, .T. ) ;
#8901 = VECTOR ( 'NONE', #6543, 1000.000000000000000 ) ;
#8902 = CARTESIAN_POINT ( 'NONE',  ( -1.397000000000000686, 6.794499999999999318, -1.396999999999998243 ) ) ;
#8903 = STYLED_ITEM ( 'NONE', ( #3855 ), #8199 ) ;
#8904 = MECHANICAL_DESIGN_GEOMETRIC_PRESENTATION_REPRESENTATION (  '', ( #4889 ), #8019 ) ;
#8905 = EDGE_CURVE ( 'NONE', #6274, #9232, #3314, .T. ) ;
#8906 = VERTEX_POINT ( 'NONE', #7491 ) ;
#8907 = APPLICATION_PROTOCOL_DEFINITION ( 'draft international standard', 'automotive_design', 1998, #5091 ) ;
#8908 = ORIENTED_EDGE ( 'NONE', *, *, #1977, .F. ) ;
#8909 = DIRECTION ( 'NONE',  ( -0.000000000000000000, 1.000000000000000000, 1.733406087350420004E-16 ) ) ;
#8910 = CARTESIAN_POINT ( 'NONE',  ( 2.540000000000002256, 0.3809999999999999498, -2.501900000000000901 ) ) ;
#8911 = LINE ( 'NONE', #2374, #711 ) ;
#8912 = DIRECTION ( 'NONE',  ( -1.000000000000000000, -0.000000000000000000, -0.000000000000000000 ) ) ;
#8913 = CARTESIAN_POINT ( 'NONE',  ( 1.734723475976807094E-15, 7.492999999999998550, 2.095500000000003915 ) ) ;
#8914 = ORIENTED_EDGE ( 'NONE', *, *, #3276, .F. ) ;
#8915 = VECTOR ( 'NONE', #6217, 1000.000000000000000 ) ;
#8916 = CARTESIAN_POINT ( 'NONE',  ( -7.619999999999998330, 0.3809999999999993947, -2.120900000000001562 ) ) ;
#8917 = EDGE_LOOP ( 'NONE', ( #4816, #737, #63, #667 ) ) ;
#8918 = DIRECTION ( 'NONE',  ( 1.000000000000000000, 0.000000000000000000, 0.000000000000000000 ) ) ;
#8919 = ORIENTED_EDGE ( 'NONE', *, *, #7339, .T. ) ;
#8920 = DIRECTION ( 'NONE',  ( 1.000000000000000000, 0.000000000000000000, 0.000000000000000000 ) ) ;
#8921 = DIRECTION ( 'NONE',  ( 1.000000000000000000, 0.000000000000000000, 0.000000000000000000 ) ) ;
#8922 = VECTOR ( 'NONE', #3336, 1000.000000000000000 ) ;
#8923 = LINE ( 'NONE', #7349, #7283 ) ;
#8924 = PLANE ( 'NONE',  #196 ) ;
#8925 = DIRECTION ( 'NONE',  ( 0.000000000000000000, -1.092515224483717382E-16, 1.000000000000000000 ) ) ;
#8926 = VERTEX_POINT ( 'NONE', #4743 ) ;
#8927 = ORIENTED_EDGE ( 'NONE', *, *, #6283, .T. ) ;
#8928 = VECTOR ( 'NONE', #2416, 1000.000000000000114 ) ;
#8929 = DIRECTION ( 'NONE',  ( -1.000000000000000000, 0.000000000000000000, 0.000000000000000000 ) ) ;
#8930 = EDGE_CURVE ( 'NONE', #7427, #6426, #4047, .T. ) ;
#8931 = LINE ( 'NONE', #6731, #4542 ) ;
#8932 = MECHANICAL_DESIGN_GEOMETRIC_PRESENTATION_REPRESENTATION (  '', ( #2524 ), #6123 ) ;
#8933 = CARTESIAN_POINT ( 'NONE',  ( -0.3047999999999999599, 0.8889999999999995683, -1.968499999999999694 ) ) ;
#8934 = CARTESIAN_POINT ( 'NONE',  ( -5.969000000000002970, 6.222999999999998977, 1.651000000000001133 ) ) ;
#8935 = EDGE_LOOP ( 'NONE', ( #1382, #7326, #5636, #3469 ) ) ;
#8936 = CARTESIAN_POINT ( 'NONE',  ( 5.080000000000000959, 7.492999999999998550, 2.501900000000000901 ) ) ;
#8938 = VERTEX_POINT ( 'NONE', #4681 ) ;
#8937 = ORIENTED_EDGE ( 'NONE', *, *, #9174, .T. ) ;
#8939 = VECTOR ( 'NONE', #3492, 1000.000000000000114 ) ;
#8940 = LINE ( 'NONE', #2403, #694 ) ;
#8941 = PLANE ( 'NONE',  #3344 ) ;
#8942 = EDGE_CURVE ( 'NONE', #8880, #5103, #3305, .T. ) ;
#8943 = DIRECTION ( 'NONE',  ( 0.000000000000000000, 1.733406087350420004E-16, -1.000000000000000000 ) ) ;
#8944 = EDGE_CURVE ( 'NONE', #8402, #4693, #5724, .T. ) ;
#8945 = EDGE_LOOP ( 'NONE', ( #6397, #7559, #4104, #2151, #6961, #8511, #5466, #366 ) ) ;
#8946 = PLANE ( 'NONE',  #3294 ) ;
#8947 = ORIENTED_EDGE ( 'NONE', *, *, #1119, .F. ) ;
#8948 = CARTESIAN_POINT ( 'NONE',  ( 7.620000000000001883, 0.3809999999999993947, -2.120900000000001562 ) ) ;
#8949 = EDGE_LOOP ( 'NONE', ( #2146, #1066, #3784, #5985 ) ) ;
#8950 = ORIENTED_EDGE ( 'NONE', *, *, #5453, .F. ) ;
#8951 = DIRECTION ( 'NONE',  ( 0.000000000000000000, 1.000000000000000000, 0.000000000000000000 ) ) ;
#8952 = VERTEX_POINT ( 'NONE', #656 ) ;
#8953 = ORIENTED_EDGE ( 'NONE', *, *, #5589, .F. ) ;
#8954 =( REPRESENTATION_RELATIONSHIP ('NONE','NONE', #243, #483 ) REPRESENTATION_RELATIONSHIP_WITH_TRANSFORMATION ( #6023 )SHAPE_REPRESENTATION_RELATIONSHIP( ) );
#8955 = DIRECTION ( 'NONE',  ( 0.000000000000000000, -1.733406087350420004E-16, 1.000000000000000000 ) ) ;
#8956 = DIRECTION ( 'NONE',  ( 0.000000000000000000, -1.000000000000000000, 0.000000000000000000 ) ) ;
#8957 = ADVANCED_FACE ( 'NONE', ( #8616 ), #1455, .F. ) ;
#8958 = CARTESIAN_POINT ( 'NONE',  ( 7.620000000000001883, 7.492999999999999439, -2.501900000000000901 ) ) ;
#8959 = CARTESIAN_POINT ( 'NONE',  ( 7.620000000000001883, 7.492999999999998550, 0.4444999999999978413 ) ) ;
#8960 = ORIENTED_EDGE ( 'NONE', *, *, #6664, .T. ) ;
#8961 = FACE_OUTER_BOUND ( 'NONE', #6721, .T. ) ;
#8962 = ORIENTED_EDGE ( 'NONE', *, *, #8602, .T. ) ;
#8963 = ORIENTED_EDGE ( 'NONE', *, *, #8528, .T. ) ;
#8964 = CARTESIAN_POINT ( 'NONE',  ( -11.81100000000000172, 7.048499999999997989, -0.8889999999999986802 ) ) ;
#8965 = CARTESIAN_POINT ( 'NONE',  ( 12.70000000000000284, 0.3809999999999999498, -2.501900000000000901 ) ) ;
#8966 = DIRECTION ( 'NONE',  ( 0.000000000000000000, 0.2588190451025143002, -0.9659258262890699775 ) ) ;
#8967 = ADVANCED_FACE ( 'NONE', ( #7068 ), #8565, .F. ) ;
#8968 = ADVANCED_FACE ( 'NONE', ( #5021, #6378, #4881 ), #4975, .F. ) ;
#8969 = DIRECTION ( 'NONE',  ( 0.5773502691896270633, 0.5773502691896240657, -0.5773502691896261751 ) ) ;
#8970 = LINE ( 'NONE', #8091, #5125 ) ;
#8971 = ORIENTED_EDGE ( 'NONE', *, *, #5864, .T. ) ;
#8972 = ORIENTED_EDGE ( 'NONE', *, *, #9060, .F. ) ;
#8973 = VECTOR ( 'NONE', #8909, 1000.000000000000000 ) ;
#8974 = CARTESIAN_POINT ( 'NONE',  ( 4.190999999999997172, 6.222999999999998977, 0.8890000000000011227 ) ) ;
#8975 = FACE_OUTER_BOUND ( 'NONE', #2264, .T. ) ;
#8976 = LINE ( 'NONE', #1226, #7677 ) ;
#8977 = EDGE_CURVE ( 'NONE', #8498, #8085, #9160, .T. ) ;
#8978 = CLOSED_SHELL ( 'NONE', ( #5667, #7370, #829, #9113, #778, #3036, #7471, #6851, #3804, #8052, #3704, #2865 ) ) ;
#8979 = EDGE_CURVE ( 'NONE', #4997, #2972, #2835, .T. ) ;
#8980 = FACE_OUTER_BOUND ( 'NONE', #3595, .T. ) ;
#8981 = LINE ( 'NONE', #4647, #6988 ) ;
#8982 = ORIENTED_EDGE ( 'NONE', *, *, #5111, .F. ) ;
#8983 = PLANE ( 'NONE',  #3960 ) ;
#8984 = CARTESIAN_POINT ( 'NONE',  ( 8.508999999999998565, 6.222999999999998977, -0.8889999999999987912 ) ) ;
#8985 = VECTOR ( 'NONE', #2390, 1000.000000000000000 ) ;
#8986 = DIRECTION ( 'NONE',  ( 0.000000000000000000, 1.000000000000000000, 0.000000000000000000 ) ) ;
#8987 = ORIENTED_EDGE ( 'NONE', *, *, #5719, .F. ) ;
#8988 = CARTESIAN_POINT ( 'NONE',  ( -7.175500000000005763, 7.492999999999999439, -2.501900000000000901 ) ) ;
#8989 = DIRECTION ( 'NONE',  ( 0.000000000000000000, -1.138269997360111548E-15, -1.000000000000000000 ) ) ;
#8990 = VECTOR ( 'NONE', #518, 1000.000000000000000 ) ;
#8991 = ORIENTED_EDGE ( 'NONE', *, *, #7546, .T. ) ;
#8992 = SURFACE_SIDE_STYLE ('',( #2750 ) ) ;
#8993 = VECTOR ( 'NONE', #9158, 1000.000000000000114 ) ;
#8994 = ORIENTED_EDGE ( 'NONE', *, *, #1965, .T. ) ;
#8995 = PLANE ( 'NONE',  #1860 ) ;
#8996 = ORIENTED_EDGE ( 'NONE', *, *, #7375, .T. ) ;
#8997 = ORIENTED_EDGE ( 'NONE', *, *, #2105, .T. ) ;
#8998 = EDGE_CURVE ( 'NONE', #813, #3688, #7428, .T. ) ;
#8999 = ORIENTED_EDGE ( 'NONE', *, *, #9024, .F. ) ;
#9000 = AXIS2_PLACEMENT_3D ( 'NONE', #3597, #3509, #9181 ) ;
#9001 = DIRECTION ( 'NONE',  ( 0.000000000000000000, 0.000000000000000000, 1.000000000000000000 ) ) ;
#9002 = EDGE_CURVE ( 'NONE', #9157, #4, #5248, .T. ) ;
#9003 = CARTESIAN_POINT ( 'NONE',  ( 8.508999999999998565, 7.048499999999997101, 1.651000000000001355 ) ) ;
#9004 = EDGE_CURVE ( 'NONE', #9240, #1717, #2423, .T. ) ;
#9005 = VECTOR ( 'NONE', #615, 1000.000000000000000 ) ;
#9006 = DIRECTION ( 'NONE',  ( 0.000000000000000000, -1.000000000000000000, -1.733406087350420004E-16 ) ) ;
#9007 = DIRECTION ( 'NONE',  ( 1.000000000000000000, 0.000000000000000000, 0.000000000000000000 ) ) ;
#9008 = ORIENTED_EDGE ( 'NONE', *, *, #2357, .T. ) ;
#9009 = CARTESIAN_POINT ( 'NONE',  ( 8.508999999999998565, 6.222999999999998977, 0.8890000000000011227 ) ) ;
#9010 = ORIENTED_EDGE ( 'NONE', *, *, #2963, .F. ) ;
#9011 = DIRECTION ( 'NONE',  ( 0.000000000000000000, -1.733406087350420004E-16, 1.000000000000000000 ) ) ;
#9012 = ORIENTED_EDGE ( 'NONE', *, *, #1235, .T. ) ;
#9013 = VECTOR ( 'NONE', #1073, 1000.000000000000000 ) ;
#9014 = FACE_OUTER_BOUND ( 'NONE', #1701, .T. ) ;
#9015 = PLANE ( 'NONE',  #7390 ) ;
#9016 = CARTESIAN_POINT ( 'NONE',  ( 8.508999999999998565, 6.222999999999998977, 0.8890000000000011227 ) ) ;
#9017 = DIRECTION ( 'NONE',  ( 0.000000000000000000, 1.733406087350420004E-16, -1.000000000000000000 ) ) ;
#9018 = CARTESIAN_POINT ( 'NONE',  ( -5.079999999999998295, 0.3809999999999993947, -2.120900000000001562 ) ) ;
#9019 = VERTEX_POINT ( 'NONE', #3757 ) ;
#9020 = AXIS2_PLACEMENT_3D ( 'NONE', #6429, #7118, #705 ) ;
#9021 = DIRECTION ( 'NONE',  ( 0.7071067811865456854, -0.7071067811865494601, -1.225703198915526333E-16 ) ) ;
#9022 = ORIENTED_EDGE ( 'NONE', *, *, #7630, .F. ) ;
#9023 = CARTESIAN_POINT ( 'NONE',  ( 7.620000000000001883, 7.492999999999999439, -2.501900000000000901 ) ) ;
#9024 = EDGE_CURVE ( 'NONE', #8254, #6299, #5294, .T. ) ;
#9025 = DIRECTION ( 'NONE',  ( 0.000000000000000000, -1.000000000000000000, 0.000000000000000000 ) ) ;
#9026 = LINE ( 'NONE', #4189, #8124 ) ;
#9027 = DIRECTION ( 'NONE',  ( 1.000000000000000000, 0.000000000000000000, 0.000000000000000000 ) ) ;
#9028 = CARTESIAN_POINT ( 'NONE',  ( -2.539999999999998703, 0.3809999999999992837, 2.501899999999999125 ) ) ;
#9029 = CARTESIAN_POINT ( 'NONE',  ( -5.079999999999999183, 7.492999999999998550, 2.501900000000000901 ) ) ;
#9030 = ORIENTED_EDGE ( 'NONE', *, *, #8889, .F. ) ;
#9031 = DIRECTION ( 'NONE',  ( -1.000000000000000000, -0.000000000000000000, -0.000000000000000000 ) ) ;
#9032 = AXIS2_PLACEMENT_3D ( 'NONE', #4217, #4076, #6225 ) ;
#9033 = ADVANCED_FACE ( 'NONE', ( #7995 ), #1679, .F. ) ;
#9034 = FACE_OUTER_BOUND ( 'NONE', #8806, .T. ) ;
#9035 = DIRECTION ( 'NONE',  ( 1.000000000000000000, 0.000000000000000000, 0.000000000000000000 ) ) ;
#9036 = VECTOR ( 'NONE', #4490, 1000.000000000000000 ) ;
#9037 = CARTESIAN_POINT ( 'NONE',  ( 0.8889999999999991243, 7.048499999999997989, -1.650999999999998691 ) ) ;
#9038 = ORIENTED_EDGE ( 'NONE', *, *, #4668, .T. ) ;
#9039 =( NAMED_UNIT ( * ) SI_UNIT ( $, .STERADIAN. ) SOLID_ANGLE_UNIT ( ) );
#9040 = ORIENTED_EDGE ( 'NONE', *, *, #6788, .T. ) ;
#9041 = FACE_OUTER_BOUND ( 'NONE', #9205, .T. ) ;
#9042 = EDGE_LOOP ( 'NONE', ( #6312, #4152, #2125, #4304 ) ) ;
#9043 = DIRECTION ( 'NONE',  ( -0.000000000000000000, 1.000000000000000000, 1.733406087350420004E-16 ) ) ;
#9044 = ORIENTED_EDGE ( 'NONE', *, *, #2342, .T. ) ;
#9045 = DIRECTION ( 'NONE',  ( 0.000000000000000000, -0.7071067811865492381, 0.7071067811865457964 ) ) ;
#9046 = DIRECTION ( 'NONE',  ( 0.000000000000000000, -1.224646799147355179E-16, 1.000000000000000000 ) ) ;
#9047 = DIRECTION ( 'NONE',  ( 1.000000000000000000, 0.000000000000000000, 0.000000000000000000 ) ) ;
#9048 = ORIENTED_EDGE ( 'NONE', *, *, #1424, .T. ) ;
#9049 = PLANE ( 'NONE',  #4530 ) ;
#9050 = CARTESIAN_POINT ( 'NONE',  ( 1.650999999999998025, 6.222999999999998977, 1.651000000000001133 ) ) ;
#9051 = ORIENTED_EDGE ( 'NONE', *, *, #4664, .F. ) ;
#9052 = ORIENTED_EDGE ( 'NONE', *, *, #7787, .F. ) ;
#9053 = DIRECTION ( 'NONE',  ( 1.000000000000000000, 0.000000000000000000, 0.000000000000000000 ) ) ;
#9054 = FACE_OUTER_BOUND ( 'NONE', #6958, .T. ) ;
#9055 = EDGE_LOOP ( 'NONE', ( #8812, #7688, #1775, #8351 ) ) ;
#9056 =( GEOMETRIC_REPRESENTATION_CONTEXT ( 3 ) GLOBAL_UNCERTAINTY_ASSIGNED_CONTEXT ( ( #2500 ) ) GLOBAL_UNIT_ASSIGNED_CONTEXT ( ( #1790, #4037, #7623 ) ) REPRESENTATION_CONTEXT ( 'NONE', 'WORKASPACE' ) );
#9057 = LINE ( 'NONE', #7716, #4805 ) ;
#9058 = EDGE_CURVE ( 'NONE', #3961, #4365, #2308, .T. ) ;
#9059 = FACE_OUTER_BOUND ( 'NONE', #1385, .T. ) ;
#9060 = EDGE_CURVE ( 'NONE', #4742, #894, #3845, .T. ) ;
#9061 = LINE ( 'NONE', #2827, #7138 ) ;
#9062 = AXIS2_PLACEMENT_3D ( 'NONE', #1991, #2652, #8943 ) ;
#9063 = CARTESIAN_POINT ( 'NONE',  ( 4.635500000000000398, 7.492999999999999439, -2.501900000000000901 ) ) ;
#9064 = VERTEX_POINT ( 'NONE', #1592 ) ;
#9065 = ORIENTED_EDGE ( 'NONE', *, *, #4050, .F. ) ;
#9066 = DIRECTION ( 'NONE',  ( 0.5773502691896270633, 0.5773502691896240657, -0.5773502691896261751 ) ) ;
#9067 = CARTESIAN_POINT ( 'NONE',  ( 8.762999999999999901, 6.794499999999998430, 1.143000000000001570 ) ) ;
#9068 = VECTOR ( 'NONE', #5695, 1000.000000000000000 ) ;
#9069 = CARTESIAN_POINT ( 'NONE',  ( 12.70000000000000284, 0.3809999999999999498, -2.501900000000000901 ) ) ;
#9070 = CARTESIAN_POINT ( 'NONE',  ( 0.8889999999999991243, 7.048499999999997989, -1.650999999999998691 ) ) ;
#9071 = EDGE_CURVE ( 'NONE', #7795, #7190, #175, .T. ) ;
#9072 = LINE ( 'NONE', #7580, #5522 ) ;
#9073 = LINE ( 'NONE', #9028, #9005 ) ;
#9074 = ORIENTED_EDGE ( 'NONE', *, *, #2141, .F. ) ;
#9075 =( GEOMETRIC_REPRESENTATION_CONTEXT ( 3 ) GLOBAL_UNCERTAINTY_ASSIGNED_CONTEXT ( ( #2700 ) ) GLOBAL_UNIT_ASSIGNED_CONTEXT ( ( #7366, #199, #7457 ) ) REPRESENTATION_CONTEXT ( 'NONE', 'WORKASPACE' ) );
#9076 = ADVANCED_FACE ( 'NONE', ( #973 ), #3015, .F. ) ;
#9077 = DIRECTION ( 'NONE',  ( 1.000000000000000000, 0.000000000000000000, 0.000000000000000000 ) ) ;
#9078 = VERTEX_POINT ( 'NONE', #2339 ) ;
#9079 = CARTESIAN_POINT ( 'NONE',  ( 0.8889999999999991243, 7.048499999999997101, 1.651000000000001355 ) ) ;
#9080 = DIRECTION ( 'NONE',  ( 0.000000000000000000, 0.000000000000000000, -1.000000000000000000 ) ) ;
#9081 = VECTOR ( 'NONE', #1564, 1000.000000000000000 ) ;
#9082 = PLANE ( 'NONE',  #1619 ) ;
#9083 = EDGE_LOOP ( 'NONE', ( #3756, #2467, #4199, #3821, #1454, #8301, #8496, #6399 ) ) ;
#9084 = SURFACE_STYLE_FILL_AREA ( #6253 ) ;
#9085 = CARTESIAN_POINT ( 'NONE',  ( -1.651000000000001355, 6.222999999999998977, -1.650999999999998913 ) ) ;
#9086 = ORIENTED_EDGE ( 'NONE', *, *, #6398, .T. ) ;
#9087 = EDGE_CURVE ( 'NONE', #7810, #9144, #3104, .T. ) ;
#9088 = LINE ( 'NONE', #4854, #6778 ) ;
#9089 = VECTOR ( 'NONE', #4041, 1000.000000000000000 ) ;
#9090 = ORIENTED_EDGE ( 'NONE', *, *, #1304, .T. ) ;
#9091 = EDGE_LOOP ( 'NONE', ( #3487, #4445, #2620, #6305 ) ) ;
#9092 = CARTESIAN_POINT ( 'NONE',  ( 5.080000000000000959, 0.8889999999999985691, 1.984781810244993228 ) ) ;
#9093 = FACE_OUTER_BOUND ( 'NONE', #3380, .T. ) ;
#9094 = CARTESIAN_POINT ( 'NONE',  ( 7.620000000000001883, 7.492999999999998550, 2.501900000000000901 ) ) ;
#9095 = ORIENTED_EDGE ( 'NONE', *, *, #8786, .F. ) ;
#9096 = CARTESIAN_POINT ( 'NONE',  ( 0.1777999999999999858, 0.2539999999999996150, 3.429000000000000270 ) ) ;
#9097 = LINE ( 'NONE', #3377, #5499 ) ;
#9098 = ORIENTED_EDGE ( 'NONE', *, *, #766, .T. ) ;
#9099 = DIRECTION ( 'NONE',  ( 0.000000000000000000, 1.000000000000000000, 2.439149994343092652E-16 ) ) ;
#9100 = ORIENTED_EDGE ( 'NONE', *, *, #5410, .F. ) ;
#9101 = CARTESIAN_POINT ( 'NONE',  ( -11.81100000000000172, 7.048499999999997989, -1.650999999999998691 ) ) ;
#9102 = CARTESIAN_POINT ( 'NONE',  ( 12.70000000000000284, 7.492999999999998550, 2.501900000000000901 ) ) ;
#9103 = ORIENTED_EDGE ( 'NONE', *, *, #3576, .T. ) ;
#9104 = DIRECTION ( 'NONE',  ( -0.000000000000000000, 1.000000000000000000, 1.733406087350420004E-16 ) ) ;
#9105 = CARTESIAN_POINT ( 'NONE',  ( -10.15999999999999837, 0.000000000000000000, 0.000000000000000000 ) ) ;
#9106 = DIRECTION ( 'NONE',  ( 0.000000000000000000, 0.9659258262890700886, -0.2588190451025143002 ) ) ;
#9107 = DIRECTION ( 'NONE',  ( 0.000000000000000000, -1.733406087350420251E-16, 1.000000000000000000 ) ) ;
#9108 = EDGE_CURVE ( 'NONE', #3293, #9019, #8042, .T. ) ;
#9109 = DIRECTION ( 'NONE',  ( 1.000000000000000000, 0.000000000000000000, 0.000000000000000000 ) ) ;
#9110 = ORIENTED_EDGE ( 'NONE', *, *, #8354, .T. ) ;
#9111 = ORIENTED_EDGE ( 'NONE', *, *, #7041, .F. ) ;
#9112 = DIRECTION ( 'NONE',  ( -1.000000000000000000, 0.000000000000000000, 0.000000000000000000 ) ) ;
#9113 = ADVANCED_FACE ( 'NONE', ( #263 ), #3152, .F. ) ;
#9114 = DIRECTION ( 'NONE',  ( -0.000000000000000000, 1.000000000000000000, 1.733406087350420004E-16 ) ) ;
#9115 = EDGE_CURVE ( 'NONE', #3555, #7946, #8827, .T. ) ;
#9116 = DIRECTION ( 'NONE',  ( -1.000000000000000000, 0.000000000000000000, 0.000000000000000000 ) ) ;
#9117 = DIRECTION ( 'NONE',  ( 0.000000000000000000, 0.9659258262890700886, -0.2588190451025143002 ) ) ;
#9118 = DIRECTION ( 'NONE',  ( 0.5773502691896273964, -0.5773502691896236216, -0.5773502691896262862 ) ) ;
#9119 = ORIENTED_EDGE ( 'NONE', *, *, #5650, .F. ) ;
#9120 = CARTESIAN_POINT ( 'NONE',  ( 5.080000000000000959, 7.492999999999999439, -2.095500000000001695 ) ) ;
#9122 = EDGE_LOOP ( 'NONE', ( #4740, #3904, #7313, #6581 ) ) ;
#9121 = ORIENTED_EDGE ( 'NONE', *, *, #9060, .T. ) ;
#9123 = ADVANCED_FACE ( 'NONE', ( #3666 ), #1639, .F. ) ;
#9124 = EDGE_CURVE ( 'NONE', #883, #2543, #5944, .T. ) ;
#9125 = DIRECTION ( 'NONE',  ( -0.000000000000000000, 0.000000000000000000, 1.000000000000000000 ) ) ;
#9126 = CARTESIAN_POINT ( 'NONE',  ( 0.1777999999999999858, 0.000000000000000000, 3.302000000000000046 ) ) ;
#9127 = ADVANCED_FACE ( 'NONE', ( #8658 ), #82, .T. ) ;
#9128 = AXIS2_PLACEMENT_3D ( 'NONE', #2886, #795, #7955 ) ;
#9129 = CARTESIAN_POINT ( 'NONE',  ( -2.984499999999999265, 7.492999999999998550, 2.095500000000003915 ) ) ;
#9130 = ORIENTED_EDGE ( 'NONE', *, *, #3160, .F. ) ;
#9131 = ORIENTED_EDGE ( 'NONE', *, *, #2429, .F. ) ;
#9132 = CARTESIAN_POINT ( 'NONE',  ( -12.95400000000000063, 0.3809999999999993947, -2.120900000000001562 ) ) ;
#9133 = VECTOR ( 'NONE', #6758, 1000.000000000000000 ) ;
#9134 = VERTEX_POINT ( 'NONE', #2263 ) ;
#9135 = PLANE ( 'NONE',  #1585 ) ;
#9136 = ORIENTED_EDGE ( 'NONE', *, *, #1535, .T. ) ;
#9137 = PLANE ( 'NONE',  #417 ) ;
#9138 = ADVANCED_FACE ( 'NONE', ( #4719 ), #394, .F. ) ;
#9139 = AXIS2_PLACEMENT_3D ( 'NONE', #1713, #4570, #1759 ) ;
#9140 = DIRECTION ( 'NONE',  ( 0.000000000000000000, -1.733406087350420004E-16, 1.000000000000000000 ) ) ;
#9141 = LINE ( 'NONE', #1205, #8647 ) ;
#9142 = DIRECTION ( 'NONE',  ( -1.000000000000000000, -0.000000000000000000, -0.000000000000000000 ) ) ;
#9143 = FACE_OUTER_BOUND ( 'NONE', #3059, .T. ) ;
#9144 = VERTEX_POINT ( 'NONE', #6182 ) ;
#9145 = AXIS2_PLACEMENT_3D ( 'NONE', #3858, #8838, #938 ) ;
#9146 = EDGE_LOOP ( 'NONE', ( #5165, #7027, #3742, #4019 ) ) ;
#9147 = VECTOR ( 'NONE', #5607, 1000.000000000000000 ) ;
#9148 = DIRECTION ( 'NONE',  ( 0.000000000000000000, 1.733406087350420004E-16, -1.000000000000000000 ) ) ;
#9149 = ORIENTED_EDGE ( 'NONE', *, *, #4441, .F. ) ;
#9150 = DIRECTION ( 'NONE',  ( -1.000000000000000000, -0.000000000000000000, -0.000000000000000000 ) ) ;
#9151 = VECTOR ( 'NONE', #897, 1000.000000000000000 ) ;
#9152 = CARTESIAN_POINT ( 'NONE',  ( -8.064499999999998892, 7.492999999999998550, 2.095500000000003915 ) ) ;
#9153 = DIRECTION ( 'NONE',  ( 0.000000000000000000, 1.000000000000000000, 1.092515224483717628E-16 ) ) ;
#9154 = VECTOR ( 'NONE', #5729, 1000.000000000000000 ) ;
#9155 = FACE_OUTER_BOUND ( 'NONE', #3539, .T. ) ;
#9156 = CARTESIAN_POINT ( 'NONE',  ( -0.3047999999999999599, 0.6731000000000003647, 2.387599999999999945 ) ) ;
#9157 = VERTEX_POINT ( 'NONE', #6716 ) ;
#9158 = DIRECTION ( 'NONE',  ( 0.000000000000000000, 0.9659258262890699775, 0.2588190451025143002 ) ) ;
#9159 = ORIENTED_EDGE ( 'NONE', *, *, #1225, .F. ) ;
#9160 = LINE ( 'NONE', #8478, #865 ) ;
#9161 = LINE ( 'NONE', #6334, #814 ) ;
#9162 = EDGE_LOOP ( 'NONE', ( #6170, #3498, #9159, #8823 ) ) ;
#9163 = CARTESIAN_POINT ( 'NONE',  ( 10.16000000000000192, 0.3809999999999988396, 2.120899999999999785 ) ) ;
#9164 = CARTESIAN_POINT ( 'NONE',  ( 10.16000000000000192, 0.3809999999999999498, -2.501900000000000901 ) ) ;
#9165 = LINE ( 'NONE', #8432, #1546 ) ;
#9166 = VECTOR ( 'NONE', #4200, 1000.000000000000000 ) ;
#9167 = CARTESIAN_POINT ( 'NONE',  ( 7.620000000000001883, 0.3809999999999999498, -2.501900000000000901 ) ) ;
#9168 = FACE_OUTER_BOUND ( 'NONE', #5467, .T. ) ;
#9169 = ORIENTED_EDGE ( 'NONE', *, *, #7082, .F. ) ;
#9170 = DIRECTION ( 'NONE',  ( -0.000000000000000000, 1.000000000000000000, 1.422837496700138942E-15 ) ) ;
#9171 = VECTOR ( 'NONE', #431, 1000.000000000000000 ) ;
#9172 = DIRECTION ( 'NONE',  ( 1.000000000000000000, 0.000000000000000000, 0.000000000000000000 ) ) ;
#9173 = LINE ( 'NONE', #4844, #6449 ) ;
#9174 = EDGE_CURVE ( 'NONE', #4401, #7157, #3975, .T. ) ;
#9175 = CARTESIAN_POINT ( 'NONE',  ( 7.620000000000001883, 0.8889999999999985691, 1.984781810244993228 ) ) ;
#9176 = FACE_OUTER_BOUND ( 'NONE', #2909, .T. ) ;
#9177 = EDGE_CURVE ( 'NONE', #6365, #8296, #1961, .T. ) ;
#9178 = ORIENTED_EDGE ( 'NONE', *, *, #3576, .F. ) ;
#9179 = SURFACE_STYLE_FILL_AREA ( #99 ) ;
#9180 = VECTOR ( 'NONE', #4096, 1000.000000000000000 ) ;
#9181 = DIRECTION ( 'NONE',  ( 0.000000000000000000, 0.000000000000000000, -1.000000000000000000 ) ) ;
#9182 = ORIENTED_EDGE ( 'NONE', *, *, #368, .T. ) ;
#9183 = CARTESIAN_POINT ( 'NONE',  ( -7.619999999999999218, 0.8889999999999989022, -1.984781810244995004 ) ) ;
#9184 = EDGE_LOOP ( 'NONE', ( #6071, #3663, #6367, #4495 ) ) ;
#9185 = CARTESIAN_POINT ( 'NONE',  ( 0.3047999999999999599, 0.8890000000000000124, 1.714499999999999913 ) ) ;
#9186 = VERTEX_POINT ( 'NONE', #6860 ) ;
#9187 = ADVANCED_FACE ( 'NONE', ( #4817 ), #4075, .F. ) ;
#9188 = CARTESIAN_POINT ( 'NONE',  ( 7.620000000000001883, 0.3809999999999988396, 2.120899999999999785 ) ) ;
#9189 = DIRECTION ( 'NONE',  ( 0.000000000000000000, -1.092515224483717382E-16, 1.000000000000000000 ) ) ;
#9190 = ORIENTED_EDGE ( 'NONE', *, *, #4257, .T. ) ;
#9191 = ADVANCED_FACE ( 'NONE', ( #6762 ), #3890, .T. ) ;
#9192 = DIRECTION ( 'NONE',  ( -1.000000000000000000, -0.000000000000000000, -0.000000000000000000 ) ) ;
#9193 = ORIENTED_EDGE ( 'NONE', *, *, #3628, .F. ) ;
#9194 = EDGE_CURVE ( 'NONE', #1805, #7336, #1067, .T. ) ;
#9195 = CARTESIAN_POINT ( 'NONE',  ( -10.60449999999999982, 7.492999999999999439, -2.501900000000000901 ) ) ;
#9197 = ORIENTED_EDGE ( 'NONE', *, *, #8472, .F. ) ;
#9196 = ORIENTED_EDGE ( 'NONE', *, *, #3725, .T. ) ;
#9198 = DIRECTION ( 'NONE',  ( -0.000000000000000000, 1.000000000000000000, 1.224646799147354686E-16 ) ) ;
#9199 = VERTEX_POINT ( 'NONE', #6038 ) ;
#9200 = DIRECTION ( 'NONE',  ( 0.000000000000000000, -1.000000000000000000, -2.439149994343092652E-16 ) ) ;
#9201 = VECTOR ( 'NONE', #3173, 1000.000000000000000 ) ;
#9202 = DIRECTION ( 'NONE',  ( 0.000000000000000000, 1.422837496700139336E-15, -1.000000000000000000 ) ) ;
#9203 = DIRECTION ( 'NONE',  ( 0.000000000000000000, 1.733406087350420004E-16, -1.000000000000000000 ) ) ;
#9204 = FACE_OUTER_BOUND ( 'NONE', #2000, .T. ) ;
#9205 = EDGE_LOOP ( 'NONE', ( #2056, #739, #7417, #3204 ) ) ;
#9206 = ORIENTED_EDGE ( 'NONE', *, *, #6064, .F. ) ;
#9207 = STYLED_ITEM ( 'NONE', ( #7879 ), #8135 ) ;
#9208 = DIRECTION ( 'NONE',  ( -0.000000000000000000, 1.000000000000000000, 1.733406087350420004E-16 ) ) ;
#9209 = ORIENTED_EDGE ( 'NONE', *, *, #2, .F. ) ;
#9210 = EDGE_CURVE ( 'NONE', #5713, #1805, #5429, .T. ) ;
#9211 = FACE_OUTER_BOUND ( 'NONE', #4063, .T. ) ;
#9212 = DIRECTION ( 'NONE',  ( 0.000000000000000000, 1.733406087350420004E-16, -1.000000000000000000 ) ) ;
#9213 = AXIS2_PLACEMENT_3D ( 'NONE', #3237, #6709, #4492 ) ;
#9214 = PRESENTATION_LAYER_ASSIGNMENT (  '', '', ( #8170 ) ) ;
#9215 = CARTESIAN_POINT ( 'NONE',  ( 3.428999999999998050, 7.048499999999997101, 0.8890000000000012337 ) ) ;
#9216 = CARTESIAN_POINT ( 'NONE',  ( -2.095500000000005247, 7.492999999999999439, -2.501900000000000901 ) ) ;
#9217 = EDGE_LOOP ( 'NONE', ( #2758, #1367, #856, #2275 ) ) ;
#9218 = AXIS2_PLACEMENT_3D ( 'NONE', #6803, #9140, #385 ) ;
#9219 = EDGE_CURVE ( 'NONE', #883, #4410, #4470, .T. ) ;
#9220 = AXIS2_PLACEMENT_3D ( 'NONE', #463, #3352, #7402 ) ;
#9221 = CARTESIAN_POINT ( 'NONE',  ( -7.175500000000005763, 7.492999999999998550, 0.4444999999999979523 ) ) ;
#9222 = FACE_OUTER_BOUND ( 'NONE', #1543, .T. ) ;
#9223 = LINE ( 'NONE', #7173, #1249 ) ;
#9224 = VECTOR ( 'NONE', #3298, 1000.000000000000000 ) ;
#9225 = ORIENTED_EDGE ( 'NONE', *, *, #5841, .F. ) ;
#9226 = VECTOR ( 'NONE', #5159, 1000.000000000000000 ) ;
#9227 = CARTESIAN_POINT ( 'NONE',  ( 8.508999999999998565, 7.048499999999997101, 1.651000000000001355 ) ) ;
#9228 = ORIENTED_EDGE ( 'NONE', *, *, #1210, .T. ) ;
#9229 = DIRECTION ( 'NONE',  ( 0.000000000000000000, 0.000000000000000000, -1.000000000000000000 ) ) ;
#9230 = ADVANCED_FACE ( 'NONE', ( #302 ), #5478, .F. ) ;
#9231 = FACE_OUTER_BOUND ( 'NONE', #5318, .T. ) ;
#9232 = VERTEX_POINT ( 'NONE', #6368 ) ;
#9233 = VECTOR ( 'NONE', #1156, 1000.000000000000000 ) ;
#9234 = VERTEX_POINT ( 'NONE', #9101 ) ;
#9235 = LINE ( 'NONE', #2902, #7306 ) ;
#9236 = VECTOR ( 'NONE', #1163, 1000.000000000000000 ) ;
#9237 = DIRECTION ( 'NONE',  ( 0.000000000000000000, -1.422837496700139336E-15, 1.000000000000000000 ) ) ;
#9238 = PLANE ( 'NONE',  #2975 ) ;
#9239 = DIRECTION ( 'NONE',  ( 0.000000000000000000, -1.000000000000000000, -1.733406087350420004E-16 ) ) ;
#9240 = VERTEX_POINT ( 'NONE', #8415 ) ;
#9241 = MECHANICAL_DESIGN_GEOMETRIC_PRESENTATION_REPRESENTATION (  '', ( #8055 ), #5227 ) ;
#9242 = CARTESIAN_POINT ( 'NONE',  ( -12.95400000000000063, 0.3809999999999992837, 2.501899999999999125 ) ) ;
#9243 = PLANE ( 'NONE',  #7357 ) ;
#9244 = ORIENTED_EDGE ( 'NONE', *, *, #7613, .F. ) ;
#9245 = DIRECTION ( 'NONE',  ( 0.000000000000000000, 0.9659258262890700886, -0.2588190451025143002 ) ) ;
#9246 = VERTEX_POINT ( 'NONE', #2205 ) ;
#9247 = DIRECTION ( 'NONE',  ( 0.000000000000000000, 1.000000000000000000, 2.439149994343092652E-16 ) ) ;
#9248 = DIRECTION ( 'NONE',  ( -1.000000000000000000, -0.000000000000000000, -0.000000000000000000 ) ) ;
#9249 = ORIENTED_EDGE ( 'NONE', *, *, #4311, .T. ) ;
#9250 = VECTOR ( 'NONE', #7872, 1000.000000000000000 ) ;
#9251 = LINE ( 'NONE', #7666, #2248 ) ;
#9252 = LINE ( 'NONE', #8652, #7268 ) ;
#9253 = ADVANCED_FACE ( 'NONE', ( #2061 ), #3431, .F. ) ;
#9254 = ORIENTED_EDGE ( 'NONE', *, *, #2211, .F. ) ;
#9255 = NEXT_ASSEMBLY_USAGE_OCCURRENCE ( 'NAUO1', ' ', ' ', #5747, #5578, $ ) ;
#9256 = NEXT_ASSEMBLY_USAGE_OCCURRENCE ( 'NAUO2', ' ', ' ', #5747, #6258, $ ) ;
#9257 = NEXT_ASSEMBLY_USAGE_OCCURRENCE ( 'NAUO3', ' ', ' ', #5747, #6258, $ ) ;
#9258 = NEXT_ASSEMBLY_USAGE_OCCURRENCE ( 'NAUO4', ' ', ' ', #5747, #6258, $ ) ;
#9259 = NEXT_ASSEMBLY_USAGE_OCCURRENCE ( 'NAUO5', ' ', ' ', #5747, #6258, $ ) ;
#9260 = NEXT_ASSEMBLY_USAGE_OCCURRENCE ( 'NAUO6', ' ', ' ', #5747, #6258, $ ) ;
#9261 = NEXT_ASSEMBLY_USAGE_OCCURRENCE ( 'NAUO7', ' ', ' ', #5747, #6258, $ ) ;
#9262 = NEXT_ASSEMBLY_USAGE_OCCURRENCE ( 'NAUO8', ' ', ' ', #5747, #6258, $ ) ;
#9263 = NEXT_ASSEMBLY_USAGE_OCCURRENCE ( 'NAUO9', ' ', ' ', #5747, #6258, $ ) ;
#9264 = NEXT_ASSEMBLY_USAGE_OCCURRENCE ( 'NAUO10', ' ', ' ', #5747, #6258, $ ) ;
#9265 = NEXT_ASSEMBLY_USAGE_OCCURRENCE ( 'NAUO11', ' ', ' ', #5747, #6258, $ ) ;
ENDSEC;
END-ISO-10303-21;
